Air Terminal Schedule,,,,,,,,,,,,,,,,,,,,,,,,,,,,,,,,,,,,,,,,,,,,
Assembly Code,Assembly Description,Assembly Name,Classification Number,Classification Title,Comments,Cost,Count,Critical Path,Description,Elevation from Level,Excavation Volume on Toposolid,Exchange Entity ID,Exchange ID,Export to IFC,Export to IFC As,Export Type to IFC,Export Type to IFC As,Family,Family and Type,Flow,IFC Predefined Type,IfcGUID,Image,Keynote,Level,Manufacturer,Mark,Max Flow,Min Flow,Model,Phase Created,Phase Demolished,Size,System Abbreviation,System Classification,System Name,System Type,Type,Type Comments,Type IFC Predefined Type,Type IfcGUID,Type Image,Type Mark,URL
,,,,,,,,,,,,,,,,,,,,,,,,,,,,,,,,,,,,,,,,,,,,
,,,,,,,1,No,,8' - 3",,,,By Type,,Default,,Air Terminal-Exhaust Cap-FB,Air Terminal-Exhaust Cap-FB: 4" DIA,0 CFM,,0uItpyAgXCovb3y_iwf_F$,,,L2,,1,,,,New Construction,None,4"ø,,Exhaust Air,Mechanical Exhaust Air 36,Exhaust Air,4" DIA,,,0uItpyAgXCovb3y_iwf_Qg,,,
,,,23.75.70.21.27.11,,,,1,Yes,,8' - 0",,,,By Type,,Default,,Supply Diffuser with Plenum - Linear Slot - Hosted,Supply Diffuser with Plenum - Linear Slot - Hosted: 48x4 1/4-8 In Inlet 2-Slot,100 CFM,,0B82sWVf587AtmxOGOUsde,,,L2,,3,,,,New Construction,None,6"ø,,Supply Air,Mechanical Supply Air 1,Supply Air,48x4 1/4-8 In Inlet 2-Slot,,,0B82sWVf587AtmxOGOUsXJ,,,
,,,23.75.70.21.27.11,,,,1,No,,8' - 0",,,,By Type,,Default,,Supply Diffuser - Square - Hosted,Supply Diffuser - Square - Hosted: 12" x 12",100 CFM,,0B82sWVf587AtmxOGOUsr0,,,L2,,4,,,,New Construction,None,6"x6",,Supply Air,Mechanical Supply Air 1,Supply Air,12" x 12",,,0B82sWVf587AtmxOGOUsqV,,,
,,,,,,,1,No,,8' - 0",,,,By Type,,Default,,Air Terminal-Exhaust Cap-FB,Air Terminal-Exhaust Cap-FB: 4" DIA,0 CFM,,0d1xlIsmn0D9DcDwK83n0b,,,L2,,10,,,,New Construction,None,4"ø,,Exhaust Air,Mechanical Exhaust Air 35,Exhaust Air,4" DIA,,,0uItpyAgXCovb3y_iwf_Qg,,,
,,,23.75.70.21.27.11,,,,1,Yes,,8' - 0",,,,By Type,,Default,,Supply Diffuser - Square - Hosted,Supply Diffuser - Square - Hosted: 12" x 12",100 CFM,,0d1xlIsmn0D9DcDwK83nR9,,,L2,,11,,,,New Construction,None,6"x6",,Supply Air,Mechanical Supply Air 2,Supply Air,12" x 12",,,0B82sWVf587AtmxOGOUsqV,,,
,,,,,,,1,Yes,,1' - 4",,,,By Type,,Default,,Return Grille - Perforated - Rectangular Face Rectangular Neck,Return Grille - Perforated - Rectangular Face Rectangular Neck: 16x10,700 CFM,,0d1xlIsmn0D9DcDwK83nrR,,,L2,,13,,,,New Construction,None,16"x10",,Return Air,Mechanical Return Air 1,Return Air,16x10,,,0d1xlIsmn0D9DcDwK83ntx,,,
,,,,,,,1,Yes,,1' - 4",,,,By Type,,Default,,Return Grille - Perforated - Rectangular Face Rectangular Neck,Return Grille - Perforated - Rectangular Face Rectangular Neck: 16x10,700 CFM,,0d1xlIsmn0D9DcDwK83nol,,,L2,,14,,,,New Construction,None,16"x10",,Return Air,Mechanical Return Air 3,Return Air,16x10,,,0d1xlIsmn0D9DcDwK83ntx,,,
,,,,,,,1,No,,9' - 6",,,,By Type,,Default,,Supply Grille - Double Deflection - Curve Face Rectangular Neck,Supply Grille - Double Deflection - Curve Face Rectangular Neck: 16x4 Connection 8 Diameter Duct,100 CFM,,0d1xlIsmn0D9DcDwK83sRP,,,L2,,15,,,,New Construction,None,16"x4",,Supply Air,Mechanical Supply Air 2,Supply Air,16x4 Connection 8 Diameter Duct,,,0d1xlIsmn0D9DcDwK83sQP,,,
,,,,,,,1,No,,9' - 6",,,,By Type,,Default,,Supply Grille - Double Deflection - Curve Face Rectangular Neck,Supply Grille - Double Deflection - Curve Face Rectangular Neck: 16x4 Connection 8 Diameter Duct,100 CFM,,0d1xlIsmn0D9DcDwK83sOo,,,L2,,17,,,,New Construction,None,16"x4",,Supply Air,Mechanical Supply Air 2,Supply Air,16x4 Connection 8 Diameter Duct,,,0d1xlIsmn0D9DcDwK83sQP,,,
,,,,,,,1,No,,9' - 6",,,,By Type,,Default,,Supply Grille - Double Deflection - Curve Face Rectangular Neck,Supply Grille - Double Deflection - Curve Face Rectangular Neck: 16x4 Connection 8 Diameter Duct,100 CFM,,0d1xlIsmn0D9DcDwK83sPD,,,L2,,18,,,,New Construction,None,16"x4",,Supply Air,Mechanical Supply Air 2,Supply Air,16x4 Connection 8 Diameter Duct,,,0d1xlIsmn0D9DcDwK83sQP,,,
,,,,,,,1,No,,10' - 10",,,,By Type,,Default,,Air Terminal-Exhaust Cap-FB,Air Terminal-Exhaust Cap-FB: 4" DIA,0 CFM,,36WXWxVqz9DQ5M2GfozqGo,,,L3,,19,,,,New Construction,None,4"ø,,Exhaust Air,Mechanical Exhaust Air 37,Exhaust Air,4" DIA,,,0uItpyAgXCovb3y_iwf_Qg,,,
,,,,,,,1,No,,10' - 6",,,,By Type,,Default,,Supply Grille - Double Deflection - Curve Face Rectangular Neck,Supply Grille - Double Deflection - Curve Face Rectangular Neck: 16x4 Connection 8 Diameter Duct,100 CFM,,0CW5ZygHT5FfccaQkMoDrg,,,L3,,21,,,,New Construction,None,16"x4",,Supply Air,Mechanical Supply Air 3,Supply Air,16x4 Connection 8 Diameter Duct,,,0d1xlIsmn0D9DcDwK83sQP,,,
,,,,,,,1,No,,10' - 6",,,,By Type,,Default,,Supply Grille - Double Deflection - Curve Face Rectangular Neck,Supply Grille - Double Deflection - Curve Face Rectangular Neck: 16x4 Connection 8 Diameter Duct,80 CFM,,0CW5ZygHT5FfccaQkMoDr4,,,L3,,22,,,,New Construction,None,16"x4",,Supply Air,Mechanical Supply Air 3,Supply Air,16x4 Connection 8 Diameter Duct,,,0d1xlIsmn0D9DcDwK83sQP,,,
,,,,,,,1,No,,10' - 6",,,,By Type,,Default,,Supply Grille - Double Deflection - Curve Face Rectangular Neck,Supply Grille - Double Deflection - Curve Face Rectangular Neck: 16x4 Connection 8 Diameter Duct,100 CFM,,0CW5ZygHT5FfccaQkMoDwe,,,L3,,23,,,,New Construction,None,16"x4",,Supply Air,Mechanical Supply Air 3,Supply Air,16x4 Connection 8 Diameter Duct,,,0d1xlIsmn0D9DcDwK83sQP,,,
,,,,,,,1,No,,-1' - 9 7/16",,,,By Type,,Default,,Supply Grille - Double Deflection - Curve Face Rectangular Neck,Supply Grille - Double Deflection - Curve Face Rectangular Neck: 16x4 Connection 8 Diameter Duct,100 CFM,,0CW5ZygHT5FfccaQkMoDd6,,,L3,,26,,,,New Construction,None,16"x4",,Supply Air,Mechanical Supply Air 3,Supply Air,16x4 Connection 8 Diameter Duct,,,0d1xlIsmn0D9DcDwK83sQP,,,
,,,,,,,1,No,,-1' - 9 7/16",,,,By Type,,Default,,Supply Grille - Double Deflection - Curve Face Rectangular Neck,Supply Grille - Double Deflection - Curve Face Rectangular Neck: 16x4 Connection 8 Diameter Duct,100 CFM,,0CW5ZygHT5FfccaQkMoDac,,,L3,,27,,,,New Construction,None,16"x4",,Supply Air,Mechanical Supply Air 3,Supply Air,16x4 Connection 8 Diameter Duct,,,0d1xlIsmn0D9DcDwK83sQP,,,
,,,23.75.70.21.27.11,,,,1,Yes,,8' - 0",,,,By Type,,Default,,Supply Diffuser - Square - Hosted,Supply Diffuser - Square - Hosted: 12" x 12",80 CFM,,0CW5ZygHT5FfccaQkMoDgF,,,L2,,28,,,,New Construction,None,6"x6",,Supply Air,Mechanical Supply Air 3,Supply Air,12" x 12",,,0B82sWVf587AtmxOGOUsqV,,,
,,,,,,,1,Yes,,9' - 8 5/32",,,,By Type,,Default,,Return Grille - Double Deflection - Curve Face Rectangular Neck,Return Grille - Double Deflection - Curve Face Rectangular Neck: 16x4 Connection 8 Diameter Duct,100 CFM,,0CW5ZygHT5FfccaQkMoD7P,,,L2,,29,,,,New Construction,None,16"x4",,Return Air,Mechanical Return Air 5,Return Air,16x4 Connection 8 Diameter Duct,,,0C4AccZxn9LBim4QVrDA5N,,,
,,,23.75.70.21.27.11,,,,1,Yes,,8' - 0",,,,By Type,,Default,,Supply Diffuser - Square - Hosted,Supply Diffuser - Square - Hosted: 12" x 12",90 CFM,,0CW5ZygHT5FfccaQkMoD4d,,,L2,,30,,,,New Construction,None,6"x6",,Supply Air,Mechanical Supply Air 6,Supply Air,12" x 12",,,0B82sWVf587AtmxOGOUsqV,,,
,,,,,,,1,No,,9' - 8 5/32",,,,By Type,,Default,,Supply Grille - Double Deflection - Curve Face Rectangular Neck,Supply Grille - Double Deflection - Curve Face Rectangular Neck: 16x4 Connection 8 Diameter Duct,100 CFM,,0CW5ZygHT5FfccaQkMoDDq,,,L2,,32,,,,New Construction,None,16"x4",,Supply Air,Mechanical Supply Air 6,Supply Air,16x4 Connection 8 Diameter Duct,,,0d1xlIsmn0D9DcDwK83sQP,,,
,,,,,,,1,No,,9' - 8 5/32",,,,By Type,,Default,,Supply Grille - Double Deflection - Curve Face Rectangular Neck,Supply Grille - Double Deflection - Curve Face Rectangular Neck: 16x4 Connection 8 Diameter Duct,100 CFM,,0CW5ZygHT5FfccaQkMoEot,,,L2,,33,,,,New Construction,None,16"x4",,Supply Air,Mechanical Supply Air 6,Supply Air,16x4 Connection 8 Diameter Duct,,,0d1xlIsmn0D9DcDwK83sQP,,,
,,,,,,,1,No,,8' - 0",,,,By Type,,Default,,Air Terminal-Exhaust Cap-FB,Air Terminal-Exhaust Cap-FB: 4" DIA,0 CFM,,0CW5ZygHT5FfccaQkMoEdE,,,L2,,36,,,,New Construction,None,4"ø,,Exhaust Air,Mechanical Exhaust Air 2,Exhaust Air,4" DIA,,,0uItpyAgXCovb3y_iwf_Qg,,,
,,,,,,,1,No,,8' - 0",,,,By Type,,Default,,Air Terminal-Exhaust Cap-FB,Air Terminal-Exhaust Cap-FB: 4" DIA,0 CFM,,20hMZHm2HFUApm3Yl$vPeZ,,,L2,,38,,,,New Construction,None,4"ø,,Exhaust Air,Mechanical Exhaust Air 34,Exhaust Air,4" DIA,,,0uItpyAgXCovb3y_iwf_Qg,,,
,,,23.75.70.21.27.11,,,,1,Yes,,9' - 0",,,,By Type,,Default,,Supply Diffuser - Square - Hosted,Supply Diffuser - Square - Hosted: 12" x 12",100 CFM,,20hMZHm2HFUApm3Yl$vPTr,,,L1 - Block 43,,39,,,,New Construction,None,6"x6",,Supply Air,Mechanical Supply Air 8,Supply Air,12" x 12",,,0B82sWVf587AtmxOGOUsqV,,,
,,,23.75.70.21.27.11,,,,1,No,,9' - 0",,,,By Type,,Default,,Supply Diffuser - Square - Hosted,Supply Diffuser - Square - Hosted: 12" x 12",100 CFM,,20hMZHm2HFUApm3Yl$vPUi,,,L1 - Block 43,,40,,,,New Construction,None,6"x6",,Supply Air,Mechanical Supply Air 8,Supply Air,12" x 12",,,0B82sWVf587AtmxOGOUsqV,,,
,,,,,,,1,No,,8' - 0",,,,By Type,,Default,,Supply Grille - Double Deflection - Curve Face Rectangular Neck,Supply Grille - Double Deflection - Curve Face Rectangular Neck: 16x4 Connection 8 Diameter Duct,90 CFM,,20hMZHm2HFUApm3Yl$vP93,,,L2,,41,,,,New Construction,None,16"x4",,Supply Air,Mechanical Supply Air 8,Supply Air,16x4 Connection 8 Diameter Duct,,,0d1xlIsmn0D9DcDwK83sQP,,,
,,,,,,,1,No,,8' - 0",,,,By Type,,Default,,Return Grille - Double Deflection - Curve Face Rectangular Neck,Return Grille - Double Deflection - Curve Face Rectangular Neck: 16x4 Connection 8 Diameter Duct,100 CFM,,20hMZHm2HFUApm3Yl$vOtc,,,L2,,47,,,,New Construction,None,16"x4",,Return Air,Mechanical Return Air 6,Return Air,16x4 Connection 8 Diameter Duct,,,0C4AccZxn9LBim4QVrDA5N,,,
,,,,,,,1,No,,8' - 0",,,,By Type,,Default,,Supply Grille - Double Deflection - Curve Face Rectangular Neck,Supply Grille - Double Deflection - Curve Face Rectangular Neck: 16x4 Connection 8 Diameter Duct,90 CFM,,20hMZHm2HFUApm3Yl$vO_I,,,L2,,49,,,,New Construction,None,16"x4",,Supply Air,Mechanical Supply Air 8,Supply Air,16x4 Connection 8 Diameter Duct,,,0d1xlIsmn0D9DcDwK83sQP,,,
,,,,,,,1,No,,17' - 2",,,,By Type,,Default,,Air Terminal-Exhaust Cap-FB,Air Terminal-Exhaust Cap-FB: 4" DIA,0 CFM,,1GxKgJIob0UeqSCp$F_shM,,,L1 - Block 43,,51,,,,New Construction,None,4"ø,,Exhaust Air,Mechanical Exhaust Air 1,Exhaust Air,4" DIA,,,0uItpyAgXCovb3y_iwf_Qg,,,
,,,,,,,1,Yes,,7' - 9",,,,By Type,,Default,,Supply Grille - Double Deflection - Curve Face Rectangular Neck,Supply Grille - Double Deflection - Curve Face Rectangular Neck: 16x4 Connection 8 Diameter Duct,100 CFM,,1GxKgJIob0UeqSCp$F_vJx,,,L2,,52,,,,New Construction,None,16"x4",,Supply Air,Mechanical Supply Air 11,Supply Air,16x4 Connection 8 Diameter Duct,,,0d1xlIsmn0D9DcDwK83sQP,,,
,,,,,,,1,No,,7' - 9",,,,By Type,,Default,,Supply Grille - Double Deflection - Curve Face Rectangular Neck,Supply Grille - Double Deflection - Curve Face Rectangular Neck: 16x4 Connection 8 Diameter Duct,100 CFM,,1GxKgJIob0UeqSCp$F_vCr,,,L2,,53,,,,New Construction,None,16"x4",,Supply Air,Mechanical Supply Air 11,Supply Air,16x4 Connection 8 Diameter Duct,,,0d1xlIsmn0D9DcDwK83sQP,,,
,,,,,,,1,No,,7' - 9",,,,By Type,,Default,,Supply Grille - Double Deflection - Curve Face Rectangular Neck,Supply Grille - Double Deflection - Curve Face Rectangular Neck: 16x4 Connection 8 Diameter Duct,100 CFM,,1GxKgJIob0UeqSCp$F_vEV,,,L2,,55,,,,New Construction,None,16"x4",,Supply Air,Mechanical Supply Air 11,Supply Air,16x4 Connection 8 Diameter Duct,,,0d1xlIsmn0D9DcDwK83sQP,,,
,,,,,,,1,No,,7' - 9",,,,By Type,,Default,,Supply Grille - Double Deflection - Curve Face Rectangular Neck,Supply Grille - Double Deflection - Curve Face Rectangular Neck: 16x4 Connection 8 Diameter Duct,100 CFM,,1GxKgJIob0UeqSCp$F_vBQ,,,L2,,56,,,,New Construction,None,16"x4",,Supply Air,Mechanical Supply Air 11,Supply Air,16x4 Connection 8 Diameter Duct,,,0d1xlIsmn0D9DcDwK83sQP,,,
,,,23.75.70.21.27.11,,,,1,Yes,,9' - 0",,,,By Type,,Default,,Supply Diffuser - Square - Hosted,Supply Diffuser - Square - Hosted: 12" x 12",100 CFM,,1UXyO$h5zFYPD6dfB6a2qc,,,L1 - Block 37,,59,,,,New Construction,None,6"x6",,Supply Air,Mechanical Supply Air 13,Supply Air,12" x 12",,,0B82sWVf587AtmxOGOUsqV,,,
,,,23.75.70.21.27.11,,,,1,No,,9' - 0",,,,By Type,,Default,,Supply Diffuser - Square - Hosted,Supply Diffuser - Square - Hosted: 12" x 12",100 CFM,,1UXyO$h5zFYPD6dfB6a2s1,,,L1 - Block 37,,60,,,,New Construction,None,6"x6",,Supply Air,Mechanical Supply Air 13,Supply Air,12" x 12",,,0B82sWVf587AtmxOGOUsqV,,,
,,,,,,,1,No,,7' - 7 21/32",,,,By Type,,Default,,Supply Grille - Double Deflection - Curve Face Rectangular Neck,Supply Grille - Double Deflection - Curve Face Rectangular Neck: 16x4 Connection 8 Diameter Duct,100 CFM,,16z2MfSxDDWumzU2PTFoe_,,,L2,,61,,,,New Construction,None,16"x4",,Supply Air,Mechanical Supply Air 12,Supply Air,16x4 Connection 8 Diameter Duct,,,0d1xlIsmn0D9DcDwK83sQP,,,
,,,,,,,1,No,,7' - 7 21/32",,,,By Type,,Default,,Supply Grille - Double Deflection - Curve Face Rectangular Neck,Supply Grille - Double Deflection - Curve Face Rectangular Neck: 16x4 Connection 8 Diameter Duct,100 CFM,,16z2MfSxDDWumzU2PTFojF,,,L2,,63,,,,New Construction,None,16"x4",,Supply Air,Mechanical Supply Air 12,Supply Air,16x4 Connection 8 Diameter Duct,,,0d1xlIsmn0D9DcDwK83sQP,,,
,,,,,,,1,No,,8' - 9",,,,By Type,,Default,,Supply Grille - Double Deflection - Curve Face Rectangular Neck,Supply Grille - Double Deflection - Curve Face Rectangular Neck: 16x4 Connection 8 Diameter Duct,100 CFM,,16z2MfSxDDWumzU2PTFolT,,,L1 - Block 37,,64,,,,New Construction,None,16"x4",,Supply Air,Mechanical Supply Air 12,Supply Air,16x4 Connection 8 Diameter Duct,,,0d1xlIsmn0D9DcDwK83sQP,,,
,,,,,,,1,No,,8' - 9",,,,By Type,,Default,,Supply Grille - Double Deflection - Curve Face Rectangular Neck,Supply Grille - Double Deflection - Curve Face Rectangular Neck: 16x4 Connection 8 Diameter Duct,100 CFM,,16z2MfSxDDWumzU2PTFok0,,,L1 - Block 37,,65,,,,New Construction,None,16"x4",,Supply Air,Mechanical Supply Air 12,Supply Air,16x4 Connection 8 Diameter Duct,,,0d1xlIsmn0D9DcDwK83sQP,,,
,,,,,,,1,No,,8' - 9",,,,By Type,,Default,,Supply Grille - Double Deflection - Curve Face Rectangular Neck,Supply Grille - Double Deflection - Curve Face Rectangular Neck: 16x4 Connection 8 Diameter Duct,100 CFM,,16z2MfSxDDWumzU2PTFoWR,,,L1 - Block 37,,66,,,,New Construction,None,16"x4",,Supply Air,Mechanical Supply Air 12,Supply Air,16x4 Connection 8 Diameter Duct,,,0d1xlIsmn0D9DcDwK83sQP,,,
,,,,,,,1,Yes,,8' - 9",,,,By Type,,Default,,Supply Grille - Double Deflection - Curve Face Rectangular Neck,Supply Grille - Double Deflection - Curve Face Rectangular Neck: 16x4 Connection 8 Diameter Duct,100 CFM,,16z2MfSxDDWumzU2PTFoZr,,,L1 - Block 37,,67,,,,New Construction,None,16"x4",,Supply Air,Mechanical Supply Air 12,Supply Air,16x4 Connection 8 Diameter Duct,,,0d1xlIsmn0D9DcDwK83sQP,,,
,,,,,,,1,No,,7' - 7 21/32",,,,By Type,,Default,,Supply Grille - Double Deflection - Curve Face Rectangular Neck,Supply Grille - Double Deflection - Curve Face Rectangular Neck: 16x4 Connection 8 Diameter Duct,100 CFM,,16z2MfSxDDWumzU2PTFoPr,,,L2,,69,,,,New Construction,None,16"x4",,Supply Air,Mechanical Supply Air 13,Supply Air,16x4 Connection 8 Diameter Duct,,,0d1xlIsmn0D9DcDwK83sQP,,,
,,,,,,,1,No,,7' - 7 21/32",,,,By Type,,Default,,Supply Grille - Double Deflection - Curve Face Rectangular Neck,Supply Grille - Double Deflection - Curve Face Rectangular Neck: 16x4 Connection 8 Diameter Duct,100 CFM,,16z2MfSxDDWumzU2PTFoTf,,,L2,,71,,,,New Construction,None,16"x4",,Supply Air,Mechanical Supply Air 13,Supply Air,16x4 Connection 8 Diameter Duct,,,0d1xlIsmn0D9DcDwK83sQP,,,
,,,,,,,1,No,,8' - 9",,,,By Type,,Default,,Supply Grille - Double Deflection - Curve Face Rectangular Neck,Supply Grille - Double Deflection - Curve Face Rectangular Neck: 16x4 Connection 8 Diameter Duct,100 CFM,,16z2MfSxDDWumzU2PTFoSW,,,L1 - Block 37,,72,,,,New Construction,None,16"x4",,Supply Air,Mechanical Supply Air 13,Supply Air,16x4 Connection 8 Diameter Duct,,,0d1xlIsmn0D9DcDwK83sQP,,,
,,,,,,,1,No,,8' - 9",,,,By Type,,Default,,Supply Grille - Double Deflection - Curve Face Rectangular Neck,Supply Grille - Double Deflection - Curve Face Rectangular Neck: 16x4 Connection 8 Diameter Duct,100 CFM,,16z2MfSxDDWumzU2PTFoV7,,,L1 - Block 37,,73,,,,New Construction,None,16"x4",,Supply Air,Mechanical Supply Air 13,Supply Air,16x4 Connection 8 Diameter Duct,,,0d1xlIsmn0D9DcDwK83sQP,,,
,,,,,,,1,No,,8' - 9",,,,By Type,,Default,,Supply Grille - Double Deflection - Curve Face Rectangular Neck,Supply Grille - Double Deflection - Curve Face Rectangular Neck: 16x4 Connection 8 Diameter Duct,100 CFM,,16z2MfSxDDWumzU2PTFoU8,,,L1 - Block 37,,74,,,,New Construction,None,16"x4",,Supply Air,Mechanical Supply Air 13,Supply Air,16x4 Connection 8 Diameter Duct,,,0d1xlIsmn0D9DcDwK83sQP,,,
,,,,,,,1,No,,8' - 9",,,,By Type,,Default,,Supply Grille - Double Deflection - Curve Face Rectangular Neck,Supply Grille - Double Deflection - Curve Face Rectangular Neck: 16x4 Connection 8 Diameter Duct,100 CFM,,16z2MfSxDDWumzU2PTFoHP,,,L1 - Block 37,,75,,,,New Construction,None,16"x4",,Supply Air,Mechanical Supply Air 13,Supply Air,16x4 Connection 8 Diameter Duct,,,0d1xlIsmn0D9DcDwK83sQP,,,
,,,,,,,1,No,,8' - 9",,,,By Type,,Default,,Supply Grille - Double Deflection - Curve Face Rectangular Neck,Supply Grille - Double Deflection - Curve Face Rectangular Neck: 16x4 Connection 8 Diameter Duct,100 CFM,,16z2MfSxDDWumzU2PTFoGi,,,L1 - Block 37,,76,,,,New Construction,None,16"x4",,Supply Air,Mechanical Supply Air 12,Supply Air,16x4 Connection 8 Diameter Duct,,,0d1xlIsmn0D9DcDwK83sQP,,,
,,,,,,,1,No,,8' - 9",,,,By Type,,Default,,Supply Grille - Double Deflection - Curve Face Rectangular Neck,Supply Grille - Double Deflection - Curve Face Rectangular Neck: 16x4 Connection 8 Diameter Duct,100 CFM,,16z2MfSxDDWumzU2PTFoIc,,,L1 - Block 37,,77,,,,New Construction,None,16"x4",,Supply Air,Mechanical Supply Air 12,Supply Air,16x4 Connection 8 Diameter Duct,,,0d1xlIsmn0D9DcDwK83sQP,,,
,,,,,,,1,No,,8' - 9",,,,By Type,,Default,,Supply Grille - Double Deflection - Curve Face Rectangular Neck,Supply Grille - Double Deflection - Curve Face Rectangular Neck: 16x4 Connection 8 Diameter Duct,100 CFM,,16z2MfSxDDWumzU2PTFoNG,,,L1 - Block 37,,78,,,,New Construction,None,16"x4",,Supply Air,Mechanical Supply Air 12,Supply Air,16x4 Connection 8 Diameter Duct,,,0d1xlIsmn0D9DcDwK83sQP,,,
,,,,,,,1,No,,8' - 9",,,,By Type,,Default,,Supply Grille - Double Deflection - Curve Face Rectangular Neck,Supply Grille - Double Deflection - Curve Face Rectangular Neck: 16x4 Connection 8 Diameter Duct,100 CFM,,16z2MfSxDDWumzU2PTFoMp,,,L1 - Block 37,,79,,,,New Construction,None,16"x4",,Supply Air,Mechanical Supply Air 13,Supply Air,16x4 Connection 8 Diameter Duct,,,0d1xlIsmn0D9DcDwK83sQP,,,
,,,,,,,1,No,,8' - 9",,,,By Type,,Default,,Supply Grille - Double Deflection - Curve Face Rectangular Neck,Supply Grille - Double Deflection - Curve Face Rectangular Neck: 16x4 Connection 8 Diameter Duct,100 CFM,,16z2MfSxDDWumzU2PTFo9C,,,L1 - Block 37,,80,,,,New Construction,None,16"x4",,Supply Air,Mechanical Supply Air 13,Supply Air,16x4 Connection 8 Diameter Duct,,,0d1xlIsmn0D9DcDwK83sQP,,,
,,,,,,,1,No,,8' - 9",,,,By Type,,Default,,Supply Grille - Double Deflection - Curve Face Rectangular Neck,Supply Grille - Double Deflection - Curve Face Rectangular Neck: 16x4 Connection 8 Diameter Duct,100 CFM,,16z2MfSxDDWumzU2PTFo9X,,,L1 - Block 37,,81,,,,New Construction,None,16"x4",,Supply Air,Mechanical Supply Air 13,Supply Air,16x4 Connection 8 Diameter Duct,,,0d1xlIsmn0D9DcDwK83sQP,,,
,,,,,,,1,No,,7' - 7 21/32",,,,By Type,,Default,,Supply Grille - Double Deflection - Curve Face Rectangular Neck,Supply Grille - Double Deflection - Curve Face Rectangular Neck: 16x4 Connection 8 Diameter Duct,100 CFM,,16z2MfSxDDWumzU2PTFoBR,,,L2,,82,,,,New Construction,None,16"x4",,Supply Air,Mechanical Supply Air 12,Supply Air,16x4 Connection 8 Diameter Duct,,,0d1xlIsmn0D9DcDwK83sQP,,,
,,,,,,,1,No,,7' - 7 21/32",,,,By Type,,Default,,Supply Grille - Double Deflection - Curve Face Rectangular Neck,Supply Grille - Double Deflection - Curve Face Rectangular Neck: 16x4 Connection 8 Diameter Duct,100 CFM,,16z2MfSxDDWumzU2PTFoAH,,,L2,,83,,,,New Construction,None,16"x4",,Supply Air,Mechanical Supply Air 13,Supply Air,16x4 Connection 8 Diameter Duct,,,0d1xlIsmn0D9DcDwK83sQP,,,
,,,,,,,1,Yes,,6' - 3 1/2",,,,By Type,,Default,,Return Grille - Double Deflection - Curve Face Rectangular Neck,Return Grille - Double Deflection - Curve Face Rectangular Neck: 16x4 Connection 8 Diameter Duct,100 CFM,,16z2MfSxDDWumzU2PTFo4s,,,L2,,86,,,,New Construction,None,16"x4",,Return Air,Mechanical Return Air 9,Return Air,16x4 Connection 8 Diameter Duct,,,0C4AccZxn9LBim4QVrDA5N,,,
,,,,,,,1,No,,20' - 9",,,,By Type,,Default,,Air Terminal-Exhaust Cap-FB,Air Terminal-Exhaust Cap-FB: 4" DIA,0 CFM,,16z2MfSxDDWumzU2PTFnXV,,,L1 - Block 37,,94,,,,New Construction,None,4"ø,,Exhaust Air,Mechanical Exhaust Air 3,Exhaust Air,4" DIA,,,0uItpyAgXCovb3y_iwf_Qg,,,
,,,,,,,1,No,,20' - 9",,,,By Type,,Default,,Air Terminal-Exhaust Cap-FB,Air Terminal-Exhaust Cap-FB: 4" DIA,0 CFM,,16z2MfSxDDWumzU2PTFnVt,,,L1 - Block 37,,95,,,,New Construction,None,4"ø,,Exhaust Air,Mechanical Exhaust Air 4,Exhaust Air,4" DIA,,,0uItpyAgXCovb3y_iwf_Qg,,,
,,,,,,,1,No,,10' - 10",,,,By Type,,Default,,Air Terminal-Exhaust Cap-FB,Air Terminal-Exhaust Cap-FB: 4" DIA,0 CFM,,3M6N9m3lHED8TWnWxmt5we,,,L3,,98,,,,New Construction,None,4"ø,,Exhaust Air,Mechanical Exhaust Air 5,Exhaust Air,4" DIA,,,0uItpyAgXCovb3y_iwf_Qg,,,
,,,23.75.70.21.27.11,,,,1,No,,8' - 0",,,,By Type,,Default,,Supply Diffuser - Square - Hosted,Supply Diffuser - Square - Hosted: 12" x 12",100 CFM,,3geUbj3bX1hO$BfIAYA8Sf,,,L3,,99,,,,New Construction,None,5"x5",,Supply Air,Mechanical Supply Air 17,Supply Air,12" x 12",,,0B82sWVf587AtmxOGOUsqV,,,
,,,,,,,1,Yes,,12' - 0",,,,By Type,,Default,,Supply Grille - Double Deflection - Curve Face Rectangular Neck,Supply Grille - Double Deflection - Curve Face Rectangular Neck: 16x4 Connection 8 Diameter Duct,100 CFM,,3geUbj3bX1hO$BfIAYA8aq,,,L3,,100,,,,New Construction,None,16"x4",,Supply Air,Mechanical Supply Air 17,Supply Air,16x4 Connection 8 Diameter Duct,,,0d1xlIsmn0D9DcDwK83sQP,,,
,,,,,,,1,No,,12' - 0",,,,By Type,,Default,,Supply Grille - Double Deflection - Curve Face Rectangular Neck,Supply Grille - Double Deflection - Curve Face Rectangular Neck: 16x4 Connection 8 Diameter Duct,100 CFM,,3geUbj3bX1hO$BfIAYA8bj,,,L3,,101,,,,New Construction,None,16"x4",,Supply Air,Mechanical Supply Air 17,Supply Air,16x4 Connection 8 Diameter Duct,,,0d1xlIsmn0D9DcDwK83sQP,,,
,,,,,,,1,No,,12' - 0",,,,By Type,,Default,,Supply Grille - Double Deflection - Curve Face Rectangular Neck,Supply Grille - Double Deflection - Curve Face Rectangular Neck: 16x4 Connection 8 Diameter Duct,100 CFM,,3geUbj3bX1hO$BfIAYA8bV,,,L3,,102,,,,New Construction,None,16"x4",,Supply Air,Mechanical Supply Air 17,Supply Air,16x4 Connection 8 Diameter Duct,,,0d1xlIsmn0D9DcDwK83sQP,,,
,,,,,,,1,No,,12' - 0",,,,By Type,,Default,,Supply Grille - Double Deflection - Curve Face Rectangular Neck,Supply Grille - Double Deflection - Curve Face Rectangular Neck: 16x4 Connection 8 Diameter Duct,100 CFM,,3geUbj3bX1hO$BfIAYA8cN,,,L3,,103,,,,New Construction,None,16"x4",,Supply Air,Mechanical Supply Air 17,Supply Air,16x4 Connection 8 Diameter Duct,,,0d1xlIsmn0D9DcDwK83sQP,,,
,,,,,,,1,No,,11' - 1",,,,By Type,,Default,,Supply Grille - Double Deflection - Curve Face Rectangular Neck,Supply Grille - Double Deflection - Curve Face Rectangular Neck: 16x4 Connection 8 Diameter Duct,100 CFM,,3M6pLGbD93gxT0QT3GSSs9,,,L3,,111,,,,New Construction,None,16"x4",,Supply Air,Mechanical Supply Air 18,Supply Air,16x4 Connection 8 Diameter Duct,,,0d1xlIsmn0D9DcDwK83sQP,,,
,,,,,,,1,No,,11' - 1",,,,By Type,,Default,,Supply Grille - Double Deflection - Curve Face Rectangular Neck,Supply Grille - Double Deflection - Curve Face Rectangular Neck: 16x4 Connection 8 Diameter Duct,100 CFM,,3M6pLGbD93gxT0QT3GSSsN,,,L3,,112,,,,New Construction,None,16"x4",,Supply Air,Mechanical Supply Air 18,Supply Air,16x4 Connection 8 Diameter Duct,,,0d1xlIsmn0D9DcDwK83sQP,,,
,,,,,,,1,No,,11' - 1",,,,By Type,,Default,,Supply Grille - Double Deflection - Curve Face Rectangular Neck,Supply Grille - Double Deflection - Curve Face Rectangular Neck: 16x4 Connection 8 Diameter Duct,100 CFM,,3M6pLGbD93gxT0QT3GSSrm,,,L3,,113,,,,New Construction,None,16"x4",,Supply Air,Mechanical Supply Air 18,Supply Air,16x4 Connection 8 Diameter Duct,,,0d1xlIsmn0D9DcDwK83sQP,,,
,,,,,,,1,No,,11' - 1",,,,By Type,,Default,,Supply Grille - Double Deflection - Curve Face Rectangular Neck,Supply Grille - Double Deflection - Curve Face Rectangular Neck: 16x4 Connection 8 Diameter Duct,100 CFM,,3M6pLGbD93gxT0QT3GSSrS,,,L3,,114,,,,New Construction,None,16"x4",,Supply Air,Mechanical Supply Air 18,Supply Air,16x4 Connection 8 Diameter Duct,,,0d1xlIsmn0D9DcDwK83sQP,,,
,,,,,,,1,No,,11' - 1",,,,By Type,,Default,,Supply Grille - Double Deflection - Curve Face Rectangular Neck,Supply Grille - Double Deflection - Curve Face Rectangular Neck: 16x4 Connection 8 Diameter Duct,100 CFM,,3M6pLGbD93gxT0QT3GSSq9,,,L3,,115,,,,New Construction,None,16"x4",,Supply Air,Mechanical Supply Air 18,Supply Air,16x4 Connection 8 Diameter Duct,,,0d1xlIsmn0D9DcDwK83sQP,,,
,,,,,,,1,No,,11' - 1",,,,By Type,,Default,,Supply Grille - Double Deflection - Curve Face Rectangular Neck,Supply Grille - Double Deflection - Curve Face Rectangular Neck: 16x4 Connection 8 Diameter Duct,100 CFM,,3M6pLGbD93gxT0QT3GSSBl,,,L3,,116,,,,New Construction,None,16"x4",,Supply Air,Mechanical Supply Air 18,Supply Air,16x4 Connection 8 Diameter Duct,,,0d1xlIsmn0D9DcDwK83sQP,,,
,,,,,,,1,No,,11' - 1",,,,By Type,,Default,,Supply Grille - Double Deflection - Curve Face Rectangular Neck,Supply Grille - Double Deflection - Curve Face Rectangular Neck: 16x4 Connection 8 Diameter Duct,100 CFM,,3M6pLGbD93gxT0QT3GSSAA,,,L3,,117,,,,New Construction,None,16"x4",,Supply Air,Mechanical Supply Air 18,Supply Air,16x4 Connection 8 Diameter Duct,,,0d1xlIsmn0D9DcDwK83sQP,,,
,,,,,,,1,No,,11' - 1",,,,By Type,,Default,,Supply Grille - Double Deflection - Curve Face Rectangular Neck,Supply Grille - Double Deflection - Curve Face Rectangular Neck: 16x4 Connection 8 Diameter Duct,100 CFM,,3M6pLGbD93gxT0QT3GSS9o,,,L3,,118,,,,New Construction,None,16"x4",,Supply Air,Mechanical Supply Air 18,Supply Air,16x4 Connection 8 Diameter Duct,,,0d1xlIsmn0D9DcDwK83sQP,,,
,,,,,,,1,No,,10' - 4",,,,By Type,,Default,,Air Terminal-Exhaust Cap-FB,Air Terminal-Exhaust Cap-FB: 4" DIA,0 CFM,,3M6pLGbD93gxT0QT3GSSFV,,,L3,,119,,,,New Construction,None,4"ø,,Exhaust Air,Mechanical Exhaust Air 6,Exhaust Air,4" DIA,,,0uItpyAgXCovb3y_iwf_Qg,,,
,,,,,,,1,No,,10' - 4 1/2",,,,By Type,,Default,,Supply Grille - Double Deflection - Curve Face Rectangular Neck,Supply Grille - Double Deflection - Curve Face Rectangular Neck: 16x4 Connection 8 Diameter Duct,100 CFM,,3M6pLGbD93gxT0QT3GSS7H,,,L3,,120,,,,New Construction,None,16"x4",,Supply Air,Mechanical Supply Air 18,Supply Air,16x4 Connection 8 Diameter Duct,,,0d1xlIsmn0D9DcDwK83sQP,,,
,,,,,,,1,Yes,,10' - 4 1/2",,,,By Type,,Default,,Supply Grille - Double Deflection - Curve Face Rectangular Neck,Supply Grille - Double Deflection - Curve Face Rectangular Neck: 16x4 Connection 8 Diameter Duct,100 CFM,,3M6pLGbD93gxT0QT3GSS6H,,,L3,,121,,,,New Construction,None,16"x4",,Supply Air,Mechanical Supply Air 18,Supply Air,16x4 Connection 8 Diameter Duct,,,0d1xlIsmn0D9DcDwK83sQP,,,
,,,23.75.70.21.27.11,,,,1,No,,8' - 0",,,,By Type,,Default,,Supply Diffuser - Square - Hosted,Supply Diffuser - Square - Hosted: 12" x 12",100 CFM,,2V2qdYnOr3TuSCIM7zPXnv,,,L3,,122,,,,New Construction,None,6"x6",,Supply Air,Mechanical Supply Air 18,Supply Air,12" x 12",,,0B82sWVf587AtmxOGOUsqV,,,
,,,,,,,1,No,,10' - 10",,,,By Type,,Default,,Supply Grille - Double Deflection - Curve Face Rectangular Neck,Supply Grille - Double Deflection - Curve Face Rectangular Neck: 16x4 Connection 8 Diameter Duct,100 CFM,,29FdkzBLX489$pF5O4cqb2,,,L3,,127,,,,New Construction,None,16"x4",,Supply Air,Mechanical Supply Air 20,Supply Air,16x4 Connection 8 Diameter Duct,,,0d1xlIsmn0D9DcDwK83sQP,,,
,,,,,,,1,No,,10' - 10",,,,By Type,,Default,,Supply Grille - Double Deflection - Curve Face Rectangular Neck,Supply Grille - Double Deflection - Curve Face Rectangular Neck: 16x4 Connection 8 Diameter Duct,100 CFM,,29FdkzBLX489$pF5O4cqbe,,,L3,,128,,,,New Construction,None,16"x4",,Supply Air,Mechanical Supply Air 20,Supply Air,16x4 Connection 8 Diameter Duct,,,0d1xlIsmn0D9DcDwK83sQP,,,
,,,,,,,1,No,,10' - 10",,,,By Type,,Default,,Supply Grille - Double Deflection - Curve Face Rectangular Neck,Supply Grille - Double Deflection - Curve Face Rectangular Neck: 16x4 Connection 8 Diameter Duct,100 CFM,,29FdkzBLX489$pF5O4cqaC,,,L3,,129,,,,New Construction,None,16"x4",,Supply Air,Mechanical Supply Air 20,Supply Air,16x4 Connection 8 Diameter Duct,,,0d1xlIsmn0D9DcDwK83sQP,,,
,,,,,,,1,No,,10' - 10",,,,By Type,,Default,,Supply Grille - Double Deflection - Curve Face Rectangular Neck,Supply Grille - Double Deflection - Curve Face Rectangular Neck: 16x4 Connection 8 Diameter Duct,100 CFM,,29FdkzBLX489$pF5O4cqar,,,L3,,130,,,,New Construction,None,16"x4",,Supply Air,Mechanical Supply Air 20,Supply Air,16x4 Connection 8 Diameter Duct,,,0d1xlIsmn0D9DcDwK83sQP,,,
,,,23.75.70.21.27.11,,,,1,Yes,,8' - 0",,,,By Type,,Default,,Supply Diffuser - Square - Hosted,Supply Diffuser - Square - Hosted: 12" x 12",100 CFM,,0KZn1XrlzCDgke9UTJ4_nr,,,L3,,131,,,,New Construction,None,9"x9",,Supply Air,Mechanical Supply Air 20,Supply Air,12" x 12",,,0B82sWVf587AtmxOGOUsqV,,,
,,,,,,,1,No,,9' - 11 7/8",,,,By Type,,Default,,Supply Grille - Double Deflection - Curve Face Rectangular Neck,Supply Grille - Double Deflection - Curve Face Rectangular Neck: 16x4 Connection 8 Diameter Duct,100 CFM,,0KZn1XrlzCDgke9UTJ4_9J,,,L3,,132,,,,New Construction,None,16"x4",,Supply Air,Mechanical Supply Air 20,Supply Air,16x4 Connection 8 Diameter Duct,,,0d1xlIsmn0D9DcDwK83sQP,,,
,,,,,,,1,No,,10' - 10",,,,By Type,,Default,,Air Terminal-Exhaust Cap-FB,Air Terminal-Exhaust Cap-FB: 4" DIA,0 CFM,,1twX0D6PT5qAIpAZjhjCtX,,,L3,,133,,,,New Construction,None,4"ø,,Exhaust Air,Mechanical Exhaust Air 7,Exhaust Air,4" DIA,,,0uItpyAgXCovb3y_iwf_Qg,,,
,,,,,,,1,Yes,,9' - 4 7/16",,,,By Type,,Default,,Supply Grille - Double Deflection - Curve Face Rectangular Neck,Supply Grille - Double Deflection - Curve Face Rectangular Neck: 16x4 Connection 8 Diameter Duct,100 CFM,,2fAavAP_T3PBMu6yDI0Qpj,,,L3,,135,,,,New Construction,None,16"x4",,Supply Air,Mechanical Supply Air 24,Supply Air,16x4 Connection 8 Diameter Duct,,,0d1xlIsmn0D9DcDwK83sQP,,,
,,,,,,,1,No,,9' - 4 7/16",,,,By Type,,Default,,Supply Grille - Double Deflection - Curve Face Rectangular Neck,Supply Grille - Double Deflection - Curve Face Rectangular Neck: 16x4 Connection 8 Diameter Duct,100 CFM,,2fAavAP_T3PBMu6yDI0QoS,,,L3,,136,,,,New Construction,None,16"x4",,Supply Air,Mechanical Supply Air 24,Supply Air,16x4 Connection 8 Diameter Duct,,,0d1xlIsmn0D9DcDwK83sQP,,,
,,,,,,,1,No,,10' - 8",,,,By Type,,Default,,Supply Grille - Double Deflection - Curve Face Rectangular Neck,Supply Grille - Double Deflection - Curve Face Rectangular Neck: 16x4 Connection 8 Diameter Duct,100 CFM,,2fAavAP_T3PBMu6yDI0Qos,,,L3,,137,,,,New Construction,None,16"x4",,Supply Air,Mechanical Supply Air 24,Supply Air,16x4 Connection 8 Diameter Duct,,,0d1xlIsmn0D9DcDwK83sQP,,,
,,,,,,,1,No,,10' - 8",,,,By Type,,Default,,Supply Grille - Double Deflection - Curve Face Rectangular Neck,Supply Grille - Double Deflection - Curve Face Rectangular Neck: 16x4 Connection 8 Diameter Duct,100 CFM,,2fAavAP_T3PBMu6yDI0QnH,,,L3,,138,,,,New Construction,None,16"x4",,Supply Air,Mechanical Supply Air 24,Supply Air,16x4 Connection 8 Diameter Duct,,,0d1xlIsmn0D9DcDwK83sQP,,,
,,,,,,,1,No,,12' - 0",,,,By Type,,Default,,Supply Grille - Double Deflection - Curve Face Rectangular Neck,Supply Grille - Double Deflection - Curve Face Rectangular Neck: 16x4 Connection 8 Diameter Duct,100 CFM,,2fAavAP_T3PBMu6yDI0QmA,,,L3,,139,,,,New Construction,None,16"x4",,Supply Air,Mechanical Supply Air 24,Supply Air,16x4 Connection 8 Diameter Duct,,,0d1xlIsmn0D9DcDwK83sQP,,,
,,,,,,,1,No,,12' - 0",,,,By Type,,Default,,Supply Grille - Double Deflection - Curve Face Rectangular Neck,Supply Grille - Double Deflection - Curve Face Rectangular Neck: 16x4 Connection 8 Diameter Duct,100 CFM,,2fAavAP_T3PBMu6yDI0Qml,,,L3,,140,,,,New Construction,None,16"x4",,Supply Air,Mechanical Supply Air 24,Supply Air,16x4 Connection 8 Diameter Duct,,,0d1xlIsmn0D9DcDwK83sQP,,,
,,,,,,,1,No,,12' - 0",,,,By Type,,Default,,Supply Grille - Double Deflection - Curve Face Rectangular Neck,Supply Grille - Double Deflection - Curve Face Rectangular Neck: 16x4 Connection 8 Diameter Duct,100 CFM,,2fAavAP_T3PBMu6yDI0Q$e,,,L3,,141,,,,New Construction,None,16"x4",,Supply Air,Mechanical Supply Air 24,Supply Air,16x4 Connection 8 Diameter Duct,,,0d1xlIsmn0D9DcDwK83sQP,,,
,,,,,,,1,No,,11' - 10",,,,By Type,,Default,,Supply Grille - Double Deflection - Curve Face Rectangular Neck,Supply Grille - Double Deflection - Curve Face Rectangular Neck: 16x4 Connection 8 Diameter Duct,100 CFM,,2fAavAP_T3PBMu6yDI0QzC,,,L3,,142,,,,New Construction,None,16"x4",,Supply Air,Mechanical Supply Air 24,Supply Air,16x4 Connection 8 Diameter Duct,,,0d1xlIsmn0D9DcDwK83sQP,,,
,,,,,,,1,No,,11' - 10",,,,By Type,,Default,,Supply Grille - Double Deflection - Curve Face Rectangular Neck,Supply Grille - Double Deflection - Curve Face Rectangular Neck: 16x4 Connection 8 Diameter Duct,100 CFM,,2fAavAP_T3PBMu6yDI0Qze,,,L3,,143,,,,New Construction,None,16"x4",,Supply Air,Mechanical Supply Air 24,Supply Air,16x4 Connection 8 Diameter Duct,,,0d1xlIsmn0D9DcDwK83sQP,,,
,,,,,,,1,No,,9' - 4 7/16",,,,By Type,,Default,,Supply Grille - Double Deflection - Curve Face Rectangular Neck,Supply Grille - Double Deflection - Curve Face Rectangular Neck: 16x4 Connection 8 Diameter Duct,100 CFM,,2WCPlt3dr4lubCAVtr56yF,,,L3,,144,,,,New Construction,None,16"x4",,Supply Air,Mechanical Supply Air 23,Supply Air,16x4 Connection 8 Diameter Duct,,,0d1xlIsmn0D9DcDwK83sQP,,,
,,,,,,,1,No,,9' - 4 7/16",,,,By Type,,Default,,Supply Grille - Double Deflection - Curve Face Rectangular Neck,Supply Grille - Double Deflection - Curve Face Rectangular Neck: 16x4 Connection 8 Diameter Duct,100 CFM,,2WCPlt3dr4lubCAVtr56zW,,,L3,,145,,,,New Construction,None,16"x4",,Supply Air,Mechanical Supply Air 23,Supply Air,16x4 Connection 8 Diameter Duct,,,0d1xlIsmn0D9DcDwK83sQP,,,
,,,,,,,1,Yes,,9' - 4 7/16",,,,By Type,,Default,,Supply Grille - Double Deflection - Curve Face Rectangular Neck,Supply Grille - Double Deflection - Curve Face Rectangular Neck: 16x4 Connection 8 Diameter Duct,100 CFM,,2WCPlt3dr4lubCAVtr56wX,,,L3,,146,,,,New Construction,None,16"x4",,Supply Air,Mechanical Supply Air 23,Supply Air,16x4 Connection 8 Diameter Duct,,,0d1xlIsmn0D9DcDwK83sQP,,,
,,,,,,,1,No,,9' - 4 7/16",,,,By Type,,Default,,Supply Grille - Double Deflection - Curve Face Rectangular Neck,Supply Grille - Double Deflection - Curve Face Rectangular Neck: 16x4 Connection 8 Diameter Duct,100 CFM,,2WCPlt3dr4lubCAVtr56wU,,,L3,,147,,,,New Construction,None,16"x4",,Supply Air,Mechanical Supply Air 23,Supply Air,16x4 Connection 8 Diameter Duct,,,0d1xlIsmn0D9DcDwK83sQP,,,
,,,,,,,1,No,,10' - 8",,,,By Type,,Default,,Supply Grille - Double Deflection - Curve Face Rectangular Neck,Supply Grille - Double Deflection - Curve Face Rectangular Neck: 16x4 Connection 8 Diameter Duct,100 CFM,,2WCPlt3dr4lubCAVtr56u$,,,L3,,148,,,,New Construction,None,16"x4",,Supply Air,Mechanical Supply Air 23,Supply Air,16x4 Connection 8 Diameter Duct,,,0d1xlIsmn0D9DcDwK83sQP,,,
,,,,,,,1,No,,10' - 8",,,,By Type,,Default,,Supply Grille - Double Deflection - Curve Face Rectangular Neck,Supply Grille - Double Deflection - Curve Face Rectangular Neck: 16x4 Connection 8 Diameter Duct,100 CFM,,2WCPlt3dr4lubCAVtr56uB,,,L3,,149,,,,New Construction,None,16"x4",,Supply Air,Mechanical Supply Air 23,Supply Air,16x4 Connection 8 Diameter Duct,,,0d1xlIsmn0D9DcDwK83sQP,,,
,,,,,,,1,No,,10' - 8",,,,By Type,,Default,,Supply Grille - Double Deflection - Curve Face Rectangular Neck,Supply Grille - Double Deflection - Curve Face Rectangular Neck: 16x4 Connection 8 Diameter Duct,100 CFM,,2WCPlt3dr4lubCAVtr56vJ,,,L3,,150,,,,New Construction,None,16"x4",,Supply Air,Mechanical Supply Air 23,Supply Air,16x4 Connection 8 Diameter Duct,,,0d1xlIsmn0D9DcDwK83sQP,,,
,,,,,,,1,No,,12' - 0",,,,By Type,,Default,,Supply Grille - Double Deflection - Curve Face Rectangular Neck,Supply Grille - Double Deflection - Curve Face Rectangular Neck: 16x4 Connection 8 Diameter Duct,100 CFM,,2WCPlt3dr4lubCAVtr56tl,,,L3,,151,,,,New Construction,None,16"x4",,Supply Air,Mechanical Supply Air 23,Supply Air,16x4 Connection 8 Diameter Duct,,,0d1xlIsmn0D9DcDwK83sQP,,,
,,,,,,,1,No,,12' - 0",,,,By Type,,Default,,Supply Grille - Double Deflection - Curve Face Rectangular Neck,Supply Grille - Double Deflection - Curve Face Rectangular Neck: 16x4 Connection 8 Diameter Duct,100 CFM,,2WCPlt3dr4lubCAVtr56tA,,,L3,,152,,,,New Construction,None,16"x4",,Supply Air,Mechanical Supply Air 23,Supply Air,16x4 Connection 8 Diameter Duct,,,0d1xlIsmn0D9DcDwK83sQP,,,
,,,,,,,1,No,,12' - 0",,,,By Type,,Default,,Supply Grille - Double Deflection - Curve Face Rectangular Neck,Supply Grille - Double Deflection - Curve Face Rectangular Neck: 16x4 Connection 8 Diameter Duct,100 CFM,,2WCPlt3dr4lubCAVtr56qc,,,L3,,153,,,,New Construction,None,16"x4",,Supply Air,Mechanical Supply Air 23,Supply Air,16x4 Connection 8 Diameter Duct,,,0d1xlIsmn0D9DcDwK83sQP,,,
,,,,,,,1,No,,12' - 0",,,,By Type,,Default,,Supply Grille - Double Deflection - Curve Face Rectangular Neck,Supply Grille - Double Deflection - Curve Face Rectangular Neck: 16x4 Connection 8 Diameter Duct,100 CFM,,2WCPlt3dr4lubCAVtr56r1,,,L3,,154,,,,New Construction,None,16"x4",,Supply Air,Mechanical Supply Air 23,Supply Air,16x4 Connection 8 Diameter Duct,,,0d1xlIsmn0D9DcDwK83sQP,,,
,,,,,,,1,No,,12' - 0",,,,By Type,,Default,,Supply Grille - Double Deflection - Curve Face Rectangular Neck,Supply Grille - Double Deflection - Curve Face Rectangular Neck: 16x4 Connection 8 Diameter Duct,100 CFM,,2WCPlt3dr4lubCAVtr56og,,,L3,,155,,,,New Construction,None,16"x4",,Supply Air,Mechanical Supply Air 23,Supply Air,16x4 Connection 8 Diameter Duct,,,0d1xlIsmn0D9DcDwK83sQP,,,
,,,,,,,1,No,,10' - 8",,,,By Type,,Default,,Return Grille - Double Deflection - Curve Face Rectangular Neck,Return Grille - Double Deflection - Curve Face Rectangular Neck: 16x4 Connection 8 Diameter Duct,100 CFM,,2WCPlt3dr4lubCAVtr56cm,,,L3,,156,,,,New Construction,None,16"x4",,Return Air,Mechanical Return Air 15,Return Air,16x4 Connection 8 Diameter Duct,,,0C4AccZxn9LBim4QVrDA5N,,,
,,,,,,,1,No,,10' - 8",,,,By Type,,Default,,Return Grille - Double Deflection - Curve Face Rectangular Neck,Return Grille - Double Deflection - Curve Face Rectangular Neck: 16x4 Connection 8 Diameter Duct,100 CFM,,2WCPlt3dr4lubCAVtr56dU,,,L3,,157,,,,New Construction,None,16"x4",,Return Air,Mechanical Return Air 15,Return Air,16x4 Connection 8 Diameter Duct,,,0C4AccZxn9LBim4QVrDA5N,,,
,,,,,,,1,No,,10' - 8",,,,By Type,,Default,,Return Grille - Double Deflection - Curve Face Rectangular Neck,Return Grille - Double Deflection - Curve Face Rectangular Neck: 16x4 Connection 8 Diameter Duct,100 CFM,,2WCPlt3dr4lubCAVtr56aO,,,L3,,158,,,,New Construction,None,16"x4",,Return Air,Mechanical Return Air 15,Return Air,16x4 Connection 8 Diameter Duct,,,0C4AccZxn9LBim4QVrDA5N,,,
,,,,,,,1,No,,10' - 8",,,,By Type,,Default,,Return Grille - Double Deflection - Curve Face Rectangular Neck,Return Grille - Double Deflection - Curve Face Rectangular Neck: 16x4 Connection 8 Diameter Duct,100 CFM,,2WCPlt3dr4lubCAVtr56bs,,,L3,,159,,,,New Construction,None,16"x4",,Return Air,Mechanical Return Air 15,Return Air,16x4 Connection 8 Diameter Duct,,,0C4AccZxn9LBim4QVrDA5N,,,
,,,,,,,1,Yes,,10' - 8",,,,By Type,,Default,,Return Grille - Double Deflection - Curve Face Rectangular Neck,Return Grille - Double Deflection - Curve Face Rectangular Neck: 16x4 Connection 8 Diameter Duct,100 CFM,,2WCPlt3dr4lubCAVtr56bC,,,L3,,160,,,,New Construction,None,16"x4",,Return Air,Mechanical Return Air 15,Return Air,16x4 Connection 8 Diameter Duct,,,0C4AccZxn9LBim4QVrDA5N,,,
,,,,,,,1,No,,10' - 8",,,,By Type,,Default,,Return Grille - Double Deflection - Curve Face Rectangular Neck,Return Grille - Double Deflection - Curve Face Rectangular Neck: 16x4 Connection 8 Diameter Duct,100 CFM,,2WCPlt3dr4lubCAVtr56Zc,,,L3,,161,,,,New Construction,None,16"x4",,Return Air,Mechanical Return Air 15,Return Air,16x4 Connection 8 Diameter Duct,,,0C4AccZxn9LBim4QVrDA5N,,,
,,,,,,,1,No,,10' - 10",,,,By Type,,Default,,Air Terminal-Exhaust Cap-FB,Air Terminal-Exhaust Cap-FB: 4" DIA,0 CFM,,0fhMvOHhLFowLIPKrI2eO2,,,L3,,171,,,,New Construction,None,4"ø,,Exhaust Air,Mechanical Exhaust Air 8,Exhaust Air,4" DIA,,,0uItpyAgXCovb3y_iwf_Qg,,,
,,,,,,,1,No,,10' - 10",,,,By Type,,Default,,Air Terminal-Exhaust Cap-FB,Air Terminal-Exhaust Cap-FB: 4" DIA,0 CFM,,0fhMvOHhLFowLIPKrI2eL9,,,L3,,173,,,,New Construction,None,4"ø,,Exhaust Air,Mechanical Exhaust Air 9,Exhaust Air,4" DIA,,,0uItpyAgXCovb3y_iwf_Qg,,,
,,,,,,,1,No,,10' - 9",,,,By Type,,Default,,Supply Grille - Double Deflection - Curve Face Rectangular Neck,Supply Grille - Double Deflection - Curve Face Rectangular Neck: 16x4 Connection 8 Diameter Duct,100 CFM,,3svIJck4X2k9dc_X1OGRCl,,,M1,,182,,,,New Construction,None,16"x4",,Supply Air,Mechanical Supply Air 27,Supply Air,16x4 Connection 8 Diameter Duct,,,0d1xlIsmn0D9DcDwK83sQP,,,
,,,,,,,1,No,,10' - 9",,,,By Type,,Default,,Supply Grille - Double Deflection - Curve Face Rectangular Neck,Supply Grille - Double Deflection - Curve Face Rectangular Neck: 16x4 Connection 8 Diameter Duct,100 CFM,,3svIJck4X2k9dc_X1OGRC6,,,M1,,183,,,,New Construction,None,16"x4",,Supply Air,Mechanical Supply Air 27,Supply Air,16x4 Connection 8 Diameter Duct,,,0d1xlIsmn0D9DcDwK83sQP,,,
,,,,,,,1,No,,10' - 9",,,,By Type,,Default,,Supply Grille - Double Deflection - Curve Face Rectangular Neck,Supply Grille - Double Deflection - Curve Face Rectangular Neck: 16x4 Connection 8 Diameter Duct,100 CFM,,3svIJck4X2k9dc_X1OGRFE,,,M1,,184,,,,New Construction,None,16"x4",,Supply Air,Mechanical Supply Air 27,Supply Air,16x4 Connection 8 Diameter Duct,,,0d1xlIsmn0D9DcDwK83sQP,,,
,,,,,,,1,Yes,,10' - 9",,,,By Type,,Default,,Supply Grille - Double Deflection - Curve Face Rectangular Neck,Supply Grille - Double Deflection - Curve Face Rectangular Neck: 16x4 Connection 8 Diameter Duct,100 CFM,,3svIJck4X2k9dc_X1OGREh,,,M1,,185,,,,New Construction,None,16"x4",,Supply Air,Mechanical Supply Air 27,Supply Air,16x4 Connection 8 Diameter Duct,,,0d1xlIsmn0D9DcDwK83sQP,,,
,,,,,,,1,No,,10' - 9",,,,By Type,,Default,,Return Grille - Double Deflection - Curve Face Rectangular Neck,Return Grille - Double Deflection - Curve Face Rectangular Neck: 16x4 Connection 8 Diameter Duct,100 CFM,,3svIJck4X2k9dc_X1OGR13,,,M1,,186,,,,New Construction,None,16"x4",,Return Air,Mechanical Return Air 13,Return Air,16x4 Connection 8 Diameter Duct,,,0C4AccZxn9LBim4QVrDA5N,,,
,,,,,,,1,Yes,,10' - 9",,,,By Type,,Default,,Return Grille - Double Deflection - Curve Face Rectangular Neck,Return Grille - Double Deflection - Curve Face Rectangular Neck: 16x4 Connection 8 Diameter Duct,100 CFM,,3svIJck4X2k9dc_X1OGR0h,,,M1,,187,,,,New Construction,None,16"x4",,Return Air,Mechanical Return Air 13,Return Air,16x4 Connection 8 Diameter Duct,,,0C4AccZxn9LBim4QVrDA5N,,,
,,,,,,,1,No,,10' - 9",,,,By Type,,Default,,Air Terminal-Exhaust Cap-FB,Air Terminal-Exhaust Cap-FB: 4" DIA,0 CFM,,3svIJck4X2k9dc_X1OGR24,,,M1,,189,,,,New Construction,None,4"ø,,Exhaust Air,Mechanical Exhaust Air 10,Exhaust Air,4" DIA,,,0uItpyAgXCovb3y_iwf_Qg,,,
,,,,,,,1,No,,10' - 8",,,,By Type,,Default,,Air Terminal-Exhaust Cap-FB,Air Terminal-Exhaust Cap-FB: 4" DIA,0 CFM,,3svIJck4X2k9dc_X1OGOVp,,,M1,,190,,,,New Construction,None,4"ø,,Exhaust Air,Mechanical Exhaust Air 11,Exhaust Air,4" DIA,,,0uItpyAgXCovb3y_iwf_Qg,,,
,,,,,,,1,Yes,,10' - 2",,,,By Type,,Default,,Supply Grille - Double Deflection - Curve Face Rectangular Neck,Supply Grille - Double Deflection - Curve Face Rectangular Neck: 16x4 Connection 8 Diameter Duct,100 CFM,,3svIJck4X2k9dc_X1OGP_K,,,L1 - Block 35,,192,,,,New Construction,None,16"x4",,Supply Air,Mechanical Supply Air 29,Supply Air,16x4 Connection 8 Diameter Duct,,,0d1xlIsmn0D9DcDwK83sQP,,,
,,,,,,,1,No,,10' - 2",,,,By Type,,Default,,Supply Grille - Double Deflection - Curve Face Rectangular Neck,Supply Grille - Double Deflection - Curve Face Rectangular Neck: 16x4 Connection 8 Diameter Duct,100 CFM,,3svIJck4X2k9dc_X1OGPnM,,,L1 - Block 35,,193,,,,New Construction,None,16"x4",,Supply Air,Mechanical Supply Air 29,Supply Air,16x4 Connection 8 Diameter Duct,,,0d1xlIsmn0D9DcDwK83sQP,,,
,,,,,,,1,No,,10' - 2",,,,By Type,,Default,,Supply Grille - Double Deflection - Curve Face Rectangular Neck,Supply Grille - Double Deflection - Curve Face Rectangular Neck: 16x4 Connection 8 Diameter Duct,100 CFM,,3svIJck4X2k9dc_X1OGPmi,,,L1 - Block 35,,194,,,,New Construction,None,16"x4",,Supply Air,Mechanical Supply Air 29,Supply Air,16x4 Connection 8 Diameter Duct,,,0d1xlIsmn0D9DcDwK83sQP,,,
,,,,,,,1,No,,10' - 2",,,,By Type,,Default,,Supply Grille - Double Deflection - Curve Face Rectangular Neck,Supply Grille - Double Deflection - Curve Face Rectangular Neck: 16x4 Connection 8 Diameter Duct,100 CFM,,3svIJck4X2k9dc_X1OGPpc,,,L1 - Block 35,,195,,,,New Construction,None,16"x4",,Supply Air,Mechanical Supply Air 29,Supply Air,16x4 Connection 8 Diameter Duct,,,0d1xlIsmn0D9DcDwK83sQP,,,
,,,,,,,1,No,,10' - 2",,,,By Type,,Default,,Supply Grille - Double Deflection - Curve Face Rectangular Neck,Supply Grille - Double Deflection - Curve Face Rectangular Neck: 16x4 Connection 8 Diameter Duct,100 CFM,,3svIJck4X2k9dc_X1OGPol,,,L1 - Block 35,,196,,,,New Construction,None,16"x4",,Supply Air,Mechanical Supply Air 29,Supply Air,16x4 Connection 8 Diameter Duct,,,0d1xlIsmn0D9DcDwK83sQP,,,
,,,,,,,1,No,,11' - 1 1/2",,,,By Type,,Default,,Supply Grille - Double Deflection - Curve Face Rectangular Neck,Supply Grille - Double Deflection - Curve Face Rectangular Neck: 16x4 Connection 8 Diameter Duct,100 CFM,,2Lkl7_5CzFJxum$LzTe9sv,,,L3,,202,,,,New Construction,None,16"x4",,Supply Air,Mechanical Supply Air 31,Supply Air,16x4 Connection 8 Diameter Duct,,,0d1xlIsmn0D9DcDwK83sQP,,,
,,,,,,,1,Yes,,11' - 1 1/2",,,,By Type,,Default,,Supply Grille - Double Deflection - Curve Face Rectangular Neck,Supply Grille - Double Deflection - Curve Face Rectangular Neck: 16x4 Connection 8 Diameter Duct,100 CFM,,2Lkl7_5CzFJxum$LzTe99D,,,L3,,203,,,,New Construction,None,16"x4",,Supply Air,Mechanical Supply Air 31,Supply Air,16x4 Connection 8 Diameter Duct,,,0d1xlIsmn0D9DcDwK83sQP,,,
,,,,,,,1,No,,11' - 1 1/2",,,,By Type,,Default,,Supply Grille - Double Deflection - Curve Face Rectangular Neck,Supply Grille - Double Deflection - Curve Face Rectangular Neck: 16x4 Connection 8 Diameter Duct,100 CFM,,2Lkl7_5CzFJxum$LzTe98s,,,L3,,204,,,,New Construction,None,16"x4",,Supply Air,Mechanical Supply Air 31,Supply Air,16x4 Connection 8 Diameter Duct,,,0d1xlIsmn0D9DcDwK83sQP,,,
,,,,,,,1,No,,11' - 1 1/2",,,,By Type,,Default,,Supply Grille - Double Deflection - Curve Face Rectangular Neck,Supply Grille - Double Deflection - Curve Face Rectangular Neck: 16x4 Connection 8 Diameter Duct,100 CFM,,2Lkl7_5CzFJxum$LzTe98G,,,L3,,205,,,,New Construction,None,16"x4",,Supply Air,Mechanical Supply Air 31,Supply Air,16x4 Connection 8 Diameter Duct,,,0d1xlIsmn0D9DcDwK83sQP,,,
,,,,,,,1,No,,11' - 1 1/2",,,,By Type,,Default,,Supply Grille - Double Deflection - Curve Face Rectangular Neck,Supply Grille - Double Deflection - Curve Face Rectangular Neck: 16x4 Connection 8 Diameter Duct,100 CFM,,2Lkl7_5CzFJxum$LzTe9A6,,,L3,,206,,,,New Construction,None,16"x4",,Supply Air,Mechanical Supply Air 31,Supply Air,16x4 Connection 8 Diameter Duct,,,0d1xlIsmn0D9DcDwK83sQP,,,
,,,,,,,1,No,,11' - 1 1/2",,,,By Type,,Default,,Supply Grille - Double Deflection - Curve Face Rectangular Neck,Supply Grille - Double Deflection - Curve Face Rectangular Neck: 16x4 Connection 8 Diameter Duct,100 CFM,,2Lkl7_5CzFJxum$LzTe9Da,,,L3,,207,,,,New Construction,None,16"x4",,Supply Air,Mechanical Supply Air 31,Supply Air,16x4 Connection 8 Diameter Duct,,,0d1xlIsmn0D9DcDwK83sQP,,,
,,,,,,,1,No,,11' - 1 1/2",,,,By Type,,Default,,Supply Grille - Double Deflection - Curve Face Rectangular Neck,Supply Grille - Double Deflection - Curve Face Rectangular Neck: 16x4 Connection 8 Diameter Duct,100 CFM,,2Lkl7_5CzFJxum$LzTe9DN,,,L3,,208,,,,New Construction,None,16"x4",,Supply Air,Mechanical Supply Air 31,Supply Air,16x4 Connection 8 Diameter Duct,,,0d1xlIsmn0D9DcDwK83sQP,,,
,,,,,,,1,No,,11' - 1 1/2",,,,By Type,,Default,,Supply Grille - Double Deflection - Curve Face Rectangular Neck,Supply Grille - Double Deflection - Curve Face Rectangular Neck: 16x4 Connection 8 Diameter Duct,100 CFM,,2Lkl7_5CzFJxum$LzTe9Ce,,,L3,,209,,,,New Construction,None,16"x4",,Supply Air,Mechanical Supply Air 31,Supply Air,16x4 Connection 8 Diameter Duct,,,0d1xlIsmn0D9DcDwK83sQP,,,
,,,23.75.70.21.27.11,,,,1,No,,8' - 0",,,,By Type,,Default,,Supply Diffuser - Square - Hosted,Supply Diffuser - Square - Hosted: 12" x 12",100 CFM,,2Lkl7_5CzFJxum$LzTe9S$,,,L3,,214,,,,New Construction,None,6"x6",,Supply Air,Mechanical Supply Air 31,Supply Air,12" x 12",,,0B82sWVf587AtmxOGOUsqV,,,
,,,,,,,1,No,,10' - 8",,,,By Type,,Default,,Supply Grille - Double Deflection - Curve Face Rectangular Neck,Supply Grille - Double Deflection - Curve Face Rectangular Neck: 16x4 Connection 8 Diameter Duct,100 CFM,,2Lkl7_5CzFJxum$LzTeElx,,,L3,,215,,,,New Construction,None,16"x4",,Supply Air,Mechanical Supply Air 31,Supply Air,16x4 Connection 8 Diameter Duct,,,0d1xlIsmn0D9DcDwK83sQP,,,
,,,,,,,1,No,,10' - 8",,,,By Type,,Default,,Supply Grille - Double Deflection - Curve Face Rectangular Neck,Supply Grille - Double Deflection - Curve Face Rectangular Neck: 16x4 Connection 8 Diameter Duct,100 CFM,,2Lkl7_5CzFJxum$LzTeEkx,,,L3,,216,,,,New Construction,None,16"x4",,Supply Air,Mechanical Supply Air 31,Supply Air,16x4 Connection 8 Diameter Duct,,,0d1xlIsmn0D9DcDwK83sQP,,,
,,,,,,,1,No,,9' - 11 1/2",,,,By Type,,Default,,Supply Grille - Double Deflection - Curve Face Rectangular Neck,Supply Grille - Double Deflection - Curve Face Rectangular Neck: 16x4 Connection 8 Diameter Duct,100 CFM,,2Lkl7_5CzFJxum$LzTeEXu,,,L3,,217,,,,New Construction,None,16"x4",,Supply Air,Mechanical Supply Air 31,Supply Air,16x4 Connection 8 Diameter Duct,,,0d1xlIsmn0D9DcDwK83sQP,,,
,,,,,,,1,No,,9' - 11 1/2",,,,By Type,,Default,,Supply Grille - Double Deflection - Curve Face Rectangular Neck,Supply Grille - Double Deflection - Curve Face Rectangular Neck: 16x4 Connection 8 Diameter Duct,100 CFM,,2Lkl7_5CzFJxum$LzTeEXI,,,L3,,218,,,,New Construction,None,16"x4",,Supply Air,Mechanical Supply Air 31,Supply Air,16x4 Connection 8 Diameter Duct,,,0d1xlIsmn0D9DcDwK83sQP,,,
,,,,,,,1,No,,0' - 0",,,,By Type,,Default,,Air Terminal-Exhaust Cap-FB,Air Terminal-Exhaust Cap-FB: 4" DIA,0 CFM,,04laOeyL90mAGvLcy4pAyC,,,,,220,,,,New Construction,None,4"ø,,Exhaust Air,Mechanical Exhaust Air 12,Exhaust Air,4" DIA,,,0uItpyAgXCovb3y_iwf_Qg,,,
,,,,,,,1,No,,11' - 1 1/2",,,,By Type,,Default,,Supply Grille - Double Deflection - Curve Face Rectangular Neck,Supply Grille - Double Deflection - Curve Face Rectangular Neck: 16x4 Connection 8 Diameter Duct,100 CFM,,2KW52DYoTDoP_bipRsNCCu,,,L3,,221,,,,New Construction,None,16"x4",,Supply Air,Mechanical Supply Air 34,Supply Air,16x4 Connection 8 Diameter Duct,,,0d1xlIsmn0D9DcDwK83sQP,,,
,,,,,,,1,No,,11' - 1 1/2",,,,By Type,,Default,,Supply Grille - Double Deflection - Curve Face Rectangular Neck,Supply Grille - Double Deflection - Curve Face Rectangular Neck: 16x4 Connection 8 Diameter Duct,100 CFM,,2KW52DYoTDoP_bipRsNCCx,,,L3,,222,,,,New Construction,None,16"x4",,Supply Air,Mechanical Supply Air 34,Supply Air,16x4 Connection 8 Diameter Duct,,,0d1xlIsmn0D9DcDwK83sQP,,,
,,,,,,,1,No,,11' - 1 1/2",,,,By Type,,Default,,Supply Grille - Double Deflection - Curve Face Rectangular Neck,Supply Grille - Double Deflection - Curve Face Rectangular Neck: 16x4 Connection 8 Diameter Duct,100 CFM,,2KW52DYoTDoP_bipRsNCCw,,,L3,,223,,,,New Construction,None,16"x4",,Supply Air,Mechanical Supply Air 34,Supply Air,16x4 Connection 8 Diameter Duct,,,0d1xlIsmn0D9DcDwK83sQP,,,
,,,,,,,1,No,,11' - 1 1/2",,,,By Type,,Default,,Supply Grille - Double Deflection - Curve Face Rectangular Neck,Supply Grille - Double Deflection - Curve Face Rectangular Neck: 16x4 Connection 8 Diameter Duct,100 CFM,,2KW52DYoTDoP_bipRsNCC5,,,L3,,224,,,,New Construction,None,16"x4",,Supply Air,Mechanical Supply Air 34,Supply Air,16x4 Connection 8 Diameter Duct,,,0d1xlIsmn0D9DcDwK83sQP,,,
,,,,,,,1,No,,11' - 1 1/2",,,,By Type,,Default,,Supply Grille - Double Deflection - Curve Face Rectangular Neck,Supply Grille - Double Deflection - Curve Face Rectangular Neck: 16x4 Connection 8 Diameter Duct,100 CFM,,2KW52DYoTDoP_bipRsNCC4,,,L3,,225,,,,New Construction,None,16"x4",,Supply Air,Mechanical Supply Air 34,Supply Air,16x4 Connection 8 Diameter Duct,,,0d1xlIsmn0D9DcDwK83sQP,,,
,,,,,,,1,No,,11' - 1 1/2",,,,By Type,,Default,,Supply Grille - Double Deflection - Curve Face Rectangular Neck,Supply Grille - Double Deflection - Curve Face Rectangular Neck: 16x4 Connection 8 Diameter Duct,100 CFM,,2KW52DYoTDoP_bipRsNCC7,,,L3,,226,,,,New Construction,None,16"x4",,Supply Air,Mechanical Supply Air 34,Supply Air,16x4 Connection 8 Diameter Duct,,,0d1xlIsmn0D9DcDwK83sQP,,,
,,,,,,,1,No,,11' - 1 1/2",,,,By Type,,Default,,Supply Grille - Double Deflection - Curve Face Rectangular Neck,Supply Grille - Double Deflection - Curve Face Rectangular Neck: 16x4 Connection 8 Diameter Duct,100 CFM,,2KW52DYoTDoP_bipRsNCC6,,,L3,,227,,,,New Construction,None,16"x4",,Supply Air,Mechanical Supply Air 34,Supply Air,16x4 Connection 8 Diameter Duct,,,0d1xlIsmn0D9DcDwK83sQP,,,
,,,,,,,1,No,,11' - 1 1/2",,,,By Type,,Default,,Supply Grille - Double Deflection - Curve Face Rectangular Neck,Supply Grille - Double Deflection - Curve Face Rectangular Neck: 16x4 Connection 8 Diameter Duct,100 CFM,,2KW52DYoTDoP_bipRsNCC1,,,L3,,228,,,,New Construction,None,16"x4",,Supply Air,Mechanical Supply Air 34,Supply Air,16x4 Connection 8 Diameter Duct,,,0d1xlIsmn0D9DcDwK83sQP,,,
,,,23.75.70.21.27.11,,,,1,No,,8' - 0",,,,By Type,,Default,,Supply Diffuser - Square - Hosted,Supply Diffuser - Square - Hosted: 12" x 12",100 CFM,,2KW52DYoTDoP_bipRsNCFg,,,L3,,233,,,,New Construction,None,6"x6",,Supply Air,Mechanical Supply Air 34,Supply Air,12" x 12",,,0B82sWVf587AtmxOGOUsqV,,,
,,,,,,,1,No,,10' - 8",,,,By Type,,Default,,Supply Grille - Double Deflection - Curve Face Rectangular Neck,Supply Grille - Double Deflection - Curve Face Rectangular Neck: 16x4 Connection 8 Diameter Duct,100 CFM,,2KW52DYoTDoP_bipRsNCFH,,,L3,,234,,,,New Construction,None,16"x4",,Supply Air,Mechanical Supply Air 34,Supply Air,16x4 Connection 8 Diameter Duct,,,0d1xlIsmn0D9DcDwK83sQP,,,
,,,,,,,1,No,,10' - 8",,,,By Type,,Default,,Supply Grille - Double Deflection - Curve Face Rectangular Neck,Supply Grille - Double Deflection - Curve Face Rectangular Neck: 16x4 Connection 8 Diameter Duct,100 CFM,,2KW52DYoTDoP_bipRsNCFG,,,L3,,235,,,,New Construction,None,16"x4",,Supply Air,Mechanical Supply Air 34,Supply Air,16x4 Connection 8 Diameter Duct,,,0d1xlIsmn0D9DcDwK83sQP,,,
,,,,,,,1,No,,9' - 11 1/2",,,,By Type,,Default,,Supply Grille - Double Deflection - Curve Face Rectangular Neck,Supply Grille - Double Deflection - Curve Face Rectangular Neck: 16x4 Connection 8 Diameter Duct,100 CFM,,2KW52DYoTDoP_bipRsNCFJ,,,L3,,236,,,,New Construction,None,16"x4",,Supply Air,Mechanical Supply Air 34,Supply Air,16x4 Connection 8 Diameter Duct,,,0d1xlIsmn0D9DcDwK83sQP,,,
,,,,,,,1,No,,9' - 11 1/2",,,,By Type,,Default,,Supply Grille - Double Deflection - Curve Face Rectangular Neck,Supply Grille - Double Deflection - Curve Face Rectangular Neck: 16x4 Connection 8 Diameter Duct,100 CFM,,2KW52DYoTDoP_bipRsNCFI,,,L3,,237,,,,New Construction,None,16"x4",,Supply Air,Mechanical Supply Air 34,Supply Air,16x4 Connection 8 Diameter Duct,,,0d1xlIsmn0D9DcDwK83sQP,,,
,,,,,,,1,Yes,,11' - 1 1/2",,,,By Type,,Default,,Supply Grille - Double Deflection - Curve Face Rectangular Neck,Supply Grille - Double Deflection - Curve Face Rectangular Neck: 16x4 Connection 8 Diameter Duct,100 CFM,,2KW52DYoTDoP_bipRsNCp$,,,L3,,241,,,,New Construction,None,16"x4",,Supply Air,Mechanical Supply Air 34,Supply Air,16x4 Connection 8 Diameter Duct,,,0d1xlIsmn0D9DcDwK83sQP,,,
,,,,,,,1,No,,10' - 1 1/2",,,,By Type,,Default,,Air Terminal-Exhaust Cap-FB,Air Terminal-Exhaust Cap-FB: 4" DIA,0 CFM,,0SMvrRQOv8H8Di5nkFA9_c,,,L3,,243,,,,New Construction,None,4"ø,,Exhaust Air,Mechanical Exhaust Air 13,Exhaust Air,4" DIA,,,0uItpyAgXCovb3y_iwf_Qg,,,
,,,23.75.70.21.27.11,,,,1,No,,8' - 0",,,,By Type,,Default,,Supply Diffuser - Square - Hosted,Supply Diffuser - Square - Hosted: 12" x 12",100 CFM,,0MFVjIwFzCuumSmrk4XpLp,,,L3,,244,,,,New Construction,None,6"x6",,Supply Air,Mechanical Supply Air 36,Supply Air,12" x 12",,,0B82sWVf587AtmxOGOUsqV,,,
,,,,,,,1,No,,10' - 8",,,,By Type,,Default,,Supply Grille - Double Deflection - Curve Face Rectangular Neck,Supply Grille - Double Deflection - Curve Face Rectangular Neck: 16x4 Connection 8 Diameter Duct,100 CFM,,0MFVjIwFzCuumSmrk4XpV$,,,L3,,245,,,,New Construction,None,16"x4",,Supply Air,Mechanical Supply Air 36,Supply Air,16x4 Connection 8 Diameter Duct,,,0d1xlIsmn0D9DcDwK83sQP,,,
,,,,,,,1,Yes,,10' - 8",,,,By Type,,Default,,Supply Grille - Double Deflection - Curve Face Rectangular Neck,Supply Grille - Double Deflection - Curve Face Rectangular Neck: 16x4 Connection 8 Diameter Duct,100 CFM,,0MFVjIwFzCuumSmrk4XoWu,,,L3,,246,,,,New Construction,None,16"x4",,Supply Air,Mechanical Supply Air 36,Supply Air,16x4 Connection 8 Diameter Duct,,,0d1xlIsmn0D9DcDwK83sQP,,,
,,,,,,,1,No,,10' - 8",,,,By Type,,Default,,Supply Grille - Double Deflection - Curve Face Rectangular Neck,Supply Grille - Double Deflection - Curve Face Rectangular Neck: 16x4 Connection 8 Diameter Duct,100 CFM,,0MFVjIwFzCuumSmrk4XoWP,,,L3,,247,,,,New Construction,None,16"x4",,Supply Air,Mechanical Supply Air 36,Supply Air,16x4 Connection 8 Diameter Duct,,,0d1xlIsmn0D9DcDwK83sQP,,,
,,,,,,,1,No,,10' - 8",,,,By Type,,Default,,Supply Grille - Double Deflection - Curve Face Rectangular Neck,Supply Grille - Double Deflection - Curve Face Rectangular Neck: 16x4 Connection 8 Diameter Duct,100 CFM,,0MFVjIwFzCuumSmrk4XoYy,,,L3,,248,,,,New Construction,None,16"x4",,Supply Air,Mechanical Supply Air 36,Supply Air,16x4 Connection 8 Diameter Duct,,,0d1xlIsmn0D9DcDwK83sQP,,,
,,,,,,,1,No,,10' - 8",,,,By Type,,Default,,Supply Grille - Double Deflection - Curve Face Rectangular Neck,Supply Grille - Double Deflection - Curve Face Rectangular Neck: 16x4 Connection 8 Diameter Duct,100 CFM,,0MFVjIwFzCuumSmrk4XoZx,,,L3,,249,,,,New Construction,None,16"x4",,Supply Air,Mechanical Supply Air 36,Supply Air,16x4 Connection 8 Diameter Duct,,,0d1xlIsmn0D9DcDwK83sQP,,,
,,,,,,,1,No,,10' - 8",,,,By Type,,Default,,Supply Grille - Double Deflection - Curve Face Rectangular Neck,Supply Grille - Double Deflection - Curve Face Rectangular Neck: 16x4 Connection 8 Diameter Duct,100 CFM,,0MFVjIwFzCuumSmrk4Xoan,,,L3,,250,,,,New Construction,None,16"x4",,Supply Air,Mechanical Supply Air 36,Supply Air,16x4 Connection 8 Diameter Duct,,,0d1xlIsmn0D9DcDwK83sQP,,,
,,,,,,,1,No,,10' - 2",,,,By Type,,Default,,Air Terminal-Exhaust Cap-FB,Air Terminal-Exhaust Cap-FB: 4" DIA,0 CFM,,0MFVjIwFzCuumSmrk4Xovq,,,L3,,255,,,,New Construction,None,4"ø,,Exhaust Air,Mechanical Exhaust Air 14,Exhaust Air,4" DIA,,,0uItpyAgXCovb3y_iwf_Qg,,,
,,,23.75.70.21.27.11,,,,1,No,,0' - 0",,,,By Type,,Default,,Supply Diffuser - Square - Hosted,Supply Diffuser - Square - Hosted: 12" x 12",100 CFM,,0MFVjIwFzCuumSmrk4Xo_Q,,,,,256,,,,New Construction,None,6"x6",,Supply Air,Mechanical Supply Air 38,Supply Air,12" x 12",,,0B82sWVf587AtmxOGOUsqV,,,
,,,,,,,1,No,,10' - 8",,,,By Type,,Default,,Supply Grille - Double Deflection - Curve Face Rectangular Neck,Supply Grille - Double Deflection - Curve Face Rectangular Neck: 16x4 Connection 8 Diameter Duct,100 CFM,,0MFVjIwFzCuumSmrk4Xo_C,,,L4,,257,,,,New Construction,None,16"x4",,Supply Air,Mechanical Supply Air 38,Supply Air,16x4 Connection 8 Diameter Duct,,,0d1xlIsmn0D9DcDwK83sQP,,,
,,,,,,,1,Yes,,10' - 8",,,,By Type,,Default,,Supply Grille - Double Deflection - Curve Face Rectangular Neck,Supply Grille - Double Deflection - Curve Face Rectangular Neck: 16x4 Connection 8 Diameter Duct,100 CFM,,0MFVjIwFzCuumSmrk4Xo_F,,,L4,,258,,,,New Construction,None,16"x4",,Supply Air,Mechanical Supply Air 38,Supply Air,16x4 Connection 8 Diameter Duct,,,0d1xlIsmn0D9DcDwK83sQP,,,
,,,,,,,1,No,,10' - 8",,,,By Type,,Default,,Supply Grille - Double Deflection - Curve Face Rectangular Neck,Supply Grille - Double Deflection - Curve Face Rectangular Neck: 16x4 Connection 8 Diameter Duct,100 CFM,,0MFVjIwFzCuumSmrk4Xo_E,,,L4,,259,,,,New Construction,None,16"x4",,Supply Air,Mechanical Supply Air 38,Supply Air,16x4 Connection 8 Diameter Duct,,,0d1xlIsmn0D9DcDwK83sQP,,,
,,,,,,,1,No,,10' - 8",,,,By Type,,Default,,Supply Grille - Double Deflection - Curve Face Rectangular Neck,Supply Grille - Double Deflection - Curve Face Rectangular Neck: 16x4 Connection 8 Diameter Duct,100 CFM,,0MFVjIwFzCuumSmrk4Xo_1,,,L4,,260,,,,New Construction,None,16"x4",,Supply Air,Mechanical Supply Air 38,Supply Air,16x4 Connection 8 Diameter Duct,,,0d1xlIsmn0D9DcDwK83sQP,,,
,,,,,,,1,No,,10' - 8",,,,By Type,,Default,,Supply Grille - Double Deflection - Curve Face Rectangular Neck,Supply Grille - Double Deflection - Curve Face Rectangular Neck: 16x4 Connection 8 Diameter Duct,100 CFM,,0MFVjIwFzCuumSmrk4Xo_0,,,L4,,261,,,,New Construction,None,16"x4",,Supply Air,Mechanical Supply Air 38,Supply Air,16x4 Connection 8 Diameter Duct,,,0d1xlIsmn0D9DcDwK83sQP,,,
,,,,,,,1,No,,10' - 8",,,,By Type,,Default,,Supply Grille - Double Deflection - Curve Face Rectangular Neck,Supply Grille - Double Deflection - Curve Face Rectangular Neck: 16x4 Connection 8 Diameter Duct,100 CFM,,0MFVjIwFzCuumSmrk4Xo_3,,,L4,,262,,,,New Construction,None,16"x4",,Supply Air,Mechanical Supply Air 38,Supply Air,16x4 Connection 8 Diameter Duct,,,0d1xlIsmn0D9DcDwK83sQP,,,
,,,,,,,1,No,,0' - 0",,,,By Type,,Default,,Air Terminal-Exhaust Cap-FB,Air Terminal-Exhaust Cap-FB: 4" DIA,0 CFM,,0MFVjIwFzCuumSmrk4Xo$F,,,,,267,,,,New Construction,None,4"ø,,Exhaust Air,Mechanical Exhaust Air 15,Exhaust Air,4" DIA,,,0uItpyAgXCovb3y_iwf_Qg,,,
,,,,,,,1,No,,11' - 1 1/2",,,,By Type,,Default,,Supply Grille - Double Deflection - Curve Face Rectangular Neck,Supply Grille - Double Deflection - Curve Face Rectangular Neck: 16x4 Connection 8 Diameter Duct,100 CFM,,0MFVjIwFzCuumSmrk4Xo7H,,,L4,,268,,,,New Construction,None,16"x4",,Supply Air,Mechanical Supply Air 40,Supply Air,16x4 Connection 8 Diameter Duct,,,0d1xlIsmn0D9DcDwK83sQP,,,
,,,,,,,1,No,,11' - 1 1/2",,,,By Type,,Default,,Supply Grille - Double Deflection - Curve Face Rectangular Neck,Supply Grille - Double Deflection - Curve Face Rectangular Neck: 16x4 Connection 8 Diameter Duct,100 CFM,,0MFVjIwFzCuumSmrk4Xo7G,,,L4,,269,,,,New Construction,None,16"x4",,Supply Air,Mechanical Supply Air 40,Supply Air,16x4 Connection 8 Diameter Duct,,,0d1xlIsmn0D9DcDwK83sQP,,,
,,,,,,,1,No,,11' - 1 1/2",,,,By Type,,Default,,Supply Grille - Double Deflection - Curve Face Rectangular Neck,Supply Grille - Double Deflection - Curve Face Rectangular Neck: 16x4 Connection 8 Diameter Duct,100 CFM,,0MFVjIwFzCuumSmrk4Xo7J,,,L4,,270,,,,New Construction,None,16"x4",,Supply Air,Mechanical Supply Air 40,Supply Air,16x4 Connection 8 Diameter Duct,,,0d1xlIsmn0D9DcDwK83sQP,,,
,,,,,,,1,No,,11' - 1 1/2",,,,By Type,,Default,,Supply Grille - Double Deflection - Curve Face Rectangular Neck,Supply Grille - Double Deflection - Curve Face Rectangular Neck: 16x4 Connection 8 Diameter Duct,100 CFM,,0MFVjIwFzCuumSmrk4Xo7I,,,L4,,271,,,,New Construction,None,16"x4",,Supply Air,Mechanical Supply Air 40,Supply Air,16x4 Connection 8 Diameter Duct,,,0d1xlIsmn0D9DcDwK83sQP,,,
,,,,,,,1,No,,11' - 1 1/2",,,,By Type,,Default,,Supply Grille - Double Deflection - Curve Face Rectangular Neck,Supply Grille - Double Deflection - Curve Face Rectangular Neck: 16x4 Connection 8 Diameter Duct,100 CFM,,0MFVjIwFzCuumSmrk4Xo7L,,,L4,,272,,,,New Construction,None,16"x4",,Supply Air,Mechanical Supply Air 40,Supply Air,16x4 Connection 8 Diameter Duct,,,0d1xlIsmn0D9DcDwK83sQP,,,
,,,,,,,1,No,,11' - 1 1/2",,,,By Type,,Default,,Supply Grille - Double Deflection - Curve Face Rectangular Neck,Supply Grille - Double Deflection - Curve Face Rectangular Neck: 16x4 Connection 8 Diameter Duct,100 CFM,,0MFVjIwFzCuumSmrk4Xo7K,,,L4,,273,,,,New Construction,None,16"x4",,Supply Air,Mechanical Supply Air 40,Supply Air,16x4 Connection 8 Diameter Duct,,,0d1xlIsmn0D9DcDwK83sQP,,,
,,,,,,,1,No,,11' - 1 1/2",,,,By Type,,Default,,Supply Grille - Double Deflection - Curve Face Rectangular Neck,Supply Grille - Double Deflection - Curve Face Rectangular Neck: 16x4 Connection 8 Diameter Duct,100 CFM,,0MFVjIwFzCuumSmrk4Xo7N,,,L4,,274,,,,New Construction,None,16"x4",,Supply Air,Mechanical Supply Air 40,Supply Air,16x4 Connection 8 Diameter Duct,,,0d1xlIsmn0D9DcDwK83sQP,,,
,,,,,,,1,No,,11' - 1 1/2",,,,By Type,,Default,,Supply Grille - Double Deflection - Curve Face Rectangular Neck,Supply Grille - Double Deflection - Curve Face Rectangular Neck: 16x4 Connection 8 Diameter Duct,100 CFM,,0MFVjIwFzCuumSmrk4Xo7M,,,L4,,275,,,,New Construction,None,16"x4",,Supply Air,Mechanical Supply Air 40,Supply Air,16x4 Connection 8 Diameter Duct,,,0d1xlIsmn0D9DcDwK83sQP,,,
,,,23.75.70.21.27.11,,,,1,No,,0' - 0",,,,By Type,,Default,,Supply Diffuser - Square - Hosted,Supply Diffuser - Square - Hosted: 12" x 12",100 CFM,,0MFVjIwFzCuumSmrk4Xo8Z,,,,,280,,,,New Construction,None,6"x6",,Supply Air,Mechanical Supply Air 40,Supply Air,12" x 12",,,0B82sWVf587AtmxOGOUsqV,,,
,,,,,,,1,No,,10' - 8",,,,By Type,,Default,,Supply Grille - Double Deflection - Curve Face Rectangular Neck,Supply Grille - Double Deflection - Curve Face Rectangular Neck: 16x4 Connection 8 Diameter Duct,100 CFM,,0MFVjIwFzCuumSmrk4Xo87,,,L4,,281,,,,New Construction,None,16"x4",,Supply Air,Mechanical Supply Air 40,Supply Air,16x4 Connection 8 Diameter Duct,,,0d1xlIsmn0D9DcDwK83sQP,,,
,,,,,,,1,No,,10' - 8",,,,By Type,,Default,,Supply Grille - Double Deflection - Curve Face Rectangular Neck,Supply Grille - Double Deflection - Curve Face Rectangular Neck: 16x4 Connection 8 Diameter Duct,100 CFM,,0MFVjIwFzCuumSmrk4Xo86,,,L4,,282,,,,New Construction,None,16"x4",,Supply Air,Mechanical Supply Air 40,Supply Air,16x4 Connection 8 Diameter Duct,,,0d1xlIsmn0D9DcDwK83sQP,,,
,,,,,,,1,No,,9' - 11 1/2",,,,By Type,,Default,,Supply Grille - Double Deflection - Curve Face Rectangular Neck,Supply Grille - Double Deflection - Curve Face Rectangular Neck: 16x4 Connection 8 Diameter Duct,100 CFM,,0MFVjIwFzCuumSmrk4Xo9v,,,L4,,283,,,,New Construction,None,16"x4",,Supply Air,Mechanical Supply Air 40,Supply Air,16x4 Connection 8 Diameter Duct,,,0d1xlIsmn0D9DcDwK83sQP,,,
,,,,,,,1,No,,9' - 11 1/2",,,,By Type,,Default,,Supply Grille - Double Deflection - Curve Face Rectangular Neck,Supply Grille - Double Deflection - Curve Face Rectangular Neck: 16x4 Connection 8 Diameter Duct,100 CFM,,0MFVjIwFzCuumSmrk4Xo9u,,,L4,,284,,,,New Construction,None,16"x4",,Supply Air,Mechanical Supply Air 40,Supply Air,16x4 Connection 8 Diameter Duct,,,0d1xlIsmn0D9DcDwK83sQP,,,
,,,,,,,1,No,,11' - 1 1/2",,,,By Type,,Default,,Supply Grille - Double Deflection - Curve Face Rectangular Neck,Supply Grille - Double Deflection - Curve Face Rectangular Neck: 16x4 Connection 8 Diameter Duct,100 CFM,,0MFVjIwFzCuumSmrk4Xo91,,,L4,,285,,,,New Construction,None,16"x4",,Supply Air,Mechanical Supply Air 40,Supply Air,16x4 Connection 8 Diameter Duct,,,0d1xlIsmn0D9DcDwK83sQP,,,
,,,,,,,1,Yes,,11' - 1 1/2",,,,By Type,,Default,,Supply Grille - Double Deflection - Curve Face Rectangular Neck,Supply Grille - Double Deflection - Curve Face Rectangular Neck: 16x4 Connection 8 Diameter Duct,100 CFM,,0MFVjIwFzCuumSmrk4Xo90,,,L4,,286,,,,New Construction,None,16"x4",,Supply Air,Mechanical Supply Air 40,Supply Air,16x4 Connection 8 Diameter Duct,,,0d1xlIsmn0D9DcDwK83sQP,,,
,,,,,,,1,No,,0' - 0",,,,By Type,,Default,,Air Terminal-Exhaust Cap-FB,Air Terminal-Exhaust Cap-FB: 4" DIA,0 CFM,,0MFVjIwFzCuumSmrk4Xo95,,,,,288,,,,New Construction,None,4"ø,,Exhaust Air,Mechanical Exhaust Air 16,Exhaust Air,4" DIA,,,0uItpyAgXCovb3y_iwf_Qg,,,
,,,,,,,1,No,,11' - 1 1/2",,,,By Type,,Default,,Supply Grille - Double Deflection - Curve Face Rectangular Neck,Supply Grille - Double Deflection - Curve Face Rectangular Neck: 16x4 Connection 8 Diameter Duct,100 CFM,,0MFVjIwFzCuumSmrk4XoBA,,,L4,,289,,,,New Construction,None,16"x4",,Supply Air,Mechanical Supply Air 42,Supply Air,16x4 Connection 8 Diameter Duct,,,0d1xlIsmn0D9DcDwK83sQP,,,
,,,,,,,1,Yes,,11' - 1 1/2",,,,By Type,,Default,,Supply Grille - Double Deflection - Curve Face Rectangular Neck,Supply Grille - Double Deflection - Curve Face Rectangular Neck: 16x4 Connection 8 Diameter Duct,100 CFM,,0MFVjIwFzCuumSmrk4XoBD,,,L4,,290,,,,New Construction,None,16"x4",,Supply Air,Mechanical Supply Air 42,Supply Air,16x4 Connection 8 Diameter Duct,,,0d1xlIsmn0D9DcDwK83sQP,,,
,,,,,,,1,No,,11' - 1 1/2",,,,By Type,,Default,,Supply Grille - Double Deflection - Curve Face Rectangular Neck,Supply Grille - Double Deflection - Curve Face Rectangular Neck: 16x4 Connection 8 Diameter Duct,100 CFM,,0MFVjIwFzCuumSmrk4XoBC,,,L4,,291,,,,New Construction,None,16"x4",,Supply Air,Mechanical Supply Air 42,Supply Air,16x4 Connection 8 Diameter Duct,,,0d1xlIsmn0D9DcDwK83sQP,,,
,,,,,,,1,No,,11' - 1 1/2",,,,By Type,,Default,,Supply Grille - Double Deflection - Curve Face Rectangular Neck,Supply Grille - Double Deflection - Curve Face Rectangular Neck: 16x4 Connection 8 Diameter Duct,100 CFM,,0MFVjIwFzCuumSmrk4XoBF,,,L4,,292,,,,New Construction,None,16"x4",,Supply Air,Mechanical Supply Air 42,Supply Air,16x4 Connection 8 Diameter Duct,,,0d1xlIsmn0D9DcDwK83sQP,,,
,,,,,,,1,No,,11' - 1 1/2",,,,By Type,,Default,,Supply Grille - Double Deflection - Curve Face Rectangular Neck,Supply Grille - Double Deflection - Curve Face Rectangular Neck: 16x4 Connection 8 Diameter Duct,100 CFM,,0MFVjIwFzCuumSmrk4XoBE,,,L4,,293,,,,New Construction,None,16"x4",,Supply Air,Mechanical Supply Air 42,Supply Air,16x4 Connection 8 Diameter Duct,,,0d1xlIsmn0D9DcDwK83sQP,,,
,,,,,,,1,No,,11' - 1 1/2",,,,By Type,,Default,,Supply Grille - Double Deflection - Curve Face Rectangular Neck,Supply Grille - Double Deflection - Curve Face Rectangular Neck: 16x4 Connection 8 Diameter Duct,100 CFM,,0MFVjIwFzCuumSmrk4XoB1,,,L4,,294,,,,New Construction,None,16"x4",,Supply Air,Mechanical Supply Air 42,Supply Air,16x4 Connection 8 Diameter Duct,,,0d1xlIsmn0D9DcDwK83sQP,,,
,,,,,,,1,No,,11' - 1 1/2",,,,By Type,,Default,,Supply Grille - Double Deflection - Curve Face Rectangular Neck,Supply Grille - Double Deflection - Curve Face Rectangular Neck: 16x4 Connection 8 Diameter Duct,100 CFM,,0MFVjIwFzCuumSmrk4XoB0,,,L4,,295,,,,New Construction,None,16"x4",,Supply Air,Mechanical Supply Air 42,Supply Air,16x4 Connection 8 Diameter Duct,,,0d1xlIsmn0D9DcDwK83sQP,,,
,,,,,,,1,No,,11' - 1 1/2",,,,By Type,,Default,,Supply Grille - Double Deflection - Curve Face Rectangular Neck,Supply Grille - Double Deflection - Curve Face Rectangular Neck: 16x4 Connection 8 Diameter Duct,100 CFM,,0MFVjIwFzCuumSmrk4XoB3,,,L4,,296,,,,New Construction,None,16"x4",,Supply Air,Mechanical Supply Air 42,Supply Air,16x4 Connection 8 Diameter Duct,,,0d1xlIsmn0D9DcDwK83sQP,,,
,,,23.75.70.21.27.11,,,,1,No,,0' - 0",,,,By Type,,Default,,Supply Diffuser - Square - Hosted,Supply Diffuser - Square - Hosted: 12" x 12",100 CFM,,0MFVjIwFzCuumSmrk4XoCS,,,,,301,,,,New Construction,None,6"x6",,Supply Air,Mechanical Supply Air 42,Supply Air,12" x 12",,,0B82sWVf587AtmxOGOUsqV,,,
,,,,,,,1,No,,10' - 8",,,,By Type,,Default,,Supply Grille - Double Deflection - Curve Face Rectangular Neck,Supply Grille - Double Deflection - Curve Face Rectangular Neck: 16x4 Connection 8 Diameter Duct,100 CFM,,0MFVjIwFzCuumSmrk4XoDp,,,L4,,302,,,,New Construction,None,16"x4",,Supply Air,Mechanical Supply Air 42,Supply Air,16x4 Connection 8 Diameter Duct,,,0d1xlIsmn0D9DcDwK83sQP,,,
,,,,,,,1,No,,10' - 8",,,,By Type,,Default,,Supply Grille - Double Deflection - Curve Face Rectangular Neck,Supply Grille - Double Deflection - Curve Face Rectangular Neck: 16x4 Connection 8 Diameter Duct,100 CFM,,0MFVjIwFzCuumSmrk4XoDo,,,L4,,303,,,,New Construction,None,16"x4",,Supply Air,Mechanical Supply Air 42,Supply Air,16x4 Connection 8 Diameter Duct,,,0d1xlIsmn0D9DcDwK83sQP,,,
,,,,,,,1,No,,9' - 11 1/2",,,,By Type,,Default,,Supply Grille - Double Deflection - Curve Face Rectangular Neck,Supply Grille - Double Deflection - Curve Face Rectangular Neck: 16x4 Connection 8 Diameter Duct,100 CFM,,0MFVjIwFzCuumSmrk4XoDr,,,L4,,304,,,,New Construction,None,16"x4",,Supply Air,Mechanical Supply Air 42,Supply Air,16x4 Connection 8 Diameter Duct,,,0d1xlIsmn0D9DcDwK83sQP,,,
,,,,,,,1,No,,9' - 11 1/2",,,,By Type,,Default,,Supply Grille - Double Deflection - Curve Face Rectangular Neck,Supply Grille - Double Deflection - Curve Face Rectangular Neck: 16x4 Connection 8 Diameter Duct,100 CFM,,0MFVjIwFzCuumSmrk4XoDq,,,L4,,305,,,,New Construction,None,16"x4",,Supply Air,Mechanical Supply Air 42,Supply Air,16x4 Connection 8 Diameter Duct,,,0d1xlIsmn0D9DcDwK83sQP,,,
,,,,,,,1,No,,0' - 0",,,,By Type,,Default,,Air Terminal-Exhaust Cap-FB,Air Terminal-Exhaust Cap-FB: 4" DIA,0 CFM,,0MFVjIwFzCuumSmrk4XoDC,,,,,307,,,,New Construction,None,4"ø,,Exhaust Air,Mechanical Exhaust Air 17,Exhaust Air,4" DIA,,,0uItpyAgXCovb3y_iwf_Qg,,,
,,,,,,,1,Yes,,9' - 4 7/16",,,,By Type,,Default,,Supply Grille - Double Deflection - Curve Face Rectangular Neck,Supply Grille - Double Deflection - Curve Face Rectangular Neck: 16x4 Connection 8 Diameter Duct,100 CFM,,3JRa2aAKzAKBOfzTE0RSr3,,,L4,,308,,,,New Construction,None,16"x4",,Supply Air,Mechanical Supply Air 44,Supply Air,16x4 Connection 8 Diameter Duct,,,0d1xlIsmn0D9DcDwK83sQP,,,
,,,,,,,1,No,,9' - 4 7/16",,,,By Type,,Default,,Supply Grille - Double Deflection - Curve Face Rectangular Neck,Supply Grille - Double Deflection - Curve Face Rectangular Neck: 16x4 Connection 8 Diameter Duct,100 CFM,,3JRa2aAKzAKBOfzTE0RSr2,,,L4,,309,,,,New Construction,None,16"x4",,Supply Air,Mechanical Supply Air 44,Supply Air,16x4 Connection 8 Diameter Duct,,,0d1xlIsmn0D9DcDwK83sQP,,,
,,,,,,,1,No,,10' - 8",,,,By Type,,Default,,Supply Grille - Double Deflection - Curve Face Rectangular Neck,Supply Grille - Double Deflection - Curve Face Rectangular Neck: 16x4 Connection 8 Diameter Duct,100 CFM,,3JRa2aAKzAKBOfzTE0RSr1,,,L4,,310,,,,New Construction,None,16"x4",,Supply Air,Mechanical Supply Air 44,Supply Air,16x4 Connection 8 Diameter Duct,,,0d1xlIsmn0D9DcDwK83sQP,,,
,,,,,,,1,No,,10' - 8",,,,By Type,,Default,,Supply Grille - Double Deflection - Curve Face Rectangular Neck,Supply Grille - Double Deflection - Curve Face Rectangular Neck: 16x4 Connection 8 Diameter Duct,100 CFM,,3JRa2aAKzAKBOfzTE0RSr0,,,L4,,311,,,,New Construction,None,16"x4",,Supply Air,Mechanical Supply Air 44,Supply Air,16x4 Connection 8 Diameter Duct,,,0d1xlIsmn0D9DcDwK83sQP,,,
,,,,,,,1,No,,12' - 0",,,,By Type,,Default,,Supply Grille - Double Deflection - Curve Face Rectangular Neck,Supply Grille - Double Deflection - Curve Face Rectangular Neck: 16x4 Connection 8 Diameter Duct,100 CFM,,3JRa2aAKzAKBOfzTE0RSrV,,,L4,,312,,,,New Construction,None,16"x4",,Supply Air,Mechanical Supply Air 44,Supply Air,16x4 Connection 8 Diameter Duct,,,0d1xlIsmn0D9DcDwK83sQP,,,
,,,,,,,1,No,,12' - 0",,,,By Type,,Default,,Supply Grille - Double Deflection - Curve Face Rectangular Neck,Supply Grille - Double Deflection - Curve Face Rectangular Neck: 16x4 Connection 8 Diameter Duct,100 CFM,,3JRa2aAKzAKBOfzTE0RSrU,,,L4,,313,,,,New Construction,None,16"x4",,Supply Air,Mechanical Supply Air 44,Supply Air,16x4 Connection 8 Diameter Duct,,,0d1xlIsmn0D9DcDwK83sQP,,,
,,,,,,,1,No,,12' - 0",,,,By Type,,Default,,Supply Grille - Double Deflection - Curve Face Rectangular Neck,Supply Grille - Double Deflection - Curve Face Rectangular Neck: 16x4 Connection 8 Diameter Duct,100 CFM,,3JRa2aAKzAKBOfzTE0RSrT,,,L4,,314,,,,New Construction,None,16"x4",,Supply Air,Mechanical Supply Air 44,Supply Air,16x4 Connection 8 Diameter Duct,,,0d1xlIsmn0D9DcDwK83sQP,,,
,,,,,,,1,No,,11' - 10",,,,By Type,,Default,,Supply Grille - Double Deflection - Curve Face Rectangular Neck,Supply Grille - Double Deflection - Curve Face Rectangular Neck: 16x4 Connection 8 Diameter Duct,100 CFM,,3JRa2aAKzAKBOfzTE0RSrS,,,L4,,315,,,,New Construction,None,16"x4",,Supply Air,Mechanical Supply Air 44,Supply Air,16x4 Connection 8 Diameter Duct,,,0d1xlIsmn0D9DcDwK83sQP,,,
,,,,,,,1,No,,11' - 10",,,,By Type,,Default,,Supply Grille - Double Deflection - Curve Face Rectangular Neck,Supply Grille - Double Deflection - Curve Face Rectangular Neck: 16x4 Connection 8 Diameter Duct,100 CFM,,3JRa2aAKzAKBOfzTE0RSrR,,,L4,,316,,,,New Construction,None,16"x4",,Supply Air,Mechanical Supply Air 44,Supply Air,16x4 Connection 8 Diameter Duct,,,0d1xlIsmn0D9DcDwK83sQP,,,
,,,,,,,1,No,,9' - 4 7/16",,,,By Type,,Default,,Supply Grille - Double Deflection - Curve Face Rectangular Neck,Supply Grille - Double Deflection - Curve Face Rectangular Neck: 16x4 Connection 8 Diameter Duct,100 CFM,,3JRa2aAKzAKBOfzTE0RSsu,,,L4,,317,,,,New Construction,None,16"x4",,Supply Air,Mechanical Supply Air 46,Supply Air,16x4 Connection 8 Diameter Duct,,,0d1xlIsmn0D9DcDwK83sQP,,,
,,,,,,,1,No,,9' - 4 7/16",,,,By Type,,Default,,Supply Grille - Double Deflection - Curve Face Rectangular Neck,Supply Grille - Double Deflection - Curve Face Rectangular Neck: 16x4 Connection 8 Diameter Duct,100 CFM,,3JRa2aAKzAKBOfzTE0RSst,,,L4,,318,,,,New Construction,None,16"x4",,Supply Air,Mechanical Supply Air 46,Supply Air,16x4 Connection 8 Diameter Duct,,,0d1xlIsmn0D9DcDwK83sQP,,,
,,,,,,,1,Yes,,9' - 4 7/16",,,,By Type,,Default,,Supply Grille - Double Deflection - Curve Face Rectangular Neck,Supply Grille - Double Deflection - Curve Face Rectangular Neck: 16x4 Connection 8 Diameter Duct,100 CFM,,3JRa2aAKzAKBOfzTE0RSss,,,L4,,319,,,,New Construction,None,16"x4",,Supply Air,Mechanical Supply Air 46,Supply Air,16x4 Connection 8 Diameter Duct,,,0d1xlIsmn0D9DcDwK83sQP,,,
,,,,,,,1,No,,9' - 4 7/16",,,,By Type,,Default,,Supply Grille - Double Deflection - Curve Face Rectangular Neck,Supply Grille - Double Deflection - Curve Face Rectangular Neck: 16x4 Connection 8 Diameter Duct,100 CFM,,3JRa2aAKzAKBOfzTE0RSsr,,,L4,,320,,,,New Construction,None,16"x4",,Supply Air,Mechanical Supply Air 46,Supply Air,16x4 Connection 8 Diameter Duct,,,0d1xlIsmn0D9DcDwK83sQP,,,
,,,,,,,1,No,,10' - 8",,,,By Type,,Default,,Supply Grille - Double Deflection - Curve Face Rectangular Neck,Supply Grille - Double Deflection - Curve Face Rectangular Neck: 16x4 Connection 8 Diameter Duct,100 CFM,,3JRa2aAKzAKBOfzTE0RSsq,,,L4,,321,,,,New Construction,None,16"x4",,Supply Air,Mechanical Supply Air 46,Supply Air,16x4 Connection 8 Diameter Duct,,,0d1xlIsmn0D9DcDwK83sQP,,,
,,,,,,,1,No,,10' - 8",,,,By Type,,Default,,Supply Grille - Double Deflection - Curve Face Rectangular Neck,Supply Grille - Double Deflection - Curve Face Rectangular Neck: 16x4 Connection 8 Diameter Duct,100 CFM,,3JRa2aAKzAKBOfzTE0RSsp,,,L4,,322,,,,New Construction,None,16"x4",,Supply Air,Mechanical Supply Air 46,Supply Air,16x4 Connection 8 Diameter Duct,,,0d1xlIsmn0D9DcDwK83sQP,,,
,,,,,,,1,No,,10' - 8",,,,By Type,,Default,,Supply Grille - Double Deflection - Curve Face Rectangular Neck,Supply Grille - Double Deflection - Curve Face Rectangular Neck: 16x4 Connection 8 Diameter Duct,100 CFM,,3JRa2aAKzAKBOfzTE0RSso,,,L4,,323,,,,New Construction,None,16"x4",,Supply Air,Mechanical Supply Air 46,Supply Air,16x4 Connection 8 Diameter Duct,,,0d1xlIsmn0D9DcDwK83sQP,,,
,,,,,,,1,No,,12' - 0",,,,By Type,,Default,,Supply Grille - Double Deflection - Curve Face Rectangular Neck,Supply Grille - Double Deflection - Curve Face Rectangular Neck: 16x4 Connection 8 Diameter Duct,100 CFM,,3JRa2aAKzAKBOfzTE0RSsn,,,L4,,324,,,,New Construction,None,16"x4",,Supply Air,Mechanical Supply Air 46,Supply Air,16x4 Connection 8 Diameter Duct,,,0d1xlIsmn0D9DcDwK83sQP,,,
,,,,,,,1,No,,12' - 0",,,,By Type,,Default,,Supply Grille - Double Deflection - Curve Face Rectangular Neck,Supply Grille - Double Deflection - Curve Face Rectangular Neck: 16x4 Connection 8 Diameter Duct,100 CFM,,3JRa2aAKzAKBOfzTE0RSsm,,,L4,,325,,,,New Construction,None,16"x4",,Supply Air,Mechanical Supply Air 46,Supply Air,16x4 Connection 8 Diameter Duct,,,0d1xlIsmn0D9DcDwK83sQP,,,
,,,,,,,1,No,,12' - 0",,,,By Type,,Default,,Supply Grille - Double Deflection - Curve Face Rectangular Neck,Supply Grille - Double Deflection - Curve Face Rectangular Neck: 16x4 Connection 8 Diameter Duct,100 CFM,,3JRa2aAKzAKBOfzTE0RSsF,,,L4,,326,,,,New Construction,None,16"x4",,Supply Air,Mechanical Supply Air 46,Supply Air,16x4 Connection 8 Diameter Duct,,,0d1xlIsmn0D9DcDwK83sQP,,,
,,,,,,,1,No,,12' - 0",,,,By Type,,Default,,Supply Grille - Double Deflection - Curve Face Rectangular Neck,Supply Grille - Double Deflection - Curve Face Rectangular Neck: 16x4 Connection 8 Diameter Duct,100 CFM,,3JRa2aAKzAKBOfzTE0RSsE,,,L4,,327,,,,New Construction,None,16"x4",,Supply Air,Mechanical Supply Air 46,Supply Air,16x4 Connection 8 Diameter Duct,,,0d1xlIsmn0D9DcDwK83sQP,,,
,,,,,,,1,No,,12' - 0",,,,By Type,,Default,,Supply Grille - Double Deflection - Curve Face Rectangular Neck,Supply Grille - Double Deflection - Curve Face Rectangular Neck: 16x4 Connection 8 Diameter Duct,100 CFM,,3JRa2aAKzAKBOfzTE0RSsD,,,L4,,328,,,,New Construction,None,16"x4",,Supply Air,Mechanical Supply Air 46,Supply Air,16x4 Connection 8 Diameter Duct,,,0d1xlIsmn0D9DcDwK83sQP,,,
,,,,,,,1,No,,0' - 0",,,,By Type,,Default,,Air Terminal-Exhaust Cap-FB,Air Terminal-Exhaust Cap-FB: 4" DIA,0 CFM,,3JRa2aAKzAKBOfzTE0RStK,,,,,343,,,,New Construction,None,4"ø,,Exhaust Air,Mechanical Exhaust Air 18,Exhaust Air,4" DIA,,,0uItpyAgXCovb3y_iwf_Qg,,,
,,,,,,,1,No,,0' - 0",,,,By Type,,Default,,Air Terminal-Exhaust Cap-FB,Air Terminal-Exhaust Cap-FB: 4" DIA,0 CFM,,3JRa2aAKzAKBOfzTE0RStI,,,,,345,,,,New Construction,None,4"ø,,Exhaust Air,Mechanical Exhaust Air 19,Exhaust Air,4" DIA,,,0uItpyAgXCovb3y_iwf_Qg,,,
,,,,,,,1,No,,0' - 0",,,,By Type,,Default,,Air Terminal-Exhaust Cap-FB,Air Terminal-Exhaust Cap-FB: 4" DIA,0 CFM,,3JRa2aAKzAKBOfzTE0RSzo,,,,,347,,,,New Construction,None,4"ø,,Exhaust Air,Mechanical Exhaust Air 20,Exhaust Air,4" DIA,,,0uItpyAgXCovb3y_iwf_Qg,,,
,,,23.75.70.21.27.11,,,,1,No,,0' - 0",,,,By Type,,Default,,Supply Diffuser - Square - Hosted,Supply Diffuser - Square - Hosted: 12" x 12",100 CFM,,3JRa2aAKzAKBOfzTE0RS_l,,,,,348,,,,New Construction,None,5"x5",,Supply Air,Mechanical Supply Air 49,Supply Air,12" x 12",,,0B82sWVf587AtmxOGOUsqV,,,
,,,,,,,1,Yes,,12' - 0",,,,By Type,,Default,,Supply Grille - Double Deflection - Curve Face Rectangular Neck,Supply Grille - Double Deflection - Curve Face Rectangular Neck: 16x4 Connection 8 Diameter Duct,100 CFM,,3JRa2aAKzAKBOfzTE0RS_c,,,L4,,349,,,,New Construction,None,16"x4",,Supply Air,Mechanical Supply Air 49,Supply Air,16x4 Connection 8 Diameter Duct,,,0d1xlIsmn0D9DcDwK83sQP,,,
,,,,,,,1,No,,12' - 0",,,,By Type,,Default,,Supply Grille - Double Deflection - Curve Face Rectangular Neck,Supply Grille - Double Deflection - Curve Face Rectangular Neck: 16x4 Connection 8 Diameter Duct,100 CFM,,3JRa2aAKzAKBOfzTE0RS_b,,,L4,,350,,,,New Construction,None,16"x4",,Supply Air,Mechanical Supply Air 49,Supply Air,16x4 Connection 8 Diameter Duct,,,0d1xlIsmn0D9DcDwK83sQP,,,
,,,,,,,1,No,,12' - 0",,,,By Type,,Default,,Supply Grille - Double Deflection - Curve Face Rectangular Neck,Supply Grille - Double Deflection - Curve Face Rectangular Neck: 16x4 Connection 8 Diameter Duct,100 CFM,,3JRa2aAKzAKBOfzTE0RS_a,,,L4,,351,,,,New Construction,None,16"x4",,Supply Air,Mechanical Supply Air 49,Supply Air,16x4 Connection 8 Diameter Duct,,,0d1xlIsmn0D9DcDwK83sQP,,,
,,,,,,,1,No,,12' - 0",,,,By Type,,Default,,Supply Grille - Double Deflection - Curve Face Rectangular Neck,Supply Grille - Double Deflection - Curve Face Rectangular Neck: 16x4 Connection 8 Diameter Duct,100 CFM,,3JRa2aAKzAKBOfzTE0RS_Z,,,L4,,352,,,,New Construction,None,16"x4",,Supply Air,Mechanical Supply Air 49,Supply Air,16x4 Connection 8 Diameter Duct,,,0d1xlIsmn0D9DcDwK83sQP,,,
,,,,,,,1,No,,11' - 1",,,,By Type,,Default,,Supply Grille - Double Deflection - Curve Face Rectangular Neck,Supply Grille - Double Deflection - Curve Face Rectangular Neck: 16x4 Connection 8 Diameter Duct,100 CFM,,3JRa2aAKzAKBOfzTE0RV4g,,,L4,,367,,,,New Construction,None,16"x4",,Supply Air,Mechanical Supply Air 53,Supply Air,16x4 Connection 8 Diameter Duct,,,0d1xlIsmn0D9DcDwK83sQP,,,
,,,,,,,1,No,,11' - 1",,,,By Type,,Default,,Supply Grille - Double Deflection - Curve Face Rectangular Neck,Supply Grille - Double Deflection - Curve Face Rectangular Neck: 16x4 Connection 8 Diameter Duct,100 CFM,,3JRa2aAKzAKBOfzTE0RV4f,,,L4,,368,,,,New Construction,None,16"x4",,Supply Air,Mechanical Supply Air 53,Supply Air,16x4 Connection 8 Diameter Duct,,,0d1xlIsmn0D9DcDwK83sQP,,,
,,,,,,,1,No,,11' - 1",,,,By Type,,Default,,Supply Grille - Double Deflection - Curve Face Rectangular Neck,Supply Grille - Double Deflection - Curve Face Rectangular Neck: 16x4 Connection 8 Diameter Duct,100 CFM,,3JRa2aAKzAKBOfzTE0RV4e,,,L4,,369,,,,New Construction,None,16"x4",,Supply Air,Mechanical Supply Air 53,Supply Air,16x4 Connection 8 Diameter Duct,,,0d1xlIsmn0D9DcDwK83sQP,,,
,,,,,,,1,No,,11' - 1",,,,By Type,,Default,,Supply Grille - Double Deflection - Curve Face Rectangular Neck,Supply Grille - Double Deflection - Curve Face Rectangular Neck: 16x4 Connection 8 Diameter Duct,100 CFM,,3JRa2aAKzAKBOfzTE0RV4d,,,L4,,370,,,,New Construction,None,16"x4",,Supply Air,Mechanical Supply Air 53,Supply Air,16x4 Connection 8 Diameter Duct,,,0d1xlIsmn0D9DcDwK83sQP,,,
,,,,,,,1,No,,11' - 1",,,,By Type,,Default,,Supply Grille - Double Deflection - Curve Face Rectangular Neck,Supply Grille - Double Deflection - Curve Face Rectangular Neck: 16x4 Connection 8 Diameter Duct,100 CFM,,3JRa2aAKzAKBOfzTE0RV4c,,,L4,,371,,,,New Construction,None,16"x4",,Supply Air,Mechanical Supply Air 53,Supply Air,16x4 Connection 8 Diameter Duct,,,0d1xlIsmn0D9DcDwK83sQP,,,
,,,,,,,1,No,,11' - 1",,,,By Type,,Default,,Supply Grille - Double Deflection - Curve Face Rectangular Neck,Supply Grille - Double Deflection - Curve Face Rectangular Neck: 16x4 Connection 8 Diameter Duct,100 CFM,,3JRa2aAKzAKBOfzTE0RV4b,,,L4,,372,,,,New Construction,None,16"x4",,Supply Air,Mechanical Supply Air 53,Supply Air,16x4 Connection 8 Diameter Duct,,,0d1xlIsmn0D9DcDwK83sQP,,,
,,,,,,,1,No,,11' - 1",,,,By Type,,Default,,Supply Grille - Double Deflection - Curve Face Rectangular Neck,Supply Grille - Double Deflection - Curve Face Rectangular Neck: 16x4 Connection 8 Diameter Duct,100 CFM,,3JRa2aAKzAKBOfzTE0RV4a,,,L4,,373,,,,New Construction,None,16"x4",,Supply Air,Mechanical Supply Air 53,Supply Air,16x4 Connection 8 Diameter Duct,,,0d1xlIsmn0D9DcDwK83sQP,,,
,,,,,,,1,No,,11' - 1",,,,By Type,,Default,,Supply Grille - Double Deflection - Curve Face Rectangular Neck,Supply Grille - Double Deflection - Curve Face Rectangular Neck: 16x4 Connection 8 Diameter Duct,100 CFM,,3JRa2aAKzAKBOfzTE0RV4Z,,,L4,,374,,,,New Construction,None,16"x4",,Supply Air,Mechanical Supply Air 53,Supply Air,16x4 Connection 8 Diameter Duct,,,0d1xlIsmn0D9DcDwK83sQP,,,
,,,,,,,1,No,,0' - 0",,,,By Type,,Default,,Air Terminal-Exhaust Cap-FB,Air Terminal-Exhaust Cap-FB: 4" DIA,0 CFM,,3JRa2aAKzAKBOfzTE0RV4w,,,,,375,,,,New Construction,None,4"ø,,Exhaust Air,Mechanical Exhaust Air 22,Exhaust Air,4" DIA,,,0uItpyAgXCovb3y_iwf_Qg,,,
,,,,,,,1,No,,10' - 4 1/2",,,,By Type,,Default,,Supply Grille - Double Deflection - Curve Face Rectangular Neck,Supply Grille - Double Deflection - Curve Face Rectangular Neck: 16x4 Connection 8 Diameter Duct,100 CFM,,3JRa2aAKzAKBOfzTE0RV47,,,L4,,376,,,,New Construction,None,16"x4",,Supply Air,Mechanical Supply Air 53,Supply Air,16x4 Connection 8 Diameter Duct,,,0d1xlIsmn0D9DcDwK83sQP,,,
,,,,,,,1,Yes,,10' - 4 1/2",,,,By Type,,Default,,Supply Grille - Double Deflection - Curve Face Rectangular Neck,Supply Grille - Double Deflection - Curve Face Rectangular Neck: 16x4 Connection 8 Diameter Duct,100 CFM,,3JRa2aAKzAKBOfzTE0RV46,,,L4,,377,,,,New Construction,None,16"x4",,Supply Air,Mechanical Supply Air 53,Supply Air,16x4 Connection 8 Diameter Duct,,,0d1xlIsmn0D9DcDwK83sQP,,,
,,,23.75.70.21.27.11,,,,1,No,,0' - 0",,,,By Type,,Default,,Supply Diffuser - Square - Hosted,Supply Diffuser - Square - Hosted: 12" x 12",100 CFM,,3JRa2aAKzAKBOfzTE0RV4R,,,,,378,,,,New Construction,None,6"x6",,Supply Air,Mechanical Supply Air 53,Supply Air,12" x 12",,,0B82sWVf587AtmxOGOUsqV,,,
,,,,,,,1,No,,10' - 10",,,,By Type,,Default,,Supply Grille - Double Deflection - Curve Face Rectangular Neck,Supply Grille - Double Deflection - Curve Face Rectangular Neck: 16x4 Connection 8 Diameter Duct,100 CFM,,3JRa2aAKzAKBOfzTE0RV7k,,,L4,,383,,,,New Construction,None,16"x4",,Supply Air,Mechanical Supply Air 55,Supply Air,16x4 Connection 8 Diameter Duct,,,0d1xlIsmn0D9DcDwK83sQP,,,
,,,,,,,1,No,,10' - 10",,,,By Type,,Default,,Supply Grille - Double Deflection - Curve Face Rectangular Neck,Supply Grille - Double Deflection - Curve Face Rectangular Neck: 16x4 Connection 8 Diameter Duct,100 CFM,,3JRa2aAKzAKBOfzTE0RV7j,,,L4,,384,,,,New Construction,None,16"x4",,Supply Air,Mechanical Supply Air 55,Supply Air,16x4 Connection 8 Diameter Duct,,,0d1xlIsmn0D9DcDwK83sQP,,,
,,,,,,,1,No,,10' - 10",,,,By Type,,Default,,Supply Grille - Double Deflection - Curve Face Rectangular Neck,Supply Grille - Double Deflection - Curve Face Rectangular Neck: 16x4 Connection 8 Diameter Duct,100 CFM,,3JRa2aAKzAKBOfzTE0RV7i,,,L4,,385,,,,New Construction,None,16"x4",,Supply Air,Mechanical Supply Air 55,Supply Air,16x4 Connection 8 Diameter Duct,,,0d1xlIsmn0D9DcDwK83sQP,,,
,,,,,,,1,No,,10' - 10",,,,By Type,,Default,,Supply Grille - Double Deflection - Curve Face Rectangular Neck,Supply Grille - Double Deflection - Curve Face Rectangular Neck: 16x4 Connection 8 Diameter Duct,100 CFM,,3JRa2aAKzAKBOfzTE0RV7h,,,L4,,386,,,,New Construction,None,16"x4",,Supply Air,Mechanical Supply Air 55,Supply Air,16x4 Connection 8 Diameter Duct,,,0d1xlIsmn0D9DcDwK83sQP,,,
,,,23.75.70.21.27.11,,,,1,Yes,,0' - 0",,,,By Type,,Default,,Supply Diffuser - Square - Hosted,Supply Diffuser - Square - Hosted: 12" x 12",100 CFM,,3JRa2aAKzAKBOfzTE0RV7W,,,,,387,,,,New Construction,None,9"x9",,Supply Air,Mechanical Supply Air 55,Supply Air,12" x 12",,,0B82sWVf587AtmxOGOUsqV,,,
,,,,,,,1,No,,9' - 11 7/8",,,,By Type,,Default,,Supply Grille - Double Deflection - Curve Face Rectangular Neck,Supply Grille - Double Deflection - Curve Face Rectangular Neck: 16x4 Connection 8 Diameter Duct,100 CFM,,3JRa2aAKzAKBOfzTE0RV7n,,,L4,,388,,,,New Construction,None,16"x4",,Supply Air,Mechanical Supply Air 55,Supply Air,16x4 Connection 8 Diameter Duct,,,0d1xlIsmn0D9DcDwK83sQP,,,
,,,,,,,1,No,,0' - 0",,,,By Type,,Default,,Air Terminal-Exhaust Cap-FB,Air Terminal-Exhaust Cap-FB: 4" DIA,0 CFM,,3JRa2aAKzAKBOfzTE0RV7S,,,,,389,,,,New Construction,None,4"ø,,Exhaust Air,Mechanical Exhaust Air 23,Exhaust Air,4" DIA,,,0uItpyAgXCovb3y_iwf_Qg,,,
,,,,,,,1,Yes,,9' - 4 7/16",,,,By Type,,Default,,Supply Grille - Double Deflection - Curve Face Rectangular Neck,Supply Grille - Double Deflection - Curve Face Rectangular Neck: 16x4 Connection 8 Diameter Duct,100 CFM,,2xfbclSavBXOKD2eq9TY5D,,,L5,,391,,,,New Construction,None,16"x4",,Supply Air,Mechanical Supply Air 57,Supply Air,16x4 Connection 8 Diameter Duct,,,0d1xlIsmn0D9DcDwK83sQP,,,
,,,,,,,1,No,,9' - 4 7/16",,,,By Type,,Default,,Supply Grille - Double Deflection - Curve Face Rectangular Neck,Supply Grille - Double Deflection - Curve Face Rectangular Neck: 16x4 Connection 8 Diameter Duct,100 CFM,,2xfbclSavBXOKD2eq9TY5A,,,L5,,392,,,,New Construction,None,16"x4",,Supply Air,Mechanical Supply Air 57,Supply Air,16x4 Connection 8 Diameter Duct,,,0d1xlIsmn0D9DcDwK83sQP,,,
,,,,,,,1,No,,10' - 8",,,,By Type,,Default,,Supply Grille - Double Deflection - Curve Face Rectangular Neck,Supply Grille - Double Deflection - Curve Face Rectangular Neck: 16x4 Connection 8 Diameter Duct,100 CFM,,2xfbclSavBXOKD2eq9TY5B,,,L5,,393,,,,New Construction,None,16"x4",,Supply Air,Mechanical Supply Air 57,Supply Air,16x4 Connection 8 Diameter Duct,,,0d1xlIsmn0D9DcDwK83sQP,,,
,,,,,,,1,No,,10' - 8",,,,By Type,,Default,,Supply Grille - Double Deflection - Curve Face Rectangular Neck,Supply Grille - Double Deflection - Curve Face Rectangular Neck: 16x4 Connection 8 Diameter Duct,100 CFM,,2xfbclSavBXOKD2eq9TY58,,,L5,,394,,,,New Construction,None,16"x4",,Supply Air,Mechanical Supply Air 57,Supply Air,16x4 Connection 8 Diameter Duct,,,0d1xlIsmn0D9DcDwK83sQP,,,
,,,,,,,1,No,,12' - 0",,,,By Type,,Default,,Supply Grille - Double Deflection - Curve Face Rectangular Neck,Supply Grille - Double Deflection - Curve Face Rectangular Neck: 16x4 Connection 8 Diameter Duct,100 CFM,,2xfbclSavBXOKD2eq9TY59,,,L5,,395,,,,New Construction,None,16"x4",,Supply Air,Mechanical Supply Air 57,Supply Air,16x4 Connection 8 Diameter Duct,,,0d1xlIsmn0D9DcDwK83sQP,,,
,,,,,,,1,No,,12' - 0",,,,By Type,,Default,,Supply Grille - Double Deflection - Curve Face Rectangular Neck,Supply Grille - Double Deflection - Curve Face Rectangular Neck: 16x4 Connection 8 Diameter Duct,100 CFM,,2xfbclSavBXOKD2eq9TY56,,,L5,,396,,,,New Construction,None,16"x4",,Supply Air,Mechanical Supply Air 57,Supply Air,16x4 Connection 8 Diameter Duct,,,0d1xlIsmn0D9DcDwK83sQP,,,
,,,,,,,1,No,,12' - 0",,,,By Type,,Default,,Supply Grille - Double Deflection - Curve Face Rectangular Neck,Supply Grille - Double Deflection - Curve Face Rectangular Neck: 16x4 Connection 8 Diameter Duct,100 CFM,,2xfbclSavBXOKD2eq9TY57,,,L5,,397,,,,New Construction,None,16"x4",,Supply Air,Mechanical Supply Air 57,Supply Air,16x4 Connection 8 Diameter Duct,,,0d1xlIsmn0D9DcDwK83sQP,,,
,,,,,,,1,No,,11' - 10",,,,By Type,,Default,,Supply Grille - Double Deflection - Curve Face Rectangular Neck,Supply Grille - Double Deflection - Curve Face Rectangular Neck: 16x4 Connection 8 Diameter Duct,100 CFM,,2xfbclSavBXOKD2eq9TY54,,,L5,,398,,,,New Construction,None,16"x4",,Supply Air,Mechanical Supply Air 57,Supply Air,16x4 Connection 8 Diameter Duct,,,0d1xlIsmn0D9DcDwK83sQP,,,
,,,,,,,1,No,,11' - 10",,,,By Type,,Default,,Supply Grille - Double Deflection - Curve Face Rectangular Neck,Supply Grille - Double Deflection - Curve Face Rectangular Neck: 16x4 Connection 8 Diameter Duct,100 CFM,,2xfbclSavBXOKD2eq9TY55,,,L5,,399,,,,New Construction,None,16"x4",,Supply Air,Mechanical Supply Air 57,Supply Air,16x4 Connection 8 Diameter Duct,,,0d1xlIsmn0D9DcDwK83sQP,,,
,,,,,,,1,No,,9' - 4 7/16",,,,By Type,,Default,,Supply Grille - Double Deflection - Curve Face Rectangular Neck,Supply Grille - Double Deflection - Curve Face Rectangular Neck: 16x4 Connection 8 Diameter Duct,100 CFM,,2xfbclSavBXOKD2eq9TYAW,,,L5,,400,,,,New Construction,None,16"x4",,Supply Air,Mechanical Supply Air 60,Supply Air,16x4 Connection 8 Diameter Duct,,,0d1xlIsmn0D9DcDwK83sQP,,,
,,,,,,,1,No,,9' - 4 7/16",,,,By Type,,Default,,Supply Grille - Double Deflection - Curve Face Rectangular Neck,Supply Grille - Double Deflection - Curve Face Rectangular Neck: 16x4 Connection 8 Diameter Duct,100 CFM,,2xfbclSavBXOKD2eq9TYAX,,,L5,,401,,,,New Construction,None,16"x4",,Supply Air,Mechanical Supply Air 60,Supply Air,16x4 Connection 8 Diameter Duct,,,0d1xlIsmn0D9DcDwK83sQP,,,
,,,,,,,1,Yes,,9' - 4 7/16",,,,By Type,,Default,,Supply Grille - Double Deflection - Curve Face Rectangular Neck,Supply Grille - Double Deflection - Curve Face Rectangular Neck: 16x4 Connection 8 Diameter Duct,100 CFM,,2xfbclSavBXOKD2eq9TYA_,,,L5,,402,,,,New Construction,None,16"x4",,Supply Air,Mechanical Supply Air 60,Supply Air,16x4 Connection 8 Diameter Duct,,,0d1xlIsmn0D9DcDwK83sQP,,,
,,,,,,,1,No,,9' - 4 7/16",,,,By Type,,Default,,Supply Grille - Double Deflection - Curve Face Rectangular Neck,Supply Grille - Double Deflection - Curve Face Rectangular Neck: 16x4 Connection 8 Diameter Duct,100 CFM,,2xfbclSavBXOKD2eq9TYA$,,,L5,,403,,,,New Construction,None,16"x4",,Supply Air,Mechanical Supply Air 60,Supply Air,16x4 Connection 8 Diameter Duct,,,0d1xlIsmn0D9DcDwK83sQP,,,
,,,,,,,1,No,,10' - 8",,,,By Type,,Default,,Supply Grille - Double Deflection - Curve Face Rectangular Neck,Supply Grille - Double Deflection - Curve Face Rectangular Neck: 16x4 Connection 8 Diameter Duct,100 CFM,,2xfbclSavBXOKD2eq9TYAy,,,L5,,404,,,,New Construction,None,16"x4",,Supply Air,Mechanical Supply Air 60,Supply Air,16x4 Connection 8 Diameter Duct,,,0d1xlIsmn0D9DcDwK83sQP,,,
,,,,,,,1,No,,10' - 8",,,,By Type,,Default,,Supply Grille - Double Deflection - Curve Face Rectangular Neck,Supply Grille - Double Deflection - Curve Face Rectangular Neck: 16x4 Connection 8 Diameter Duct,100 CFM,,2xfbclSavBXOKD2eq9TYAz,,,L5,,405,,,,New Construction,None,16"x4",,Supply Air,Mechanical Supply Air 60,Supply Air,16x4 Connection 8 Diameter Duct,,,0d1xlIsmn0D9DcDwK83sQP,,,
,,,,,,,1,No,,10' - 8",,,,By Type,,Default,,Supply Grille - Double Deflection - Curve Face Rectangular Neck,Supply Grille - Double Deflection - Curve Face Rectangular Neck: 16x4 Connection 8 Diameter Duct,100 CFM,,2xfbclSavBXOKD2eq9TYAw,,,L5,,406,,,,New Construction,None,16"x4",,Supply Air,Mechanical Supply Air 60,Supply Air,16x4 Connection 8 Diameter Duct,,,0d1xlIsmn0D9DcDwK83sQP,,,
,,,,,,,1,No,,12' - 0",,,,By Type,,Default,,Supply Grille - Double Deflection - Curve Face Rectangular Neck,Supply Grille - Double Deflection - Curve Face Rectangular Neck: 16x4 Connection 8 Diameter Duct,100 CFM,,2xfbclSavBXOKD2eq9TYAx,,,L5,,407,,,,New Construction,None,16"x4",,Supply Air,Mechanical Supply Air 60,Supply Air,16x4 Connection 8 Diameter Duct,,,0d1xlIsmn0D9DcDwK83sQP,,,
,,,,,,,1,No,,12' - 0",,,,By Type,,Default,,Supply Grille - Double Deflection - Curve Face Rectangular Neck,Supply Grille - Double Deflection - Curve Face Rectangular Neck: 16x4 Connection 8 Diameter Duct,100 CFM,,2xfbclSavBXOKD2eq9TYAu,,,L5,,408,,,,New Construction,None,16"x4",,Supply Air,Mechanical Supply Air 60,Supply Air,16x4 Connection 8 Diameter Duct,,,0d1xlIsmn0D9DcDwK83sQP,,,
,,,,,,,1,No,,12' - 0",,,,By Type,,Default,,Supply Grille - Double Deflection - Curve Face Rectangular Neck,Supply Grille - Double Deflection - Curve Face Rectangular Neck: 16x4 Connection 8 Diameter Duct,100 CFM,,2xfbclSavBXOKD2eq9TYAv,,,L5,,409,,,,New Construction,None,16"x4",,Supply Air,Mechanical Supply Air 60,Supply Air,16x4 Connection 8 Diameter Duct,,,0d1xlIsmn0D9DcDwK83sQP,,,
,,,,,,,1,No,,12' - 0",,,,By Type,,Default,,Supply Grille - Double Deflection - Curve Face Rectangular Neck,Supply Grille - Double Deflection - Curve Face Rectangular Neck: 16x4 Connection 8 Diameter Duct,100 CFM,,2xfbclSavBXOKD2eq9TYAs,,,L5,,410,,,,New Construction,None,16"x4",,Supply Air,Mechanical Supply Air 60,Supply Air,16x4 Connection 8 Diameter Duct,,,0d1xlIsmn0D9DcDwK83sQP,,,
,,,,,,,1,No,,12' - 0",,,,By Type,,Default,,Supply Grille - Double Deflection - Curve Face Rectangular Neck,Supply Grille - Double Deflection - Curve Face Rectangular Neck: 16x4 Connection 8 Diameter Duct,100 CFM,,2xfbclSavBXOKD2eq9TYAt,,,L5,,411,,,,New Construction,None,16"x4",,Supply Air,Mechanical Supply Air 60,Supply Air,16x4 Connection 8 Diameter Duct,,,0d1xlIsmn0D9DcDwK83sQP,,,
,,,,,,,1,No,,0' - 0",,,,By Type,,Default,,Air Terminal-Exhaust Cap-FB,Air Terminal-Exhaust Cap-FB: 4" DIA,0 CFM,,2xfbclSavBXOKD2eq9TYBV,,,,,426,,,,New Construction,None,4"ø,,Exhaust Air,Mechanical Exhaust Air 24,Exhaust Air,4" DIA,,,0uItpyAgXCovb3y_iwf_Qg,,,
,,,,,,,1,No,,0' - 0",,,,By Type,,Default,,Air Terminal-Exhaust Cap-FB,Air Terminal-Exhaust Cap-FB: 4" DIA,0 CFM,,2xfbclSavBXOKD2eq9TYBT,,,,,428,,,,New Construction,None,4"ø,,Exhaust Air,Mechanical Exhaust Air 25,Exhaust Air,4" DIA,,,0uItpyAgXCovb3y_iwf_Qg,,,
,,,,,,,1,No,,0' - 0",,,,By Type,,Default,,Air Terminal-Exhaust Cap-FB,Air Terminal-Exhaust Cap-FB: 4" DIA,0 CFM,,2xfbclSavBXOKD2eq9TYCG,,,,,430,,,,New Construction,None,4"ø,,Exhaust Air,Mechanical Exhaust Air 26,Exhaust Air,4" DIA,,,0uItpyAgXCovb3y_iwf_Qg,,,
,,,23.75.70.21.27.11,,,,1,No,,0' - 0",,,,By Type,,Default,,Supply Diffuser - Square - Hosted,Supply Diffuser - Square - Hosted: 12" x 12",100 CFM,,2xfbclSavBXOKD2eq9TYDF,,,,,431,,,,New Construction,None,5"x5",,Supply Air,Mechanical Supply Air 64,Supply Air,12" x 12",,,0B82sWVf587AtmxOGOUsqV,,,
,,,,,,,1,Yes,,12' - 0",,,,By Type,,Default,,Supply Grille - Double Deflection - Curve Face Rectangular Neck,Supply Grille - Double Deflection - Curve Face Rectangular Neck: 16x4 Connection 8 Diameter Duct,100 CFM,,2xfbclSavBXOKD2eq9TYD7,,,L5,,432,,,,New Construction,None,16"x4",,Supply Air,Mechanical Supply Air 64,Supply Air,16x4 Connection 8 Diameter Duct,,,0d1xlIsmn0D9DcDwK83sQP,,,
,,,,,,,1,No,,12' - 0",,,,By Type,,Default,,Supply Grille - Double Deflection - Curve Face Rectangular Neck,Supply Grille - Double Deflection - Curve Face Rectangular Neck: 16x4 Connection 8 Diameter Duct,100 CFM,,2xfbclSavBXOKD2eq9TYD4,,,L5,,433,,,,New Construction,None,16"x4",,Supply Air,Mechanical Supply Air 64,Supply Air,16x4 Connection 8 Diameter Duct,,,0d1xlIsmn0D9DcDwK83sQP,,,
,,,,,,,1,No,,12' - 0",,,,By Type,,Default,,Supply Grille - Double Deflection - Curve Face Rectangular Neck,Supply Grille - Double Deflection - Curve Face Rectangular Neck: 16x4 Connection 8 Diameter Duct,100 CFM,,2xfbclSavBXOKD2eq9TYD5,,,L5,,434,,,,New Construction,None,16"x4",,Supply Air,Mechanical Supply Air 64,Supply Air,16x4 Connection 8 Diameter Duct,,,0d1xlIsmn0D9DcDwK83sQP,,,
,,,,,,,1,No,,12' - 0",,,,By Type,,Default,,Supply Grille - Double Deflection - Curve Face Rectangular Neck,Supply Grille - Double Deflection - Curve Face Rectangular Neck: 16x4 Connection 8 Diameter Duct,100 CFM,,2xfbclSavBXOKD2eq9TYD2,,,L5,,435,,,,New Construction,None,16"x4",,Supply Air,Mechanical Supply Air 64,Supply Air,16x4 Connection 8 Diameter Duct,,,0d1xlIsmn0D9DcDwK83sQP,,,
,,,,,,,1,No,,11' - 1",,,,By Type,,Default,,Supply Grille - Double Deflection - Curve Face Rectangular Neck,Supply Grille - Double Deflection - Curve Face Rectangular Neck: 16x4 Connection 8 Diameter Duct,100 CFM,,2xfbclSavBXOKD2eq9TYJC,,,L5,,443,,,,New Construction,None,16"x4",,Supply Air,Mechanical Supply Air 73,Supply Air,16x4 Connection 8 Diameter Duct,,,0d1xlIsmn0D9DcDwK83sQP,,,
,,,,,,,1,No,,11' - 1",,,,By Type,,Default,,Supply Grille - Double Deflection - Curve Face Rectangular Neck,Supply Grille - Double Deflection - Curve Face Rectangular Neck: 16x4 Connection 8 Diameter Duct,100 CFM,,2xfbclSavBXOKD2eq9TYJD,,,L5,,444,,,,New Construction,None,16"x4",,Supply Air,Mechanical Supply Air 73,Supply Air,16x4 Connection 8 Diameter Duct,,,0d1xlIsmn0D9DcDwK83sQP,,,
,,,,,,,1,No,,11' - 1",,,,By Type,,Default,,Supply Grille - Double Deflection - Curve Face Rectangular Neck,Supply Grille - Double Deflection - Curve Face Rectangular Neck: 16x4 Connection 8 Diameter Duct,100 CFM,,2xfbclSavBXOKD2eq9TYJA,,,L5,,445,,,,New Construction,None,16"x4",,Supply Air,Mechanical Supply Air 73,Supply Air,16x4 Connection 8 Diameter Duct,,,0d1xlIsmn0D9DcDwK83sQP,,,
,,,,,,,1,No,,11' - 1",,,,By Type,,Default,,Supply Grille - Double Deflection - Curve Face Rectangular Neck,Supply Grille - Double Deflection - Curve Face Rectangular Neck: 16x4 Connection 8 Diameter Duct,100 CFM,,2xfbclSavBXOKD2eq9TYJB,,,L5,,446,,,,New Construction,None,16"x4",,Supply Air,Mechanical Supply Air 73,Supply Air,16x4 Connection 8 Diameter Duct,,,0d1xlIsmn0D9DcDwK83sQP,,,
,,,,,,,1,No,,11' - 1",,,,By Type,,Default,,Supply Grille - Double Deflection - Curve Face Rectangular Neck,Supply Grille - Double Deflection - Curve Face Rectangular Neck: 16x4 Connection 8 Diameter Duct,100 CFM,,2xfbclSavBXOKD2eq9TYJ8,,,L5,,447,,,,New Construction,None,16"x4",,Supply Air,Mechanical Supply Air 73,Supply Air,16x4 Connection 8 Diameter Duct,,,0d1xlIsmn0D9DcDwK83sQP,,,
,,,,,,,1,No,,11' - 1",,,,By Type,,Default,,Supply Grille - Double Deflection - Curve Face Rectangular Neck,Supply Grille - Double Deflection - Curve Face Rectangular Neck: 16x4 Connection 8 Diameter Duct,100 CFM,,2xfbclSavBXOKD2eq9TYJ9,,,L5,,448,,,,New Construction,None,16"x4",,Supply Air,Mechanical Supply Air 73,Supply Air,16x4 Connection 8 Diameter Duct,,,0d1xlIsmn0D9DcDwK83sQP,,,
,,,,,,,1,No,,11' - 1",,,,By Type,,Default,,Supply Grille - Double Deflection - Curve Face Rectangular Neck,Supply Grille - Double Deflection - Curve Face Rectangular Neck: 16x4 Connection 8 Diameter Duct,100 CFM,,2xfbclSavBXOKD2eq9TYJ6,,,L5,,449,,,,New Construction,None,16"x4",,Supply Air,Mechanical Supply Air 73,Supply Air,16x4 Connection 8 Diameter Duct,,,0d1xlIsmn0D9DcDwK83sQP,,,
,,,,,,,1,No,,11' - 1",,,,By Type,,Default,,Supply Grille - Double Deflection - Curve Face Rectangular Neck,Supply Grille - Double Deflection - Curve Face Rectangular Neck: 16x4 Connection 8 Diameter Duct,100 CFM,,2xfbclSavBXOKD2eq9TYJ7,,,L5,,450,,,,New Construction,None,16"x4",,Supply Air,Mechanical Supply Air 73,Supply Air,16x4 Connection 8 Diameter Duct,,,0d1xlIsmn0D9DcDwK83sQP,,,
,,,,,,,1,No,,0' - 0",,,,By Type,,Default,,Air Terminal-Exhaust Cap-FB,Air Terminal-Exhaust Cap-FB: 4" DIA,0 CFM,,2xfbclSavBXOKD2eq9TYJS,,,,,451,,,,New Construction,None,4"ø,,Exhaust Air,Mechanical Exhaust Air 28,Exhaust Air,4" DIA,,,0uItpyAgXCovb3y_iwf_Qg,,,
,,,,,,,1,No,,10' - 4 1/2",,,,By Type,,Default,,Supply Grille - Double Deflection - Curve Face Rectangular Neck,Supply Grille - Double Deflection - Curve Face Rectangular Neck: 16x4 Connection 8 Diameter Duct,100 CFM,,2xfbclSavBXOKD2eq9TYGh,,,L5,,452,,,,New Construction,None,16"x4",,Supply Air,Mechanical Supply Air 73,Supply Air,16x4 Connection 8 Diameter Duct,,,0d1xlIsmn0D9DcDwK83sQP,,,
,,,,,,,1,Yes,,10' - 4 1/2",,,,By Type,,Default,,Supply Grille - Double Deflection - Curve Face Rectangular Neck,Supply Grille - Double Deflection - Curve Face Rectangular Neck: 16x4 Connection 8 Diameter Duct,100 CFM,,2xfbclSavBXOKD2eq9TYGe,,,L5,,453,,,,New Construction,None,16"x4",,Supply Air,Mechanical Supply Air 73,Supply Air,16x4 Connection 8 Diameter Duct,,,0d1xlIsmn0D9DcDwK83sQP,,,
,,,23.75.70.21.27.11,,,,1,No,,0' - 0",,,,By Type,,Default,,Supply Diffuser - Square - Hosted,Supply Diffuser - Square - Hosted: 12" x 12",100 CFM,,2xfbclSavBXOKD2eq9TYG$,,,,,454,,,,New Construction,None,6"x6",,Supply Air,Mechanical Supply Air 73,Supply Air,12" x 12",,,0B82sWVf587AtmxOGOUsqV,,,
,,,,,,,1,No,,10' - 10",,,,By Type,,Default,,Supply Grille - Double Deflection - Curve Face Rectangular Neck,Supply Grille - Double Deflection - Curve Face Rectangular Neck: 16x4 Connection 8 Diameter Duct,100 CFM,,2xfbclSavBXOKD2eq9TYHl,,,L5,,459,,,,New Construction,None,16"x4",,Supply Air,Mechanical Supply Air 90,Supply Air,16x4 Connection 8 Diameter Duct,,,0d1xlIsmn0D9DcDwK83sQP,,,
,,,,,,,1,No,,10' - 10",,,,By Type,,Default,,Supply Grille - Double Deflection - Curve Face Rectangular Neck,Supply Grille - Double Deflection - Curve Face Rectangular Neck: 16x4 Connection 8 Diameter Duct,100 CFM,,2xfbclSavBXOKD2eq9TYHi,,,L5,,460,,,,New Construction,None,16"x4",,Supply Air,Mechanical Supply Air 90,Supply Air,16x4 Connection 8 Diameter Duct,,,0d1xlIsmn0D9DcDwK83sQP,,,
,,,,,,,1,No,,10' - 10",,,,By Type,,Default,,Supply Grille - Double Deflection - Curve Face Rectangular Neck,Supply Grille - Double Deflection - Curve Face Rectangular Neck: 16x4 Connection 8 Diameter Duct,100 CFM,,2xfbclSavBXOKD2eq9TYHj,,,L5,,461,,,,New Construction,None,16"x4",,Supply Air,Mechanical Supply Air 90,Supply Air,16x4 Connection 8 Diameter Duct,,,0d1xlIsmn0D9DcDwK83sQP,,,
,,,,,,,1,No,,10' - 10",,,,By Type,,Default,,Supply Grille - Double Deflection - Curve Face Rectangular Neck,Supply Grille - Double Deflection - Curve Face Rectangular Neck: 16x4 Connection 8 Diameter Duct,100 CFM,,2xfbclSavBXOKD2eq9TYHg,,,L5,,462,,,,New Construction,None,16"x4",,Supply Air,Mechanical Supply Air 90,Supply Air,16x4 Connection 8 Diameter Duct,,,0d1xlIsmn0D9DcDwK83sQP,,,
,,,23.75.70.21.27.11,,,,1,Yes,,0' - 0",,,,By Type,,Default,,Supply Diffuser - Square - Hosted,Supply Diffuser - Square - Hosted: 12" x 12",100 CFM,,2xfbclSavBXOKD2eq9TYHX,,,,,463,,,,New Construction,None,9"x9",,Supply Air,Mechanical Supply Air 90,Supply Air,12" x 12",,,0B82sWVf587AtmxOGOUsqV,,,
,,,,,,,1,No,,9' - 11 7/8",,,,By Type,,Default,,Supply Grille - Double Deflection - Curve Face Rectangular Neck,Supply Grille - Double Deflection - Curve Face Rectangular Neck: 16x4 Connection 8 Diameter Duct,100 CFM,,2xfbclSavBXOKD2eq9TYHp,,,L5,,464,,,,New Construction,None,16"x4",,Supply Air,Mechanical Supply Air 90,Supply Air,16x4 Connection 8 Diameter Duct,,,0d1xlIsmn0D9DcDwK83sQP,,,
,,,,,,,1,No,,0' - 0",,,,By Type,,Default,,Air Terminal-Exhaust Cap-FB,Air Terminal-Exhaust Cap-FB: 4" DIA,0 CFM,,2xfbclSavBXOKD2eq9TYHS,,,,,465,,,,New Construction,None,4"ø,,Exhaust Air,Mechanical Exhaust Air 30,Exhaust Air,4" DIA,,,0uItpyAgXCovb3y_iwf_Qg,,,
,,,,,,,1,No,,0' - 0",,,,By Type,,Default,,Air Terminal-Exhaust Cap-FB,Air Terminal-Exhaust Cap-FB: 4" DIA,0 CFM,,2xfbclSavBXOKD2eq9TYLS,,,,,467,,,,New Construction,None,4"ø,,Exhaust Air,Mechanical Exhaust Air 27,Exhaust Air,4" DIA,,,0uItpyAgXCovb3y_iwf_Qg,,,
,,,,,,,1,No,,10' - 6",,,,By Type,,Default,,Supply Grille - Double Deflection - Curve Face Rectangular Neck,Supply Grille - Double Deflection - Curve Face Rectangular Neck: 16x4 Connection 8 Diameter Duct,100 CFM,,2xfbclSavBXOKD2eq9TYLM,,,L5,,469,,,,New Construction,None,16"x4",,Supply Air,Mechanical Supply Air 65,Supply Air,16x4 Connection 8 Diameter Duct,,,0d1xlIsmn0D9DcDwK83sQP,,,
,,,,,,,1,No,,10' - 6",,,,By Type,,Default,,Supply Grille - Double Deflection - Curve Face Rectangular Neck,Supply Grille - Double Deflection - Curve Face Rectangular Neck: 16x4 Connection 8 Diameter Duct,100 CFM,,2xfbclSavBXOKD2eq9TYLN,,,L5,,470,,,,New Construction,None,16"x4",,Supply Air,Mechanical Supply Air 65,Supply Air,16x4 Connection 8 Diameter Duct,,,0d1xlIsmn0D9DcDwK83sQP,,,
,,,,,,,1,No,,10' - 6",,,,By Type,,Default,,Supply Grille - Double Deflection - Curve Face Rectangular Neck,Supply Grille - Double Deflection - Curve Face Rectangular Neck: 16x4 Connection 8 Diameter Duct,100 CFM,,2xfbclSavBXOKD2eq9TYLK,,,L5,,471,,,,New Construction,None,16"x4",,Supply Air,Mechanical Supply Air 65,Supply Air,16x4 Connection 8 Diameter Duct,,,0d1xlIsmn0D9DcDwK83sQP,,,
,,,,,,,1,No,,-3' - 2",,,,By Type,,Default,,Supply Grille - Double Deflection - Curve Face Rectangular Neck,Supply Grille - Double Deflection - Curve Face Rectangular Neck: 16x4 Connection 8 Diameter Duct,100 CFM,,2xfbclSavBXOKD2eq9TYOw,,,L5,,474,,,,New Construction,None,16"x4",,Supply Air,Mechanical Supply Air 65,Supply Air,16x4 Connection 8 Diameter Duct,,,0d1xlIsmn0D9DcDwK83sQP,,,
,,,,,,,1,No,,-3' - 2",,,,By Type,,Default,,Supply Grille - Double Deflection - Curve Face Rectangular Neck,Supply Grille - Double Deflection - Curve Face Rectangular Neck: 16x4 Connection 8 Diameter Duct,100 CFM,,2xfbclSavBXOKD2eq9TYOx,,,L5,,475,,,,New Construction,None,16"x4",,Supply Air,Mechanical Supply Air 65,Supply Air,16x4 Connection 8 Diameter Duct,,,0d1xlIsmn0D9DcDwK83sQP,,,
,,,23.75.70.21.27.11,,,,1,Yes,,0' - 0",,,,By Type,,Default,,Supply Diffuser - Square - Hosted,Supply Diffuser - Square - Hosted: 12" x 12",100 CFM,,2xfbclSavBXOKD2eq9TYOu,,,,,476,,,,New Construction,None,6"x6",,Supply Air,Mechanical Supply Air 65,Supply Air,12" x 12",,,0B82sWVf587AtmxOGOUsqV,,,
,,,,,,,1,No,,10' - 2",,,,By Type,,Default,,Supply Grille - Double Deflection - Curve Face Rectangular Neck,Supply Grille - Double Deflection - Curve Face Rectangular Neck: 16x4 Connection 8 Diameter Duct,100 CFM,,2jT9$NWlTFkPd98E_0FdU$,,,L1 - Block 37,,477,,,,New Construction,None,16"x4",,Supply Air,Mechanical Supply Air 50,Supply Air,16x4 Connection 8 Diameter Duct,,,0d1xlIsmn0D9DcDwK83sQP,,,
,,,,,,,1,No,,10' - 2",,,,By Type,,Default,,Supply Grille - Double Deflection - Curve Face Rectangular Neck,Supply Grille - Double Deflection - Curve Face Rectangular Neck: 16x4 Connection 8 Diameter Duct,100 CFM,,2jT9$NWlTFkPd98E_0FdV5,,,L1 - Block 37,,478,,,,New Construction,None,16"x4",,Supply Air,Mechanical Supply Air 50,Supply Air,16x4 Connection 8 Diameter Duct,,,0d1xlIsmn0D9DcDwK83sQP,,,
,,,,,,,1,Yes,,10' - 0",,,,By Type,,Default,,Supply Grille - Double Deflection - Curve Face Rectangular Neck,Supply Grille - Double Deflection - Curve Face Rectangular Neck: 16x4 Connection 8 Diameter Duct,100 CFM,,2jT9$NWlTFkPd98E_0FdQM,,,L1 - Block 37,,480,,,,New Construction,None,16"x4",,Supply Air,Mechanical Supply Air 50,Supply Air,16x4 Connection 8 Diameter Duct,,,0d1xlIsmn0D9DcDwK83sQP,,,
,,,,,,,1,No,,10' - 0",,,,By Type,,Default,,Supply Grille - Double Deflection - Curve Face Rectangular Neck,Supply Grille - Double Deflection - Curve Face Rectangular Neck: 16x4 Connection 8 Diameter Duct,100 CFM,,2jT9$NWlTFkPd98E_0FdRw,,,L1 - Block 37,,481,,,,New Construction,None,16"x4",,Supply Air,Mechanical Supply Air 50,Supply Air,16x4 Connection 8 Diameter Duct,,,0d1xlIsmn0D9DcDwK83sQP,,,
,,,,,,,1,No,,10' - 0",,,,By Type,,Default,,Supply Grille - Double Deflection - Curve Face Rectangular Neck,Supply Grille - Double Deflection - Curve Face Rectangular Neck: 16x4 Connection 8 Diameter Duct,100 CFM,,2jT9$NWlTFkPd98E_0FdRQ,,,L1 - Block 37,,482,,,,New Construction,None,16"x4",,Supply Air,Mechanical Supply Air 50,Supply Air,16x4 Connection 8 Diameter Duct,,,0d1xlIsmn0D9DcDwK83sQP,,,
,,,,,,,1,No,,10' - 0",,,,By Type,,Default,,Supply Grille - Double Deflection - Curve Face Rectangular Neck,Supply Grille - Double Deflection - Curve Face Rectangular Neck: 16x4 Connection 8 Diameter Duct,100 CFM,,2jT9$NWlTFkPd98E_0Fd5X,,,L1 - Block 37,,483,,,,New Construction,None,16"x4",,Supply Air,Mechanical Supply Air 50,Supply Air,16x4 Connection 8 Diameter Duct,,,0d1xlIsmn0D9DcDwK83sQP,,,
,,,,,,,1,No,,10' - 0",,,,By Type,,Default,,Supply Grille - Double Deflection - Curve Face Rectangular Neck,Supply Grille - Double Deflection - Curve Face Rectangular Neck: 16x4 Connection 8 Diameter Duct,100 CFM,,2jT9$NWlTFkPd98E_0Fd5y,,,L1 - Block 37,,484,,,,New Construction,None,16"x4",,Supply Air,Mechanical Supply Air 50,Supply Air,16x4 Connection 8 Diameter Duct,,,0d1xlIsmn0D9DcDwK83sQP,,,
,,,,,,,1,No,,10' - 0",,,,By Type,,Default,,Supply Grille - Double Deflection - Curve Face Rectangular Neck,Supply Grille - Double Deflection - Curve Face Rectangular Neck: 16x4 Connection 8 Diameter Duct,100 CFM,,2jT9$NWlTFkPd98E_0Fd6W,,,L1 - Block 37,,485,,,,New Construction,None,16"x4",,Supply Air,Mechanical Supply Air 50,Supply Air,16x4 Connection 8 Diameter Duct,,,0d1xlIsmn0D9DcDwK83sQP,,,
,,,,,,,1,No,,-12' - 1 1/2",,,,By Type,,Default,,Supply Grille - Double Deflection - Curve Face Rectangular Neck,Supply Grille - Double Deflection - Curve Face Rectangular Neck: 16x4 Connection 8 Diameter Duct,100 CFM,,2jT9$NWlTFkPd98E_0Fd1c,,,L3,,486,,,,New Construction,None,16"x4",,Supply Air,Mechanical Supply Air 50,Supply Air,16x4 Connection 8 Diameter Duct,,,0d1xlIsmn0D9DcDwK83sQP,,,
,,,,,,,1,No,,-12' - 1 1/2",,,,By Type,,Default,,Supply Grille - Double Deflection - Curve Face Rectangular Neck,Supply Grille - Double Deflection - Curve Face Rectangular Neck: 16x4 Connection 8 Diameter Duct,100 CFM,,2jT9$NWlTFkPd98E_0Fd14,,,L3,,487,,,,New Construction,None,16"x4",,Supply Air,Mechanical Supply Air 50,Supply Air,16x4 Connection 8 Diameter Duct,,,0d1xlIsmn0D9DcDwK83sQP,,,
,,,,,,,1,No,,10' - 7 1/2",,,,By Type,,Default,,Supply Grille - Double Deflection - Curve Face Rectangular Neck,Supply Grille - Double Deflection - Curve Face Rectangular Neck: 16x4 Connection 8 Diameter Duct,100 CFM,,2jT9$NWlTFkPd98E_0FdwE,,,L1 - Block 37,,495,,,,New Construction,None,16"x4",,Supply Air,Mechanical Supply Air 69,Supply Air,16x4 Connection 8 Diameter Duct,,,0d1xlIsmn0D9DcDwK83sQP,,,
,,,,,,,1,No,,10' - 7 1/2",,,,By Type,,Default,,Supply Grille - Double Deflection - Curve Face Rectangular Neck,Supply Grille - Double Deflection - Curve Face Rectangular Neck: 16x4 Connection 8 Diameter Duct,100 CFM,,2jT9$NWlTFkPd98E_0Fdx2,,,L1 - Block 37,,496,,,,New Construction,None,16"x4",,Supply Air,Mechanical Supply Air 69,Supply Air,16x4 Connection 8 Diameter Duct,,,0d1xlIsmn0D9DcDwK83sQP,,,
,,,,,,,1,No,,10' - 7 1/2",,,,By Type,,Default,,Supply Grille - Double Deflection - Curve Face Rectangular Neck,Supply Grille - Double Deflection - Curve Face Rectangular Neck: 16x4 Connection 8 Diameter Duct,100 CFM,,2jT9$NWlTFkPd98E_0Fdaz,,,L1 - Block 37,,497,,,,New Construction,None,16"x4",,Supply Air,Mechanical Supply Air 69,Supply Air,16x4 Connection 8 Diameter Duct,,,0d1xlIsmn0D9DcDwK83sQP,,,
,,,,,,,1,No,,10' - 7 1/2",,,,By Type,,Default,,Supply Grille - Double Deflection - Curve Face Rectangular Neck,Supply Grille - Double Deflection - Curve Face Rectangular Neck: 16x4 Connection 8 Diameter Duct,100 CFM,,2jT9$NWlTFkPd98E_0Fdbf,,,L1 - Block 37,,498,,,,New Construction,None,16"x4",,Supply Air,Mechanical Supply Air 69,Supply Air,16x4 Connection 8 Diameter Duct,,,0d1xlIsmn0D9DcDwK83sQP,,,
,,,,,,,1,Yes,,10' - 7 1/2",,,,By Type,,Default,,Supply Grille - Double Deflection - Curve Face Rectangular Neck,Supply Grille - Double Deflection - Curve Face Rectangular Neck: 16x4 Connection 8 Diameter Duct,100 CFM,,2jT9$NWlTFkPd98E_0FdbR,,,L1 - Block 37,,499,,,,New Construction,None,16"x4",,Supply Air,Mechanical Supply Air 69,Supply Air,16x4 Connection 8 Diameter Duct,,,0d1xlIsmn0D9DcDwK83sQP,,,
,,,,,,,1,No,,10' - 7 1/2",,,,By Type,,Default,,Supply Grille - Double Deflection - Curve Face Rectangular Neck,Supply Grille - Double Deflection - Curve Face Rectangular Neck: 16x4 Connection 8 Diameter Duct,100 CFM,,2jT9$NWlTFkPd98E_0Fdcf,,,L1 - Block 37,,500,,,,New Construction,None,16"x4",,Supply Air,Mechanical Supply Air 69,Supply Air,16x4 Connection 8 Diameter Duct,,,0d1xlIsmn0D9DcDwK83sQP,,,
,,,23.75.70.21.27.11,,,,1,No,,9' - 0",,,,By Type,,Default,,Supply Diffuser - Square - Hosted,Supply Diffuser - Square - Hosted: 12" x 12",100 CFM,,2jT9$NWlTFkPd98E_0FdWi,,,L1 - Block 37,,501,,,,New Construction,None,6"x6",,Supply Air,Mechanical Supply Air 69,Supply Air,12" x 12",,,0B82sWVf587AtmxOGOUsqV,,,
,,,23.75.70.21.27.11,,,,1,No,,9' - 0",,,,By Type,,Default,,Supply Diffuser - Square - Hosted,Supply Diffuser - Square - Hosted: 12" x 12",100 CFM,,2jT9$NWlTFkPd98E_0FdWV,,,L1 - Block 37,,502,,,,New Construction,None,6"x6",,Supply Air,Mechanical Supply Air 69,Supply Air,12" x 12",,,0B82sWVf587AtmxOGOUsqV,,,
,,,,,,,1,No,,7' - 10",,,,By Type,,Default,,Air Terminal-Exhaust Cap-FB,Air Terminal-Exhaust Cap-FB: 4" DIA,0 CFM,,2jT9$NWlTFkPd98E_0FeVH,,,L1 - Block 37,,504,,,,New Construction,None,4"ø,,Exhaust Air,Mechanical Exhaust Air 29,Exhaust Air,4" DIA,,,0uItpyAgXCovb3y_iwf_Qg,,,
,,,,,,,1,No,,9' - 1",,,,By Type,,Default,,Air Terminal-Exhaust Cap-FB,Air Terminal-Exhaust Cap-FB: 4" DIA,0 CFM,,0QxpA5Y6rF99SlWvl98uuz,,,L3,,505,,,,New Construction,None,4"ø,,Exhaust Air,Mechanical Exhaust Air 31,Exhaust Air,4" DIA,,,0uItpyAgXCovb3y_iwf_Qg,,,
,,,,,,,1,Yes,,-9' - 9",,,,By Type,,Default,,Supply Grille - Double Deflection - Curve Face Rectangular Neck,Supply Grille - Double Deflection - Curve Face Rectangular Neck: 16x4 Connection 8 Diameter Duct,100 CFM,,0QxpA5Y6rF99SlWvl98uMJ,,,L3,,511,,,,New Construction,None,16"x4",,Supply Air,Mechanical Supply Air 72,Supply Air,16x4 Connection 8 Diameter Duct,,,0d1xlIsmn0D9DcDwK83sQP,,,
,,,,,,,1,No,,-3' - 9",,,,By Type,,Default,,Supply Grille - Double Deflection - Curve Face Rectangular Neck,Supply Grille - Double Deflection - Curve Face Rectangular Neck: 16x4 Connection 8 Diameter Duct,100 CFM,,0QxpA5Y6rF99SlWvl98uIr,,,L3,,515,,,,New Construction,None,16"x4",,Supply Air,Mechanical Supply Air 72,Supply Air,16x4 Connection 8 Diameter Duct,,,0d1xlIsmn0D9DcDwK83sQP,,,
,,,,,,,1,No,,2' - 3",,,,By Type,,Default,,Supply Grille - Double Deflection - Curve Face Rectangular Neck,Supply Grille - Double Deflection - Curve Face Rectangular Neck: 16x4 Connection 8 Diameter Duct,100 CFM,,0QxpA5Y6rF99SlWvl98uHY,,,L3,,516,,,,New Construction,None,16"x4",,Supply Air,Mechanical Supply Air 72,Supply Air,16x4 Connection 8 Diameter Duct,,,0d1xlIsmn0D9DcDwK83sQP,,,
,,,,,,,1,No,,8' - 3",,,,By Type,,Default,,Supply Grille - Double Deflection - Curve Face Rectangular Neck,Supply Grille - Double Deflection - Curve Face Rectangular Neck: 16x4 Connection 8 Diameter Duct,100 CFM,,0QxpA5Y6rF99SlWvl98uGA,,,L3,,517,,,,New Construction,None,16"x4",,Supply Air,Mechanical Supply Air 72,Supply Air,16x4 Connection 8 Diameter Duct,,,0d1xlIsmn0D9DcDwK83sQP,,,
,,,,,,,1,No,,8' - 4",,,,By Type,,Default,,Air Terminal-Exhaust Cap-FB,Air Terminal-Exhaust Cap-FB: 4" DIA,0 CFM,,353$JCBGvDxvbe$airW9l0,,,L1 - Block 35,,533,,,,New Construction,None,4"ø,,Exhaust Air,Mechanical Exhaust Air 32,Exhaust Air,4" DIA,,,0uItpyAgXCovb3y_iwf_Qg,,,
,,,23.75.70.21.27.11,,,,1,No,,9' - 0",,,,By Type,,Default,,Supply Diffuser - Square - Hosted,Supply Diffuser - Square - Hosted: 12" x 12",100 CFM,,1JbANhx6TBfudXEbM1T$l3,,,L1 - Block 37,,534,,,,New Construction,None,9"x9",,Supply Air,Mechanical Supply Air 76,Supply Air,12" x 12",,,0B82sWVf587AtmxOGOUsqV,,,
,,,23.75.70.21.27.11,,,,1,Yes,,9' - 0",,,,By Type,,Default,,Supply Diffuser - Square - Hosted,Supply Diffuser - Square - Hosted: 12" x 12",100 CFM,,1JbANhx6TBfudXEbM1T$i8,,,L1 - Block 37,,535,,,,New Construction,None,9"x9",,Supply Air,Mechanical Supply Air 76,Supply Air,12" x 12",,,0B82sWVf587AtmxOGOUsqV,,,
,,,,,,,1,No,,9' - 11",,,,By Type,,Default,,Supply Grille - Double Deflection - Curve Face Rectangular Neck,Supply Grille - Double Deflection - Curve Face Rectangular Neck: 16x4 Connection 8 Diameter Duct,100 CFM,,1JbANhx6TBfudXEbM1T$Vi,,,L1 - Block 37,,536,,,,New Construction,None,16"x4",,Supply Air,Mechanical Supply Air 76,Supply Air,16x4 Connection 8 Diameter Duct,,,0d1xlIsmn0D9DcDwK83sQP,,,
,,,,,,,1,No,,9' - 11",,,,By Type,,Default,,Supply Grille - Double Deflection - Curve Face Rectangular Neck,Supply Grille - Double Deflection - Curve Face Rectangular Neck: 16x4 Connection 8 Diameter Duct,100 CFM,,1JbANhx6TBfudXEbM1T$St,,,L1 - Block 37,,537,,,,New Construction,None,16"x4",,Supply Air,Mechanical Supply Air 76,Supply Air,16x4 Connection 8 Diameter Duct,,,0d1xlIsmn0D9DcDwK83sQP,,,
,,,,,,,1,No,,10' - 1",,,,By Type,,Default,,Supply Grille - Double Deflection - Curve Face Rectangular Neck,Supply Grille - Double Deflection - Curve Face Rectangular Neck: 16x4 Connection 8 Diameter Duct,100 CFM,,1JbANhx6TBfudXEbM1T$TA,,,L1 - Block 37,,538,,,,New Construction,None,16"x4",,Supply Air,Mechanical Supply Air 76,Supply Air,16x4 Connection 8 Diameter Duct,,,0d1xlIsmn0D9DcDwK83sQP,,,
,,,,,,,1,No,,10' - 1",,,,By Type,,Default,,Supply Grille - Double Deflection - Curve Face Rectangular Neck,Supply Grille - Double Deflection - Curve Face Rectangular Neck: 16x4 Connection 8 Diameter Duct,100 CFM,,1JbANhx6TBfudXEbM1T$36,,,L1 - Block 37,,539,,,,New Construction,None,16"x4",,Supply Air,Mechanical Supply Air 76,Supply Air,16x4 Connection 8 Diameter Duct,,,0d1xlIsmn0D9DcDwK83sQP,,,
,,,,,,,1,No,,7' - 10",,,,By Type,,Default,,Air Terminal-Exhaust Cap-FB,Air Terminal-Exhaust Cap-FB: 4" DIA,0 CFM,,2qddrnii58XA6FIv14q_9r,,,L1 - Block 37,,543,,,,New Construction,None,4"ø,,Exhaust Air,Mechanical Exhaust Air 33,Exhaust Air,4" DIA,,,0uItpyAgXCovb3y_iwf_Qg,,,
,,,,,,,1,No,,-13' - 6 1/2",,,,By Type,,Default,,Air Terminal-Exhaust Cap-FB,Air Terminal-Exhaust Cap-FB: 4" DIA,0 CFM,,0C4AccZxn9LBim4QVrD81e,,,L3,,544,,,,New Construction,None,4"ø,,Exhaust Air,Mechanical Exhaust Air 21,Exhaust Air,4" DIA,,,0uItpyAgXCovb3y_iwf_Qg,,,
,,,,,,,1,Yes,,8' - 8",,,,By Type,,Default,,Air Terminal-Supply Cap-FB,Air Terminal-Supply Cap-FB: 4" DIA,300 CFM,,0C4AccZxn9LBim4QVrDBQT,,,L1 - Block 37,,547,,,,New Construction,None,4"ø,,Supply Air,Mechanical Supply Air 68,Supply Air,4" DIA,,,0C4AccZxn9LBim4QVrDBOV,,,
,,,,,,,1,Yes,,20' - 9",,,,By Type,,Default,,Air Terminal-Supply Cap-FB,Air Terminal-Supply Cap-FB: 4" DIA,300 CFM,,0C4AccZxn9LBim4QVrDBWD,,,L1 - Block 37,,548,,,,New Construction,None,4"ø,,Supply Air,Mechanical Supply Air 14,Supply Air,4" DIA,,,0C4AccZxn9LBim4QVrDBOV,,,
,,,,,,,1,Yes,,20' - 9",,,,By Type,,Default,,Air Terminal-Supply Cap-FB,Air Terminal-Supply Cap-FB: 4" DIA,300 CFM,,0C4AccZxn9LBim4QVrDByT,,,L1 - Block 37,,549,,,,New Construction,None,4"ø,,Supply Air,Mechanical Supply Air 15,Supply Air,4" DIA,,,0C4AccZxn9LBim4QVrDBOV,,,
,,,,,,,1,Yes,,9' - 1",,,,By Type,,Default,,Air Terminal-Supply Cap-FB,Air Terminal-Supply Cap-FB: 4" DIA,300 CFM,,0C4AccZxn9LBim4QVrDBvA,,,L2,,550,,,,New Construction,None,4"ø,,Supply Air,Mechanical Supply Air 10,Supply Air,4" DIA,,,0C4AccZxn9LBim4QVrDBOV,,,
,,,,,,,1,Yes,,7' - 9",,,,By Type,,Default,,Return Grille - Double Deflection - Curve Face Rectangular Neck,Return Grille - Double Deflection - Curve Face Rectangular Neck: 16x4 Connection 8 Diameter Duct,100 CFM,,0C4AccZxn9LBim4QVrDA6Y,,,L2,,552,,,,New Construction,None,16"x4",,Return Air,Mechanical Return Air 7,Return Air,16x4 Connection 8 Diameter Duct,,,0C4AccZxn9LBim4QVrDA5N,,,
,,,,,,,1,No,,7' - 9",,,,By Type,,Default,,Return Grille - Double Deflection - Curve Face Rectangular Neck,Return Grille - Double Deflection - Curve Face Rectangular Neck: 16x4 Connection 8 Diameter Duct,100 CFM,,0C4AccZxn9LBim4QVrDA1V,,,L2,,553,,,,New Construction,None,16"x4",,Return Air,Mechanical Return Air 7,Return Air,16x4 Connection 8 Diameter Duct,,,0C4AccZxn9LBim4QVrDA5N,,,
,,,,,,,1,No,,7' - 7 21/32",,,,By Type,,Default,,Return Grille - Double Deflection - Curve Face Rectangular Neck,Return Grille - Double Deflection - Curve Face Rectangular Neck: 16x4 Connection 8 Diameter Duct,100 CFM,,0C4AccZxn9LBim4QVrDA0Y,,,L2,,554,,,,New Construction,None,16"x4",,Return Air,Mechanical Return Air 8,Return Air,16x4 Connection 8 Diameter Duct,,,0C4AccZxn9LBim4QVrDA5N,,,
,,,,,,,1,Yes,,7' - 7 21/32",,,,By Type,,Default,,Return Grille - Double Deflection - Curve Face Rectangular Neck,Return Grille - Double Deflection - Curve Face Rectangular Neck: 16x4 Connection 8 Diameter Duct,100 CFM,,0C4AccZxn9LBim4QVrDA3R,,,L2,,555,,,,New Construction,None,16"x4",,Return Air,Mechanical Return Air 8,Return Air,16x4 Connection 8 Diameter Duct,,,0C4AccZxn9LBim4QVrDA5N,,,
,,,,,,,1,No,,7' - 7 21/32",,,,By Type,,Default,,Return Grille - Double Deflection - Curve Face Rectangular Neck,Return Grille - Double Deflection - Curve Face Rectangular Neck: 16x4 Connection 8 Diameter Duct,100 CFM,,0C4AccZxn9LBim4QVrDA3w,,,L2,,556,,,,New Construction,None,16"x4",,Return Air,Mechanical Return Air 8,Return Air,16x4 Connection 8 Diameter Duct,,,0C4AccZxn9LBim4QVrDA5N,,,
,,,,,,,1,No,,7' - 7 21/32",,,,By Type,,Default,,Return Grille - Double Deflection - Curve Face Rectangular Neck,Return Grille - Double Deflection - Curve Face Rectangular Neck: 16x4 Connection 8 Diameter Duct,100 CFM,,0C4AccZxn9LBim4QVrDA2Y,,,L2,,557,,,,New Construction,None,16"x4",,Return Air,Mechanical Return Air 8,Return Air,16x4 Connection 8 Diameter Duct,,,0C4AccZxn9LBim4QVrDA5N,,,
,,,,,,,1,No,,6' - 3 1/2",,,,By Type,,Default,,Return Grille - Double Deflection - Curve Face Rectangular Neck,Return Grille - Double Deflection - Curve Face Rectangular Neck: 16x4 Connection 8 Diameter Duct,100 CFM,,0C4AccZxn9LBim4QVrDAPS,,,L2,,558,,,,New Construction,None,16"x4",,Return Air,Mechanical Return Air 9,Return Air,16x4 Connection 8 Diameter Duct,,,0C4AccZxn9LBim4QVrDA5N,,,
,,,,,,,1,No,,6' - 3 1/2",,,,By Type,,Default,,Return Grille - Double Deflection - Curve Face Rectangular Neck,Return Grille - Double Deflection - Curve Face Rectangular Neck: 16x4 Connection 8 Diameter Duct,100 CFM,,0C4AccZxn9LBim4QVrDAPj,,,L2,,559,,,,New Construction,None,16"x4",,Return Air,Mechanical Return Air 9,Return Air,16x4 Connection 8 Diameter Duct,,,0C4AccZxn9LBim4QVrDA5N,,,
,,,,,,,1,No,,6' - 3 1/2",,,,By Type,,Default,,Return Grille - Double Deflection - Curve Face Rectangular Neck,Return Grille - Double Deflection - Curve Face Rectangular Neck: 16x4 Connection 8 Diameter Duct,100 CFM,,0C4AccZxn9LBim4QVrDARO,,,L2,,560,,,,New Construction,None,16"x4",,Return Air,Mechanical Return Air 9,Return Air,16x4 Connection 8 Diameter Duct,,,0C4AccZxn9LBim4QVrDA5N,,,
,,,,,,,1,Yes,,8' - 0",,,,By Type,,Default,,Air Terminal-Supply Cap-FB,Air Terminal-Supply Cap-FB: 4" DIA,300 CFM,,0C4AccZxn9LBim4QVrDAKo,,,L2,,561,,,,New Construction,None,4"ø,,Supply Air,Mechanical Supply Air 9,Supply Air,4" DIA,,,0C4AccZxn9LBim4QVrDBOV,,,
,,,,,,,1,Yes,,8' - 0",,,,By Type,,Default,,Return Grille - Double Deflection - Curve Face Rectangular Neck,Return Grille - Double Deflection - Curve Face Rectangular Neck: 16x4 Connection 8 Diameter Duct,100 CFM,,0C4AccZxn9LBim4QVrDAGD,,,L2,,562,,,,New Construction,None,16"x4",,Return Air,Mechanical Return Air 6,Return Air,16x4 Connection 8 Diameter Duct,,,0C4AccZxn9LBim4QVrDA5N,,,
,,,,,,,1,Yes,,8' - 0",,,,By Type,,Default,,Air Terminal-Supply Cap-FB,Air Terminal-Supply Cap-FB: 4" DIA,300 CFM,,0C4AccZxn9LBim4QVrDAJj,,,L2,,563,,,,New Construction,None,4"ø,,Supply Air,Mechanical Supply Air 7,Supply Air,4" DIA,,,0C4AccZxn9LBim4QVrDBOV,,,
,,,,,,,1,Yes,,8' - 0",,,,By Type,,Default,,Air Terminal-Supply Cap-FB,Air Terminal-Supply Cap-FB: 4" DIA,300 CFM,,0C4AccZxn9LBim4QVrDAiM,,,L2,,564,,,,New Construction,None,4"ø,,Supply Air,Mechanical Supply Air 5,Supply Air,4" DIA,,,0C4AccZxn9LBim4QVrDBOV,,,
,,,,,,,1,Yes,,10' - 9",,,,By Type,,Default,,Air Terminal-Supply Cap-FB,Air Terminal-Supply Cap-FB: 4" DIA,300 CFM,,0C4AccZxn9LBim4QVrDAlW,,,M1,,565,,,,New Construction,None,4"ø,,Supply Air,Mechanical Supply Air 28,Supply Air,4" DIA,,,0C4AccZxn9LBim4QVrDBOV,,,
,,,,,,,1,Yes,,8' - 3",,,,By Type,,Default,,Air Terminal-Supply Cap-FB,Air Terminal-Supply Cap-FB: 4" DIA,300 CFM,,0C4AccZxn9LBim4QVrDAfi,,,L2,,566,,,,New Construction,None,4"ø,,Supply Air,Mechanical Supply Air 22,Supply Air,4" DIA,,,0C4AccZxn9LBim4QVrDBOV,,,
,,,,,,,1,Yes,,10' - 10",,,,By Type,,Default,,Air Terminal-Supply Cap-FB,Air Terminal-Supply Cap-FB: 4" DIA,300 CFM,,171bpfi_LEggAtV8KFUs1v,,,L3,,567,,,,New Construction,None,4"ø,,Supply Air,Mechanical Supply Air 25,Supply Air,4" DIA,,,0C4AccZxn9LBim4QVrDBOV,,,
,,,,,,,1,Yes,,10' - 10",,,,By Type,,Default,,Air Terminal-Supply Cap-FB,Air Terminal-Supply Cap-FB: 4" DIA,300 CFM,,171bpfi_LEggAtV8KFUs3d,,,L3,,568,,,,New Construction,None,4"ø,,Supply Air,Mechanical Supply Air 26,Supply Air,4" DIA,,,0C4AccZxn9LBim4QVrDBOV,,,
,,,,,,,1,Yes,,10' - 10",,,,By Type,,Default,,Air Terminal-Supply Cap-FB,Air Terminal-Supply Cap-FB: 4" DIA,300 CFM,,171bpfi_LEggAtV8KFUsTP,,,L3,,569,,,,New Construction,None,4"ø,,Supply Air,Mechanical Supply Air 16,Supply Air,4" DIA,,,0C4AccZxn9LBim4QVrDBOV,,,
,,,,,,,1,Yes,,10' - 10",,,,By Type,,Default,,Air Terminal-Supply Cap-FB,Air Terminal-Supply Cap-FB: 4" DIA,300 CFM,,171bpfi_LEggAtV8KFUsSX,,,L3,,570,,,,New Construction,None,4"ø,,Supply Air,Mechanical Supply Air 4,Supply Air,4" DIA,,,0C4AccZxn9LBim4QVrDBOV,,,
,,,,,,,1,Yes,,10' - 4",,,,By Type,,Default,,Air Terminal-Supply Cap-FB,Air Terminal-Supply Cap-FB: 4" DIA,300 CFM,,171bpfi_LEggAtV8KFUsUS,,,L3,,571,,,,New Construction,None,4"ø,,Supply Air,Mechanical Supply Air 19,Supply Air,4" DIA,,,0C4AccZxn9LBim4QVrDBOV,,,
,,,,,,,1,Yes,,10' - 10",,,,By Type,,Default,,Air Terminal-Supply Cap-FB,Air Terminal-Supply Cap-FB: 4" DIA,300 CFM,,171bpfi_LEggAtV8KFUsPR,,,L3,,572,,,,New Construction,None,4"ø,,Supply Air,Mechanical Supply Air 21,Supply Air,4" DIA,,,0C4AccZxn9LBim4QVrDBOV,,,
,,,,,,,1,Yes,,10' - 2",,,,By Type,,Default,,Air Terminal-Supply Cap-FB,Air Terminal-Supply Cap-FB: 4" DIA,300 CFM,,171bpfi_LEggAtV8KFUsOv,,,L3,,573,,,,New Construction,None,4"ø,,Supply Air,Mechanical Supply Air 37,Supply Air,4" DIA,,,0C4AccZxn9LBim4QVrDBOV,,,
,,,,,,,1,Yes,,10' - 1 1/2",,,,By Type,,Default,,Air Terminal-Supply Cap-FB,Air Terminal-Supply Cap-FB: 4" DIA,300 CFM,,171bpfi_LEggAtV8KFUsNi,,,L3,,574,,,,New Construction,None,4"ø,,Supply Air,Mechanical Supply Air 35,Supply Air,4" DIA,,,0C4AccZxn9LBim4QVrDBOV,,,
,,,,,,,1,Yes,,9' - 1",,,,By Type,,Default,,Air Terminal-Supply Cap-FB,Air Terminal-Supply Cap-FB: 4" DIA,300 CFM,,171bpfi_LEggAtV8KFUsHq,,,L3,,575,,,,New Construction,None,4"ø,,Supply Air,Mechanical Supply Air 71,Supply Air,4" DIA,,,0C4AccZxn9LBim4QVrDBOV,,,
,,,,,,,1,Yes,,10' - 10",,,,By Type,,Default,,Air Terminal-Supply Cap-FB,Air Terminal-Supply Cap-FB: 4" DIA,300 CFM,,171bpfi_LEggAtV8KFUsJk,,,L3,,576,,,,New Construction,None,4"ø,,Supply Air,Mechanical Supply Air 32,Supply Air,4" DIA,,,0C4AccZxn9LBim4QVrDBOV,,,
,,,,,,,1,No,,11' - 10",,,,By Type,,Default,,Return Grille - Double Deflection - Curve Face Rectangular Neck,Return Grille - Double Deflection - Curve Face Rectangular Neck: 16x4 Connection 8 Diameter Duct,100 CFM,,171bpfi_LEggAtV8KFUfg2,,,L3,,577,,,,New Construction,None,16"x4",,Return Air,Mechanical Return Air 16,Return Air,16x4 Connection 8 Diameter Duct,,,0C4AccZxn9LBim4QVrDA5N,,,
,,,,,,,1,No,,11' - 10",,,,By Type,,Default,,Return Grille - Double Deflection - Curve Face Rectangular Neck,Return Grille - Double Deflection - Curve Face Rectangular Neck: 16x4 Connection 8 Diameter Duct,100 CFM,,171bpfi_LEggAtV8KFUfb$,,,L3,,578,,,,New Construction,None,16"x4",,Return Air,Mechanical Return Air 16,Return Air,16x4 Connection 8 Diameter Duct,,,0C4AccZxn9LBim4QVrDA5N,,,
,,,,,,,1,No,,10' - 8",,,,By Type,,Default,,Return Grille - Double Deflection - Curve Face Rectangular Neck,Return Grille - Double Deflection - Curve Face Rectangular Neck: 16x4 Connection 8 Diameter Duct,100 CFM,,171bpfi_LEggAtV8KFUfaL,,,L3,,579,,,,New Construction,None,16"x4",,Return Air,Mechanical Return Air 16,Return Air,16x4 Connection 8 Diameter Duct,,,0C4AccZxn9LBim4QVrDA5N,,,
,,,,,,,1,No,,10' - 8",,,,By Type,,Default,,Return Grille - Double Deflection - Curve Face Rectangular Neck,Return Grille - Double Deflection - Curve Face Rectangular Neck: 16x4 Connection 8 Diameter Duct,100 CFM,,171bpfi_LEggAtV8KFUfab,,,L3,,580,,,,New Construction,None,16"x4",,Return Air,Mechanical Return Air 16,Return Air,16x4 Connection 8 Diameter Duct,,,0C4AccZxn9LBim4QVrDA5N,,,
,,,,,,,1,No,,10' - 8",,,,By Type,,Default,,Return Grille - Double Deflection - Curve Face Rectangular Neck,Return Grille - Double Deflection - Curve Face Rectangular Neck: 16x4 Connection 8 Diameter Duct,100 CFM,,171bpfi_LEggAtV8KFUfd$,,,L3,,581,,,,New Construction,None,16"x4",,Return Air,Mechanical Return Air 16,Return Air,16x4 Connection 8 Diameter Duct,,,0C4AccZxn9LBim4QVrDA5N,,,
,,,,,,,1,No,,10' - 8",,,,By Type,,Default,,Return Grille - Double Deflection - Curve Face Rectangular Neck,Return Grille - Double Deflection - Curve Face Rectangular Neck: 16x4 Connection 8 Diameter Duct,100 CFM,,171bpfi_LEggAtV8KFUfcB,,,L3,,582,,,,New Construction,None,16"x4",,Return Air,Mechanical Return Air 16,Return Air,16x4 Connection 8 Diameter Duct,,,0C4AccZxn9LBim4QVrDA5N,,,
,,,,,,,1,No,,10' - 8",,,,By Type,,Default,,Return Grille - Double Deflection - Curve Face Rectangular Neck,Return Grille - Double Deflection - Curve Face Rectangular Neck: 16x4 Connection 8 Diameter Duct,100 CFM,,171bpfi_LEggAtV8KFUfc4,,,L3,,583,,,,New Construction,None,16"x4",,Return Air,Mechanical Return Air 16,Return Air,16x4 Connection 8 Diameter Duct,,,0C4AccZxn9LBim4QVrDA5N,,,
,,,,,,,1,Yes,,10' - 8",,,,By Type,,Default,,Return Grille - Double Deflection - Curve Face Rectangular Neck,Return Grille - Double Deflection - Curve Face Rectangular Neck: 16x4 Connection 8 Diameter Duct,100 CFM,,171bpfi_LEggAtV8KFUfXR,,,L3,,584,,,,New Construction,None,16"x4",,Return Air,Mechanical Return Air 16,Return Air,16x4 Connection 8 Diameter Duct,,,0C4AccZxn9LBim4QVrDA5N,,,
,,,,,,,1,No,,10' - 8",,,,By Type,,Default,,Return Grille - Double Deflection - Curve Face Rectangular Neck,Return Grille - Double Deflection - Curve Face Rectangular Neck: 16x4 Connection 8 Diameter Duct,100 CFM,,171bpfi_LEggAtV8KFUf$6,,,L3,,585,,,,New Construction,None,16"x4",,Return Air,Mechanical Return Air 17,Return Air,16x4 Connection 8 Diameter Duct,,,0C4AccZxn9LBim4QVrDA5N,,,
,,,,,,,1,Yes,,10' - 8",,,,By Type,,Default,,Return Grille - Double Deflection - Curve Face Rectangular Neck,Return Grille - Double Deflection - Curve Face Rectangular Neck: 16x4 Connection 8 Diameter Duct,100 CFM,,171bpfi_LEggAtV8KFUf$l,,,L3,,586,,,,New Construction,None,16"x4",,Return Air,Mechanical Return Air 17,Return Air,16x4 Connection 8 Diameter Duct,,,0C4AccZxn9LBim4QVrDA5N,,,
,,,,,,,1,No,,10' - 8",,,,By Type,,Default,,Return Grille - Double Deflection - Curve Face Rectangular Neck,Return Grille - Double Deflection - Curve Face Rectangular Neck: 16x4 Connection 8 Diameter Duct,100 CFM,,171bpfi_LEggAtV8KFUf_K,,,L3,,587,,,,New Construction,None,16"x4",,Return Air,Mechanical Return Air 17,Return Air,16x4 Connection 8 Diameter Duct,,,0C4AccZxn9LBim4QVrDA5N,,,
,,,,,,,1,No,,10' - 8",,,,By Type,,Default,,Return Grille - Double Deflection - Curve Face Rectangular Neck,Return Grille - Double Deflection - Curve Face Rectangular Neck: 16x4 Connection 8 Diameter Duct,100 CFM,,171bpfi_LEggAtV8KFUf_Y,,,L3,,588,,,,New Construction,None,16"x4",,Return Air,Mechanical Return Air 17,Return Air,16x4 Connection 8 Diameter Duct,,,0C4AccZxn9LBim4QVrDA5N,,,
,,,,,,,1,No,,10' - 8",,,,By Type,,Default,,Return Grille - Double Deflection - Curve Face Rectangular Neck,Return Grille - Double Deflection - Curve Face Rectangular Neck: 16x4 Connection 8 Diameter Duct,100 CFM,,171bpfi_LEggAtV8KFUfvH,,,L3,,589,,,,New Construction,None,16"x4",,Return Air,Mechanical Return Air 17,Return Air,16x4 Connection 8 Diameter Duct,,,0C4AccZxn9LBim4QVrDA5N,,,
,,,,,,,1,Yes,,1' - 0",,,,By Type,,Default,,Return Grille - Double Deflection - Curve Face Rectangular Neck,Return Grille - Double Deflection - Curve Face Rectangular Neck: 16x4 Connection 8 Diameter Duct,100 CFM,,171bpfi_LEggAtV8KFUfxf,,,L2,,590,,,,New Construction,None,16"x4",,Return Air,Mechanical Return Air 34,Return Air,16x4 Connection 8 Diameter Duct,,,0C4AccZxn9LBim4QVrDA5N,,,
,,,,,,,1,No,,7' - 0",,,,By Type,,Default,,Return Grille - Double Deflection - Curve Face Rectangular Neck,Return Grille - Double Deflection - Curve Face Rectangular Neck: 16x4 Connection 8 Diameter Duct,100 CFM,,171bpfi_LEggAtV8KFUfrM,,,L2,,591,,,,New Construction,None,16"x4",,Return Air,Mechanical Return Air 34,Return Air,16x4 Connection 8 Diameter Duct,,,0C4AccZxn9LBim4QVrDA5N,,,
,,,,,,,1,No,,13' - 0",,,,By Type,,Default,,Return Grille - Double Deflection - Curve Face Rectangular Neck,Return Grille - Double Deflection - Curve Face Rectangular Neck: 16x4 Connection 8 Diameter Duct,100 CFM,,171bpfi_LEggAtV8KFUfsC,,,L2,,592,,,,New Construction,None,16"x4",,Return Air,Mechanical Return Air 34,Return Air,16x4 Connection 8 Diameter Duct,,,0C4AccZxn9LBim4QVrDA5N,,,
,,,,,,,1,No,,19' - 0",,,,By Type,,Default,,Return Grille - Double Deflection - Curve Face Rectangular Neck,Return Grille - Double Deflection - Curve Face Rectangular Neck: 16x4 Connection 8 Diameter Duct,100 CFM,,171bpfi_LEggAtV8KFUfpG,,,L2,,593,,,,New Construction,None,16"x4",,Return Air,Mechanical Return Air 34,Return Air,16x4 Connection 8 Diameter Duct,,,0C4AccZxn9LBim4QVrDA5N,,,
,,,,,,,1,Yes,,10' - 8",,,,By Type,,Default,,Return Grille - Double Deflection - Curve Face Rectangular Neck,Return Grille - Double Deflection - Curve Face Rectangular Neck: 16x4 Connection 8 Diameter Duct,100 CFM,,171bpfi_LEggAtV8KFUfEN,,,L3,,594,,,,New Construction,None,16"x4",,Return Air,Mechanical Return Air 18,Return Air,16x4 Connection 8 Diameter Duct,,,0C4AccZxn9LBim4QVrDA5N,,,
,,,,,,,1,No,,10' - 8",,,,By Type,,Default,,Return Grille - Double Deflection - Curve Face Rectangular Neck,Return Grille - Double Deflection - Curve Face Rectangular Neck: 16x4 Connection 8 Diameter Duct,100 CFM,,171bpfi_LEggAtV8KFUfEX,,,L3,,595,,,,New Construction,None,16"x4",,Return Air,Mechanical Return Air 18,Return Air,16x4 Connection 8 Diameter Duct,,,0C4AccZxn9LBim4QVrDA5N,,,
,,,,,,,1,No,,10' - 8",,,,By Type,,Default,,Return Grille - Double Deflection - Curve Face Rectangular Neck,Return Grille - Double Deflection - Curve Face Rectangular Neck: 16x4 Connection 8 Diameter Duct,100 CFM,,171bpfi_LEggAtV8KFUf9X,,,L3,,596,,,,New Construction,None,16"x4",,Return Air,Mechanical Return Air 18,Return Air,16x4 Connection 8 Diameter Duct,,,0C4AccZxn9LBim4QVrDA5N,,,
,,,,,,,1,Yes,,10' - 8",,,,By Type,,Default,,Return Grille - Double Deflection - Curve Face Rectangular Neck,Return Grille - Double Deflection - Curve Face Rectangular Neck: 16x4 Connection 8 Diameter Duct,100 CFM,,171bpfi_LEggAtV8KFUfBk,,,L3,,597,,,,New Construction,None,16"x4",,Return Air,Mechanical Return Air 19,Return Air,16x4 Connection 8 Diameter Duct,,,0C4AccZxn9LBim4QVrDA5N,,,
,,,,,,,1,No,,10' - 8",,,,By Type,,Default,,Return Grille - Double Deflection - Curve Face Rectangular Neck,Return Grille - Double Deflection - Curve Face Rectangular Neck: 16x4 Connection 8 Diameter Duct,100 CFM,,171bpfi_LEggAtV8KFUfAL,,,L3,,598,,,,New Construction,None,16"x4",,Return Air,Mechanical Return Air 19,Return Air,16x4 Connection 8 Diameter Duct,,,0C4AccZxn9LBim4QVrDA5N,,,
,,,,,,,1,No,,10' - 8",,,,By Type,,Default,,Return Grille - Double Deflection - Curve Face Rectangular Neck,Return Grille - Double Deflection - Curve Face Rectangular Neck: 16x4 Connection 8 Diameter Duct,100 CFM,,171bpfi_LEggAtV8KFUf5t,,,L3,,599,,,,New Construction,None,16"x4",,Return Air,Mechanical Return Air 19,Return Air,16x4 Connection 8 Diameter Duct,,,0C4AccZxn9LBim4QVrDA5N,,,
,,,,,,,1,No,,11' - 6",,,,By Type,,Default,,Return Grille - Double Deflection - Curve Face Rectangular Neck,Return Grille - Double Deflection - Curve Face Rectangular Neck: 16x4 Connection 8 Diameter Duct,100 CFM,,171bpfi_LEggAtV8KFUf7h,,,L3,,600,,,,New Construction,None,16"x4",,Return Air,Mechanical Return Air 12,Return Air,16x4 Connection 8 Diameter Duct,,,0C4AccZxn9LBim4QVrDA5N,,,
,,,,,,,1,No,,11' - 6",,,,By Type,,Default,,Return Grille - Double Deflection - Curve Face Rectangular Neck,Return Grille - Double Deflection - Curve Face Rectangular Neck: 16x4 Connection 8 Diameter Duct,100 CFM,,171bpfi_LEggAtV8KFUf6N,,,L3,,601,,,,New Construction,None,16"x4",,Return Air,Mechanical Return Air 12,Return Air,16x4 Connection 8 Diameter Duct,,,0C4AccZxn9LBim4QVrDA5N,,,
,,,,,,,1,No,,11' - 6",,,,By Type,,Default,,Return Grille - Double Deflection - Curve Face Rectangular Neck,Return Grille - Double Deflection - Curve Face Rectangular Neck: 16x4 Connection 8 Diameter Duct,100 CFM,,171bpfi_LEggAtV8KFUf6E,,,L3,,602,,,,New Construction,None,16"x4",,Return Air,Mechanical Return Air 12,Return Air,16x4 Connection 8 Diameter Duct,,,0C4AccZxn9LBim4QVrDA5N,,,
,,,,,,,1,Yes,,11' - 6",,,,By Type,,Default,,Return Grille - Double Deflection - Curve Face Rectangular Neck,Return Grille - Double Deflection - Curve Face Rectangular Neck: 16x4 Connection 8 Diameter Duct,100 CFM,,171bpfi_LEggAtV8KFUf63,,,L3,,603,,,,New Construction,None,16"x4",,Return Air,Mechanical Return Air 12,Return Air,16x4 Connection 8 Diameter Duct,,,0C4AccZxn9LBim4QVrDA5N,,,
,,,,,,,1,No,,11' - 6",,,,By Type,,Default,,Return Grille - Double Deflection - Curve Face Rectangular Neck,Return Grille - Double Deflection - Curve Face Rectangular Neck: 16x4 Connection 8 Diameter Duct,100 CFM,,171bpfi_LEggAtV8KFUf6f,,,L3,,604,,,,New Construction,None,16"x4",,Return Air,Mechanical Return Air 12,Return Air,16x4 Connection 8 Diameter Duct,,,0C4AccZxn9LBim4QVrDA5N,,,
,,,,,,,1,No,,11' - 1 19/32",,,,By Type,,Default,,Return Grille - Double Deflection - Curve Face Rectangular Neck,Return Grille - Double Deflection - Curve Face Rectangular Neck: 16x4 Connection 8 Diameter Duct,100 CFM,,171bpfi_LEggAtV8KFUf0V,,,L3,,605,,,,New Construction,None,16"x4",,Return Air,Mechanical Return Air 11,Return Air,16x4 Connection 8 Diameter Duct,,,0C4AccZxn9LBim4QVrDA5N,,,
,,,,,,,1,No,,11' - 1 19/32",,,,By Type,,Default,,Return Grille - Double Deflection - Curve Face Rectangular Neck,Return Grille - Double Deflection - Curve Face Rectangular Neck: 16x4 Connection 8 Diameter Duct,100 CFM,,171bpfi_LEggAtV8KFUf0F,,,L3,,606,,,,New Construction,None,16"x4",,Return Air,Mechanical Return Air 11,Return Air,16x4 Connection 8 Diameter Duct,,,0C4AccZxn9LBim4QVrDA5N,,,
,,,,,,,1,No,,11' - 1 19/32",,,,By Type,,Default,,Return Grille - Double Deflection - Curve Face Rectangular Neck,Return Grille - Double Deflection - Curve Face Rectangular Neck: 16x4 Connection 8 Diameter Duct,100 CFM,,171bpfi_LEggAtV8KFUf0x,,,L3,,607,,,,New Construction,None,16"x4",,Return Air,Mechanical Return Air 11,Return Air,16x4 Connection 8 Diameter Duct,,,0C4AccZxn9LBim4QVrDA5N,,,
,,,,,,,1,Yes,,11' - 1 19/32",,,,By Type,,Default,,Return Grille - Double Deflection - Curve Face Rectangular Neck,Return Grille - Double Deflection - Curve Face Rectangular Neck: 16x4 Connection 8 Diameter Duct,100 CFM,,171bpfi_LEggAtV8KFUf0y,,,L3,,608,,,,New Construction,None,16"x4",,Return Air,Mechanical Return Air 11,Return Air,16x4 Connection 8 Diameter Duct,,,0C4AccZxn9LBim4QVrDA5N,,,
,,,,,,,1,No,,10' - 6",,,,By Type,,Default,,Return Grille - Double Deflection - Curve Face Rectangular Neck,Return Grille - Double Deflection - Curve Face Rectangular Neck: 16x4 Connection 8 Diameter Duct,400 CFM,,171bpfi_LEggAtV8KFUf3l,,,L3,,609,,,,New Construction,None,16"x4",,Return Air,Mechanical Return Air 4,Return Air,16x4 Connection 8 Diameter Duct,,,0C4AccZxn9LBim4QVrDA5N,,,
,,,,,,,1,Yes,,10' - 6",,,,By Type,,Default,,Return Grille - Double Deflection - Curve Face Rectangular Neck,Return Grille - Double Deflection - Curve Face Rectangular Neck: 16x4 Connection 8 Diameter Duct,400 CFM,,171bpfi_LEggAtV8KFUf22,,,L3,,610,,,,New Construction,None,16"x4",,Return Air,Mechanical Return Air 4,Return Air,16x4 Connection 8 Diameter Duct,,,0C4AccZxn9LBim4QVrDA5N,,,
,,,,,,,1,No,,11' - 0",,,,By Type,,Default,,Return Grille - Double Deflection - Curve Face Rectangular Neck,Return Grille - Double Deflection - Curve Face Rectangular Neck: 16x4 Connection 8 Diameter Duct,400 CFM,,171bpfi_LEggAtV8KFUfSg,,,L3,,611,,,,New Construction,None,16"x4",,Return Air,Mechanical Return Air 10,Return Air,16x4 Connection 8 Diameter Duct,,,0C4AccZxn9LBim4QVrDA5N,,,
,,,,,,,1,No,,11' - 0",,,,By Type,,Default,,Return Grille - Double Deflection - Curve Face Rectangular Neck,Return Grille - Double Deflection - Curve Face Rectangular Neck: 16x4 Connection 8 Diameter Duct,400 CFM,,171bpfi_LEggAtV8KFUfVZ,,,L3,,612,,,,New Construction,None,16"x4",,Return Air,Mechanical Return Air 10,Return Air,16x4 Connection 8 Diameter Duct,,,0C4AccZxn9LBim4QVrDA5N,,,
,,,,,,,1,Yes,,11' - 0",,,,By Type,,Default,,Return Grille - Double Deflection - Curve Face Rectangular Neck,Return Grille - Double Deflection - Curve Face Rectangular Neck: 16x4 Connection 8 Diameter Duct,400 CFM,,171bpfi_LEggAtV8KFUfPH,,,L3,,613,,,,New Construction,None,16"x4",,Return Air,Mechanical Return Air 10,Return Air,16x4 Connection 8 Diameter Duct,,,0C4AccZxn9LBim4QVrDA5N,,,
,,,,,,,1,No,,11' - 0",,,,By Type,,Default,,Return Grille - Double Deflection - Curve Face Rectangular Neck,Return Grille - Double Deflection - Curve Face Rectangular Neck: 16x4 Connection 8 Diameter Duct,400 CFM,,171bpfi_LEggAtV8KFUfPX,,,L3,,614,,,,New Construction,None,16"x4",,Return Air,Mechanical Return Air 10,Return Air,16x4 Connection 8 Diameter Duct,,,0C4AccZxn9LBim4QVrDA5N,,,
,,,,,,,1,Yes,,10' - 10",,,,By Type,,Default,,Air Terminal-Supply Cap-FB,Air Terminal-Supply Cap-FB: 4" DIA,300 CFM,,0ehANMXwj2txSXAM91Abvr,,,L4,,615,,,,New Construction,None,4"ø,,Supply Air,Mechanical Supply Air 43,Supply Air,4" DIA,,,0C4AccZxn9LBim4QVrDBOV,,,
,,,,,,,1,No,,10' - 8",,,,By Type,,Default,,Return Grille - Double Deflection - Curve Face Rectangular Neck,Return Grille - Double Deflection - Curve Face Rectangular Neck: 16x4 Connection 8 Diameter Duct,400 CFM,,0ehANMXwj2txSXAM91AbtP,,,L4,,616,,,,New Construction,None,16"x4",,Return Air,Mechanical Return Air 22,Return Air,16x4 Connection 8 Diameter Duct,,,0C4AccZxn9LBim4QVrDA5N,,,
,,,,,,,1,No,,10' - 8",,,,By Type,,Default,,Return Grille - Double Deflection - Curve Face Rectangular Neck,Return Grille - Double Deflection - Curve Face Rectangular Neck: 16x4 Connection 8 Diameter Duct,400 CFM,,0ehANMXwj2txSXAM91Abtl,,,L4,,617,,,,New Construction,None,16"x4",,Return Air,Mechanical Return Air 22,Return Air,16x4 Connection 8 Diameter Duct,,,0C4AccZxn9LBim4QVrDA5N,,,
,,,,,,,1,Yes,,10' - 8",,,,By Type,,Default,,Return Grille - Double Deflection - Curve Face Rectangular Neck,Return Grille - Double Deflection - Curve Face Rectangular Neck: 16x4 Connection 8 Diameter Duct,400 CFM,,0ehANMXwj2txSXAM91Abs8,,,L4,,618,,,,New Construction,None,16"x4",,Return Air,Mechanical Return Air 22,Return Air,16x4 Connection 8 Diameter Duct,,,0C4AccZxn9LBim4QVrDA5N,,,
,,,,,,,1,No,,10' - 8",,,,By Type,,Default,,Return Grille - Double Deflection - Curve Face Rectangular Neck,Return Grille - Double Deflection - Curve Face Rectangular Neck: 16x4 Connection 8 Diameter Duct,400 CFM,,0ehANMXwj2txSXAM91Absr,,,L4,,619,,,,New Construction,None,16"x4",,Return Air,Mechanical Return Air 22,Return Air,16x4 Connection 8 Diameter Duct,,,0C4AccZxn9LBim4QVrDA5N,,,
,,,,,,,1,Yes,,10' - 1 1/2",,,,By Type,,Default,,Air Terminal-Supply Cap-FB,Air Terminal-Supply Cap-FB: 4" DIA,300 CFM,,0ehANMXwj2txSXAM91Abq1,,,L4,,620,,,,New Construction,None,4"ø,,Supply Air,Mechanical Supply Air 41,Supply Air,4" DIA,,,0C4AccZxn9LBim4QVrDBOV,,,
,,,,,,,1,Yes,,10' - 2",,,,By Type,,Default,,Air Terminal-Supply Cap-FB,Air Terminal-Supply Cap-FB: 4" DIA,300 CFM,,0ehANMXwj2txSXAM91Abot,,,L4,,621,,,,New Construction,None,4"ø,,Supply Air,Mechanical Supply Air 39,Supply Air,4" DIA,,,0C4AccZxn9LBim4QVrDBOV,,,
,,,,,,,1,Yes,,10' - 8",,,,By Type,,Default,,Return Grille - Double Deflection - Curve Face Rectangular Neck,Return Grille - Double Deflection - Curve Face Rectangular Neck: 16x4 Connection 8 Diameter Duct,400 CFM,,0ehANMXwj2txSXAM91Abm$,,,L4,,622,,,,New Construction,None,16"x4",,Return Air,Mechanical Return Air 20,Return Air,16x4 Connection 8 Diameter Duct,,,0C4AccZxn9LBim4QVrDA5N,,,
,,,,,,,1,No,,10' - 8",,,,By Type,,Default,,Return Grille - Double Deflection - Curve Face Rectangular Neck,Return Grille - Double Deflection - Curve Face Rectangular Neck: 16x4 Connection 8 Diameter Duct,400 CFM,,0ehANMXwj2txSXAM91Abmh,,,L4,,623,,,,New Construction,None,16"x4",,Return Air,Mechanical Return Air 20,Return Air,16x4 Connection 8 Diameter Duct,,,0C4AccZxn9LBim4QVrDA5N,,,
,,,,,,,1,No,,10' - 8",,,,By Type,,Default,,Return Grille - Double Deflection - Curve Face Rectangular Neck,Return Grille - Double Deflection - Curve Face Rectangular Neck: 16x4 Connection 8 Diameter Duct,400 CFM,,0ehANMXwj2txSXAM91AaFN,,,L4,,624,,,,New Construction,None,16"x4",,Return Air,Mechanical Return Air 20,Return Air,16x4 Connection 8 Diameter Duct,,,0C4AccZxn9LBim4QVrDA5N,,,
,,,,,,,1,No,,11' - 6",,,,By Type,,Default,,Return Grille - Double Deflection - Curve Face Rectangular Neck,Return Grille - Double Deflection - Curve Face Rectangular Neck: 16x4 Connection 8 Diameter Duct,400 CFM,,0ehANMXwj2txSXAM91AaEH,,,L4,,625,,,,New Construction,None,16"x4",,Return Air,Mechanical Return Air 28,Return Air,16x4 Connection 8 Diameter Duct,,,0C4AccZxn9LBim4QVrDA5N,,,
,,,,,,,1,Yes,,11' - 6",,,,By Type,,Default,,Return Grille - Double Deflection - Curve Face Rectangular Neck,Return Grille - Double Deflection - Curve Face Rectangular Neck: 16x4 Connection 8 Diameter Duct,400 CFM,,0ehANMXwj2txSXAM91AaE_,,,L4,,626,,,,New Construction,None,16"x4",,Return Air,Mechanical Return Air 28,Return Air,16x4 Connection 8 Diameter Duct,,,0C4AccZxn9LBim4QVrDA5N,,,
,,,,,,,1,No,,11' - 6",,,,By Type,,Default,,Return Grille - Double Deflection - Curve Face Rectangular Neck,Return Grille - Double Deflection - Curve Face Rectangular Neck: 16x4 Connection 8 Diameter Duct,400 CFM,,0ehANMXwj2txSXAM91AaEl,,,L4,,627,,,,New Construction,None,16"x4",,Return Air,Mechanical Return Air 28,Return Air,16x4 Connection 8 Diameter Duct,,,0C4AccZxn9LBim4QVrDA5N,,,
,,,,,,,1,No,,11' - 6",,,,By Type,,Default,,Return Grille - Double Deflection - Curve Face Rectangular Neck,Return Grille - Double Deflection - Curve Face Rectangular Neck: 16x4 Connection 8 Diameter Duct,400 CFM,,0ehANMXwj2txSXAM91AaDB,,,L4,,628,,,,New Construction,None,16"x4",,Return Air,Mechanical Return Air 28,Return Air,16x4 Connection 8 Diameter Duct,,,0C4AccZxn9LBim4QVrDA5N,,,
,,,,,,,1,Yes,,10' - 10",,,,By Type,,Default,,Air Terminal-Supply Cap-FB,Air Terminal-Supply Cap-FB: 4" DIA,300 CFM,,0ehANMXwj2txSXAM91AaDY,,,L4,,629,,,,New Construction,None,4"ø,,Supply Air,Mechanical Supply Air 56,Supply Air,4" DIA,,,0C4AccZxn9LBim4QVrDBOV,,,
,,,,,,,1,Yes,,11' - 1 19/32",,,,By Type,,Default,,Return Grille - Double Deflection - Curve Face Rectangular Neck,Return Grille - Double Deflection - Curve Face Rectangular Neck: 16x4 Connection 8 Diameter Duct,400 CFM,,0ehANMXwj2txSXAM91AaBL,,,L4,,630,,,,New Construction,None,16"x4",,Return Air,Mechanical Return Air 27,Return Air,16x4 Connection 8 Diameter Duct,,,0C4AccZxn9LBim4QVrDA5N,,,
,,,,,,,1,No,,11' - 1 19/32",,,,By Type,,Default,,Return Grille - Double Deflection - Curve Face Rectangular Neck,Return Grille - Double Deflection - Curve Face Rectangular Neck: 16x4 Connection 8 Diameter Duct,400 CFM,,0ehANMXwj2txSXAM91AaB0,,,L4,,631,,,,New Construction,None,16"x4",,Return Air,Mechanical Return Air 27,Return Air,16x4 Connection 8 Diameter Duct,,,0C4AccZxn9LBim4QVrDA5N,,,
,,,,,,,1,No,,11' - 1 19/32",,,,By Type,,Default,,Return Grille - Double Deflection - Curve Face Rectangular Neck,Return Grille - Double Deflection - Curve Face Rectangular Neck: 16x4 Connection 8 Diameter Duct,400 CFM,,0ehANMXwj2txSXAM91AaAR,,,L4,,632,,,,New Construction,None,16"x4",,Return Air,Mechanical Return Air 27,Return Air,16x4 Connection 8 Diameter Duct,,,0C4AccZxn9LBim4QVrDA5N,,,
,,,,,,,1,Yes,,10' - 4",,,,By Type,,Default,,Air Terminal-Supply Cap-FB,Air Terminal-Supply Cap-FB: 4" DIA,300 CFM,,0ehANMXwj2txSXAM91AaAo,,,L4,,633,,,,New Construction,None,4"ø,,Supply Air,Mechanical Supply Air 54,Supply Air,4" DIA,,,0C4AccZxn9LBim4QVrDBOV,,,
,,,,,,,1,No,,11' - 0",,,,By Type,,Default,,Return Grille - Double Deflection - Curve Face Rectangular Neck,Return Grille - Double Deflection - Curve Face Rectangular Neck: 16x4 Connection 8 Diameter Duct,400 CFM,,0ehANMXwj2txSXAM91Aa9o,,,L4,,634,,,,New Construction,None,16"x4",,Return Air,Mechanical Return Air 25,Return Air,16x4 Connection 8 Diameter Duct,,,0C4AccZxn9LBim4QVrDA5N,,,
,,,,,,,1,No,,11' - 0",,,,By Type,,Default,,Return Grille - Double Deflection - Curve Face Rectangular Neck,Return Grille - Double Deflection - Curve Face Rectangular Neck: 16x4 Connection 8 Diameter Duct,400 CFM,,0ehANMXwj2txSXAM91Aa9a,,,L4,,635,,,,New Construction,None,16"x4",,Return Air,Mechanical Return Air 25,Return Air,16x4 Connection 8 Diameter Duct,,,0C4AccZxn9LBim4QVrDA5N,,,
,,,,,,,1,No,,11' - 0",,,,By Type,,Default,,Return Grille - Double Deflection - Curve Face Rectangular Neck,Return Grille - Double Deflection - Curve Face Rectangular Neck: 16x4 Connection 8 Diameter Duct,400 CFM,,0ehANMXwj2txSXAM91Aa8V,,,L4,,636,,,,New Construction,None,16"x4",,Return Air,Mechanical Return Air 25,Return Air,16x4 Connection 8 Diameter Duct,,,0C4AccZxn9LBim4QVrDA5N,,,
,,,,,,,1,Yes,,11' - 0",,,,By Type,,Default,,Return Grille - Double Deflection - Curve Face Rectangular Neck,Return Grille - Double Deflection - Curve Face Rectangular Neck: 16x4 Connection 8 Diameter Duct,400 CFM,,0ehANMXwj2txSXAM91Aa8B,,,L4,,637,,,,New Construction,None,16"x4",,Return Air,Mechanical Return Air 25,Return Air,16x4 Connection 8 Diameter Duct,,,0C4AccZxn9LBim4QVrDA5N,,,
,,,,,,,1,Yes,,10' - 10",,,,By Type,,Default,,Air Terminal-Supply Cap-FB,Air Terminal-Supply Cap-FB: 4" DIA,300 CFM,,0ehANMXwj2txSXAM91Aa8W,,,L4,,638,,,,New Construction,None,4"ø,,Supply Air,Mechanical Supply Air 48,Supply Air,4" DIA,,,0C4AccZxn9LBim4QVrDBOV,,,
,,,,,,,1,No,,10' - 8",,,,By Type,,Default,,Return Grille - Double Deflection - Curve Face Rectangular Neck,Return Grille - Double Deflection - Curve Face Rectangular Neck: 16x4 Connection 8 Diameter Duct,400 CFM,,0ehANMXwj2txSXAM91Aa5C,,,L4,,639,,,,New Construction,None,16"x4",,Return Air,Mechanical Return Air 24,Return Air,16x4 Connection 8 Diameter Duct,,,0C4AccZxn9LBim4QVrDA5N,,,
,,,,,,,1,No,,10' - 8",,,,By Type,,Default,,Return Grille - Double Deflection - Curve Face Rectangular Neck,Return Grille - Double Deflection - Curve Face Rectangular Neck: 16x4 Connection 8 Diameter Duct,400 CFM,,0ehANMXwj2txSXAM91Aa5b,,,L4,,640,,,,New Construction,None,16"x4",,Return Air,Mechanical Return Air 24,Return Air,16x4 Connection 8 Diameter Duct,,,0C4AccZxn9LBim4QVrDA5N,,,
,,,,,,,1,No,,10' - 8",,,,By Type,,Default,,Return Grille - Double Deflection - Curve Face Rectangular Neck,Return Grille - Double Deflection - Curve Face Rectangular Neck: 16x4 Connection 8 Diameter Duct,400 CFM,,0ehANMXwj2txSXAM91Aa4U,,,L4,,641,,,,New Construction,None,16"x4",,Return Air,Mechanical Return Air 24,Return Air,16x4 Connection 8 Diameter Duct,,,0C4AccZxn9LBim4QVrDA5N,,,
,,,,,,,1,Yes,,10' - 8",,,,By Type,,Default,,Return Grille - Double Deflection - Curve Face Rectangular Neck,Return Grille - Double Deflection - Curve Face Rectangular Neck: 16x4 Connection 8 Diameter Duct,400 CFM,,0ehANMXwj2txSXAM91Aa4i,,,L4,,642,,,,New Construction,None,16"x4",,Return Air,Mechanical Return Air 24,Return Air,16x4 Connection 8 Diameter Duct,,,0C4AccZxn9LBim4QVrDA5N,,,
,,,,,,,1,No,,10' - 8",,,,By Type,,Default,,Return Grille - Double Deflection - Curve Face Rectangular Neck,Return Grille - Double Deflection - Curve Face Rectangular Neck: 16x4 Connection 8 Diameter Duct,400 CFM,,0ehANMXwj2txSXAM91Aa3w,,,L4,,643,,,,New Construction,None,16"x4",,Return Air,Mechanical Return Air 24,Return Air,16x4 Connection 8 Diameter Duct,,,0C4AccZxn9LBim4QVrDA5N,,,
,,,,,,,1,No,,10' - 8",,,,By Type,,Default,,Return Grille - Double Deflection - Curve Face Rectangular Neck,Return Grille - Double Deflection - Curve Face Rectangular Neck: 16x4 Connection 8 Diameter Duct,400 CFM,,0ehANMXwj2txSXAM91Aa2U,,,L4,,644,,,,New Construction,None,16"x4",,Return Air,Mechanical Return Air 24,Return Air,16x4 Connection 8 Diameter Duct,,,0C4AccZxn9LBim4QVrDA5N,,,
,,,,,,,1,Yes,,10' - 10",,,,By Type,,Default,,Air Terminal-Supply Cap-FB,Air Terminal-Supply Cap-FB: 4" DIA,300 CFM,,0ehANMXwj2txSXAM91Aa1A,,,L4,,645,,,,New Construction,None,4"ø,,Supply Air,Mechanical Supply Air 47,Supply Air,4" DIA,,,0C4AccZxn9LBim4QVrDBOV,,,
,,,,,,,1,Yes,,10' - 10",,,,By Type,,Default,,Air Terminal-Supply Cap-FB,Air Terminal-Supply Cap-FB: 4" DIA,300 CFM,,0ehANMXwj2txSXAM91Aa09,,,L4,,646,,,,New Construction,None,4"ø,,Supply Air,Mechanical Supply Air 45,Supply Air,4" DIA,,,0C4AccZxn9LBim4QVrDBOV,,,
,,,,,,,1,No,,11' - 10",,,,By Type,,Default,,Return Grille - Double Deflection - Curve Face Rectangular Neck,Return Grille - Double Deflection - Curve Face Rectangular Neck: 16x4 Connection 8 Diameter Duct,400 CFM,,0ehANMXwj2txSXAM91AaUG,,,L4,,647,,,,New Construction,None,16"x4",,Return Air,Mechanical Return Air 23,Return Air,16x4 Connection 8 Diameter Duct,,,0C4AccZxn9LBim4QVrDA5N,,,
,,,,,,,1,No,,11' - 10",,,,By Type,,Default,,Return Grille - Double Deflection - Curve Face Rectangular Neck,Return Grille - Double Deflection - Curve Face Rectangular Neck: 16x4 Connection 8 Diameter Duct,400 CFM,,0ehANMXwj2txSXAM91AaUn,,,L4,,648,,,,New Construction,None,16"x4",,Return Air,Mechanical Return Air 23,Return Air,16x4 Connection 8 Diameter Duct,,,0C4AccZxn9LBim4QVrDA5N,,,
,,,,,,,1,No,,10' - 8",,,,By Type,,Default,,Return Grille - Double Deflection - Curve Face Rectangular Neck,Return Grille - Double Deflection - Curve Face Rectangular Neck: 16x4 Connection 8 Diameter Duct,400 CFM,,0ehANMXwj2txSXAM91AaTK,,,L4,,649,,,,New Construction,None,16"x4",,Return Air,Mechanical Return Air 23,Return Air,16x4 Connection 8 Diameter Duct,,,0C4AccZxn9LBim4QVrDA5N,,,
,,,,,,,1,No,,10' - 8",,,,By Type,,Default,,Return Grille - Double Deflection - Curve Face Rectangular Neck,Return Grille - Double Deflection - Curve Face Rectangular Neck: 16x4 Connection 8 Diameter Duct,400 CFM,,0ehANMXwj2txSXAM91AaT6,,,L4,,650,,,,New Construction,None,16"x4",,Return Air,Mechanical Return Air 23,Return Air,16x4 Connection 8 Diameter Duct,,,0C4AccZxn9LBim4QVrDA5N,,,
,,,,,,,1,No,,10' - 8",,,,By Type,,Default,,Return Grille - Double Deflection - Curve Face Rectangular Neck,Return Grille - Double Deflection - Curve Face Rectangular Neck: 16x4 Connection 8 Diameter Duct,400 CFM,,0ehANMXwj2txSXAM91AaTZ,,,L4,,651,,,,New Construction,None,16"x4",,Return Air,Mechanical Return Air 23,Return Air,16x4 Connection 8 Diameter Duct,,,0C4AccZxn9LBim4QVrDA5N,,,
,,,,,,,1,No,,10' - 8",,,,By Type,,Default,,Return Grille - Double Deflection - Curve Face Rectangular Neck,Return Grille - Double Deflection - Curve Face Rectangular Neck: 16x4 Connection 8 Diameter Duct,400 CFM,,0ehANMXwj2txSXAM91AaRJ,,,L4,,652,,,,New Construction,None,16"x4",,Return Air,Mechanical Return Air 23,Return Air,16x4 Connection 8 Diameter Duct,,,0C4AccZxn9LBim4QVrDA5N,,,
,,,,,,,1,Yes,,10' - 8",,,,By Type,,Default,,Return Grille - Double Deflection - Curve Face Rectangular Neck,Return Grille - Double Deflection - Curve Face Rectangular Neck: 16x4 Connection 8 Diameter Duct,400 CFM,,0ehANMXwj2txSXAM91AaQ8,,,L4,,653,,,,New Construction,None,16"x4",,Return Air,Mechanical Return Air 23,Return Air,16x4 Connection 8 Diameter Duct,,,0C4AccZxn9LBim4QVrDA5N,,,
,,,,,,,1,Yes,,10' - 8",,,,By Type,,Default,,Return Grille - Double Deflection - Curve Face Rectangular Neck,Return Grille - Double Deflection - Curve Face Rectangular Neck: 16x4 Connection 8 Diameter Duct,400 CFM,,1R9g75Iv9DHgU1sEBTvqqR,,,L5,,654,,,,New Construction,None,16"x4",,Return Air,Mechanical Return Air 29,Return Air,16x4 Connection 8 Diameter Duct,,,0C4AccZxn9LBim4QVrDA5N,,,
,,,,,,,1,No,,10' - 8",,,,By Type,,Default,,Return Grille - Double Deflection - Curve Face Rectangular Neck,Return Grille - Double Deflection - Curve Face Rectangular Neck: 16x4 Connection 8 Diameter Duct,400 CFM,,1R9g75Iv9DHgU1sEBTvqqN,,,L5,,655,,,,New Construction,None,16"x4",,Return Air,Mechanical Return Air 29,Return Air,16x4 Connection 8 Diameter Duct,,,0C4AccZxn9LBim4QVrDA5N,,,
,,,,,,,1,No,,10' - 8",,,,By Type,,Default,,Return Grille - Double Deflection - Curve Face Rectangular Neck,Return Grille - Double Deflection - Curve Face Rectangular Neck: 16x4 Connection 8 Diameter Duct,400 CFM,,1R9g75Iv9DHgU1sEBTvqr8,,,L5,,656,,,,New Construction,None,16"x4",,Return Air,Mechanical Return Air 29,Return Air,16x4 Connection 8 Diameter Duct,,,0C4AccZxn9LBim4QVrDA5N,,,
,,,,,,,1,No,,10' - 8",,,,By Type,,Default,,Return Grille - Double Deflection - Curve Face Rectangular Neck,Return Grille - Double Deflection - Curve Face Rectangular Neck: 16x4 Connection 8 Diameter Duct,400 CFM,,1R9g75Iv9DHgU1sEBTvqr5,,,L5,,657,,,,New Construction,None,16"x4",,Return Air,Mechanical Return Air 29,Return Air,16x4 Connection 8 Diameter Duct,,,0C4AccZxn9LBim4QVrDA5N,,,
,,,,,,,1,No,,10' - 8",,,,By Type,,Default,,Return Grille - Double Deflection - Curve Face Rectangular Neck,Return Grille - Double Deflection - Curve Face Rectangular Neck: 16x4 Connection 8 Diameter Duct,400 CFM,,1R9g75Iv9DHgU1sEBTvqrW,,,L5,,658,,,,New Construction,None,16"x4",,Return Air,Mechanical Return Air 29,Return Air,16x4 Connection 8 Diameter Duct,,,0C4AccZxn9LBim4QVrDA5N,,,
,,,,,,,1,No,,11' - 10",,,,By Type,,Default,,Return Grille - Double Deflection - Curve Face Rectangular Neck,Return Grille - Double Deflection - Curve Face Rectangular Neck: 16x4 Connection 8 Diameter Duct,400 CFM,,1R9g75Iv9DHgU1sEBTvqsh,,,L5,,659,,,,New Construction,None,16"x4",,Return Air,Mechanical Return Air 29,Return Air,16x4 Connection 8 Diameter Duct,,,0C4AccZxn9LBim4QVrDA5N,,,
,,,,,,,1,No,,11' - 10",,,,By Type,,Default,,Return Grille - Double Deflection - Curve Face Rectangular Neck,Return Grille - Double Deflection - Curve Face Rectangular Neck: 16x4 Connection 8 Diameter Duct,400 CFM,,1R9g75Iv9DHgU1sEBTvqtQ,,,L5,,660,,,,New Construction,None,16"x4",,Return Air,Mechanical Return Air 29,Return Air,16x4 Connection 8 Diameter Duct,,,0C4AccZxn9LBim4QVrDA5N,,,
,,,,,,,1,Yes,,10' - 10",,,,By Type,,Default,,Air Terminal-Supply Cap-FB,Air Terminal-Supply Cap-FB: 4" DIA,300 CFM,,1R9g75Iv9DHgU1sEBTvqmP,,,L5,,661,,,,New Construction,None,4"ø,,Supply Air,Mechanical Supply Air 58,Supply Air,4" DIA,,,0C4AccZxn9LBim4QVrDBOV,,,
,,,,,,,1,Yes,,10' - 10",,,,By Type,,Default,,Air Terminal-Supply Cap-FB,Air Terminal-Supply Cap-FB: 4" DIA,300 CFM,,1R9g75Iv9DHgU1sEBTvqnQ,,,L5,,662,,,,New Construction,None,4"ø,,Supply Air,Mechanical Supply Air 61,Supply Air,4" DIA,,,0C4AccZxn9LBim4QVrDBOV,,,
,,,,,,,1,No,,10' - 8",,,,By Type,,Default,,Return Grille - Double Deflection - Curve Face Rectangular Neck,Return Grille - Double Deflection - Curve Face Rectangular Neck: 16x4 Connection 8 Diameter Duct,400 CFM,,1R9g75Iv9DHgU1sEBTvqoc,,,L5,,663,,,,New Construction,None,16"x4",,Return Air,Mechanical Return Air 30,Return Air,16x4 Connection 8 Diameter Duct,,,0C4AccZxn9LBim4QVrDA5N,,,
,,,,,,,1,No,,10' - 8",,,,By Type,,Default,,Return Grille - Double Deflection - Curve Face Rectangular Neck,Return Grille - Double Deflection - Curve Face Rectangular Neck: 16x4 Connection 8 Diameter Duct,400 CFM,,1R9g75Iv9DHgU1sEBTvqp2,,,L5,,664,,,,New Construction,None,16"x4",,Return Air,Mechanical Return Air 30,Return Air,16x4 Connection 8 Diameter Duct,,,0C4AccZxn9LBim4QVrDA5N,,,
,,,,,,,1,No,,10' - 8",,,,By Type,,Default,,Return Grille - Double Deflection - Curve Face Rectangular Neck,Return Grille - Double Deflection - Curve Face Rectangular Neck: 16x4 Connection 8 Diameter Duct,400 CFM,,1R9g75Iv9DHgU1sEBTvqDe,,,L5,,665,,,,New Construction,None,16"x4",,Return Air,Mechanical Return Air 30,Return Air,16x4 Connection 8 Diameter Duct,,,0C4AccZxn9LBim4QVrDA5N,,,
,,,,,,,1,Yes,,10' - 8",,,,By Type,,Default,,Return Grille - Double Deflection - Curve Face Rectangular Neck,Return Grille - Double Deflection - Curve Face Rectangular Neck: 16x4 Connection 8 Diameter Duct,400 CFM,,1R9g75Iv9DHgU1sEBTvqEl,,,L5,,666,,,,New Construction,None,16"x4",,Return Air,Mechanical Return Air 30,Return Air,16x4 Connection 8 Diameter Duct,,,0C4AccZxn9LBim4QVrDA5N,,,
,,,,,,,1,No,,10' - 8",,,,By Type,,Default,,Return Grille - Double Deflection - Curve Face Rectangular Neck,Return Grille - Double Deflection - Curve Face Rectangular Neck: 16x4 Connection 8 Diameter Duct,400 CFM,,1R9g75Iv9DHgU1sEBTvqFA,,,L5,,667,,,,New Construction,None,16"x4",,Return Air,Mechanical Return Air 30,Return Air,16x4 Connection 8 Diameter Duct,,,0C4AccZxn9LBim4QVrDA5N,,,
,,,,,,,1,No,,10' - 8",,,,By Type,,Default,,Return Grille - Double Deflection - Curve Face Rectangular Neck,Return Grille - Double Deflection - Curve Face Rectangular Neck: 16x4 Connection 8 Diameter Duct,400 CFM,,1R9g75Iv9DHgU1sEBTvq8R,,,L5,,668,,,,New Construction,None,16"x4",,Return Air,Mechanical Return Air 30,Return Air,16x4 Connection 8 Diameter Duct,,,0C4AccZxn9LBim4QVrDA5N,,,
,,,,,,,1,No,,10' - 8",,,,By Type,,Default,,Return Grille - Double Deflection - Curve Face Rectangular Neck,Return Grille - Double Deflection - Curve Face Rectangular Neck: 16x4 Connection 8 Diameter Duct,400 CFM,,1R9g75Iv9DHgU1sEBTvq8q,,,L5,,669,,,,New Construction,None,16"x4",,Return Air,Mechanical Return Air 30,Return Air,16x4 Connection 8 Diameter Duct,,,0C4AccZxn9LBim4QVrDA5N,,,
,,,,,,,1,Yes,,10' - 10",,,,By Type,,Default,,Air Terminal-Supply Cap-FB,Air Terminal-Supply Cap-FB: 4" DIA,300 CFM,,1R9g75Iv9DHgU1sEBTvq9n,,,L5,,670,,,,New Construction,None,4"ø,,Supply Air,Mechanical Supply Air 63,Supply Air,4" DIA,,,0C4AccZxn9LBim4QVrDBOV,,,
,,,,,,,1,No,,11' - 0",,,,By Type,,Default,,Return Grille - Double Deflection - Curve Face Rectangular Neck,Return Grille - Double Deflection - Curve Face Rectangular Neck: 16x4 Connection 8 Diameter Duct,400 CFM,,1R9g75Iv9DHgU1sEBTvqBm,,,L5,,671,,,,New Construction,None,16"x4",,Return Air,Mechanical Return Air 31,Return Air,16x4 Connection 8 Diameter Duct,,,0C4AccZxn9LBim4QVrDA5N,,,
,,,,,,,1,Yes,,11' - 0",,,,By Type,,Default,,Return Grille - Double Deflection - Curve Face Rectangular Neck,Return Grille - Double Deflection - Curve Face Rectangular Neck: 16x4 Connection 8 Diameter Duct,400 CFM,,1R9g75Iv9DHgU1sEBTvqBr,,,L5,,672,,,,New Construction,None,16"x4",,Return Air,Mechanical Return Air 31,Return Air,16x4 Connection 8 Diameter Duct,,,0C4AccZxn9LBim4QVrDA5N,,,
,,,,,,,1,No,,11' - 0",,,,By Type,,Default,,Return Grille - Double Deflection - Curve Face Rectangular Neck,Return Grille - Double Deflection - Curve Face Rectangular Neck: 16x4 Connection 8 Diameter Duct,400 CFM,,1R9g75Iv9DHgU1sEBTvqBc,,,L5,,673,,,,New Construction,None,16"x4",,Return Air,Mechanical Return Air 31,Return Air,16x4 Connection 8 Diameter Duct,,,0C4AccZxn9LBim4QVrDA5N,,,
,,,,,,,1,No,,11' - 0",,,,By Type,,Default,,Return Grille - Double Deflection - Curve Face Rectangular Neck,Return Grille - Double Deflection - Curve Face Rectangular Neck: 16x4 Connection 8 Diameter Duct,400 CFM,,1R9g75Iv9DHgU1sEBTvq4T,,,L5,,674,,,,New Construction,None,16"x4",,Return Air,Mechanical Return Air 31,Return Air,16x4 Connection 8 Diameter Duct,,,0C4AccZxn9LBim4QVrDA5N,,,
,,,,,,,1,No,,10' - 6",,,,By Type,,Default,,Return Grille - Double Deflection - Curve Face Rectangular Neck,Return Grille - Double Deflection - Curve Face Rectangular Neck: 16x4 Connection 8 Diameter Duct,400 CFM,,1R9g75Iv9DHgU1sEBTvq57,,,L5,,675,,,,New Construction,None,16"x4",,Return Air,Mechanical Return Air 32,Return Air,16x4 Connection 8 Diameter Duct,,,0C4AccZxn9LBim4QVrDA5N,,,
,,,,,,,1,Yes,,10' - 6 1/16",,,,By Type,,Default,,Return Grille - Double Deflection - Curve Face Rectangular Neck,Return Grille - Double Deflection - Curve Face Rectangular Neck: 16x4 Connection 8 Diameter Duct,400 CFM,,1R9g75Iv9DHgU1sEBTvq5a,,,L5,,676,,,,New Construction,None,16"x4",,Return Air,Mechanical Return Air 32,Return Air,16x4 Connection 8 Diameter Duct,,,0C4AccZxn9LBim4QVrDA5N,,,
,,,,,,,1,Yes,,10' - 10",,,,By Type,,Default,,Air Terminal-Supply Cap-FB,Air Terminal-Supply Cap-FB: 4" DIA,300 CFM,,1R9g75Iv9DHgU1sEBTvq6e,,,L5,,677,,,,New Construction,None,4"ø,,Supply Air,Mechanical Supply Air 67,Supply Air,4" DIA,,,0C4AccZxn9LBim4QVrDBOV,,,
,,,,,,,1,No,,11' - 1 19/32",,,,By Type,,Default,,Return Grille - Double Deflection - Curve Face Rectangular Neck,Return Grille - Double Deflection - Curve Face Rectangular Neck: 16x4 Connection 8 Diameter Duct,400 CFM,,1R9g75Iv9DHgU1sEBTvq08,,,L5,,678,,,,New Construction,None,16"x4",,Return Air,Mechanical Return Air 36,Return Air,16x4 Connection 8 Diameter Duct,,,0C4AccZxn9LBim4QVrDA5N,,,
,,,,,,,1,No,,11' - 1 19/32",,,,By Type,,Default,,Return Grille - Double Deflection - Curve Face Rectangular Neck,Return Grille - Double Deflection - Curve Face Rectangular Neck: 16x4 Connection 8 Diameter Duct,400 CFM,,1R9g75Iv9DHgU1sEBTvq0w,,,L5,,679,,,,New Construction,None,16"x4",,Return Air,Mechanical Return Air 36,Return Air,16x4 Connection 8 Diameter Duct,,,0C4AccZxn9LBim4QVrDA5N,,,
,,,,,,,1,Yes,,11' - 1 19/32",,,,By Type,,Default,,Return Grille - Double Deflection - Curve Face Rectangular Neck,Return Grille - Double Deflection - Curve Face Rectangular Neck: 16x4 Connection 8 Diameter Duct,400 CFM,,1R9g75Iv9DHgU1sEBTvq0t,,,L5,,680,,,,New Construction,None,16"x4",,Return Air,Mechanical Return Air 36,Return Air,16x4 Connection 8 Diameter Duct,,,0C4AccZxn9LBim4QVrDA5N,,,
,,,,,,,1,Yes,,10' - 4",,,,By Type,,Default,,Air Terminal-Supply Cap-FB,Air Terminal-Supply Cap-FB: 4" DIA,300 CFM,,1R9g75Iv9DHgU1sEBTvq1X,,,L5,,681,,,,New Construction,None,4"ø,,Supply Air,Mechanical Supply Air 74,Supply Air,4" DIA,,,0C4AccZxn9LBim4QVrDBOV,,,
,,,,,,,1,Yes,,10' - 10",,,,By Type,,Default,,Air Terminal-Supply Cap-FB,Air Terminal-Supply Cap-FB: 4" DIA,300 CFM,,1R9g75Iv9DHgU1sEBTvq2a,,,L5,,682,,,,New Construction,None,4"ø,,Supply Air,Mechanical Supply Air 91,Supply Air,4" DIA,,,0C4AccZxn9LBim4QVrDBOV,,,
,,,,,,,1,No,,11' - 6",,,,By Type,,Default,,Return Grille - Double Deflection - Curve Face Rectangular Neck,Return Grille - Double Deflection - Curve Face Rectangular Neck: 16x4 Connection 8 Diameter Duct,400 CFM,,1R9g75Iv9DHgU1sEBTvqSe,,,L5,,683,,,,New Construction,None,16"x4",,Return Air,Mechanical Return Air 41,Return Air,16x4 Connection 8 Diameter Duct,,,0C4AccZxn9LBim4QVrDA5N,,,
,,,,,,,1,No,,11' - 6",,,,By Type,,Default,,Return Grille - Double Deflection - Curve Face Rectangular Neck,Return Grille - Double Deflection - Curve Face Rectangular Neck: 16x4 Connection 8 Diameter Duct,400 CFM,,1R9g75Iv9DHgU1sEBTvqTz,,,L5,,684,,,,New Construction,None,16"x4",,Return Air,Mechanical Return Air 41,Return Air,16x4 Connection 8 Diameter Duct,,,0C4AccZxn9LBim4QVrDA5N,,,
,,,,,,,1,No,,11' - 6",,,,By Type,,Default,,Return Grille - Double Deflection - Curve Face Rectangular Neck,Return Grille - Double Deflection - Curve Face Rectangular Neck: 16x4 Connection 8 Diameter Duct,400 CFM,,1R9g75Iv9DHgU1sEBTvqUa,,,L5,,685,,,,New Construction,None,16"x4",,Return Air,Mechanical Return Air 41,Return Air,16x4 Connection 8 Diameter Duct,,,0C4AccZxn9LBim4QVrDA5N,,,
,,,,,,,1,Yes,,11' - 6",,,,By Type,,Default,,Return Grille - Double Deflection - Curve Face Rectangular Neck,Return Grille - Double Deflection - Curve Face Rectangular Neck: 16x4 Connection 8 Diameter Duct,400 CFM,,1R9g75Iv9DHgU1sEBTvqVK,,,L5,,686,,,,New Construction,None,16"x4",,Return Air,Mechanical Return Air 41,Return Air,16x4 Connection 8 Diameter Duct,,,0C4AccZxn9LBim4QVrDA5N,,,
,,,,,,,1,No,,10' - 2",,,,By Type,,Default,,Return Grille - Double Deflection - Curve Face Rectangular Neck,Return Grille - Double Deflection - Curve Face Rectangular Neck: 16x4 Connection 8 Diameter Duct,400 CFM,,1R9g75Iv9DHgU1sEBTvtlW,,,L1 - Block 35,,687,,,,New Construction,None,16"x4",,Return Air,Mechanical Return Air 14,Return Air,16x4 Connection 8 Diameter Duct,,,0C4AccZxn9LBim4QVrDA5N,,,
,,,,,,,1,Yes,,10' - 2",,,,By Type,,Default,,Return Grille - Double Deflection - Curve Face Rectangular Neck,Return Grille - Double Deflection - Curve Face Rectangular Neck: 16x4 Connection 8 Diameter Duct,400 CFM,,1R9g75Iv9DHgU1sEBTvtev,,,L1 - Block 35,,688,,,,New Construction,None,16"x4",,Return Air,Mechanical Return Air 14,Return Air,16x4 Connection 8 Diameter Duct,,,0C4AccZxn9LBim4QVrDA5N,,,
,,,,,,,1,No,,10' - 2",,,,By Type,,Default,,Return Grille - Double Deflection - Curve Face Rectangular Neck,Return Grille - Double Deflection - Curve Face Rectangular Neck: 16x4 Connection 8 Diameter Duct,400 CFM,,1R9g75Iv9DHgU1sEBTvtfL,,,L1 - Block 35,,689,,,,New Construction,None,16"x4",,Return Air,Mechanical Return Air 14,Return Air,16x4 Connection 8 Diameter Duct,,,0C4AccZxn9LBim4QVrDA5N,,,
,,,,,,,1,No,,10' - 2",,,,By Type,,Default,,Return Grille - Double Deflection - Curve Face Rectangular Neck,Return Grille - Double Deflection - Curve Face Rectangular Neck: 16x4 Connection 8 Diameter Duct,400 CFM,,1R9g75Iv9DHgU1sEBTvtf2,,,L1 - Block 35,,690,,,,New Construction,None,16"x4",,Return Air,Mechanical Return Air 14,Return Air,16x4 Connection 8 Diameter Duct,,,0C4AccZxn9LBim4QVrDA5N,,,
,,,,,,,1,No,,10' - 2",,,,By Type,,Default,,Return Grille - Double Deflection - Curve Face Rectangular Neck,Return Grille - Double Deflection - Curve Face Rectangular Neck: 16x4 Connection 8 Diameter Duct,400 CFM,,1R9g75Iv9DHgU1sEBTvtfa,,,L1 - Block 35,,691,,,,New Construction,None,16"x4",,Return Air,Mechanical Return Air 14,Return Air,16x4 Connection 8 Diameter Duct,,,0C4AccZxn9LBim4QVrDA5N,,,
,,,,,,,1,Yes,,10' - 8",,,,By Type,,Default,,Air Terminal-Supply Cap-FB,Air Terminal-Supply Cap-FB: 4" DIA,300 CFM,,1R9g75Iv9DHgU1sEBTvthQ,,,M1,,692,,,,New Construction,None,4"ø,,Supply Air,Mechanical Supply Air 30,Supply Air,4" DIA,,,0C4AccZxn9LBim4QVrDBOV,,,
,,,,,,,1,Yes,,7' - 8",,,,By Type,,Default,,Return Grille - Double Deflection - Curve Face Rectangular Neck,Return Grille - Double Deflection - Curve Face Rectangular Neck: 16x4 Connection 8 Diameter Duct,400 CFM,,1R9g75Iv9DHgU1sEBTvtdK,,,L1 - Block 35,,693,,,,New Construction,None,16"x4",,Return Air,Mechanical Return Air 35,Return Air,16x4 Connection 8 Diameter Duct,,,0C4AccZxn9LBim4QVrDA5N,,,
,,,,,,,1,No,,7' - 8 1/32",,,,By Type,,Default,,Return Grille - Double Deflection - Curve Face Rectangular Neck,Return Grille - Double Deflection - Curve Face Rectangular Neck: 16x4 Connection 8 Diameter Duct,400 CFM,,1R9g75Iv9DHgU1sEBTvtd7,,,L1 - Block 35,,694,,,,New Construction,None,16"x4",,Return Air,Mechanical Return Air 35,Return Air,16x4 Connection 8 Diameter Duct,,,0C4AccZxn9LBim4QVrDA5N,,,
,,,,,,,1,No,,7' - 8 1/32",,,,By Type,,Default,,Return Grille - Double Deflection - Curve Face Rectangular Neck,Return Grille - Double Deflection - Curve Face Rectangular Neck: 16x4 Connection 8 Diameter Duct,400 CFM,,1R9g75Iv9DHgU1sEBTvtWS,,,L1 - Block 35,,695,,,,New Construction,None,16"x4",,Return Air,Mechanical Return Air 35,Return Air,16x4 Connection 8 Diameter Duct,,,0C4AccZxn9LBim4QVrDA5N,,,
,,,,,,,1,No,,10' - 8",,,,By Type,,Default,,Return Grille - Double Deflection - Curve Face Rectangular Neck,Return Grille - Double Deflection - Curve Face Rectangular Neck: 16x4 Connection 8 Diameter Duct,400 CFM,,1R9g75Iv9DHgU1sEBTvtYE,,,L4,,696,,,,New Construction,None,16"x4",,Return Air,Mechanical Return Air 21,Return Air,16x4 Connection 8 Diameter Duct,,,0C4AccZxn9LBim4QVrDA5N,,,
,,,,,,,1,No,,10' - 8",,,,By Type,,Default,,Return Grille - Double Deflection - Curve Face Rectangular Neck,Return Grille - Double Deflection - Curve Face Rectangular Neck: 16x4 Connection 8 Diameter Duct,400 CFM,,1R9g75Iv9DHgU1sEBTvtYt,,,L4,,697,,,,New Construction,None,16"x4",,Return Air,Mechanical Return Air 21,Return Air,16x4 Connection 8 Diameter Duct,,,0C4AccZxn9LBim4QVrDA5N,,,
,,,,,,,1,Yes,,10' - 8",,,,By Type,,Default,,Return Grille - Double Deflection - Curve Face Rectangular Neck,Return Grille - Double Deflection - Curve Face Rectangular Neck: 16x4 Connection 8 Diameter Duct,400 CFM,,1R9g75Iv9DHgU1sEBTvtYa,,,L4,,698,,,,New Construction,None,16"x4",,Return Air,Mechanical Return Air 21,Return Air,16x4 Connection 8 Diameter Duct,,,0C4AccZxn9LBim4QVrDA5N,,,
,,,,,,,1,No,,-12' - 1 1/2",,,,By Type,,Default,,Return Grille - Double Deflection - Curve Face Rectangular Neck,Return Grille - Double Deflection - Curve Face Rectangular Neck: 16x4 Connection 8 Diameter Duct,400 CFM,,1R9g75Iv9DHgU1sEBTvtzo,,,L3,,699,,,,New Construction,None,16"x4",,Return Air,Mechanical Return Air 26,Return Air,16x4 Connection 8 Diameter Duct,,,0C4AccZxn9LBim4QVrDA5N,,,
,,,,,,,1,No,,10' - 0",,,,By Type,,Default,,Return Grille - Double Deflection - Curve Face Rectangular Neck,Return Grille - Double Deflection - Curve Face Rectangular Neck: 16x4 Connection 8 Diameter Duct,400 CFM,,1R9g75Iv9DHgU1sEBTvt_Y,,,L1 - Block 37,,700,,,,New Construction,None,16"x4",,Return Air,Mechanical Return Air 26,Return Air,16x4 Connection 8 Diameter Duct,,,0C4AccZxn9LBim4QVrDA5N,,,
,,,,,,,1,Yes,,10' - 0",,,,By Type,,Default,,Return Grille - Double Deflection - Curve Face Rectangular Neck,Return Grille - Double Deflection - Curve Face Rectangular Neck: 16x4 Connection 8 Diameter Duct,400 CFM,,1R9g75Iv9DHgU1sEBTvt$G,,,L1 - Block 37,,701,,,,New Construction,None,16"x4",,Return Air,Mechanical Return Air 26,Return Air,16x4 Connection 8 Diameter Duct,,,0C4AccZxn9LBim4QVrDA5N,,,
,,,,,,,1,No,,10' - 0",,,,By Type,,Default,,Return Grille - Double Deflection - Curve Face Rectangular Neck,Return Grille - Double Deflection - Curve Face Rectangular Neck: 16x4 Connection 8 Diameter Duct,400 CFM,,1R9g75Iv9DHgU1sEBTvt$5,,,L1 - Block 37,,702,,,,New Construction,None,16"x4",,Return Air,Mechanical Return Air 26,Return Air,16x4 Connection 8 Diameter Duct,,,0C4AccZxn9LBim4QVrDA5N,,,
,,,,,,,1,No,,-11' - 11 11/32",,,,By Type,,Default,,Return Grille - Double Deflection - Curve Face Rectangular Neck,Return Grille - Double Deflection - Curve Face Rectangular Neck: 16x4 Connection 8 Diameter Duct,400 CFM,,1R9g75Iv9DHgU1sEBTvtvm,,,L3,,703,,,,New Construction,None,16"x4",,Return Air,Mechanical Return Air 33,Return Air,16x4 Connection 8 Diameter Duct,,,0C4AccZxn9LBim4QVrDA5N,,,
,,,,,,,1,No,,-11' - 11 11/32",,,,By Type,,Default,,Return Grille - Double Deflection - Curve Face Rectangular Neck,Return Grille - Double Deflection - Curve Face Rectangular Neck: 16x4 Connection 8 Diameter Duct,400 CFM,,1R9g75Iv9DHgU1sEBTvtvX,,,L3,,704,,,,New Construction,None,16"x4",,Return Air,Mechanical Return Air 33,Return Air,16x4 Connection 8 Diameter Duct,,,0C4AccZxn9LBim4QVrDA5N,,,
,,,,,,,1,Yes,,-11' - 11 11/32",,,,By Type,,Default,,Return Grille - Double Deflection - Curve Face Rectangular Neck,Return Grille - Double Deflection - Curve Face Rectangular Neck: 16x4 Connection 8 Diameter Duct,400 CFM,,1R9g75Iv9DHgU1sEBTvtwH,,,L3,,705,,,,New Construction,None,16"x4",,Return Air,Mechanical Return Air 33,Return Air,16x4 Connection 8 Diameter Duct,,,0C4AccZxn9LBim4QVrDA5N,,,
,,,,,,,1,Yes,,7' - 10",,,,By Type,,Default,,Air Terminal-Supply Cap-FB,Air Terminal-Supply Cap-FB: 4" DIA,300 CFM,,1R9g75Iv9DHgU1sEBTvtx5,,,L1 - Block 37,,706,,,,New Construction,None,4"ø,,Supply Air,Mechanical Supply Air 70,Supply Air,4" DIA,,,0C4AccZxn9LBim4QVrDBOV,,,
,,,,,,,1,Yes,,7' - 10",,,,By Type,,Default,,Air Terminal-Supply Cap-FB,Air Terminal-Supply Cap-FB: 4" DIA,300 CFM,,1R9g75Iv9DHgU1sEBTvtrC,,,L1 - Block 37,,707,,,,New Construction,None,4"ø,,Supply Air,Mechanical Supply Air 77,Supply Air,4" DIA,,,0C4AccZxn9LBim4QVrDBOV,,,
,,,,,,,1,No,,10' - 3",,,,By Type,,Default,,Return Grille - Double Deflection - Curve Face Rectangular Neck,Return Grille - Double Deflection - Curve Face Rectangular Neck: 16x4 Connection 8 Diameter Duct,400 CFM,,1R9g75Iv9DHgU1sEBTvtt0,,,L1 - Block 37,,708,,,,New Construction,None,16"x4",,Return Air,Mechanical Return Air 37,Return Air,16x4 Connection 8 Diameter Duct,,,0C4AccZxn9LBim4QVrDA5N,,,
,,,,,,,1,Yes,,10' - 3",,,,By Type,,Default,,Return Grille - Double Deflection - Curve Face Rectangular Neck,Return Grille - Double Deflection - Curve Face Rectangular Neck: 16x4 Connection 8 Diameter Duct,400 CFM,,1R9g75Iv9DHgU1sEBTvttt,,,L1 - Block 37,,709,,,,New Construction,None,16"x4",,Return Air,Mechanical Return Air 37,Return Air,16x4 Connection 8 Diameter Duct,,,0C4AccZxn9LBim4QVrDA5N,,,
,,,,,,,1,No,,10' - 3",,,,By Type,,Default,,Return Grille - Double Deflection - Curve Face Rectangular Neck,Return Grille - Double Deflection - Curve Face Rectangular Neck: 16x4 Connection 8 Diameter Duct,400 CFM,,1R9g75Iv9DHgU1sEBTvtns,,,L1 - Block 37,,711,,,,New Construction,None,16"x4",,Return Air,Mechanical Return Air 37,Return Air,16x4 Connection 8 Diameter Duct,,,0C4AccZxn9LBim4QVrDA5N,,,
,,,,,,,1,No,,6' - 3 1/2",,,,By Type,,Default,,Supply Grille - Double Deflection - Curve Face Rectangular Neck,Supply Grille - Double Deflection - Curve Face Rectangular Neck: 16x4 Connection 8 Diameter Duct,100 CFM,,1R9g75Iv9DHgU1sEBTvtLq,,,L1 - Block 37,,714,,,,New Construction,None,16"x4",,Supply Air,Mechanical Supply Air 51,Supply Air,16x4 Connection 8 Diameter Duct,,,0d1xlIsmn0D9DcDwK83sQP,,,
,,,,,,,1,No,,6' - 3 1/2",,,,By Type,,Default,,Supply Grille - Double Deflection - Curve Face Rectangular Neck,Supply Grille - Double Deflection - Curve Face Rectangular Neck: 16x4 Connection 8 Diameter Duct,100 CFM,,1R9g75Iv9DHgU1sEBTvtM8,,,L1 - Block 37,,715,,,,New Construction,None,16"x4",,Supply Air,Mechanical Supply Air 51,Supply Air,16x4 Connection 8 Diameter Duct,,,0d1xlIsmn0D9DcDwK83sQP,,,
,,,,,,,1,No,,6' - 3 1/2",,,,By Type,,Default,,Supply Grille - Double Deflection - Curve Face Rectangular Neck,Supply Grille - Double Deflection - Curve Face Rectangular Neck: 16x4 Connection 8 Diameter Duct,100 CFM,,1R9g75Iv9DHgU1sEBTvtMg,,,L1 - Block 37,,716,,,,New Construction,None,16"x4",,Supply Air,Mechanical Supply Air 51,Supply Air,16x4 Connection 8 Diameter Duct,,,0d1xlIsmn0D9DcDwK83sQP,,,
,,,,,,,1,No,,6' - 3 1/2",,,,By Type,,Default,,Supply Grille - Double Deflection - Curve Face Rectangular Neck,Supply Grille - Double Deflection - Curve Face Rectangular Neck: 16x4 Connection 8 Diameter Duct,100 CFM,,1R9g75Iv9DHgU1sEBTvtNM,,,L1 - Block 37,,717,,,,New Construction,None,16"x4",,Supply Air,Mechanical Supply Air 51,Supply Air,16x4 Connection 8 Diameter Duct,,,0d1xlIsmn0D9DcDwK83sQP,,,
,,,,,,,1,No,,6' - 3 1/2",,,,By Type,,Default,,Supply Grille - Double Deflection - Curve Face Rectangular Neck,Supply Grille - Double Deflection - Curve Face Rectangular Neck: 16x4 Connection 8 Diameter Duct,100 CFM,,1R9g75Iv9DHgU1sEBTvtNh,,,L1 - Block 37,,718,,,,New Construction,None,16"x4",,Supply Air,Mechanical Supply Air 51,Supply Air,16x4 Connection 8 Diameter Duct,,,0d1xlIsmn0D9DcDwK83sQP,,,
,,,,,,,1,No,,6' - 3 1/2",,,,By Type,,Default,,Supply Grille - Double Deflection - Curve Face Rectangular Neck,Supply Grille - Double Deflection - Curve Face Rectangular Neck: 16x4 Connection 8 Diameter Duct,100 CFM,,1R9g75Iv9DHgU1sEBTvtGZ,,,L1 - Block 37,,719,,,,New Construction,None,16"x4",,Supply Air,Mechanical Supply Air 51,Supply Air,16x4 Connection 8 Diameter Duct,,,0d1xlIsmn0D9DcDwK83sQP,,,
,,,,,,,1,No,,6' - 3 1/2",,,,By Type,,Default,,Supply Grille - Double Deflection - Curve Face Rectangular Neck,Supply Grille - Double Deflection - Curve Face Rectangular Neck: 16x4 Connection 8 Diameter Duct,100 CFM,,1R9g75Iv9DHgU1sEBTvtH4,,,L1 - Block 37,,720,,,,New Construction,None,16"x4",,Supply Air,Mechanical Supply Air 51,Supply Air,16x4 Connection 8 Diameter Duct,,,0d1xlIsmn0D9DcDwK83sQP,,,
,,,,,,,1,Yes,,6' - 3 1/2",,,,By Type,,Default,,Supply Grille - Double Deflection - Curve Face Rectangular Neck,Supply Grille - Double Deflection - Curve Face Rectangular Neck: 16x4 Connection 8 Diameter Duct,100 CFM,,1R9g75Iv9DHgU1sEBTvtID,,,L1 - Block 37,,721,,,,New Construction,None,16"x4",,Supply Air,Mechanical Supply Air 51,Supply Air,16x4 Connection 8 Diameter Duct,,,0d1xlIsmn0D9DcDwK83sQP,,,
,,,,,,,1,Yes,,8' - 4",,,,By Type,,Default,,Air Terminal-Supply Cap-FB,Air Terminal-Supply Cap-FB: 4" DIA,300 CFM,,1R9g75Iv9DHgU1sEBTvsf3,,,L1 - Block 35,,722,,,,New Construction,None,4"ø,,Supply Air,Mechanical Supply Air 33,Supply Air,4" DIA,,,0C4AccZxn9LBim4QVrDBOV,,,
,,,,,,,1,No,,9' - 8 5/32",,,,By Type,,Default,,Supply Grille - Double Deflection - Curve Face Rectangular Neck,Supply Grille - Double Deflection - Curve Face Rectangular Neck: 16x4 Connection 8 Diameter Duct,100 CFM,,3FM$sAWmHEug8WQPJBQT2u,,,L2,,723,,,,New Construction,None,16"x4",,Supply Air,Mechanical Supply Air 6,Supply Air,16x4 Connection 8 Diameter Duct,,,0d1xlIsmn0D9DcDwK83sQP,,,
