Electrical Equipment Schedule 2,,,,,,,,,,,,,,,,,,,,,,,,,,,,,,,,,,,,,,,,,,,,,,,,,,,,,,,,,,,,,,,,,,,,,,,,,,,,,,,,,,,,,,,,,,,,,,,,,,,,,,,,,,,,,,,,,,,,,,,,,,,,,,,,,,,,,,,,,,,,,,,,,,,,,,,,,,,,,,,,,,,,,,,,,,,,,,,,,,,,,,,,,,,,,,,,,,,,,,,,,,,,,,,,,,,,,,,,,,,,,,,,,,,,,,,,,,,,,,,,,,,,,,
ADSK MS Comments,Apparent Power Phase A,Apparent Power Phase B,Apparent Power Phase C,Appliance - Dwelling Unit Connected Apparent Power,Appliance - Dwelling Unit Connected Current,Appliance - Dwelling Unit Demand Apparent Power,Appliance - Dwelling Unit Demand Factor,Appliance - Dwelling Unit Estimated Demand Current,Assembly Code,Assembly Description,Assembly Name,Branch Circuit Apparent Power Phase A,Branch Circuit Apparent Power Phase B,Branch Circuit Apparent Power Phase C,Branch Circuit Current Phase A,Branch Circuit Current Phase B,Branch Circuit Current Phase C,Bussing,Circuit Number,Classification Number,Classification Title,Comments,Cooling Connected Apparent Power,Cooling Connected Current,Cooling Demand Apparent Power,Cooling Demand Factor,Cooling Estimated Demand Current,Cost,Count,Current Phase A,Current Phase B,Current Phase C,Default Connected Apparent Power,Default Connected Current,Default Demand Apparent Power,Default Demand Factor,Default Estimated Demand Current,Description,Distribution System,Electric Clothes Dryer Connected Apparent Power,Electric Clothes Dryer Connected Current,Electric Clothes Dryer Demand Apparent Power,Electric Clothes Dryer Demand Factor,Electric Clothes Dryer Estimated Demand Current,Electric Range - 3.5 kW to 8.75 kW Connected Apparent Power,Electric Range - 3.5 kW to 8.75 kW Connected Current,Electric Range - 3.5 kW to 8.75 kW Demand Apparent Power,Electric Range - 3.5 kW to 8.75 kW Demand Factor,Electric Range - 3.5 kW to 8.75 kW Estimated Demand Current,Electric Range - Less than 3.5 kW Connected Apparent Power,Electric Range - Less than 3.5 kW Connected Current,Electric Range - Less than 3.5 kW Demand Apparent Power,Electric Range - Less than 3.5 kW Demand Factor,Electric Range - Less than 3.5 kW Estimated Demand Current,Electrical Data,Elevation from Level,Elevator Connected Apparent Power,Elevator Connected Current,Elevator Demand Apparent Power,Elevator Demand Factor,Elevator Estimated Demand Current,Enclosure,Enlarged Views Only,Equipment Connected Apparent Power,Equipment Connected Current,Equipment Demand Apparent Power,Equipment Demand Factor,Equipment Estimated Demand Current,Excavation Volume on Toposolid,Exchange Entity ID,Exchange ID,Existing Load - 30 Day Metered Connected Apparent Power,Existing Load - 30 Day Metered Connected Current,Existing Load - 30 Day Metered Demand Apparent Power,Existing Load - 30 Day Metered Demand Factor,Existing Load - 30 Day Metered Estimated Demand Current,Existing Load - Lighting Connected Apparent Power,Existing Load - Lighting Connected Current,Existing Load - Lighting Demand Apparent Power,Existing Load - Lighting Demand Factor,Existing Load - Lighting Estimated Demand Current,Existing Load Connected Apparent Power,Existing Load Connected Current,Existing Load Demand Apparent Power,Existing Load Demand Factor,Existing Load Estimated Demand Current,Export to IFC,Export to IFC As,Export Type to IFC,Export Type to IFC As,Family,Family and Type,Farm Load Connected Apparent Power,Farm Load Connected Current,Farm Load Demand Apparent Power,Farm Load Demand Factor,Farm Load Estimated Demand Current,Feed,Feed Through Lugs,Feed Through Lugs Apparent Power Phase A,Feed Through Lugs Apparent Power Phase B,Feed Through Lugs Apparent Power Phase C,Feed Through Lugs Current Phase A,Feed Through Lugs Current Phase B,Feed Through Lugs Current Phase C,Ground Bus,Heating Connected Apparent Power,Heating Connected Current,Heating Demand Apparent Power,Heating Demand Factor,Heating Estimated Demand Current,HVAC Connected Apparent Power,HVAC Connected Current,HVAC Demand Apparent Power,HVAC Demand Factor,HVAC Estimated Demand Current,IFC Predefined Type,IfcGUID,Image,Keynote,Kitchen Equipment - Non-Dwelling Unit Connected Apparent Power,Kitchen Equipment - Non-Dwelling Unit Connected Current,Kitchen Equipment - Non-Dwelling Unit Demand Apparent Power,Kitchen Equipment - Non-Dwelling Unit Demand Factor,Kitchen Equipment - Non-Dwelling Unit Estimated Demand Current,Level,Lighting - Dwelling Unit Connected Apparent Power,Lighting - Dwelling Unit Connected Current,Lighting - Dwelling Unit Demand Apparent Power,Lighting - Dwelling Unit Demand Factor,Lighting - Dwelling Unit Estimated Demand Current,Lighting - Exterior Connected Apparent Power,Lighting - Exterior Connected Current,Lighting - Exterior Demand Apparent Power,Lighting - Exterior Demand Factor,Lighting - Exterior Estimated Demand Current,Lighting - General Connected Apparent Power,Lighting - General Connected Current,Lighting - General Demand Apparent Power,Lighting - General Demand Factor,Lighting - General Estimated Demand Current,Lighting - Hospital Connected Apparent Power,Lighting - Hospital Connected Current,Lighting - Hospital Demand Apparent Power,Lighting - Hospital Demand Factor,Lighting - Hospital Estimated Demand Current,Lighting - Hotel Connected Apparent Power,Lighting - Hotel Connected Current,Lighting - Hotel Demand Apparent Power,Lighting - Hotel Demand Factor,Lighting - Hotel Estimated Demand Current,Lighting - Warehouse Connected Apparent Power,Lighting - Warehouse Connected Current,Lighting - Warehouse Demand Apparent Power,Lighting - Warehouse Demand Factor,Lighting - Warehouse Estimated Demand Current,Lighting Connected Apparent Power,Lighting Connected Current,Lighting Demand Apparent Power,Lighting Demand Factor,Lighting Estimated Demand Current,Location,Mains,Mains Type,Manufacturer,Mark,Max Number of Circuits,Max Number of Single Pole Breakers,Maximum Amount of Circuits,MCB Rating,Model,Modifications,Motor Connected Apparent Power,Motor Connected Current,Motor Demand Apparent Power,Motor Demand Factor,Motor Estimated Demand Current,Mounting,Neutral Bus,Neutral Rating,Number of Phases,Number of Wires,Other Connected Apparent Power,Other Connected Current,Other Demand Apparent Power,Other Demand Factor,Other Estimated Demand Current,Panel Name,Part Type,Phase Created,Phase Demolished,Power - General Connected Apparent Power,Power - General Connected Current,Power - General Demand Apparent Power,Power - General Demand Factor,Power - General Estimated Demand Current,Power Connected Apparent Power,Power Connected Current,Power Demand Apparent Power,Power Demand Factor,Power Estimated Demand Current,Receptacle Connected Apparent Power,Receptacle Connected Current,Receptacle Demand Apparent Power,Receptacle Demand Factor,Receptacle Estimated Demand Current,Schedule Footer Notes,Schedule Header Notes,Secondary Distribution System,Short Circuit Rating Comments,Solar - PV Panel Connected Apparent Power,Solar - PV Panel Connected Current,Solar - PV Panel Demand Apparent Power,Solar - PV Panel Demand Factor,Solar - PV Panel Estimated Demand Current,Spare Connected Apparent Power,Spare Connected Current,Spare Demand Apparent Power,Spare Demand Factor,Spare Estimated Demand Current,SubFeed Lugs,Supply From,Total Connected Apparent Power,Total Connected Current,Total Demand Apparent Power,Total Demand Factor,Total Estimated Demand Current,Transformer Connected Apparent Power,Transformer Connected Current,Transformer Demand Apparent Power,Transformer Demand Factor,Transformer Estimated Demand Current,Type,Type Comments,Type IFC Predefined Type,Type IfcGUID,Type Image,Type Mark,URL,Voltage Comments,Wattage Comments,X-Ray Connected Apparent Power,X-Ray Connected Current,X-Ray Demand Apparent Power,X-Ray Demand Factor,X-Ray Estimated Demand Current
,,,,,,,,,,,,,,,,,,,,,,,,,,,,,,,,,,,,,,,,,,,,,,,,,,,,,,,,,,,,,,,,,,,,,,,,,,,,,,,,,,,,,,,,,,,,,,,,,,,,,,,,,,,,,,,,,,,,,,,,,,,,,,,,,,,,,,,,,,,,,,,,,,,,,,,,,,,,,,,,,,,,,,,,,,,,,,,,,,,,,,,,,,,,,,,,,,,,,,,,,,,,,,,,,,,,,,,,,,,,,,,,,,,,,,,,,,,,,,,,,,,,,,
,7136 VA,4319 VA,3883 VA,,,,,,,,,7136 VA,4319 VA,3883 VA,60 A,37 A,32 A,,3,23.80.30.11.17,,,,,,,,,1,60 A,37 A,32 A,,,,,,,120/208 Wye,,,,,,,,,,,,,,,,208 V/3-0 VA,4' - 0",,,,,,Type 1,,,,,,,,,,,,,,,,,,,,,,,,,By Type,,Default,,Lighting and Appliance Panelboard - 208V MCB,Lighting and Appliance Panelboard - 208V MCB: 100 A,,,,,,,,0 VA,0 VA,0 VA,0 A,0 A,0 A,,,,,,,10000 VA,28 A,10000 VA,100.00%,28 A,,3M$Qtr4nbCV99j7973jyiw,,,,,,,,L5,124 VA,0 A,124 VA,100.00%,0 A,,,,,,,,,,,,,,,,,,,,,,,,,,,,,,,Live/Work Unit 506,100 A,,,7,,24,,100 A,,,,,,,,Recessed,,,3,4,1440 VA,4 A,1440 VA,100.00%,4 A,P506,Panelboard,New Construction,None,,,,,,360 VA,1 A,360 VA,100.00%,1 A,3420 VA,9 A,3420 VA,100.00%,9 A,,,,,,,,,,,,,,,,MB21,15338 VA,43 A,15338 VA,100.00%,43 A,,,,,,100 A,,,3M$Qtr4nbCV99j7973jyiS,,,,,,,,,,
,5588 VA,4953 VA,4616 VA,,,,,,,,,5588 VA,4953 VA,4616 VA,47 A,42 A,38 A,,3,23.80.30.11.17,,,,,,,,,1,47 A,42 A,38 A,,,,,,,120/208 Wye,,,,,,,,,,,,,,,,208 V/3-0 VA,4' - 0",,,,,,Type 1,,,,,,,,,,,,,,,,,,,,,,,,,By Type,,Default,,Lighting and Appliance Panelboard - 208V MCB,Lighting and Appliance Panelboard - 208V MCB: 100 A,,,,,,,,0 VA,0 VA,0 VA,0 A,0 A,0 A,,,,,,,10000 VA,28 A,10000 VA,100.00%,28 A,,2Up1U7k117ie2$BGfzSmti,,,,,,,,L4,124 VA,0 A,124 VA,100.00%,0 A,,,,,,,,,,,,,,,,,,,,,,,,,,,,,,,Live/Work Unit 408,100 A,,,8,,24,,100 A,,,,,,,,Recessed,,,3,4,1440 VA,4 A,1440 VA,100.00%,4 A,P408,Panelboard,New Construction,None,,,,,,360 VA,1 A,360 VA,100.00%,1 A,3240 VA,9 A,3240 VA,100.00%,9 A,,,,,,,,,,,,,,,,MB23,15158 VA,42 A,15158 VA,100.00%,42 A,,,,,,100 A,,,3M$Qtr4nbCV99j7973jyiS,,,,,,,,,,
,6843 VA,4342 VA,3793 VA,,,,,,,,,6843 VA,4342 VA,3793 VA,58 A,37 A,32 A,,4,23.80.30.11.17,,,,,,,,,1,58 A,37 A,32 A,,,,,,,120/208 Wye,,,,,,,,,,,,,,,,208 V/3-0 VA,4' - 0",,,,,,Type 1,,,,,,,,,,,,,,,,,,,,,,,,,By Type,,Default,,Lighting and Appliance Panelboard - 208V MCB,Lighting and Appliance Panelboard - 208V MCB: 100 A,,,,,,,,0 VA,0 VA,0 VA,0 A,0 A,0 A,,,,,,,10000 VA,28 A,10000 VA,100.00%,28 A,,2Up1U7k117ie2$BGfzSmtS,,,,,,,,L3,124 VA,0 A,124 VA,100.00%,0 A,,,,,,,,,,,,,,,,,,,,,,,,,,,,,,,Live/Work Unit 307,100 A,,,9,,24,,100 A,,,,,,,,Recessed,,,3,4,1440 VA,4 A,1440 VA,100.00%,4 A,P307,Panelboard,New Construction,None,,,,,,180 VA,0 A,180 VA,100.00%,0 A,3240 VA,9 A,3240 VA,100.00%,9 A,,,,,,,,,,,,,,,,MB12,14978 VA,42 A,14978 VA,100.00%,42 A,,,,,,100 A,,,3M$Qtr4nbCV99j7973jyiS,,,,,,,,,,
,7033 VA,4371 VA,3754 VA,,,,,,,,,7033 VA,4371 VA,3754 VA,59 A,37 A,31 A,,2,23.80.30.11.17,,,,,,,,,1,59 A,37 A,31 A,,,,,,,120/208 Wye,,,,,,,,,,,,,,,,208 V/3-0 VA,4' - 0",,,,,,Type 1,,,,,,,,,,,,,,,,,,,,,,,,,By Type,,Default,,Lighting and Appliance Panelboard - 208V MCB,Lighting and Appliance Panelboard - 208V MCB: 100 A,,,,,,,,0 VA,0 VA,0 VA,0 A,0 A,0 A,,,,,,,10000 VA,28 A,10000 VA,100.00%,28 A,,2Up1U7k117ie2$BGfzSmvF,,,,,,,,L2,124 VA,0 A,124 VA,100.00%,0 A,,,,,,,,,,,,,,,,,,,,,,,,,,,,,,,Live/Work Unit 205,100 A,,,10,,24,,100 A,,,,,,,,Recessed,,,3,4,1440 VA,4 A,1440 VA,100.00%,4 A,P205,Panelboard,New Construction,None,,,,,,360 VA,1 A,360 VA,100.00%,1 A,3240 VA,9 A,3240 VA,100.00%,9 A,,,,,,,,,,,,,,,,MB21,15158 VA,42 A,15158 VA,100.00%,42 A,,,,,,100 A,,,3M$Qtr4nbCV99j7973jyiS,,,,,,,,,,
,5152 VA,3873 VA,4323 VA,,,,,,,,,5152 VA,3873 VA,4323 VA,44 A,32 A,37 A,,4,23.80.30.11.17,,,,,,,,,1,44 A,32 A,37 A,,,,,,,120/208 Wye,,,,,,,,,,,,,,,,208 V/3-0 VA,4' - 0",,,,,,Type 1,,,,,,,,,,,,,,,,,,,,,,,,,By Type,,Default,,Lighting and Appliance Panelboard - 208V MCB,Lighting and Appliance Panelboard - 208V MCB: 100 A,,,,,,,,0 VA,0 VA,0 VA,0 A,0 A,0 A,,,,,,,10000 VA,28 A,10000 VA,100.00%,28 A,,0m9vfM1Zr9d88fE3OWL61o,,,,,,,,L5,114 VA,0 A,114 VA,100.00%,0 A,,,,,,,,,,,,,,,,,,,,,,,,,,,,,,,Live/Work Unit 507,100 A,,,11,,24,,100 A,,,,,,,,Recessed,,,3,4,540 VA,1 A,540 VA,100.00%,1 A,P507,Panelboard,New Construction,None,,,,,,360 VA,1 A,360 VA,100.00%,1 A,2340 VA,6 A,2340 VA,100.00%,6 A,,,,,,,,,,,,,,,,MB21,13348 VA,37 A,13348 VA,100.00%,37 A,,,,,,100 A,,,3M$Qtr4nbCV99j7973jyiS,,,,,,,,,,
,3603 VA,3963 VA,3442 VA,,,,,,,,,3603 VA,3963 VA,3442 VA,30 A,33 A,29 A,,4,23.80.30.11.17,,,,,,,,,1,30 A,33 A,29 A,,,,,,,120/208 Wye,,,,,,,,,,,,,,,,208 V/3-0 VA,4' - 0",,,,,,Type 1,,,,,,,,,,,,,,,,,,,,,,,,,By Type,,Default,,Lighting and Appliance Panelboard - 208V MCB,Lighting and Appliance Panelboard - 208V MCB: 100 A,,,,,,,,0 VA,0 VA,0 VA,0 A,0 A,0 A,,,,,,,10000 VA,28 A,10000 VA,100.00%,28 A,,0m9vfM1Zr9d88fE3OWL67V,,,,,,,,L5,114 VA,0 A,114 VA,100.00%,0 A,,,,,,,,,,,,,,,,,,,,,,,,,,,,,,,Studio Unit 504,100 A,,,12,,24,,100 A,,,,,,,,Recessed,,,3,4,540 VA,1 A,540 VA,100.00%,1 A,P504,Panelboard,New Construction,None,,,,,,180 VA,0 A,180 VA,100.00%,0 A,180 VA,0 A,180 VA,100.00%,0 A,,,,,,,,,,,,,,,,MB11,11008 VA,31 A,11008 VA,100.00%,31 A,,,,,,100 A,,,3M$Qtr4nbCV99j7973jyiS,,,,,,,,,,
,3959 VA,4616 VA,4233 VA,,,,,,,,,3959 VA,4616 VA,4233 VA,33 A,39 A,36 A,,5,23.80.30.11.17,,,,,,,,,1,33 A,39 A,36 A,,,,,,,120/208 Wye,,,,,,,,,,,,,,,,208 V/3-0 VA,4' - 0",,,,,,Type 1,,,,,,,,,,,,,,,,,,,,,,,,,By Type,,Default,,Lighting and Appliance Panelboard - 208V MCB,Lighting and Appliance Panelboard - 208V MCB: 100 A,,,,,,,,0 VA,0 VA,0 VA,0 A,0 A,0 A,,,,,,,10000 VA,28 A,10000 VA,100.00%,28 A,,0m9vfM1Zr9d88fE3OWL65k,,,,,,,,L4,114 VA,0 A,114 VA,100.00%,0 A,,,,,,,,,,,,,,,,,,,,,,,,,,,,,,,Live/Work Unit 410,100 A,,,13,,24,,100 A,,,,,,,,Recessed,,,3,4,540 VA,1 A,540 VA,100.00%,1 A,P410,Panelboard,New Construction,None,,,,,,360 VA,1 A,360 VA,100.00%,1 A,1800 VA,5 A,1800 VA,100.00%,5 A,,,,,,,,,,,,,,,,MB23,12808 VA,36 A,12808 VA,100.00%,36 A,,,,,,100 A,,,3M$Qtr4nbCV99j7973jyiS,,,,,,,,,,
,4660 VA,4342 VA,3626 VA,,,,,,,,,4660 VA,4342 VA,3626 VA,40 A,37 A,30 A,,2,23.80.30.11.17,,,,,,,,,1,40 A,37 A,30 A,,,,,,,120/208 Wye,,,,,,,,,,,,,,,,208 V/3-0 VA,4' - 0",,,,,,Type 1,,,,,,,,,,,,,,,,,,,,,,,,,By Type,,Default,,Lighting and Appliance Panelboard - 208V MCB,Lighting and Appliance Panelboard - 208V MCB: 100 A,,,,,,,,0 VA,0 VA,0 VA,0 A,0 A,0 A,,,,,,,10000 VA,28 A,10000 VA,100.00%,28 A,,0m9vfM1Zr9d88fE3OWL6Ao,,,,,,,,L4,114 VA,0 A,114 VA,100.00%,0 A,,,,,,,,,,,,,,,,,,,,,,,,,,,,,,,Studio Unit 404,100 A,,,14,,24,,100 A,,,,,,,,Recessed,,,3,4,540 VA,1 A,540 VA,100.00%,1 A,P404,Panelboard,New Construction,None,,,,,,360 VA,1 A,360 VA,100.00%,1 A,1620 VA,4 A,1620 VA,100.00%,4 A,,,,,,,,,,,,,,,,MB22,12628 VA,35 A,12628 VA,100.00%,35 A,,,,,,100 A,,,3M$Qtr4nbCV99j7973jyiS,,,,,,,,,,
,5133 VA,3802 VA,3693 VA,,,,,,,,,5133 VA,3802 VA,3693 VA,43 A,32 A,31 A,,5,23.80.30.11.17,,,,,,,,,1,43 A,32 A,31 A,,,,,,,120/208 Wye,,,,,,,,,,,,,,,,208 V/3-0 VA,4' - 0",,,,,,Type 1,,,,,,,,,,,,,,,,,,,,,,,,,By Type,,Default,,Lighting and Appliance Panelboard - 208V MCB,Lighting and Appliance Panelboard - 208V MCB: 100 A,,,,,,,,0 VA,0 VA,0 VA,0 A,0 A,0 A,,,,,,,10000 VA,28 A,10000 VA,100.00%,28 A,,0m9vfM1Zr9d88fE3OWL6DP,,,,,,,,L3,114 VA,0 A,114 VA,100.00%,0 A,,,,,,,,,,,,,,,,,,,,,,,,,,,,,,,Live/Work Unit 309,100 A,,,15,,24,,100 A,,,,,,,,Recessed,,,3,4,540 VA,1 A,540 VA,100.00%,1 A,P309,Panelboard,New Construction,None,,,,,,360 VA,1 A,360 VA,100.00%,1 A,1620 VA,4 A,1620 VA,100.00%,4 A,,,,,,,,,,,,,,,,MB22,12628 VA,35 A,12628 VA,100.00%,35 A,,,,,,100 A,,,3M$Qtr4nbCV99j7973jyiS,,,,,,,,,,
,4859 VA,3806 VA,4143 VA,,,,,,,,,4859 VA,3806 VA,4143 VA,41 A,32 A,35 A,,2,23.80.30.11.17,,,,,,,,,1,41 A,32 A,35 A,,,,,,,120/208 Wye,,,,,,,,,,,,,,,,208 V/3-0 VA,4' - 0",,,,,,Type 1,,,,,,,,,,,,,,,,,,,,,,,,,By Type,,Default,,Lighting and Appliance Panelboard - 208V MCB,Lighting and Appliance Panelboard - 208V MCB: 100 A,,,,,,,,0 VA,0 VA,0 VA,0 A,0 A,0 A,,,,,,,10000 VA,28 A,10000 VA,100.00%,28 A,,0m9vfM1Zr9d88fE3OWL6mi,,,,,,,,L3,114 VA,0 A,114 VA,100.00%,0 A,,,,,,,,,,,,,,,,,,,,,,,,,,,,,,,Studio Unit 304,100 A,,,16,,24,,100 A,,,,,,,,Recessed,,,3,4,540 VA,1 A,540 VA,100.00%,1 A,P304,Panelboard,New Construction,None,,,,,,360 VA,1 A,360 VA,100.00%,1 A,1800 VA,5 A,1800 VA,100.00%,5 A,,,,,,,,,,,,,,,,MB12,12808 VA,36 A,12808 VA,100.00%,36 A,,,,,,100 A,,,3M$Qtr4nbCV99j7973jyiS,,,,,,,,,,
,4953 VA,3986 VA,3869 VA,,,,,,,,,4953 VA,3986 VA,3869 VA,41 A,33 A,32 A,,3,23.80.30.11.17,,,,,,,,,1,41 A,33 A,32 A,,,,,,,120/208 Wye,,,,,,,,,,,,,,,,208 V/3-0 VA,4' - 0",,,,,,Type 1,,,,,,,,,,,,,,,,,,,,,,,,,By Type,,Default,,Lighting and Appliance Panelboard - 208V MCB,Lighting and Appliance Panelboard - 208V MCB: 100 A,,,,,,,,0 VA,0 VA,0 VA,0 A,0 A,0 A,,,,,,,10000 VA,28 A,10000 VA,100.00%,28 A,,2sLRojyn95Au3tzawHWDB_,,,,,,,,L2,114 VA,0 A,114 VA,100.00%,0 A,,,,,,,,,,,,,,,,,,,,,,,,,,,,,,,Studio Unit 203,100 A,,,17,,24,,100 A,,,,,,,,Recessed,,,3,4,540 VA,1 A,540 VA,100.00%,1 A,P203,Panelboard,New Construction,None,,,,,,360 VA,1 A,360 VA,100.00%,1 A,1800 VA,5 A,1800 VA,100.00%,5 A,,,,,,,,,,,,,,,,MB11,12808 VA,36 A,12808 VA,100.00%,36 A,,,,,,100 A,,,3M$Qtr4nbCV99j7973jyiS,,,,,,,,,,
,5323 VA,4256 VA,3779 VA,,,,,,,,,5323 VA,4256 VA,3779 VA,45 A,36 A,31 A,,2,23.80.30.11.17,,,,,,,,,1,45 A,36 A,31 A,,,,,,,120/208 Wye,,,,,,,,,,,,,,,,208 V/3-0 VA,4' - 0",,,,,,Type 1,,,,,,,,,,,,,,,,,,,,,,,,,By Type,,Default,,Lighting and Appliance Panelboard - 208V MCB,Lighting and Appliance Panelboard - 208V MCB: 100 A,,,,,,,,0 VA,0 VA,0 VA,0 A,0 A,0 A,,,,,,,10000 VA,28 A,10000 VA,100.00%,28 A,,2sLRojyn95Au3tzawHWD4L,,,,,,,,L2,124 VA,0 A,124 VA,100.00%,0 A,,,,,,,,,,,,,,,,,,,,,,,,,,,,,,,Live/Work Unit 202,100 A,,,18,,24,,100 A,,,,,,,,Recessed,,,3,4,360 VA,1 A,360 VA,100.00%,1 A,P202,Panelboard,New Construction,None,,,,,,360 VA,1 A,360 VA,100.00%,1 A,2520 VA,7 A,2520 VA,100.00%,7 A,,,,,,,,,,,,,,,,MB11,13358 VA,37 A,13358 VA,100.00%,37 A,,,,,,100 A,,,3M$Qtr4nbCV99j7973jyiS,,,,,,,,,,
,5280 VA,4162 VA,4256 VA,,,,,,,,,5280 VA,4162 VA,4256 VA,44 A,35 A,36 A,,1,23.80.30.11.17,,,,,,,,,1,44 A,35 A,36 A,,,,,,,120/208 Wye,,,,,,,,,,,,,,,,208 V/3-0 VA,4' - 0",,,,,,Type 1,,,,,,,,,,,,,,,,,,,,,,,,,By Type,,Default,,Lighting and Appliance Panelboard - 208V MCB,Lighting and Appliance Panelboard - 208V MCB: 100 A,,,,,,,,0 VA,0 VA,0 VA,0 A,0 A,0 A,,,,,,,10000 VA,28 A,10000 VA,100.00%,28 A,,3P1nks4s5DXwXxZ1uElzFk,,,,,,,,L2,104 VA,0 A,104 VA,100.00%,0 A,,,,,,,,,,,,,,,,,,,,,,,,,,,,,,,Two Story Studio Unit 204,100 A,,,19,,24,,100 A,,,,,,,,Recessed,,,3,4,1080 VA,3 A,1080 VA,100.00%,3 A,P204,Panelboard,New Construction,None,,,,,,360 VA,1 A,360 VA,100.00%,1 A,2160 VA,6 A,2160 VA,100.00%,6 A,,,,,,,,,,,,,,,,MB21,13699 VA,38 A,13699 VA,100.00%,38 A,,,,,,100 A,,,3M$Qtr4nbCV99j7973jyiS,,,,,,,,,,
Do you need this metered separate from LP1?  Is there a reason this panel is here, instead of in the same stack w/ P300, P400, P500?,1323 VA,194 VA,0 VA,,,,,,,,,1323 VA,194 VA,0 VA,11 A,2 A,0 A,,2,4,6,23.80.30.11.17,,,,,,,,,1,11 A,2 A,0 A,,,,,,,120/208 Wye,,,,,,,,,,,,,,,,208 V/3-0 VA,4' - 0",,,,,,Type 1,,,,,,,,,,,,,,,,,,,,,,,,,By Type,,Default,,Lighting and Appliance Panelboard - 208V MCB,Lighting and Appliance Panelboard - 208V MCB: 100 A,,,,,,,,0 VA,0 VA,0 VA,0 A,0 A,0 A,,,,,,,,,,,,,3_n8arSBT0TOiUt9yjHtMd,,,,,,,,L2,635 VA,2 A,635 VA,100.00%,2 A,,,,,,,,,,,,,,,,,,,,,,,,,,,,,,,Space 120,100 A,,,20,,24,,100 A,,,,,,,,Recessed,,,3,4,,,,,,P200,Panelboard,New Construction,None,,,,,,,,,,,900 VA,2 A,900 VA,100.00%,2 A,,,,,,,,,,,,,,,,HDP,1516 VA,4 A,1516 VA,100.00%,4 A,,,,,,100 A,,,3M$Qtr4nbCV99j7973jyiS,,,,,,,,,,
,0 VA,0 VA,0 VA,,,,,,,,,0 VA,0 VA,0 VA,0 A,0 A,0 A,,,23.80.30.11.17,,,,,,,,,1,0 A,0 A,0 A,,,,,,,480/277 Wye,,,,,,,,,,,,,,,,480 V/3-0 VA,0' - 0",,,,,,,,,,,,,,,,,,,,,,,,,,,,,,,By Type,,Default,,PV Battery Cabinet,PV Battery Cabinet: 36"x26.5",,,,,,,,0 VA,0 VA,0 VA,0 A,0 A,0 A,,,,,,,,,,,,,1QV96iCXbDtwK1tCLueDmM,,,,,,,,R2,,,,,,,,,,,,,,,,,,,,,,,,,,,,,,,,,,,,Storage R103,,,,22,0,,,1 A,,,,,,,,,,,3,4,,,,,,,Switchboard,New Construction,None,,,,,,,,,,,,,,,,,,,,,,,,,,,,,,,,0 VA,0 A,0 VA,100.00%,0 A,,,,,,36"x26.5",Battery Cabinet,,1QV96iCXbDtwK1tCLueDW$,,BC,,,,,,,,
,0 VA,0 VA,0 VA,,,,,,,,,0 VA,0 VA,0 VA,0 A,0 A,0 A,,,23.80.30.11.17,,,,,,,,,1,0 A,0 A,0 A,,,,,,,480/277 Wye,,,,,,,,,,,,,,,,480 V/3-0 VA,0' - 0",,,,,,,,,,,,,,,,,,,,,,,,,,,,,,,By Type,,Default,,PV Battery Cabinet,PV Battery Cabinet: 36"x26.5",,,,,,,,0 VA,0 VA,0 VA,0 A,0 A,0 A,,,,,,,,,,,,,1QV96iCXbDtwK1tCLueDsw,,,,,,,,R2,,,,,,,,,,,,,,,,,,,,,,,,,,,,,,,,,,,,Storage R103,,,,23,0,,,1 A,,,,,,,,,,,3,4,,,,,,,Switchboard,New Construction,None,,,,,,,,,,,,,,,,,,,,,,,,,,,,,,,,0 VA,0 A,0 VA,100.00%,0 A,,,,,,36"x26.5",Battery Cabinet,,1QV96iCXbDtwK1tCLueDW$,,BC,,,,,,,,
,0 VA,0 VA,0 VA,,,,,,,,,0 VA,0 VA,0 VA,0 A,0 A,0 A,,,23.80.30.11.17,,,,,,,,,1,0 A,0 A,0 A,,,,,,,480/277 Wye,,,,,,,,,,,,,,,,480 V/3-0 VA,0' - 0",,,,,,,,,,,,,,,,,,,,,,,,,,,,,,,By Type,,Default,,PV Battery Cabinet,PV Battery Cabinet: 36"x26.5",,,,,,,,0 VA,0 VA,0 VA,0 A,0 A,0 A,,,,,,,,,,,,,1QV96iCXbDtwK1tCLueDrY,,,,,,,,R2,,,,,,,,,,,,,,,,,,,,,,,,,,,,,,,,,,,,Storage R103,,,,24,0,,,1 A,,,,,,,,,,,3,4,,,,,,,Switchboard,New Construction,None,,,,,,,,,,,,,,,,,,,,,,,,,,,,,,,,0 VA,0 A,0 VA,100.00%,0 A,,,,,,36"x26.5",Battery Cabinet,,1QV96iCXbDtwK1tCLueDW$,,BC,,,,,,,,
,0 VA,0 VA,0 VA,,,,,,,,,0 VA,0 VA,0 VA,0 A,0 A,0 A,,,23.80.30.11.17,,,,,,,,,1,0 A,0 A,0 A,,,,,,,480/277 Wye,,,,,,,,,,,,,,,,480 V/3-0 VA,0' - 0",,,,,,,,,,,,,,,,,,,,,,,,,,,,,,,By Type,,Default,,PV Battery Cabinet,PV Battery Cabinet: 36"x26.5",,,,,,,,0 VA,0 VA,0 VA,0 A,0 A,0 A,,,,,,,,,,,,,1QV96iCXbDtwK1tCLueDAy,,,,,,,,R2,,,,,,,,,,,,,,,,,,,,,,,,,,,,,,,,,,,,Storage R103,,,,25,0,,,1 A,,,,,,,,,,,3,4,,,,,,,Switchboard,New Construction,None,,,,,,,,,,,,,,,,,,,,,,,,,,,,,,,,0 VA,0 A,0 VA,100.00%,0 A,,,,,,36"x26.5",Battery Cabinet,,1QV96iCXbDtwK1tCLueDW$,,BC,,,,,,,,
,0 VA,0 VA,0 VA,,,,,,,,,0 VA,0 VA,0 VA,,,,,1,23.80.30.11.17,,,,,,,,,1,,,,,,,,,,None,,,,,,,,,,,,,,,,12 V/1-0 VA,46' - 5 27/32",,,,,,,,,,,,,,,,,,,,,,,,,,,,,,,By Type,,Default,,Electrical Equipment - Unbalanced Power Connector,Electrical Equipment - Unbalanced Power Connector: 12 V,,,,,,,,0 VA,0 VA,0 VA,,,,,,,,,,,,,,,,1QV96iCXbDtwK1tCLueErs,,,,,,,,L2,,,,,,,,,,,,,,,,,,,,,,,,,,,,,,,,,,,,,,,,26,,,,1 A,,,,,,,,,,,Not Computed,Not Computed,,,,,,,Panelboard,New Construction,None,,,,,,,,,,,,,,,,,,,,,,,,,,,,,,,PV1,0 VA,Not Computed,0 VA,100.00%,Not Computed,,,,,,12 V,PV Panel Connection,,1QV96iCXbDtwK1tCLueErX,,,,,,,,,,
,0 VA,0 VA,0 VA,,,,,,,,,0 VA,0 VA,0 VA,,,,,1,23.80.30.11.17,,,,,,,,,1,,,,,,,,,,None,,,,,,,,,,,,,,,,12 V/1-0 VA,40' - 3 9/32",,,,,,,,,,,,,,,,,,,,,,,,,,,,,,,By Type,,Default,,Electrical Equipment - Unbalanced Power Connector,Electrical Equipment - Unbalanced Power Connector: 12 V,,,,,,,,0 VA,0 VA,0 VA,,,,,,,,,,,,,,,,1QV96iCXbDtwK1tCLueEqC,,,,,,,,L2,,,,,,,,,,,,,,,,,,,,,,,,,,,,,,,,,,,,,,,,27,,,,1 A,,,,,,,,,,,Not Computed,Not Computed,,,,,,,Panelboard,New Construction,None,,,,,,,,,,,,,,,,,,,,,,,,,,,,,,,PV1,0 VA,Not Computed,0 VA,100.00%,Not Computed,,,,,,12 V,PV Panel Connection,,1QV96iCXbDtwK1tCLueErX,,,,,,,,,,
,0 VA,0 VA,0 VA,,,,,,,,,0 VA,0 VA,0 VA,,,,,1,23.80.30.11.17,,,,,,,,,1,,,,,,,,,,None,,,,,,,,,,,,,,,,12 V/1-0 VA,34' - 0 1/16",,,,,,,,,,,,,,,,,,,,,,,,,,,,,,,By Type,,Default,,Electrical Equipment - Unbalanced Power Connector,Electrical Equipment - Unbalanced Power Connector: 12 V,,,,,,,,0 VA,0 VA,0 VA,,,,,,,,,,,,,,,,1QV96iCXbDtwK1tCLueEq0,,,,,,,,L2,,,,,,,,,,,,,,,,,,,,,,,,,,,,,,,,,,,,,,,,28,,,,1 A,,,,,,,,,,,Not Computed,Not Computed,,,,,,,Panelboard,New Construction,None,,,,,,,,,,,,,,,,,,,,,,,,,,,,,,,PV1,0 VA,Not Computed,0 VA,100.00%,Not Computed,,,,,,12 V,PV Panel Connection,,1QV96iCXbDtwK1tCLueErX,,,,,,,,,,
,0 VA,0 VA,0 VA,,,,,,,,,0 VA,0 VA,0 VA,,,,,1,23.80.30.11.17,,,,,,,,,1,,,,,,,,,,None,,,,,,,,,,,,,,,,12 V/1-0 VA,27' - 9 1/8",,,,,,,,,,,,,,,,,,,,,,,,,,,,,,,By Type,,Default,,Electrical Equipment - Unbalanced Power Connector,Electrical Equipment - Unbalanced Power Connector: 12 V,,,,,,,,0 VA,0 VA,0 VA,,,,,,,,,,,,,,,,1QV96iCXbDtwK1tCLueEqq,,,,,,,,L2,,,,,,,,,,,,,,,,,,,,,,,,,,,,,,,,,,,,,,,,29,,,,1 A,,,,,,,,,,,Not Computed,Not Computed,,,,,,,Panelboard,New Construction,None,,,,,,,,,,,,,,,,,,,,,,,,,,,,,,,PV1,0 VA,Not Computed,0 VA,100.00%,Not Computed,,,,,,12 V,PV Panel Connection,,1QV96iCXbDtwK1tCLueErX,,,,,,,,,,
,0 VA,0 VA,0 VA,,,,,,,,,0 VA,0 VA,0 VA,,,,,1,23.80.30.11.17,,,,,,,,,1,,,,,,,,,,None,,,,,,,,,,,,,,,,12 V/1-0 VA,21' - 3 29/32",,,,,,,,,,,,,,,,,,,,,,,,,,,,,,,By Type,,Default,,Electrical Equipment - Unbalanced Power Connector,Electrical Equipment - Unbalanced Power Connector: 12 V,,,,,,,,0 VA,0 VA,0 VA,,,,,,,,,,,,,,,,1QV96iCXbDtwK1tCLueEqe,,,,,,,,L2,,,,,,,,,,,,,,,,,,,,,,,,,,,,,,,,,,,,,,,,30,,,,1 A,,,,,,,,,,,Not Computed,Not Computed,,,,,,,Panelboard,New Construction,None,,,,,,,,,,,,,,,,,,,,,,,,,,,,,,,PV1,0 VA,Not Computed,0 VA,100.00%,Not Computed,,,,,,12 V,PV Panel Connection,,1QV96iCXbDtwK1tCLueErX,,,,,,,,,,
,0 VA,0 VA,0 VA,,,,,,,,,0 VA,0 VA,0 VA,,,,,1,23.80.30.11.17,,,,,,,,,1,,,,,,,,,,None,,,,,,,,,,,,,,,,12 V/1-0 VA,14' - 11 17/32",,,,,,,,,,,,,,,,,,,,,,,,,,,,,,,By Type,,Default,,Electrical Equipment - Unbalanced Power Connector,Electrical Equipment - Unbalanced Power Connector: 12 V,,,,,,,,0 VA,0 VA,0 VA,,,,,,,,,,,,,,,,1QV96iCXbDtwK1tCLueEBS,,,,,,,,L2,,,,,,,,,,,,,,,,,,,,,,,,,,,,,,,,,,,,,,,,31,,,,1 A,,,,,,,,,,,Not Computed,Not Computed,,,,,,,Panelboard,New Construction,None,,,,,,,,,,,,,,,,,,,,,,,,,,,,,,,PV1,0 VA,Not Computed,0 VA,100.00%,Not Computed,,,,,,12 V,PV Panel Connection,,1QV96iCXbDtwK1tCLueErX,,,,,,,,,,
,0 VA,0 VA,0 VA,,,,,,,,,0 VA,0 VA,0 VA,,,,,1,23.80.30.11.17,,,,,,,,,1,,,,,,,,,,None,,,,,,,,,,,,,,,,12 V/1-0 VA,8' - 7 9/16",,,,,,,,,,,,,,,,,,,,,,,,,,,,,,,By Type,,Default,,Electrical Equipment - Unbalanced Power Connector,Electrical Equipment - Unbalanced Power Connector: 12 V,,,,,,,,0 VA,0 VA,0 VA,,,,,,,,,,,,,,,,1QV96iCXbDtwK1tCLueEBG,,,,,,,,L2,,,,,,,,,,,,,,,,,,,,,,,,,,,,,,,,,,,,Pocket Park 104,,,,32,,,,1 A,,,,,,,,,,,Not Computed,Not Computed,,,,,,,Panelboard,New Construction,None,,,,,,,,,,,,,,,,,,,,,,,,,,,,,,,PV1,0 VA,Not Computed,0 VA,100.00%,Not Computed,,,,,,12 V,PV Panel Connection,,1QV96iCXbDtwK1tCLueErX,,,,,,,,,,
,0 VA,0 VA,0 VA,,,,,,,,,0 VA,0 VA,0 VA,0 A,0 A,0 A,,,23.80.30.11.17,,,,,,,,,1,0 A,0 A,0 A,,,,,,,480/277 Wye,,,,,,,,,,,,,,,,480 V/3-0 VA,0' - 0",,,,,,,,,,,,,,,,,,,,,,,,,,,,,,,By Type,,Default,,PV Inverter,PV Inverter: 36"x26.5",,,,,,,,0 VA,0 VA,0 VA,0 A,0 A,0 A,,,,,,,,,,,,,2chmxDx$L86gdODoJ1JQb2,,,,,,,,R2,,,,,,,,,,,,,,,,,,,,,,,,,,,,,,,,,,,,Storage R103,,,,33,0,,,1 A,,,,,,,,,,,3,4,,,,,,,Switchboard,New Construction,None,,,,,,,,,,,,,,,,,,,,,,,,,,,,,,,,0 VA,0 A,0 VA,100.00%,0 A,,,,,,36"x26.5",PV Inverter,,1QV96iCXbDtwK1tCLueE5E,,INV,,,,,,,,
,,,,,,,,,,,,,,,,,,,,23.80.50.11.14,,,,,,,,,1,,,,,,,,,,,,,,,,,,,,,,,,,,240 V/3-0 VA,4' - 4",,,,,,,,,,,,,,,,,,,,,,,,,,,,,,,By Type,,Default,,Disconnect Switches,Disconnect Switches: 240V - Fusible 100A,,,,,,,,,,,,,,,,,,,,,,,,,,2chmxDx$L86gdODoJ1JRPE,,,,,,,,R2,,,,,,,,,,,,,,,,,,,,,,,,,,,,,,,,,,,,Green Roof R100,,,,37,,,,,,,,,,,,,,,,,,,,,,,Equipment Switch,New Construction,None,,,,,,,,,,,,,,,,,,,,,,,,,,,,,,,,,,,,,,,,,,240V - Fusible 100A,,,2chmxDx$L86gdODoJ1JRRu,,,,,,,,,,
,0 VA,0 VA,0 VA,,,,,,,,,0 VA,0 VA,0 VA,0 A,0 A,0 A,,,23.80.30.11.17,,,,,,,,,1,0 A,0 A,0 A,,,,,,,12VDC PV,,,,,,,,,,,,,,,,12 V/2-0 VA,3' - 5",,,,,,Type 1,,,,,,,,,,,,,,,,,,,,,,,,,By Type,,Default,,PV Panelboard 12V MCB - Surface,PV Panelboard 12V MCB - Surface: 100 A,,,,,,,,0 VA,0 VA,0 VA,0 A,0 A,0 A,,,,,,,,,,,,,2chmxDx$L86gdODoJ1JReK,,,,,,,,R2,,,,,,,,,,,,,,,,,,,,,,,,,,,,,,,,,,,,Green Roof R100,100 A,,,38,,30,,100 A,,,,,,,,Surface,,,1,3,,,,,,PV1,Panelboard,New Construction,None,,,,,,,,,,,,,,,,,,,,0 VA,0 A,0 VA,Not Computed,0 A,,,,,,,,0 VA,0 A,0 VA,100.00%,0 A,,,,,,100 A,PV Panelboard,,2chmxDx$L86gdODoJ1JRhU,,,,,,,,,,
,0 VA,0 VA,0 VA,,,,,,,,,0 VA,0 VA,0 VA,0 A,0 A,0 A,,,23.80.30.11.17,,,,,,,,,1,0 A,0 A,0 A,,,,,,,12VDC PV,,,,,,,,,,,,,,,,12 V/2-0 VA,3' - 5",,,,,,Type 1,,,,,,,,,,,,,,,,,,,,,,,,,By Type,,Default,,PV Panelboard 12V MCB - Surface,PV Panelboard 12V MCB - Surface: 100 A,,,,,,,,0 VA,0 VA,0 VA,0 A,0 A,0 A,,,,,,,,,,,,,2chmxDx$L86gdODoJ1JRk2,,,,,,,,R2,,,,,,,,,,,,,,,,,,,,,,,,,,,,,,,,,,,,Green Roof R100,100 A,,,39,,30,,100 A,,,,,,,,Surface,,,1,3,,,,,,PV2,Panelboard,New Construction,None,,,,,,,,,,,,,,,,,,,,0 VA,0 A,0 VA,Not Computed,0 A,,,,,,,,0 VA,0 A,0 VA,100.00%,0 A,,,,,,100 A,PV Panelboard,,2chmxDx$L86gdODoJ1JRhU,,,,,,,,,,
,,,,,,,,,,,,,,,,,,,,23.80.50.11.14,,,,,,,,,1,,,,,,,,,,,,,,,,,,,,,,,,,,240 V/3-0 VA,4' - 4",,,,,,,,,,,,,,,,,,,,,,,,,,,,,,,By Type,,Default,,Disconnect Switches,Disconnect Switches: 240V - Fusible 100A,,,,,,,,,,,,,,,,,,,,,,,,,,2chmxDx$L86gdODoJ1JRke,,,,,,,,R2,,,,,,,,,,,,,,,,,,,,,,,,,,,,,,,,,,,,Green Roof R100,,,,40,,,,,,,,,,,,,,,,,,,,,,,Equipment Switch,New Construction,None,,,,,,,,,,,,,,,,,,,,,,,,,,,,,,,,,,,,,,,,,,240V - Fusible 100A,,,2chmxDx$L86gdODoJ1JRRu,,,,,,,,,,
,0 VA,0 VA,0 VA,,,,,,,,,0 VA,0 VA,0 VA,0 A,0 A,0 A,,,23.80.30.11.17,,,,,,,,,1,0 A,0 A,0 A,,,,,,,12VDC PV,,,,,,,,,,,,,,,,12 V/2-0 VA,3' - 5",,,,,,Type 1,,,,,,,,,,,,,,,,,,,,,,,,,By Type,,Default,,PV Panelboard 12V MCB - Surface,PV Panelboard 12V MCB - Surface: 100 A,,,,,,,,0 VA,0 VA,0 VA,0 A,0 A,0 A,,,,,,,,,,,,,2chmxDx$L86gdODoJ1JRll,,,,,,,,R2,,,,,,,,,,,,,,,,,,,,,,,,,,,,,,,,,,,,Green Roof R100,100 A,,,41,,30,,100 A,,,,,,,,Surface,,,1,3,,,,,,PV3,Panelboard,New Construction,None,,,,,,,,,,,,,,,,,,,,0 VA,0 A,0 VA,Not Computed,0 A,,,,,,,,0 VA,0 A,0 VA,100.00%,0 A,,,,,,100 A,PV Panelboard,,2chmxDx$L86gdODoJ1JRhU,,,,,,,,,,
,,,,,,,,,,,,,,,,,,,,23.80.50.11.14,,,,,,,,,1,,,,,,,,,,,,,,,,,,,,,,,,,,240 V/3-0 VA,4' - 4",,,,,,,,,,,,,,,,,,,,,,,,,,,,,,,By Type,,Default,,Disconnect Switches,Disconnect Switches: 240V - Fusible 100A,,,,,,,,,,,,,,,,,,,,,,,,,,2chmxDx$L86gdODoJ1JRia,,,,,,,,R2,,,,,,,,,,,,,,,,,,,,,,,,,,,,,,,,,,,,Green Roof R100,,,,42,,,,,,,,,,,,,,,,,,,,,,,Equipment Switch,New Construction,None,,,,,,,,,,,,,,,,,,,,,,,,,,,,,,,,,,,,,,,,,,240V - Fusible 100A,,,2chmxDx$L86gdODoJ1JRRu,,,,,,,,,,
,0 VA,0 VA,0 VA,,,,,,,,,0 VA,0 VA,0 VA,,,,,2,23.80.30.11.17,,,,,,,,,1,,,,,,,,,,None,,,,,,,,,,,,,,,,12 V/1-0 VA,-4' - 3 11/32",,,,,,,,,,,,,,,,,,,,,,,,,,,,,,,By Type,,Default,,Electrical Equipment - Unbalanced Power Connector,Electrical Equipment - Unbalanced Power Connector: 12 V,,,,,,,,0 VA,0 VA,0 VA,,,,,,,,,,,,,,,,2chmxDx$L86gdODoJ1JaCf,,,,,,,,R2,,,,,,,,,,,,,,,,,,,,,,,,,,,,,,,,,,,,,,,,43,,,,1 A,,,,,,,,,,,Not Computed,Not Computed,,,,,,,Panelboard,New Construction,None,,,,,,,,,,,,,,,,,,,,,,,,,,,,,,,PV1,0 VA,Not Computed,0 VA,100.00%,Not Computed,,,,,,12 V,PV Panel Connection,,1QV96iCXbDtwK1tCLueErX,,,,,,,,,,
,0 VA,0 VA,0 VA,,,,,,,,,0 VA,0 VA,0 VA,,,,,2,23.80.30.11.17,,,,,,,,,1,,,,,,,,,,None,,,,,,,,,,,,,,,,12 V/1-0 VA,-16' - 11 25/32",,,,,,,,,,,,,,,,,,,,,,,,,,,,,,,By Type,,Default,,Electrical Equipment - Unbalanced Power Connector,Electrical Equipment - Unbalanced Power Connector: 12 V,,,,,,,,0 VA,0 VA,0 VA,,,,,,,,,,,,,,,,2chmxDx$L86gdODoJ1JaC_,,,,,,,,R2,,,,,,,,,,,,,,,,,,,,,,,,,,,,,,,,,,,,,,,,44,,,,1 A,,,,,,,,,,,Not Computed,Not Computed,,,,,,,Panelboard,New Construction,None,,,,,,,,,,,,,,,,,,,,,,,,,,,,,,,PV1,0 VA,Not Computed,0 VA,100.00%,Not Computed,,,,,,12 V,PV Panel Connection,,1QV96iCXbDtwK1tCLueErX,,,,,,,,,,
,0 VA,0 VA,0 VA,,,,,,,,,0 VA,0 VA,0 VA,,,,,2,23.80.30.11.17,,,,,,,,,1,,,,,,,,,,None,,,,,,,,,,,,,,,,12 V/1-0 VA,-29' - 6 15/32",,,,,,,,,,,,,,,,,,,,,,,,,,,,,,,By Type,,Default,,Electrical Equipment - Unbalanced Power Connector,Electrical Equipment - Unbalanced Power Connector: 12 V,,,,,,,,0 VA,0 VA,0 VA,,,,,,,,,,,,,,,,2chmxDx$L86gdODoJ1JaD8,,,,,,,,R2,,,,,,,,,,,,,,,,,,,,,,,,,,,,,,,,,,,,,,,,45,,,,1 A,,,,,,,,,,,Not Computed,Not Computed,,,,,,,Panelboard,New Construction,None,,,,,,,,,,,,,,,,,,,,,,,,,,,,,,,PV1,0 VA,Not Computed,0 VA,100.00%,Not Computed,,,,,,12 V,PV Panel Connection,,1QV96iCXbDtwK1tCLueErX,,,,,,,,,,
,0 VA,0 VA,0 VA,,,,,,,,,0 VA,0 VA,0 VA,,,,,2,23.80.30.11.17,,,,,,,,,1,,,,,,,,,,None,,,,,,,,,,,,,,,,12 V/1-0 VA,-42' - 2 1/2",,,,,,,,,,,,,,,,,,,,,,,,,,,,,,,By Type,,Default,,Electrical Equipment - Unbalanced Power Connector,Electrical Equipment - Unbalanced Power Connector: 12 V,,,,,,,,0 VA,0 VA,0 VA,,,,,,,,,,,,,,,,2chmxDx$L86gdODoJ1JaDW,,,,,,,,R2,,,,,,,,,,,,,,,,,,,,,,,,,,,,,,,,,,,,Pocket Park 104,,,,46,,,,1 A,,,,,,,,,,,Not Computed,Not Computed,,,,,,,Panelboard,New Construction,None,,,,,,,,,,,,,,,,,,,,,,,,,,,,,,,PV1,0 VA,Not Computed,0 VA,100.00%,Not Computed,,,,,,12 V,PV Panel Connection,,1QV96iCXbDtwK1tCLueErX,,,,,,,,,,
,0 VA,0 VA,0 VA,,,,,,,,,0 VA,0 VA,0 VA,,,,,,23.80.30.11.17,,,,,,,,,1,,,,,,,,,,None,,,,,,,,,,,,,,,,12 V/1-0 VA,-12' - 5 13/16",,,,,,,,,,,,,,,,,,,,,,,,,,,,,,,By Type,,Default,,Electrical Equipment - Unbalanced Power Connector,Electrical Equipment - Unbalanced Power Connector: 12 V,,,,,,,,0 VA,0 VA,0 VA,,,,,,,,,,,,,,,,2chmxDx$L86gdODoJ1JaDm,,,,,,,,R2,,,,,,,,,,,,,,,,,,,,,,,,,,,,,,,,,,,,,,,,47,,,,1 A,,,,,,,,,,,Not Computed,Not Computed,,,,,,,Panelboard,New Construction,None,,,,,,,,,,,,,,,,,,,,,,,,,,,,,,,,0 VA,Not Computed,0 VA,100.00%,Not Computed,,,,,,12 V,PV Panel Connection,,1QV96iCXbDtwK1tCLueErX,,,,,,,,,,
,0 VA,0 VA,0 VA,,,,,,,,,0 VA,0 VA,0 VA,,,,,4,23.80.30.11.17,,,,,,,,,1,,,,,,,,,,None,,,,,,,,,,,,,,,,12 V/1-0 VA,-42' - 2 5/8",,,,,,,,,,,,,,,,,,,,,,,,,,,,,,,By Type,,Default,,Electrical Equipment - Unbalanced Power Connector,Electrical Equipment - Unbalanced Power Connector: 12 V,,,,,,,,0 VA,0 VA,0 VA,,,,,,,,,,,,,,,,2chmxDx$L86gdODoJ1Ja2G,,,,,,,,R2,,,,,,,,,,,,,,,,,,,,,,,,,,,,,,,,,,,,Pocket Park 104,,,,48,,,,1 A,,,,,,,,,,,Not Computed,Not Computed,,,,,,,Panelboard,New Construction,None,,,,,,,,,,,,,,,,,,,,,,,,,,,,,,,PV1,0 VA,Not Computed,0 VA,100.00%,Not Computed,,,,,,12 V,PV Panel Connection,,1QV96iCXbDtwK1tCLueErX,,,,,,,,,,
,0 VA,0 VA,0 VA,,,,,,,,,0 VA,0 VA,0 VA,,,,,5,23.80.30.11.17,,,,,,,,,1,,,,,,,,,,None,,,,,,,,,,,,,,,,12 V/1-0 VA,33' - 8 13/16",,,,,,,,,,,,,,,,,,,,,,,,,,,,,,,By Type,,Default,,Electrical Equipment - Unbalanced Power Connector,Electrical Equipment - Unbalanced Power Connector: 12 V,,,,,,,,0 VA,0 VA,0 VA,,,,,,,,,,,,,,,,2chmxDx$L86gdODoJ1Ja2a,,,,,,,,Parking,,,,,,,,,,,,,,,,,,,,,,,,,,,,,,,,,,,,Pocket Park 104,,,,49,,,,1 A,,,,,,,,,,,Not Computed,Not Computed,,,,,,,Panelboard,New Construction,None,,,,,,,,,,,,,,,,,,,,,,,,,,,,,,,PV1,0 VA,Not Computed,0 VA,100.00%,Not Computed,,,,,,12 V,PV Panel Connection,,1QV96iCXbDtwK1tCLueErX,,,,,,,,,,
,0 VA,0 VA,0 VA,,,,,,,,,0 VA,0 VA,0 VA,,,,,5,23.80.30.11.17,,,,,,,,,1,,,,,,,,,,None,,,,,,,,,,,,,,,,12 V/1-0 VA,39' - 11 21/32",,,,,,,,,,,,,,,,,,,,,,,,,,,,,,,By Type,,Default,,Electrical Equipment - Unbalanced Power Connector,Electrical Equipment - Unbalanced Power Connector: 12 V,,,,,,,,0 VA,0 VA,0 VA,,,,,,,,,,,,,,,,2chmxDx$L86gdODoJ1Ja2r,,,,,,,,Parking,,,,,,,,,,,,,,,,,,,,,,,,,,,,,,,,,,,,,,,,50,,,,1 A,,,,,,,,,,,Not Computed,Not Computed,,,,,,,Panelboard,New Construction,None,,,,,,,,,,,,,,,,,,,,,,,,,,,,,,,PV1,0 VA,Not Computed,0 VA,100.00%,Not Computed,,,,,,12 V,PV Panel Connection,,1QV96iCXbDtwK1tCLueErX,,,,,,,,,,
,0 VA,0 VA,0 VA,,,,,,,,,0 VA,0 VA,0 VA,,,,,3,23.80.30.11.17,,,,,,,,,1,,,,,,,,,,None,,,,,,,,,,,,,,,,12 V/1-0 VA,39' - 10 5/16",,,,,,,,,,,,,,,,,,,,,,,,,,,,,,,By Type,,Default,,Electrical Equipment - Unbalanced Power Connector,Electrical Equipment - Unbalanced Power Connector: 12 V,,,,,,,,0 VA,0 VA,0 VA,,,,,,,,,,,,,,,,2chmxDx$L86gdODoJ1Ja3K,,,,,,,,Parking,,,,,,,,,,,,,,,,,,,,,,,,,,,,,,,,,,,,,,,,51,,,,1 A,,,,,,,,,,,Not Computed,Not Computed,,,,,,,Panelboard,New Construction,None,,,,,,,,,,,,,,,,,,,,,,,,,,,,,,,PV1,0 VA,Not Computed,0 VA,100.00%,Not Computed,,,,,,12 V,PV Panel Connection,,1QV96iCXbDtwK1tCLueErX,,,,,,,,,,
,0 VA,0 VA,0 VA,,,,,,,,,0 VA,0 VA,0 VA,,,,,3,23.80.30.11.17,,,,,,,,,1,,,,,,,,,,None,,,,,,,,,,,,,,,,12 V/1-0 VA,-42' - 3 7/16",,,,,,,,,,,,,,,,,,,,,,,,,,,,,,,By Type,,Default,,Electrical Equipment - Unbalanced Power Connector,Electrical Equipment - Unbalanced Power Connector: 12 V,,,,,,,,0 VA,0 VA,0 VA,,,,,,,,,,,,,,,,2chmxDx$L86gdODoJ1Ja3O,,,,,,,,R2,,,,,,,,,,,,,,,,,,,,,,,,,,,,,,,,,,,,Pocket Park 104,,,,52,,,,1 A,,,,,,,,,,,Not Computed,Not Computed,,,,,,,Panelboard,New Construction,None,,,,,,,,,,,,,,,,,,,,,,,,,,,,,,,PV1,0 VA,Not Computed,0 VA,100.00%,Not Computed,,,,,,12 V,PV Panel Connection,,1QV96iCXbDtwK1tCLueErX,,,,,,,,,,
,0 VA,0 VA,0 VA,,,,,,,,,0 VA,0 VA,0 VA,,,,,3,23.80.30.11.17,,,,,,,,,1,,,,,,,,,,None,,,,,,,,,,,,,,,,12 V/1-0 VA,-29' - 6 1/32",,,,,,,,,,,,,,,,,,,,,,,,,,,,,,,By Type,,Default,,Electrical Equipment - Unbalanced Power Connector,Electrical Equipment - Unbalanced Power Connector: 12 V,,,,,,,,0 VA,0 VA,0 VA,,,,,,,,,,,,,,,,2chmxDx$L86gdODoJ1Ja3t,,,,,,,,R2,,,,,,,,,,,,,,,,,,,,,,,,,,,,,,,,,,,,,,,,53,,,,1 A,,,,,,,,,,,Not Computed,Not Computed,,,,,,,Panelboard,New Construction,None,,,,,,,,,,,,,,,,,,,,,,,,,,,,,,,PV1,0 VA,Not Computed,0 VA,100.00%,Not Computed,,,,,,12 V,PV Panel Connection,,1QV96iCXbDtwK1tCLueErX,,,,,,,,,,
,0 VA,0 VA,0 VA,,,,,,,,,0 VA,0 VA,0 VA,,,,,4,23.80.30.11.17,,,,,,,,,1,,,,,,,,,,None,,,,,,,,,,,,,,,,12 V/1-0 VA,-29' - 5 13/32",,,,,,,,,,,,,,,,,,,,,,,,,,,,,,,By Type,,Default,,Electrical Equipment - Unbalanced Power Connector,Electrical Equipment - Unbalanced Power Connector: 12 V,,,,,,,,0 VA,0 VA,0 VA,,,,,,,,,,,,,,,,2chmxDx$L86gdODoJ1Ja0l,,,,,,,,R2,,,,,,,,,,,,,,,,,,,,,,,,,,,,,,,,,,,,,,,,54,,,,1 A,,,,,,,,,,,Not Computed,Not Computed,,,,,,,Panelboard,New Construction,None,,,,,,,,,,,,,,,,,,,,,,,,,,,,,,,PV1,0 VA,Not Computed,0 VA,100.00%,Not Computed,,,,,,12 V,PV Panel Connection,,1QV96iCXbDtwK1tCLueErX,,,,,,,,,,
,0 VA,0 VA,0 VA,,,,,,,,,0 VA,0 VA,0 VA,,,,,5,23.80.30.11.17,,,,,,,,,1,,,,,,,,,,None,,,,,,,,,,,,,,,,12 V/1-0 VA,46' - 4 3/32",,,,,,,,,,,,,,,,,,,,,,,,,,,,,,,By Type,,Default,,Electrical Equipment - Unbalanced Power Connector,Electrical Equipment - Unbalanced Power Connector: 12 V,,,,,,,,0 VA,0 VA,0 VA,,,,,,,,,,,,,,,,2chmxDx$L86gdODoJ1Ja0p,,,,,,,,Parking,,,,,,,,,,,,,,,,,,,,,,,,,,,,,,,,,,,,,,,,55,,,,1 A,,,,,,,,,,,Not Computed,Not Computed,,,,,,,Panelboard,New Construction,None,,,,,,,,,,,,,,,,,,,,,,,,,,,,,,,PV1,0 VA,Not Computed,0 VA,100.00%,Not Computed,,,,,,12 V,PV Panel Connection,,1QV96iCXbDtwK1tCLueErX,,,,,,,,,,
,0 VA,0 VA,0 VA,,,,,,,,,0 VA,0 VA,0 VA,,,,,5,23.80.30.11.17,,,,,,,,,1,,,,,,,,,,None,,,,,,,,,,,,,,,,12 V/1-0 VA,52' - 7 7/16",,,,,,,,,,,,,,,,,,,,,,,,,,,,,,,By Type,,Default,,Electrical Equipment - Unbalanced Power Connector,Electrical Equipment - Unbalanced Power Connector: 12 V,,,,,,,,0 VA,0 VA,0 VA,,,,,,,,,,,,,,,,2chmxDx$L86gdODoJ1Ja1B,,,,,,,,Parking,,,,,,,,,,,,,,,,,,,,,,,,,,,,,,,,,,,,,,,,56,,,,1 A,,,,,,,,,,,Not Computed,Not Computed,,,,,,,Panelboard,New Construction,None,,,,,,,,,,,,,,,,,,,,,,,,,,,,,,,PV1,0 VA,Not Computed,0 VA,100.00%,Not Computed,,,,,,12 V,PV Panel Connection,,1QV96iCXbDtwK1tCLueErX,,,,,,,,,,
,0 VA,0 VA,0 VA,,,,,,,,,0 VA,0 VA,0 VA,,,,,3,23.80.30.11.17,,,,,,,,,1,,,,,,,,,,None,,,,,,,,,,,,,,,,12 V/1-0 VA,52' - 7 9/32",,,,,,,,,,,,,,,,,,,,,,,,,,,,,,,By Type,,Default,,Electrical Equipment - Unbalanced Power Connector,Electrical Equipment - Unbalanced Power Connector: 12 V,,,,,,,,0 VA,0 VA,0 VA,,,,,,,,,,,,,,,,2chmxDx$L86gdODoJ1Ja1b,,,,,,,,Parking,,,,,,,,,,,,,,,,,,,,,,,,,,,,,,,,,,,,,,,,57,,,,1 A,,,,,,,,,,,Not Computed,Not Computed,,,,,,,Panelboard,New Construction,None,,,,,,,,,,,,,,,,,,,,,,,,,,,,,,,PV1,0 VA,Not Computed,0 VA,100.00%,Not Computed,,,,,,12 V,PV Panel Connection,,1QV96iCXbDtwK1tCLueErX,,,,,,,,,,
,0 VA,0 VA,0 VA,,,,,,,,,0 VA,0 VA,0 VA,,,,,3,23.80.30.11.17,,,,,,,,,1,,,,,,,,,,None,,,,,,,,,,,,,,,,12 V/1-0 VA,-16' - 10 1/4",,,,,,,,,,,,,,,,,,,,,,,,,,,,,,,By Type,,Default,,Electrical Equipment - Unbalanced Power Connector,Electrical Equipment - Unbalanced Power Connector: 12 V,,,,,,,,0 VA,0 VA,0 VA,,,,,,,,,,,,,,,,2chmxDx$L86gdODoJ1Ja1g,,,,,,,,R2,,,,,,,,,,,,,,,,,,,,,,,,,,,,,,,,,,,,,,,,58,,,,1 A,,,,,,,,,,,Not Computed,Not Computed,,,,,,,Panelboard,New Construction,None,,,,,,,,,,,,,,,,,,,,,,,,,,,,,,,PV1,0 VA,Not Computed,0 VA,100.00%,Not Computed,,,,,,12 V,PV Panel Connection,,1QV96iCXbDtwK1tCLueErX,,,,,,,,,,
,0 VA,0 VA,0 VA,,,,,,,,,0 VA,0 VA,0 VA,,,,,4,23.80.30.11.17,,,,,,,,,1,,,,,,,,,,None,,,,,,,,,,,,,,,,12 V/1-0 VA,-16' - 10 19/32",,,,,,,,,,,,,,,,,,,,,,,,,,,,,,,By Type,,Default,,Electrical Equipment - Unbalanced Power Connector,Electrical Equipment - Unbalanced Power Connector: 12 V,,,,,,,,0 VA,0 VA,0 VA,,,,,,,,,,,,,,,,2chmxDx$L86gdODoJ1Ja1_,,,,,,,,R2,,,,,,,,,,,,,,,,,,,,,,,,,,,,,,,,,,,,,,,,59,,,,1 A,,,,,,,,,,,Not Computed,Not Computed,,,,,,,Panelboard,New Construction,None,,,,,,,,,,,,,,,,,,,,,,,,,,,,,,,PV1,0 VA,Not Computed,0 VA,100.00%,Not Computed,,,,,,12 V,PV Panel Connection,,1QV96iCXbDtwK1tCLueErX,,,,,,,,,,
,0 VA,0 VA,0 VA,,,,,,,,,0 VA,0 VA,0 VA,,,,,5,23.80.30.11.17,,,,,,,,,1,,,,,,,,,,None,,,,,,,,,,,,,,,,12 V/1-0 VA,59' - 0 21/32",,,,,,,,,,,,,,,,,,,,,,,,,,,,,,,By Type,,Default,,Electrical Equipment - Unbalanced Power Connector,Electrical Equipment - Unbalanced Power Connector: 12 V,,,,,,,,0 VA,0 VA,0 VA,,,,,,,,,,,,,,,,2chmxDx$L86gdODoJ1Ja62,,,,,,,,Parking,,,,,,,,,,,,,,,,,,,,,,,,,,,,,,,,,,,,,,,,60,,,,1 A,,,,,,,,,,,Not Computed,Not Computed,,,,,,,Panelboard,New Construction,None,,,,,,,,,,,,,,,,,,,,,,,,,,,,,,,PV1,0 VA,Not Computed,0 VA,100.00%,Not Computed,,,,,,12 V,PV Panel Connection,,1QV96iCXbDtwK1tCLueErX,,,,,,,,,,
,0 VA,0 VA,0 VA,,,,,,,,,0 VA,0 VA,0 VA,,,,,5,23.80.30.11.17,,,,,,,,,1,,,,,,,,,,None,,,,,,,,,,,,,,,,12 V/1-0 VA,65' - 2 13/16",,,,,,,,,,,,,,,,,,,,,,,,,,,,,,,By Type,,Default,,Electrical Equipment - Unbalanced Power Connector,Electrical Equipment - Unbalanced Power Connector: 12 V,,,,,,,,0 VA,0 VA,0 VA,,,,,,,,,,,,,,,,2chmxDx$L86gdODoJ1Ja6P,,,,,,,,Parking,,,,,,,,,,,,,,,,,,,,,,,,,,,,,,,,,,,,,,,,61,,,,1 A,,,,,,,,,,,Not Computed,Not Computed,,,,,,,Panelboard,New Construction,None,,,,,,,,,,,,,,,,,,,,,,,,,,,,,,,PV1,0 VA,Not Computed,0 VA,100.00%,Not Computed,,,,,,12 V,PV Panel Connection,,1QV96iCXbDtwK1tCLueErX,,,,,,,,,,
,0 VA,0 VA,0 VA,,,,,,,,,0 VA,0 VA,0 VA,,,,,3,23.80.30.11.17,,,,,,,,,1,,,,,,,,,,None,,,,,,,,,,,,,,,,12 V/1-0 VA,65' - 2 21/32",,,,,,,,,,,,,,,,,,,,,,,,,,,,,,,By Type,,Default,,Electrical Equipment - Unbalanced Power Connector,Electrical Equipment - Unbalanced Power Connector: 12 V,,,,,,,,0 VA,0 VA,0 VA,,,,,,,,,,,,,,,,2chmxDx$L86gdODoJ1Ja6k,,,,,,,,Parking,,,,,,,,,,,,,,,,,,,,,,,,,,,,,,,,,,,,,,,,62,,,,1 A,,,,,,,,,,,Not Computed,Not Computed,,,,,,,Panelboard,New Construction,None,,,,,,,,,,,,,,,,,,,,,,,,,,,,,,,PV1,0 VA,Not Computed,0 VA,100.00%,Not Computed,,,,,,12 V,PV Panel Connection,,1QV96iCXbDtwK1tCLueErX,,,,,,,,,,
,0 VA,0 VA,0 VA,,,,,,,,,0 VA,0 VA,0 VA,,,,,3,23.80.30.11.17,,,,,,,,,1,,,,,,,,,,None,,,,,,,,,,,,,,,,12 V/1-0 VA,-4' - 1 9/32",,,,,,,,,,,,,,,,,,,,,,,,,,,,,,,By Type,,Default,,Electrical Equipment - Unbalanced Power Connector,Electrical Equipment - Unbalanced Power Connector: 12 V,,,,,,,,0 VA,0 VA,0 VA,,,,,,,,,,,,,,,,2chmxDx$L86gdODoJ1Ja76,,,,,,,,R2,,,,,,,,,,,,,,,,,,,,,,,,,,,,,,,,,,,,,,,,63,,,,1 A,,,,,,,,,,,Not Computed,Not Computed,,,,,,,Panelboard,New Construction,None,,,,,,,,,,,,,,,,,,,,,,,,,,,,,,,PV1,0 VA,Not Computed,0 VA,100.00%,Not Computed,,,,,,12 V,PV Panel Connection,,1QV96iCXbDtwK1tCLueErX,,,,,,,,,,
,0 VA,0 VA,0 VA,,,,,,,,,0 VA,0 VA,0 VA,,,,,4,23.80.30.11.17,,,,,,,,,1,,,,,,,,,,None,,,,,,,,,,,,,,,,12 V/1-0 VA,-4' - 1 5/8",,,,,,,,,,,,,,,,,,,,,,,,,,,,,,,By Type,,Default,,Electrical Equipment - Unbalanced Power Connector,Electrical Equipment - Unbalanced Power Connector: 12 V,,,,,,,,0 VA,0 VA,0 VA,,,,,,,,,,,,,,,,2chmxDx$L86gdODoJ1Ja7A,,,,,,,,R2,,,,,,,,,,,,,,,,,,,,,,,,,,,,,,,,,,,,,,,,64,,,,1 A,,,,,,,,,,,Not Computed,Not Computed,,,,,,,Panelboard,New Construction,None,,,,,,,,,,,,,,,,,,,,,,,,,,,,,,,PV1,0 VA,Not Computed,0 VA,100.00%,Not Computed,,,,,,12 V,PV Panel Connection,,1QV96iCXbDtwK1tCLueErX,,,,,,,,,,
,0 VA,0 VA,0 VA,,,,,,,,,0 VA,0 VA,0 VA,,,,,5,23.80.30.11.17,,,,,,,,,1,,,,,,,,,,None,,,,,,,,,,,,,,,,12 V/1-0 VA,71' - 8 3/16",,,,,,,,,,,,,,,,,,,,,,,,,,,,,,,By Type,,Default,,Electrical Equipment - Unbalanced Power Connector,Electrical Equipment - Unbalanced Power Connector: 12 V,,,,,,,,0 VA,0 VA,0 VA,,,,,,,,,,,,,,,,2chmxDx$L86gdODoJ1Ja7U,,,,,,,,Parking,,,,,,,,,,,,,,,,,,,,,,,,,,,,,,,,,,,,,,,,65,,,,1 A,,,,,,,,,,,Not Computed,Not Computed,,,,,,,Panelboard,New Construction,None,,,,,,,,,,,,,,,,,,,,,,,,,,,,,,,PV1,0 VA,Not Computed,0 VA,100.00%,Not Computed,,,,,,12 V,PV Panel Connection,,1QV96iCXbDtwK1tCLueErX,,,,,,,,,,
,0 VA,0 VA,0 VA,,,,,,,,,0 VA,0 VA,0 VA,0 A,0 A,0 A,,,23.80.30.11.17,,,,,,,,,1,0 A,0 A,0 A,,,,,,,12VDC PV,,,,,,,,,,,,,,,,12 V/2-0 VA,3' - 5",,,,,,Type 1,,,,,,,,,,,,,,,,,,,,,,,,,By Type,,Default,,PV Panelboard 12V MCB - Surface,PV Panelboard 12V MCB - Surface: 100 A,,,,,,,,0 VA,0 VA,0 VA,0 A,0 A,0 A,,,,,,,,,,,,,2chmxDx$L86gdODoJ1JaGL,,,,,,,,R2,,,,,,,,,,,,,,,,,,,,,,,,,,,,,,,,,,,,Green Roof R100,100 A,,,66,,30,,100 A,,,,,,,,Surface,,,1,3,,,,,,PV4,Panelboard,New Construction,None,,,,,,,,,,,,,,,,,,,,0 VA,0 A,0 VA,Not Computed,0 A,,,,,,,,0 VA,0 A,0 VA,100.00%,0 A,,,,,,100 A,PV Panelboard,,2chmxDx$L86gdODoJ1JRhU,,,,,,,,,,
,,,,,,,,,,,,,,,,,,,,23.80.50.11.14,,,,,,,,,1,,,,,,,,,,,,,,,,,,,,,,,,,,240 V/3-0 VA,4' - 4",,,,,,,,,,,,,,,,,,,,,,,,,,,,,,,By Type,,Default,,Disconnect Switches,Disconnect Switches: 240V - Fusible 100A,,,,,,,,,,,,,,,,,,,,,,,,,,2chmxDx$L86gdODoJ1JaH2,,,,,,,,R2,,,,,,,,,,,,,,,,,,,,,,,,,,,,,,,,,,,,Green Roof R100,,,,67,,,,,,,,,,,,,,,,,,,,,,,Equipment Switch,New Construction,None,,,,,,,,,,,,,,,,,,,,,,,,,,,,,,,,,,,,,,,,,,240V - Fusible 100A,,,2chmxDx$L86gdODoJ1JRRu,,,,,,,,,,
,0 VA,0 VA,0 VA,,,,,,,,,0 VA,0 VA,0 VA,,,,,1,23.80.30.11.17,,,,,,,,,1,,,,,,,,,,None,,,,,,,,,,,,,,,,12 V/1-0 VA,-41' - 11",,,,,,,,,,,,,,,,,,,,,,,,,,,,,,,By Type,,Default,,Electrical Equipment - Unbalanced Power Connector,Electrical Equipment - Unbalanced Power Connector: 12 V,,,,,,,,0 VA,0 VA,0 VA,,,,,,,,,,,,,,,,2chmxDx$L86gdODoJ1JafY,,,,,,,,R2,,,,,,,,,,,,,,,,,,,,,,,,,,,,,,,,,,,,Pocket Park 104,,,,68,,,,1 A,,,,,,,,,,,Not Computed,Not Computed,,,,,,,Panelboard,New Construction,None,,,,,,,,,,,,,,,,,,,,,,,,,,,,,,,PV2,0 VA,Not Computed,0 VA,100.00%,Not Computed,,,,,,12 V,PV Panel Connection,,1QV96iCXbDtwK1tCLueErX,,,,,,,,,,
,0 VA,0 VA,0 VA,,,,,,,,,0 VA,0 VA,0 VA,,,,,2,23.80.30.11.17,,,,,,,,,1,,,,,,,,,,None,,,,,,,,,,,,,,,,12 V/1-0 VA,-41' - 10 23/32",,,,,,,,,,,,,,,,,,,,,,,,,,,,,,,By Type,,Default,,Electrical Equipment - Unbalanced Power Connector,Electrical Equipment - Unbalanced Power Connector: 12 V,,,,,,,,0 VA,0 VA,0 VA,,,,,,,,,,,,,,,,2chmxDx$L86gdODoJ1Jafs,,,,,,,,R2,,,,,,,,,,,,,,,,,,,,,,,,,,,,,,,,,,,,Pocket Park 104,,,,69,,,,1 A,,,,,,,,,,,Not Computed,Not Computed,,,,,,,Panelboard,New Construction,None,,,,,,,,,,,,,,,,,,,,,,,,,,,,,,,PV2,0 VA,Not Computed,0 VA,100.00%,Not Computed,,,,,,12 V,PV Panel Connection,,1QV96iCXbDtwK1tCLueErX,,,,,,,,,,
,0 VA,0 VA,0 VA,,,,,,,,,0 VA,0 VA,0 VA,,,,,3,23.80.30.11.17,,,,,,,,,1,,,,,,,,,,None,,,,,,,,,,,,,,,,12 V/1-0 VA,-41' - 10 7/16",,,,,,,,,,,,,,,,,,,,,,,,,,,,,,,By Type,,Default,,Electrical Equipment - Unbalanced Power Connector,Electrical Equipment - Unbalanced Power Connector: 12 V,,,,,,,,0 VA,0 VA,0 VA,,,,,,,,,,,,,,,,2chmxDx$L86gdODoJ1Jafw,,,,,,,,R2,,,,,,,,,,,,,,,,,,,,,,,,,,,,,,,,,,,,Pocket Park 104,,,,70,,,,1 A,,,,,,,,,,,Not Computed,Not Computed,,,,,,,Panelboard,New Construction,None,,,,,,,,,,,,,,,,,,,,,,,,,,,,,,,PV2,0 VA,Not Computed,0 VA,100.00%,Not Computed,,,,,,12 V,PV Panel Connection,,1QV96iCXbDtwK1tCLueErX,,,,,,,,,,
,0 VA,0 VA,0 VA,,,,,,,,,0 VA,0 VA,0 VA,,,,,4,23.80.30.11.17,,,,,,,,,1,,,,,,,,,,None,,,,,,,,,,,,,,,,12 V/1-0 VA,52' - 9 21/32",,,,,,,,,,,,,,,,,,,,,,,,,,,,,,,By Type,,Default,,Electrical Equipment - Unbalanced Power Connector,Electrical Equipment - Unbalanced Power Connector: 12 V,,,,,,,,0 VA,0 VA,0 VA,,,,,,,,,,,,,,,,2chmxDx$L86gdODoJ1JakB,,,,,,,,Parking,,,,,,,,,,,,,,,,,,,,,,,,,,,,,,,,,,,,,,,,71,,,,1 A,,,,,,,,,,,Not Computed,Not Computed,,,,,,,Panelboard,New Construction,None,,,,,,,,,,,,,,,,,,,,,,,,,,,,,,,PV2,0 VA,Not Computed,0 VA,100.00%,Not Computed,,,,,,12 V,PV Panel Connection,,1QV96iCXbDtwK1tCLueErX,,,,,,,,,,
,0 VA,0 VA,0 VA,,,,,,,,,0 VA,0 VA,0 VA,,,,,5,23.80.30.11.17,,,,,,,,,1,,,,,,,,,,None,,,,,,,,,,,,,,,,12 V/1-0 VA,33' - 10 23/32",,,,,,,,,,,,,,,,,,,,,,,,,,,,,,,By Type,,Default,,Electrical Equipment - Unbalanced Power Connector,Electrical Equipment - Unbalanced Power Connector: 12 V,,,,,,,,0 VA,0 VA,0 VA,,,,,,,,,,,,,,,,2chmxDx$L86gdODoJ1Jaki,,,,,,,,Parking,,,,,,,,,,,,,,,,,,,,,,,,,,,,,,,,,,,,Pocket Park 104,,,,72,,,,1 A,,,,,,,,,,,Not Computed,Not Computed,,,,,,,Panelboard,New Construction,None,,,,,,,,,,,,,,,,,,,,,,,,,,,,,,,PV2,0 VA,Not Computed,0 VA,100.00%,Not Computed,,,,,,12 V,PV Panel Connection,,1QV96iCXbDtwK1tCLueErX,,,,,,,,,,
,0 VA,0 VA,0 VA,,,,,,,,,0 VA,0 VA,0 VA,,,,,5,23.80.30.11.17,,,,,,,,,1,,,,,,,,,,None,,,,,,,,,,,,,,,,12 V/1-0 VA,40' - 0 9/16",,,,,,,,,,,,,,,,,,,,,,,,,,,,,,,By Type,,Default,,Electrical Equipment - Unbalanced Power Connector,Electrical Equipment - Unbalanced Power Connector: 12 V,,,,,,,,0 VA,0 VA,0 VA,,,,,,,,,,,,,,,,2chmxDx$L86gdODoJ1Jakz,,,,,,,,Parking,,,,,,,,,,,,,,,,,,,,,,,,,,,,,,,,,,,,,,,,73,,,,1 A,,,,,,,,,,,Not Computed,Not Computed,,,,,,,Panelboard,New Construction,None,,,,,,,,,,,,,,,,,,,,,,,,,,,,,,,PV2,0 VA,Not Computed,0 VA,100.00%,Not Computed,,,,,,12 V,PV Panel Connection,,1QV96iCXbDtwK1tCLueErX,,,,,,,,,,
,0 VA,0 VA,0 VA,,,,,,,,,0 VA,0 VA,0 VA,,,,,3,23.80.30.11.17,,,,,,,,,1,,,,,,,,,,None,,,,,,,,,,,,,,,,12 V/1-0 VA,40' - 0 5/32",,,,,,,,,,,,,,,,,,,,,,,,,,,,,,,By Type,,Default,,Electrical Equipment - Unbalanced Power Connector,Electrical Equipment - Unbalanced Power Connector: 12 V,,,,,,,,0 VA,0 VA,0 VA,,,,,,,,,,,,,,,,2chmxDx$L86gdODoJ1Jal1,,,,,,,,Parking,,,,,,,,,,,,,,,,,,,,,,,,,,,,,,,,,,,,,,,,74,,,,1 A,,,,,,,,,,,Not Computed,Not Computed,,,,,,,Panelboard,New Construction,None,,,,,,,,,,,,,,,,,,,,,,,,,,,,,,,PV2,0 VA,Not Computed,0 VA,100.00%,Not Computed,,,,,,12 V,PV Panel Connection,,1QV96iCXbDtwK1tCLueErX,,,,,,,,,,
,0 VA,0 VA,0 VA,,,,,,,,,0 VA,0 VA,0 VA,,,,,1,23.80.30.11.17,,,,,,,,,1,,,,,,,,,,None,,,,,,,,,,,,,,,,12 V/1-0 VA,-35' - 9 9/16",,,,,,,,,,,,,,,,,,,,,,,,,,,,,,,By Type,,Default,,Electrical Equipment - Unbalanced Power Connector,Electrical Equipment - Unbalanced Power Connector: 12 V,,,,,,,,0 VA,0 VA,0 VA,,,,,,,,,,,,,,,,2chmxDx$L86gdODoJ1JalZ,,,,,,,,R2,,,,,,,,,,,,,,,,,,,,,,,,,,,,,,,,,,,,,,,,75,,,,1 A,,,,,,,,,,,Not Computed,Not Computed,,,,,,,Panelboard,New Construction,None,,,,,,,,,,,,,,,,,,,,,,,,,,,,,,,PV2,0 VA,Not Computed,0 VA,100.00%,Not Computed,,,,,,12 V,PV Panel Connection,,1QV96iCXbDtwK1tCLueErX,,,,,,,,,,
,0 VA,0 VA,0 VA,,,,,,,,,0 VA,0 VA,0 VA,,,,,1,23.80.30.11.17,,,,,,,,,1,,,,,,,,,,None,,,,,,,,,,,,,,,,12 V/1-0 VA,-29' - 6 3/32",,,,,,,,,,,,,,,,,,,,,,,,,,,,,,,By Type,,Default,,Electrical Equipment - Unbalanced Power Connector,Electrical Equipment - Unbalanced Power Connector: 12 V,,,,,,,,0 VA,0 VA,0 VA,,,,,,,,,,,,,,,,2chmxDx$L86gdODoJ1Jalm,,,,,,,,R2,,,,,,,,,,,,,,,,,,,,,,,,,,,,,,,,,,,,,,,,76,,,,1 A,,,,,,,,,,,Not Computed,Not Computed,,,,,,,Panelboard,New Construction,None,,,,,,,,,,,,,,,,,,,,,,,,,,,,,,,PV2,0 VA,Not Computed,0 VA,100.00%,Not Computed,,,,,,12 V,PV Panel Connection,,1QV96iCXbDtwK1tCLueErX,,,,,,,,,,
,0 VA,0 VA,0 VA,,,,,,,,,0 VA,0 VA,0 VA,,,,,2,23.80.30.11.17,,,,,,,,,1,,,,,,,,,,None,,,,,,,,,,,,,,,,12 V/1-0 VA,-29' - 5 5/8",,,,,,,,,,,,,,,,,,,,,,,,,,,,,,,By Type,,Default,,Electrical Equipment - Unbalanced Power Connector,Electrical Equipment - Unbalanced Power Connector: 12 V,,,,,,,,0 VA,0 VA,0 VA,,,,,,,,,,,,,,,,2chmxDx$L86gdODoJ1Jai4,,,,,,,,R2,,,,,,,,,,,,,,,,,,,,,,,,,,,,,,,,,,,,,,,,77,,,,1 A,,,,,,,,,,,Not Computed,Not Computed,,,,,,,Panelboard,New Construction,None,,,,,,,,,,,,,,,,,,,,,,,,,,,,,,,PV2,0 VA,Not Computed,0 VA,100.00%,Not Computed,,,,,,12 V,PV Panel Connection,,1QV96iCXbDtwK1tCLueErX,,,,,,,,,,
,0 VA,0 VA,0 VA,,,,,,,,,0 VA,0 VA,0 VA,,,,,3,23.80.30.11.17,,,,,,,,,1,,,,,,,,,,None,,,,,,,,,,,,,,,,12 V/1-0 VA,-29' - 5 9/16",,,,,,,,,,,,,,,,,,,,,,,,,,,,,,,By Type,,Default,,Electrical Equipment - Unbalanced Power Connector,Electrical Equipment - Unbalanced Power Connector: 12 V,,,,,,,,0 VA,0 VA,0 VA,,,,,,,,,,,,,,,,2chmxDx$L86gdODoJ1Jai8,,,,,,,,R2,,,,,,,,,,,,,,,,,,,,,,,,,,,,,,,,,,,,,,,,78,,,,1 A,,,,,,,,,,,Not Computed,Not Computed,,,,,,,Panelboard,New Construction,None,,,,,,,,,,,,,,,,,,,,,,,,,,,,,,,PV2,0 VA,Not Computed,0 VA,100.00%,Not Computed,,,,,,12 V,PV Panel Connection,,1QV96iCXbDtwK1tCLueErX,,,,,,,,,,
,0 VA,0 VA,0 VA,,,,,,,,,0 VA,0 VA,0 VA,,,,,4,23.80.30.11.17,,,,,,,,,1,,,,,,,,,,None,,,,,,,,,,,,,,,,12 V/1-0 VA,-29' - 4 1/8",,,,,,,,,,,,,,,,,,,,,,,,,,,,,,,By Type,,Default,,Electrical Equipment - Unbalanced Power Connector,Electrical Equipment - Unbalanced Power Connector: 12 V,,,,,,,,0 VA,0 VA,0 VA,,,,,,,,,,,,,,,,2chmxDx$L86gdODoJ1Jaid,,,,,,,,R2,,,,,,,,,,,,,,,,,,,,,,,,,,,,,,,,,,,,,,,,79,,,,1 A,,,,,,,,,,,Not Computed,Not Computed,,,,,,,Panelboard,New Construction,None,,,,,,,,,,,,,,,,,,,,,,,,,,,,,,,PV2,0 VA,Not Computed,0 VA,100.00%,Not Computed,,,,,,12 V,PV Panel Connection,,1QV96iCXbDtwK1tCLueErX,,,,,,,,,,
,0 VA,0 VA,0 VA,,,,,,,,,0 VA,0 VA,0 VA,,,,,5,23.80.30.11.17,,,,,,,,,1,,,,,,,,,,None,,,,,,,,,,,,,,,,12 V/1-0 VA,33' - 11 3/4",,,,,,,,,,,,,,,,,,,,,,,,,,,,,,,By Type,,Default,,Electrical Equipment - Unbalanced Power Connector,Electrical Equipment - Unbalanced Power Connector: 12 V,,,,,,,,0 VA,0 VA,0 VA,,,,,,,,,,,,,,,,2chmxDx$L86gdODoJ1Jaih,,,,,,,,Parking,,,,,,,,,,,,,,,,,,,,,,,,,,,,,,,,,,,,,,,,80,,,,1 A,,,,,,,,,,,Not Computed,Not Computed,,,,,,,Panelboard,New Construction,None,,,,,,,,,,,,,,,,,,,,,,,,,,,,,,,PV2,0 VA,Not Computed,0 VA,100.00%,Not Computed,,,,,,12 V,PV Panel Connection,,1QV96iCXbDtwK1tCLueErX,,,,,,,,,,
,0 VA,0 VA,0 VA,,,,,,,,,0 VA,0 VA,0 VA,,,,,5,23.80.30.11.17,,,,,,,,,1,,,,,,,,,,None,,,,,,,,,,,,,,,,12 V/1-0 VA,52' - 7 1/32",,,,,,,,,,,,,,,,,,,,,,,,,,,,,,,By Type,,Default,,Electrical Equipment - Unbalanced Power Connector,Electrical Equipment - Unbalanced Power Connector: 12 V,,,,,,,,0 VA,0 VA,0 VA,,,,,,,,,,,,,,,,2chmxDx$L86gdODoJ1Jaj3,,,,,,,,Parking,,,,,,,,,,,,,,,,,,,,,,,,,,,,,,,,,,,,,,,,81,,,,1 A,,,,,,,,,,,Not Computed,Not Computed,,,,,,,Panelboard,New Construction,None,,,,,,,,,,,,,,,,,,,,,,,,,,,,,,,PV2,0 VA,Not Computed,0 VA,100.00%,Not Computed,,,,,,12 V,PV Panel Connection,,1QV96iCXbDtwK1tCLueErX,,,,,,,,,,
,0 VA,0 VA,0 VA,,,,,,,,,0 VA,0 VA,0 VA,,,,,3,23.80.30.11.17,,,,,,,,,1,,,,,,,,,,None,,,,,,,,,,,,,,,,12 V/1-0 VA,58' - 11 19/32",,,,,,,,,,,,,,,,,,,,,,,,,,,,,,,By Type,,Default,,Electrical Equipment - Unbalanced Power Connector,Electrical Equipment - Unbalanced Power Connector: 12 V,,,,,,,,0 VA,0 VA,0 VA,,,,,,,,,,,,,,,,2chmxDx$L86gdODoJ1JajG,,,,,,,,Parking,,,,,,,,,,,,,,,,,,,,,,,,,,,,,,,,,,,,,,,,82,,,,1 A,,,,,,,,,,,Not Computed,Not Computed,,,,,,,Panelboard,New Construction,None,,,,,,,,,,,,,,,,,,,,,,,,,,,,,,,PV2,0 VA,Not Computed,0 VA,100.00%,Not Computed,,,,,,12 V,PV Panel Connection,,1QV96iCXbDtwK1tCLueErX,,,,,,,,,,
,0 VA,0 VA,0 VA,,,,,,,,,0 VA,0 VA,0 VA,,,,,1,23.80.30.11.17,,,,,,,,,1,,,,,,,,,,None,,,,,,,,,,,,,,,,12 V/1-0 VA,-23' - 2 5/8",,,,,,,,,,,,,,,,,,,,,,,,,,,,,,,By Type,,Default,,Electrical Equipment - Unbalanced Power Connector,Electrical Equipment - Unbalanced Power Connector: 12 V,,,,,,,,0 VA,0 VA,0 VA,,,,,,,,,,,,,,,,2chmxDx$L86gdODoJ1Jajl,,,,,,,,R2,,,,,,,,,,,,,,,,,,,,,,,,,,,,,,,,,,,,,,,,83,,,,1 A,,,,,,,,,,,Not Computed,Not Computed,,,,,,,Panelboard,New Construction,None,,,,,,,,,,,,,,,,,,,,,,,,,,,,,,,PV2,0 VA,Not Computed,0 VA,100.00%,Not Computed,,,,,,12 V,PV Panel Connection,,1QV96iCXbDtwK1tCLueErX,,,,,,,,,,
,0 VA,0 VA,0 VA,,,,,,,,,0 VA,0 VA,0 VA,,,,,1,23.80.30.11.17,,,,,,,,,1,,,,,,,,,,None,,,,,,,,,,,,,,,,12 V/1-0 VA,-16' - 10 3/16",,,,,,,,,,,,,,,,,,,,,,,,,,,,,,,By Type,,Default,,Electrical Equipment - Unbalanced Power Connector,Electrical Equipment - Unbalanced Power Connector: 12 V,,,,,,,,0 VA,0 VA,0 VA,,,,,,,,,,,,,,,,2chmxDx$L86gdODoJ1Jajy,,,,,,,,R2,,,,,,,,,,,,,,,,,,,,,,,,,,,,,,,,,,,,,,,,84,,,,1 A,,,,,,,,,,,Not Computed,Not Computed,,,,,,,Panelboard,New Construction,None,,,,,,,,,,,,,,,,,,,,,,,,,,,,,,,PV2,0 VA,Not Computed,0 VA,100.00%,Not Computed,,,,,,12 V,PV Panel Connection,,1QV96iCXbDtwK1tCLueErX,,,,,,,,,,
,0 VA,0 VA,0 VA,,,,,,,,,0 VA,0 VA,0 VA,,,,,2,23.80.30.11.17,,,,,,,,,1,,,,,,,,,,None,,,,,,,,,,,,,,,,12 V/1-0 VA,-16' - 9 5/16",,,,,,,,,,,,,,,,,,,,,,,,,,,,,,,By Type,,Default,,Electrical Equipment - Unbalanced Power Connector,Electrical Equipment - Unbalanced Power Connector: 12 V,,,,,,,,0 VA,0 VA,0 VA,,,,,,,,,,,,,,,,2chmxDx$L86gdODoJ1JaY0,,,,,,,,R2,,,,,,,,,,,,,,,,,,,,,,,,,,,,,,,,,,,,,,,,85,,,,1 A,,,,,,,,,,,Not Computed,Not Computed,,,,,,,Panelboard,New Construction,None,,,,,,,,,,,,,,,,,,,,,,,,,,,,,,,PV2,0 VA,Not Computed,0 VA,100.00%,Not Computed,,,,,,12 V,PV Panel Connection,,1QV96iCXbDtwK1tCLueErX,,,,,,,,,,
,0 VA,0 VA,0 VA,,,,,,,,,0 VA,0 VA,0 VA,,,,,3,23.80.30.11.17,,,,,,,,,1,,,,,,,,,,None,,,,,,,,,,,,,,,,12 V/1-0 VA,-16' - 9 21/32",,,,,,,,,,,,,,,,,,,,,,,,,,,,,,,By Type,,Default,,Electrical Equipment - Unbalanced Power Connector,Electrical Equipment - Unbalanced Power Connector: 12 V,,,,,,,,0 VA,0 VA,0 VA,,,,,,,,,,,,,,,,2chmxDx$L86gdODoJ1JaYK,,,,,,,,R2,,,,,,,,,,,,,,,,,,,,,,,,,,,,,,,,,,,,,,,,86,,,,1 A,,,,,,,,,,,Not Computed,Not Computed,,,,,,,Panelboard,New Construction,None,,,,,,,,,,,,,,,,,,,,,,,,,,,,,,,PV2,0 VA,Not Computed,0 VA,100.00%,Not Computed,,,,,,12 V,PV Panel Connection,,1QV96iCXbDtwK1tCLueErX,,,,,,,,,,
,0 VA,0 VA,0 VA,,,,,,,,,0 VA,0 VA,0 VA,,,,,4,23.80.30.11.17,,,,,,,,,1,,,,,,,,,,None,,,,,,,,,,,,,,,,12 V/1-0 VA,-16' - 10 11/32",,,,,,,,,,,,,,,,,,,,,,,,,,,,,,,By Type,,Default,,Electrical Equipment - Unbalanced Power Connector,Electrical Equipment - Unbalanced Power Connector: 12 V,,,,,,,,0 VA,0 VA,0 VA,,,,,,,,,,,,,,,,2chmxDx$L86gdODoJ1JaYO,,,,,,,,R2,,,,,,,,,,,,,,,,,,,,,,,,,,,,,,,,,,,,,,,,87,,,,1 A,,,,,,,,,,,Not Computed,Not Computed,,,,,,,Panelboard,New Construction,None,,,,,,,,,,,,,,,,,,,,,,,,,,,,,,,PV2,0 VA,Not Computed,0 VA,100.00%,Not Computed,,,,,,12 V,PV Panel Connection,,1QV96iCXbDtwK1tCLueErX,,,,,,,,,,
,0 VA,0 VA,0 VA,,,,,,,,,0 VA,0 VA,0 VA,,,,,5,23.80.30.11.17,,,,,,,,,1,,,,,,,,,,None,,,,,,,,,,,,,,,,12 V/1-0 VA,59' - 1 11/32",,,,,,,,,,,,,,,,,,,,,,,,,,,,,,,By Type,,Default,,Electrical Equipment - Unbalanced Power Connector,Electrical Equipment - Unbalanced Power Connector: 12 V,,,,,,,,0 VA,0 VA,0 VA,,,,,,,,,,,,,,,,2chmxDx$L86gdODoJ1JaYi,,,,,,,,Parking,,,,,,,,,,,,,,,,,,,,,,,,,,,,,,,,,,,,,,,,88,,,,1 A,,,,,,,,,,,Not Computed,Not Computed,,,,,,,Panelboard,New Construction,None,,,,,,,,,,,,,,,,,,,,,,,,,,,,,,,PV2,0 VA,Not Computed,0 VA,100.00%,Not Computed,,,,,,12 V,PV Panel Connection,,1QV96iCXbDtwK1tCLueErX,,,,,,,,,,
,0 VA,0 VA,0 VA,,,,,,,,,0 VA,0 VA,0 VA,,,,,5,23.80.30.11.17,,,,,,,,,1,,,,,,,,,,None,,,,,,,,,,,,,,,,12 V/1-0 VA,65' - 2 1/8",,,,,,,,,,,,,,,,,,,,,,,,,,,,,,,By Type,,Default,,Electrical Equipment - Unbalanced Power Connector,Electrical Equipment - Unbalanced Power Connector: 12 V,,,,,,,,0 VA,0 VA,0 VA,,,,,,,,,,,,,,,,2chmxDx$L86gdODoJ1JaZ5,,,,,,,,Parking,,,,,,,,,,,,,,,,,,,,,,,,,,,,,,,,,,,,,,,,89,,,,1 A,,,,,,,,,,,Not Computed,Not Computed,,,,,,,Panelboard,New Construction,None,,,,,,,,,,,,,,,,,,,,,,,,,,,,,,,PV2,0 VA,Not Computed,0 VA,100.00%,Not Computed,,,,,,12 V,PV Panel Connection,,1QV96iCXbDtwK1tCLueErX,,,,,,,,,,
,0 VA,0 VA,0 VA,,,,,,,,,0 VA,0 VA,0 VA,,,,,3,23.80.30.11.17,,,,,,,,,1,,,,,,,,,,None,,,,,,,,,,,,,,,,12 V/1-0 VA,65' - 2 29/32",,,,,,,,,,,,,,,,,,,,,,,,,,,,,,,By Type,,Default,,Electrical Equipment - Unbalanced Power Connector,Electrical Equipment - Unbalanced Power Connector: 12 V,,,,,,,,0 VA,0 VA,0 VA,,,,,,,,,,,,,,,,2chmxDx$L86gdODoJ1JaZA,,,,,,,,Parking,,,,,,,,,,,,,,,,,,,,,,,,,,,,,,,,,,,,,,,,90,,,,1 A,,,,,,,,,,,Not Computed,Not Computed,,,,,,,Panelboard,New Construction,None,,,,,,,,,,,,,,,,,,,,,,,,,,,,,,,PV2,0 VA,Not Computed,0 VA,100.00%,Not Computed,,,,,,12 V,PV Panel Connection,,1QV96iCXbDtwK1tCLueErX,,,,,,,,,,
,0 VA,0 VA,0 VA,,,,,,,,,0 VA,0 VA,0 VA,,,,,1,23.80.30.11.17,,,,,,,,,1,,,,,,,,,,None,,,,,,,,,,,,,,,,12 V/1-0 VA,-10' - 6 21/32",,,,,,,,,,,,,,,,,,,,,,,,,,,,,,,By Type,,Default,,Electrical Equipment - Unbalanced Power Connector,Electrical Equipment - Unbalanced Power Connector: 12 V,,,,,,,,0 VA,0 VA,0 VA,,,,,,,,,,,,,,,,2chmxDx$L86gdODoJ1JaZX,,,,,,,,R2,,,,,,,,,,,,,,,,,,,,,,,,,,,,,,,,,,,,,,,,91,,,,1 A,,,,,,,,,,,Not Computed,Not Computed,,,,,,,Panelboard,New Construction,None,,,,,,,,,,,,,,,,,,,,,,,,,,,,,,,PV2,0 VA,Not Computed,0 VA,100.00%,Not Computed,,,,,,12 V,PV Panel Connection,,1QV96iCXbDtwK1tCLueErX,,,,,,,,,,
,0 VA,0 VA,0 VA,,,,,,,,,0 VA,0 VA,0 VA,,,,,1,23.80.30.11.17,,,,,,,,,1,,,,,,,,,,None,,,,,,,,,,,,,,,,12 V/1-0 VA,-4' - 2 11/32",,,,,,,,,,,,,,,,,,,,,,,,,,,,,,,By Type,,Default,,Electrical Equipment - Unbalanced Power Connector,Electrical Equipment - Unbalanced Power Connector: 12 V,,,,,,,,0 VA,0 VA,0 VA,,,,,,,,,,,,,,,,2chmxDx$L86gdODoJ1JaZw,,,,,,,,R2,,,,,,,,,,,,,,,,,,,,,,,,,,,,,,,,,,,,,,,,92,,,,1 A,,,,,,,,,,,Not Computed,Not Computed,,,,,,,Panelboard,New Construction,None,,,,,,,,,,,,,,,,,,,,,,,,,,,,,,,PV2,0 VA,Not Computed,0 VA,100.00%,Not Computed,,,,,,12 V,PV Panel Connection,,1QV96iCXbDtwK1tCLueErX,,,,,,,,,,
,0 VA,0 VA,0 VA,,,,,,,,,0 VA,0 VA,0 VA,,,,,2,23.80.30.11.17,,,,,,,,,1,,,,,,,,,,None,,,,,,,,,,,,,,,,12 V/1-0 VA,-4' - 1 3/8",,,,,,,,,,,,,,,,,,,,,,,,,,,,,,,By Type,,Default,,Electrical Equipment - Unbalanced Power Connector,Electrical Equipment - Unbalanced Power Connector: 12 V,,,,,,,,0 VA,0 VA,0 VA,,,,,,,,,,,,,,,,2chmxDx$L86gdODoJ1JaWE,,,,,,,,R2,,,,,,,,,,,,,,,,,,,,,,,,,,,,,,,,,,,,,,,,93,,,,1 A,,,,,,,,,,,Not Computed,Not Computed,,,,,,,Panelboard,New Construction,None,,,,,,,,,,,,,,,,,,,,,,,,,,,,,,,PV2,0 VA,Not Computed,0 VA,100.00%,Not Computed,,,,,,12 V,PV Panel Connection,,1QV96iCXbDtwK1tCLueErX,,,,,,,,,,
,0 VA,0 VA,0 VA,,,,,,,,,0 VA,0 VA,0 VA,,,,,3,23.80.30.11.17,,,,,,,,,1,,,,,,,,,,None,,,,,,,,,,,,,,,,12 V/1-0 VA,-4' - 2 15/16",,,,,,,,,,,,,,,,,,,,,,,,,,,,,,,By Type,,Default,,Electrical Equipment - Unbalanced Power Connector,Electrical Equipment - Unbalanced Power Connector: 12 V,,,,,,,,0 VA,0 VA,0 VA,,,,,,,,,,,,,,,,2chmxDx$L86gdODoJ1JaWI,,,,,,,,R2,,,,,,,,,,,,,,,,,,,,,,,,,,,,,,,,,,,,,,,,94,,,,1 A,,,,,,,,,,,Not Computed,Not Computed,,,,,,,Panelboard,New Construction,None,,,,,,,,,,,,,,,,,,,,,,,,,,,,,,,PV2,0 VA,Not Computed,0 VA,100.00%,Not Computed,,,,,,12 V,PV Panel Connection,,1QV96iCXbDtwK1tCLueErX,,,,,,,,,,
,0 VA,0 VA,0 VA,,,,,,,,,0 VA,0 VA,0 VA,,,,,4,23.80.30.11.17,,,,,,,,,1,,,,,,,,,,None,,,,,,,,,,,,,,,,12 V/1-0 VA,-4' - 1 3/32",,,,,,,,,,,,,,,,,,,,,,,,,,,,,,,By Type,,Default,,Electrical Equipment - Unbalanced Power Connector,Electrical Equipment - Unbalanced Power Connector: 12 V,,,,,,,,0 VA,0 VA,0 VA,,,,,,,,,,,,,,,,2chmxDx$L86gdODoJ1JaWc,,,,,,,,R2,,,,,,,,,,,,,,,,,,,,,,,,,,,,,,,,,,,,,,,,95,,,,1 A,,,,,,,,,,,Not Computed,Not Computed,,,,,,,Panelboard,New Construction,None,,,,,,,,,,,,,,,,,,,,,,,,,,,,,,,PV2,0 VA,Not Computed,0 VA,100.00%,Not Computed,,,,,,12 V,PV Panel Connection,,1QV96iCXbDtwK1tCLueErX,,,,,,,,,,
,0 VA,0 VA,0 VA,,,,,,,,,0 VA,0 VA,0 VA,,,,,5,23.80.30.11.17,,,,,,,,,1,,,,,,,,,,None,,,,,,,,,,,,,,,,12 V/1-0 VA,71' - 8 23/32",,,,,,,,,,,,,,,,,,,,,,,,,,,,,,,By Type,,Default,,Electrical Equipment - Unbalanced Power Connector,Electrical Equipment - Unbalanced Power Connector: 12 V,,,,,,,,0 VA,0 VA,0 VA,,,,,,,,,,,,,,,,2chmxDx$L86gdODoJ1JaWz,,,,,,,,Parking,,,,,,,,,,,,,,,,,,,,,,,,,,,,,,,,,,,,,,,,96,,,,1 A,,,,,,,,,,,Not Computed,Not Computed,,,,,,,Panelboard,New Construction,None,,,,,,,,,,,,,,,,,,,,,,,,,,,,,,,PV2,0 VA,Not Computed,0 VA,100.00%,Not Computed,,,,,,12 V,PV Panel Connection,,1QV96iCXbDtwK1tCLueErX,,,,,,,,,,
,0 VA,0 VA,0 VA,,,,,,,,,0 VA,0 VA,0 VA,,,,,5,23.80.30.11.17,,,,,,,,,1,,,,,,,,,,None,,,,,,,,,,,,,,,,12 V/1-0 VA,71' - 4 15/16",,,,,,,,,,,,,,,,,,,,,,,,,,,,,,,By Type,,Default,,Electrical Equipment - Unbalanced Power Connector,Electrical Equipment - Unbalanced Power Connector: 12 V,,,,,,,,0 VA,0 VA,0 VA,,,,,,,,,,,,,,,,2chmxDx$L86gdODoJ1JaXd,,,,,,,,Parking,,,,,,,,,,,,,,,,,,,,,,,,,,,,,,,,,,,,,,,,97,,,,1 A,,,,,,,,,,,Not Computed,Not Computed,,,,,,,Panelboard,New Construction,None,,,,,,,,,,,,,,,,,,,,,,,,,,,,,,,PV3,0 VA,Not Computed,0 VA,100.00%,Not Computed,,,,,,12 V,PV Panel Connection,,1QV96iCXbDtwK1tCLueErX,,,,,,,,,,
,0 VA,0 VA,0 VA,,,,,,,,,0 VA,0 VA,0 VA,,,,,4,23.80.30.11.17,,,,,,,,,1,,,,,,,,,,None,,,,,,,,,,,,,,,,12 V/1-0 VA,-4' - 1 7/8",,,,,,,,,,,,,,,,,,,,,,,,,,,,,,,By Type,,Default,,Electrical Equipment - Unbalanced Power Connector,Electrical Equipment - Unbalanced Power Connector: 12 V,,,,,,,,0 VA,0 VA,0 VA,,,,,,,,,,,,,,,,2chmxDx$L86gdODoJ1JaXq,,,,,,,,R2,,,,,,,,,,,,,,,,,,,,,,,,,,,,,,,,,,,,,,,,98,,,,1 A,,,,,,,,,,,Not Computed,Not Computed,,,,,,,Panelboard,New Construction,None,,,,,,,,,,,,,,,,,,,,,,,,,,,,,,,PV3,0 VA,Not Computed,0 VA,100.00%,Not Computed,,,,,,12 V,PV Panel Connection,,1QV96iCXbDtwK1tCLueErX,,,,,,,,,,
,0 VA,0 VA,0 VA,,,,,,,,,0 VA,0 VA,0 VA,,,,,3,23.80.30.11.17,,,,,,,,,1,,,,,,,,,,None,,,,,,,,,,,,,,,,12 V/1-0 VA,-4' - 2 11/32",,,,,,,,,,,,,,,,,,,,,,,,,,,,,,,By Type,,Default,,Electrical Equipment - Unbalanced Power Connector,Electrical Equipment - Unbalanced Power Connector: 12 V,,,,,,,,0 VA,0 VA,0 VA,,,,,,,,,,,,,,,,2chmxDx$L86gdODoJ1JaXu,,,,,,,,R2,,,,,,,,,,,,,,,,,,,,,,,,,,,,,,,,,,,,,,,,99,,,,1 A,,,,,,,,,,,Not Computed,Not Computed,,,,,,,Panelboard,New Construction,None,,,,,,,,,,,,,,,,,,,,,,,,,,,,,,,PV3,0 VA,Not Computed,0 VA,100.00%,Not Computed,,,,,,12 V,PV Panel Connection,,1QV96iCXbDtwK1tCLueErX,,,,,,,,,,
,0 VA,0 VA,0 VA,,,,,,,,,0 VA,0 VA,0 VA,,,,,2,23.80.30.11.17,,,,,,,,,1,,,,,,,,,,None,,,,,,,,,,,,,,,,12 V/1-0 VA,-4' - 1 17/32",,,,,,,,,,,,,,,,,,,,,,,,,,,,,,,By Type,,Default,,Electrical Equipment - Unbalanced Power Connector,Electrical Equipment - Unbalanced Power Connector: 12 V,,,,,,,,0 VA,0 VA,0 VA,,,,,,,,,,,,,,,,2chmxDx$L86gdODoJ1Jac9,,,,,,,,R2,,,,,,,,,,,,,,,,,,,,,,,,,,,,,,,,,,,,,,,,100,,,,1 A,,,,,,,,,,,Not Computed,Not Computed,,,,,,,Panelboard,New Construction,None,,,,,,,,,,,,,,,,,,,,,,,,,,,,,,,PV3,0 VA,Not Computed,0 VA,100.00%,Not Computed,,,,,,12 V,PV Panel Connection,,1QV96iCXbDtwK1tCLueErX,,,,,,,,,,
,0 VA,0 VA,0 VA,,,,,,,,,0 VA,0 VA,0 VA,,,,,1,23.80.30.11.17,,,,,,,,,1,,,,,,,,,,None,,,,,,,,,,,,,,,,12 V/1-0 VA,-4' - 1 23/32",,,,,,,,,,,,,,,,,,,,,,,,,,,,,,,By Type,,Default,,Electrical Equipment - Unbalanced Power Connector,Electrical Equipment - Unbalanced Power Connector: 12 V,,,,,,,,0 VA,0 VA,0 VA,,,,,,,,,,,,,,,,2chmxDx$L86gdODoJ1JacT,,,,,,,,R2,,,,,,,,,,,,,,,,,,,,,,,,,,,,,,,,,,,,,,,,101,,,,1 A,,,,,,,,,,,Not Computed,Not Computed,,,,,,,Panelboard,New Construction,None,,,,,,,,,,,,,,,,,,,,,,,,,,,,,,,PV3,0 VA,Not Computed,0 VA,100.00%,Not Computed,,,,,,12 V,PV Panel Connection,,1QV96iCXbDtwK1tCLueErX,,,,,,,,,,
,0 VA,0 VA,0 VA,,,,,,,,,0 VA,0 VA,0 VA,,,,,1,23.80.30.11.17,,,,,,,,,1,,,,,,,,,,None,,,,,,,,,,,,,,,,12 V/1-0 VA,-10' - 6 5/16",,,,,,,,,,,,,,,,,,,,,,,,,,,,,,,By Type,,Default,,Electrical Equipment - Unbalanced Power Connector,Electrical Equipment - Unbalanced Power Connector: 12 V,,,,,,,,0 VA,0 VA,0 VA,,,,,,,,,,,,,,,,2chmxDx$L86gdODoJ1Jaci,,,,,,,,R2,,,,,,,,,,,,,,,,,,,,,,,,,,,,,,,,,,,,,,,,102,,,,1 A,,,,,,,,,,,Not Computed,Not Computed,,,,,,,Panelboard,New Construction,None,,,,,,,,,,,,,,,,,,,,,,,,,,,,,,,PV3,0 VA,Not Computed,0 VA,100.00%,Not Computed,,,,,,12 V,PV Panel Connection,,1QV96iCXbDtwK1tCLueErX,,,,,,,,,,
,0 VA,0 VA,0 VA,,,,,,,,,0 VA,0 VA,0 VA,,,,,3,23.80.30.11.17,,,,,,,,,1,,,,,,,,,,None,,,,,,,,,,,,,,,,12 V/1-0 VA,65' - 4 1/32",,,,,,,,,,,,,,,,,,,,,,,,,,,,,,,By Type,,Default,,Electrical Equipment - Unbalanced Power Connector,Electrical Equipment - Unbalanced Power Connector: 12 V,,,,,,,,0 VA,0 VA,0 VA,,,,,,,,,,,,,,,,2chmxDx$L86gdODoJ1Jacm,,,,,,,,Parking,,,,,,,,,,,,,,,,,,,,,,,,,,,,,,,,,,,,,,,,103,,,,1 A,,,,,,,,,,,Not Computed,Not Computed,,,,,,,Panelboard,New Construction,None,,,,,,,,,,,,,,,,,,,,,,,,,,,,,,,PV3,0 VA,Not Computed,0 VA,100.00%,Not Computed,,,,,,12 V,PV Panel Connection,,1QV96iCXbDtwK1tCLueErX,,,,,,,,,,
,0 VA,0 VA,0 VA,,,,,,,,,0 VA,0 VA,0 VA,,,,,5,23.80.30.11.17,,,,,,,,,1,,,,,,,,,,None,,,,,,,,,,,,,,,,12 V/1-0 VA,65' - 4 13/32",,,,,,,,,,,,,,,,,,,,,,,,,,,,,,,By Type,,Default,,Electrical Equipment - Unbalanced Power Connector,Electrical Equipment - Unbalanced Power Connector: 12 V,,,,,,,,0 VA,0 VA,0 VA,,,,,,,,,,,,,,,,2chmxDx$L86gdODoJ1Jad4,,,,,,,,Parking,,,,,,,,,,,,,,,,,,,,,,,,,,,,,,,,,,,,,,,,104,,,,1 A,,,,,,,,,,,Not Computed,Not Computed,,,,,,,Panelboard,New Construction,None,,,,,,,,,,,,,,,,,,,,,,,,,,,,,,,PV3,0 VA,Not Computed,0 VA,100.00%,Not Computed,,,,,,12 V,PV Panel Connection,,1QV96iCXbDtwK1tCLueErX,,,,,,,,,,
,0 VA,0 VA,0 VA,,,,,,,,,0 VA,0 VA,0 VA,,,,,5,23.80.30.11.17,,,,,,,,,1,,,,,,,,,,None,,,,,,,,,,,,,,,,12 V/1-0 VA,58' - 11 7/16",,,,,,,,,,,,,,,,,,,,,,,,,,,,,,,By Type,,Default,,Electrical Equipment - Unbalanced Power Connector,Electrical Equipment - Unbalanced Power Connector: 12 V,,,,,,,,0 VA,0 VA,0 VA,,,,,,,,,,,,,,,,2chmxDx$L86gdODoJ1Jad8,,,,,,,,Parking,,,,,,,,,,,,,,,,,,,,,,,,,,,,,,,,,,,,,,,,105,,,,1 A,,,,,,,,,,,Not Computed,Not Computed,,,,,,,Panelboard,New Construction,None,,,,,,,,,,,,,,,,,,,,,,,,,,,,,,,PV3,0 VA,Not Computed,0 VA,100.00%,Not Computed,,,,,,12 V,PV Panel Connection,,1QV96iCXbDtwK1tCLueErX,,,,,,,,,,
,0 VA,0 VA,0 VA,,,,,,,,,0 VA,0 VA,0 VA,,,,,4,23.80.30.11.17,,,,,,,,,1,,,,,,,,,,None,,,,,,,,,,,,,,,,12 V/1-0 VA,46' - 3 21/32",,,,,,,,,,,,,,,,,,,,,,,,,,,,,,,By Type,,Default,,Electrical Equipment - Unbalanced Power Connector,Electrical Equipment - Unbalanced Power Connector: 12 V,,,,,,,,0 VA,0 VA,0 VA,,,,,,,,,,,,,,,,2chmxDx$L86gdODoJ1JadQ,,,,,,,,Parking,,,,,,,,,,,,,,,,,,,,,,,,,,,,,,,,,,,,,,,,106,,,,1 A,,,,,,,,,,,Not Computed,Not Computed,,,,,,,Panelboard,New Construction,None,,,,,,,,,,,,,,,,,,,,,,,,,,,,,,,PV3,0 VA,Not Computed,0 VA,100.00%,Not Computed,,,,,,12 V,PV Panel Connection,,1QV96iCXbDtwK1tCLueErX,,,,,,,,,,
,0 VA,0 VA,0 VA,,,,,,,,,0 VA,0 VA,0 VA,,,,,3,23.80.30.11.17,,,,,,,,,1,,,,,,,,,,None,,,,,,,,,,,,,,,,12 V/1-0 VA,-16' - 9 11/32",,,,,,,,,,,,,,,,,,,,,,,,,,,,,,,By Type,,Default,,Electrical Equipment - Unbalanced Power Connector,Electrical Equipment - Unbalanced Power Connector: 12 V,,,,,,,,0 VA,0 VA,0 VA,,,,,,,,,,,,,,,,2chmxDx$L86gdODoJ1Jadq,,,,,,,,R2,,,,,,,,,,,,,,,,,,,,,,,,,,,,,,,,,,,,,,,,107,,,,1 A,,,,,,,,,,,Not Computed,Not Computed,,,,,,,Panelboard,New Construction,None,,,,,,,,,,,,,,,,,,,,,,,,,,,,,,,PV3,0 VA,Not Computed,0 VA,100.00%,Not Computed,,,,,,12 V,PV Panel Connection,,1QV96iCXbDtwK1tCLueErX,,,,,,,,,,
,0 VA,0 VA,0 VA,,,,,,,,,0 VA,0 VA,0 VA,,,,,2,23.80.30.11.17,,,,,,,,,1,,,,,,,,,,None,,,,,,,,,,,,,,,,12 V/1-0 VA,-16' - 10 25/32",,,,,,,,,,,,,,,,,,,,,,,,,,,,,,,By Type,,Default,,Electrical Equipment - Unbalanced Power Connector,Electrical Equipment - Unbalanced Power Connector: 12 V,,,,,,,,0 VA,0 VA,0 VA,,,,,,,,,,,,,,,,2chmxDx$L86gdODoJ1Jaa5,,,,,,,,R2,,,,,,,,,,,,,,,,,,,,,,,,,,,,,,,,,,,,,,,,108,,,,1 A,,,,,,,,,,,Not Computed,Not Computed,,,,,,,Panelboard,New Construction,None,,,,,,,,,,,,,,,,,,,,,,,,,,,,,,,PV3,0 VA,Not Computed,0 VA,100.00%,Not Computed,,,,,,12 V,PV Panel Connection,,1QV96iCXbDtwK1tCLueErX,,,,,,,,,,
,0 VA,0 VA,0 VA,,,,,,,,,0 VA,0 VA,0 VA,,,,,1,23.80.30.11.17,,,,,,,,,1,,,,,,,,,,None,,,,,,,,,,,,,,,,12 V/1-0 VA,-16' - 10 11/16",,,,,,,,,,,,,,,,,,,,,,,,,,,,,,,By Type,,Default,,Electrical Equipment - Unbalanced Power Connector,Electrical Equipment - Unbalanced Power Connector: 12 V,,,,,,,,0 VA,0 VA,0 VA,,,,,,,,,,,,,,,,2chmxDx$L86gdODoJ1Jaa9,,,,,,,,R2,,,,,,,,,,,,,,,,,,,,,,,,,,,,,,,,,,,,,,,,109,,,,1 A,,,,,,,,,,,Not Computed,Not Computed,,,,,,,Panelboard,New Construction,None,,,,,,,,,,,,,,,,,,,,,,,,,,,,,,,PV3,0 VA,Not Computed,0 VA,100.00%,Not Computed,,,,,,12 V,PV Panel Connection,,1QV96iCXbDtwK1tCLueErX,,,,,,,,,,
,0 VA,0 VA,0 VA,,,,,,,,,0 VA,0 VA,0 VA,,,,,1,23.80.30.11.17,,,,,,,,,1,,,,,,,,,,None,,,,,,,,,,,,,,,,12 V/1-0 VA,-23' - 2 3/16",,,,,,,,,,,,,,,,,,,,,,,,,,,,,,,By Type,,Default,,Electrical Equipment - Unbalanced Power Connector,Electrical Equipment - Unbalanced Power Connector: 12 V,,,,,,,,0 VA,0 VA,0 VA,,,,,,,,,,,,,,,,2chmxDx$L86gdODoJ1JaaX,,,,,,,,R2,,,,,,,,,,,,,,,,,,,,,,,,,,,,,,,,,,,,,,,,110,,,,1 A,,,,,,,,,,,Not Computed,Not Computed,,,,,,,Panelboard,New Construction,None,,,,,,,,,,,,,,,,,,,,,,,,,,,,,,,PV3,0 VA,Not Computed,0 VA,100.00%,Not Computed,,,,,,12 V,PV Panel Connection,,1QV96iCXbDtwK1tCLueErX,,,,,,,,,,
,0 VA,0 VA,0 VA,,,,,,,,,0 VA,0 VA,0 VA,,,,,3,23.80.30.11.17,,,,,,,,,1,,,,,,,,,,None,,,,,,,,,,,,,,,,12 V/1-0 VA,52' - 7 7/8",,,,,,,,,,,,,,,,,,,,,,,,,,,,,,,By Type,,Default,,Electrical Equipment - Unbalanced Power Connector,Electrical Equipment - Unbalanced Power Connector: 12 V,,,,,,,,0 VA,0 VA,0 VA,,,,,,,,,,,,,,,,2chmxDx$L86gdODoJ1Jaas,,,,,,,,Parking,,,,,,,,,,,,,,,,,,,,,,,,,,,,,,,,,,,,,,,,111,,,,1 A,,,,,,,,,,,Not Computed,Not Computed,,,,,,,Panelboard,New Construction,None,,,,,,,,,,,,,,,,,,,,,,,,,,,,,,,PV3,0 VA,Not Computed,0 VA,100.00%,Not Computed,,,,,,12 V,PV Panel Connection,,1QV96iCXbDtwK1tCLueErX,,,,,,,,,,
,0 VA,0 VA,0 VA,,,,,,,,,0 VA,0 VA,0 VA,,,,,5,23.80.30.11.17,,,,,,,,,1,,,,,,,,,,None,,,,,,,,,,,,,,,,12 V/1-0 VA,52' - 6 25/32",,,,,,,,,,,,,,,,,,,,,,,,,,,,,,,By Type,,Default,,Electrical Equipment - Unbalanced Power Connector,Electrical Equipment - Unbalanced Power Connector: 12 V,,,,,,,,0 VA,0 VA,0 VA,,,,,,,,,,,,,,,,2chmxDx$L86gdODoJ1Jab0,,,,,,,,Parking,,,,,,,,,,,,,,,,,,,,,,,,,,,,,,,,,,,,,,,,112,,,,1 A,,,,,,,,,,,Not Computed,Not Computed,,,,,,,Panelboard,New Construction,None,,,,,,,,,,,,,,,,,,,,,,,,,,,,,,,PV3,0 VA,Not Computed,0 VA,100.00%,Not Computed,,,,,,12 V,PV Panel Connection,,1QV96iCXbDtwK1tCLueErX,,,,,,,,,,
,0 VA,0 VA,0 VA,,,,,,,,,0 VA,0 VA,0 VA,,,,,5,23.80.30.11.17,,,,,,,,,1,,,,,,,,,,None,,,,,,,,,,,,,,,,12 V/1-0 VA,46' - 1 11/32",,,,,,,,,,,,,,,,,,,,,,,,,,,,,,,By Type,,Default,,Electrical Equipment - Unbalanced Power Connector,Electrical Equipment - Unbalanced Power Connector: 12 V,,,,,,,,0 VA,0 VA,0 VA,,,,,,,,,,,,,,,,2chmxDx$L86gdODoJ1JabK,,,,,,,,Parking,,,,,,,,,,,,,,,,,,,,,,,,,,,,,,,,,,,,,,,,113,,,,1 A,,,,,,,,,,,Not Computed,Not Computed,,,,,,,Panelboard,New Construction,None,,,,,,,,,,,,,,,,,,,,,,,,,,,,,,,PV3,0 VA,Not Computed,0 VA,100.00%,Not Computed,,,,,,12 V,PV Panel Connection,,1QV96iCXbDtwK1tCLueErX,,,,,,,,,,
,0 VA,0 VA,0 VA,,,,,,,,,0 VA,0 VA,0 VA,,,,,4,23.80.30.11.17,,,,,,,,,1,,,,,,,,,,None,,,,,,,,,,,,,,,,12 V/1-0 VA,-29' - 6 25/32",,,,,,,,,,,,,,,,,,,,,,,,,,,,,,,By Type,,Default,,Electrical Equipment - Unbalanced Power Connector,Electrical Equipment - Unbalanced Power Connector: 12 V,,,,,,,,0 VA,0 VA,0 VA,,,,,,,,,,,,,,,,2chmxDx$L86gdODoJ1Jabb,,,,,,,,R2,,,,,,,,,,,,,,,,,,,,,,,,,,,,,,,,,,,,,,,,114,,,,1 A,,,,,,,,,,,Not Computed,Not Computed,,,,,,,Panelboard,New Construction,None,,,,,,,,,,,,,,,,,,,,,,,,,,,,,,,PV3,0 VA,Not Computed,0 VA,100.00%,Not Computed,,,,,,12 V,PV Panel Connection,,1QV96iCXbDtwK1tCLueErX,,,,,,,,,,
,0 VA,0 VA,0 VA,,,,,,,,,0 VA,0 VA,0 VA,,,,,3,23.80.30.11.17,,,,,,,,,1,,,,,,,,,,None,,,,,,,,,,,,,,,,12 V/1-0 VA,-29' - 6 19/32",,,,,,,,,,,,,,,,,,,,,,,,,,,,,,,By Type,,Default,,Electrical Equipment - Unbalanced Power Connector,Electrical Equipment - Unbalanced Power Connector: 12 V,,,,,,,,0 VA,0 VA,0 VA,,,,,,,,,,,,,,,,2chmxDx$L86gdODoJ1Jabf,,,,,,,,R2,,,,,,,,,,,,,,,,,,,,,,,,,,,,,,,,,,,,,,,,115,,,,1 A,,,,,,,,,,,Not Computed,Not Computed,,,,,,,Panelboard,New Construction,None,,,,,,,,,,,,,,,,,,,,,,,,,,,,,,,PV3,0 VA,Not Computed,0 VA,100.00%,Not Computed,,,,,,12 V,PV Panel Connection,,1QV96iCXbDtwK1tCLueErX,,,,,,,,,,
,0 VA,0 VA,0 VA,,,,,,,,,0 VA,0 VA,0 VA,,,,,2,23.80.30.11.17,,,,,,,,,1,,,,,,,,,,None,,,,,,,,,,,,,,,,12 V/1-0 VA,-29' - 6 9/16",,,,,,,,,,,,,,,,,,,,,,,,,,,,,,,By Type,,Default,,Electrical Equipment - Unbalanced Power Connector,Electrical Equipment - Unbalanced Power Connector: 12 V,,,,,,,,0 VA,0 VA,0 VA,,,,,,,,,,,,,,,,2chmxDx$L86gdODoJ1Jab_,,,,,,,,R2,,,,,,,,,,,,,,,,,,,,,,,,,,,,,,,,,,,,,,,,116,,,,1 A,,,,,,,,,,,Not Computed,Not Computed,,,,,,,Panelboard,New Construction,None,,,,,,,,,,,,,,,,,,,,,,,,,,,,,,,PV3,0 VA,Not Computed,0 VA,100.00%,Not Computed,,,,,,12 V,PV Panel Connection,,1QV96iCXbDtwK1tCLueErX,,,,,,,,,,
,0 VA,0 VA,0 VA,,,,,,,,,0 VA,0 VA,0 VA,,,,,1,23.80.30.11.17,,,,,,,,,1,,,,,,,,,,None,,,,,,,,,,,,,,,,12 V/1-0 VA,-29' - 5 7/8",,,,,,,,,,,,,,,,,,,,,,,,,,,,,,,By Type,,Default,,Electrical Equipment - Unbalanced Power Connector,Electrical Equipment - Unbalanced Power Connector: 12 V,,,,,,,,0 VA,0 VA,0 VA,,,,,,,,,,,,,,,,2chmxDx$L86gdODoJ1Jaw8,,,,,,,,R2,,,,,,,,,,,,,,,,,,,,,,,,,,,,,,,,,,,,,,,,117,,,,1 A,,,,,,,,,,,Not Computed,Not Computed,,,,,,,Panelboard,New Construction,None,,,,,,,,,,,,,,,,,,,,,,,,,,,,,,,PV3,0 VA,Not Computed,0 VA,100.00%,Not Computed,,,,,,12 V,PV Panel Connection,,1QV96iCXbDtwK1tCLueErX,,,,,,,,,,
,0 VA,0 VA,0 VA,,,,,,,,,0 VA,0 VA,0 VA,,,,,5,23.80.30.11.17,,,,,,,,,1,,,,,,,,,,None,,,,,,,,,,,,,,,,12 V/1-0 VA,39' - 10 7/8",,,,,,,,,,,,,,,,,,,,,,,,,,,,,,,By Type,,Default,,Electrical Equipment - Unbalanced Power Connector,Electrical Equipment - Unbalanced Power Connector: 12 V,,,,,,,,0 VA,0 VA,0 VA,,,,,,,,,,,,,,,,2chmxDx$L86gdODoJ1JawP,,,,,,,,Parking,,,,,,,,,,,,,,,,,,,,,,,,,,,,,,,,,,,,,,,,118,,,,1 A,,,,,,,,,,,Not Computed,Not Computed,,,,,,,Panelboard,New Construction,None,,,,,,,,,,,,,,,,,,,,,,,,,,,,,,,PV3,0 VA,Not Computed,0 VA,100.00%,Not Computed,,,,,,12 V,PV Panel Connection,,1QV96iCXbDtwK1tCLueErX,,,,,,,,,,
,0 VA,0 VA,0 VA,,,,,,,,,0 VA,0 VA,0 VA,,,,,5,23.80.30.11.17,,,,,,,,,1,,,,,,,,,,None,,,,,,,,,,,,,,,,12 V/1-0 VA,34' - 0 13/16",,,,,,,,,,,,,,,,,,,,,,,,,,,,,,,By Type,,Default,,Electrical Equipment - Unbalanced Power Connector,Electrical Equipment - Unbalanced Power Connector: 12 V,,,,,,,,0 VA,0 VA,0 VA,,,,,,,,,,,,,,,,2chmxDx$L86gdODoJ1Jawj,,,,,,,,Parking,,,,,,,,,,,,,,,,,,,,,,,,,,,,,,,,,,,,,,,,119,,,,1 A,,,,,,,,,,,Not Computed,Not Computed,,,,,,,Panelboard,New Construction,None,,,,,,,,,,,,,,,,,,,,,,,,,,,,,,,PV3,0 VA,Not Computed,0 VA,100.00%,Not Computed,,,,,,12 V,PV Panel Connection,,1QV96iCXbDtwK1tCLueErX,,,,,,,,,,
,0 VA,0 VA,0 VA,,,,,,,,,0 VA,0 VA,0 VA,,,,,4,23.80.30.11.17,,,,,,,,,1,,,,,,,,,,None,,,,,,,,,,,,,,,,12 V/1-0 VA,-41' - 9 3/16",,,,,,,,,,,,,,,,,,,,,,,,,,,,,,,By Type,,Default,,Electrical Equipment - Unbalanced Power Connector,Electrical Equipment - Unbalanced Power Connector: 12 V,,,,,,,,0 VA,0 VA,0 VA,,,,,,,,,,,,,,,,2chmxDx$L86gdODoJ1Jawo,,,,,,,,R2,,,,,,,,,,,,,,,,,,,,,,,,,,,,,,,,,,,,,,,,120,,,,1 A,,,,,,,,,,,Not Computed,Not Computed,,,,,,,Panelboard,New Construction,None,,,,,,,,,,,,,,,,,,,,,,,,,,,,,,,PV3,0 VA,Not Computed,0 VA,100.00%,Not Computed,,,,,,12 V,PV Panel Connection,,1QV96iCXbDtwK1tCLueErX,,,,,,,,,,
,0 VA,0 VA,0 VA,,,,,,,,,0 VA,0 VA,0 VA,,,,,3,23.80.30.11.17,,,,,,,,,1,,,,,,,,,,None,,,,,,,,,,,,,,,,12 V/1-0 VA,39' - 11 13/16",,,,,,,,,,,,,,,,,,,,,,,,,,,,,,,By Type,,Default,,Electrical Equipment - Unbalanced Power Connector,Electrical Equipment - Unbalanced Power Connector: 12 V,,,,,,,,0 VA,0 VA,0 VA,,,,,,,,,,,,,,,,2chmxDx$L86gdODoJ1Jax3,,,,,,,,Parking,,,,,,,,,,,,,,,,,,,,,,,,,,,,,,,,,,,,,,,,121,,,,1 A,,,,,,,,,,,Not Computed,Not Computed,,,,,,,Panelboard,New Construction,None,,,,,,,,,,,,,,,,,,,,,,,,,,,,,,,PV3,0 VA,Not Computed,0 VA,100.00%,Not Computed,,,,,,12 V,PV Panel Connection,,1QV96iCXbDtwK1tCLueErX,,,,,,,,,,
,0 VA,0 VA,0 VA,,,,,,,,,0 VA,0 VA,0 VA,,,,,3,23.80.30.11.17,,,,,,,,,1,,,,,,,,,,None,,,,,,,,,,,,,,,,12 V/1-0 VA,-41' - 10 7/16",,,,,,,,,,,,,,,,,,,,,,,,,,,,,,,By Type,,Default,,Electrical Equipment - Unbalanced Power Connector,Electrical Equipment - Unbalanced Power Connector: 12 V,,,,,,,,0 VA,0 VA,0 VA,,,,,,,,,,,,,,,,2chmxDx$L86gdODoJ1JaxN,,,,,,,,R2,,,,,,,,,,,,,,,,,,,,,,,,,,,,,,,,,,,,Pocket Park 104,,,,122,,,,1 A,,,,,,,,,,,Not Computed,Not Computed,,,,,,,Panelboard,New Construction,None,,,,,,,,,,,,,,,,,,,,,,,,,,,,,,,PV3,0 VA,Not Computed,0 VA,100.00%,Not Computed,,,,,,12 V,PV Panel Connection,,1QV96iCXbDtwK1tCLueErX,,,,,,,,,,
,0 VA,0 VA,0 VA,,,,,,,,,0 VA,0 VA,0 VA,,,,,2,23.80.30.11.17,,,,,,,,,1,,,,,,,,,,None,,,,,,,,,,,,,,,,12 V/1-0 VA,-41' - 10 29/32",,,,,,,,,,,,,,,,,,,,,,,,,,,,,,,By Type,,Default,,Electrical Equipment - Unbalanced Power Connector,Electrical Equipment - Unbalanced Power Connector: 12 V,,,,,,,,0 VA,0 VA,0 VA,,,,,,,,,,,,,,,,2chmxDx$L86gdODoJ1JaxR,,,,,,,,R2,,,,,,,,,,,,,,,,,,,,,,,,,,,,,,,,,,,,Pocket Park 104,,,,123,,,,1 A,,,,,,,,,,,Not Computed,Not Computed,,,,,,,Panelboard,New Construction,None,,,,,,,,,,,,,,,,,,,,,,,,,,,,,,,PV3,0 VA,Not Computed,0 VA,100.00%,Not Computed,,,,,,12 V,PV Panel Connection,,1QV96iCXbDtwK1tCLueErX,,,,,,,,,,
,0 VA,0 VA,0 VA,,,,,,,,,0 VA,0 VA,0 VA,,,,,1,23.80.30.11.17,,,,,,,,,1,,,,,,,,,,None,,,,,,,,,,,,,,,,12 V/1-0 VA,-41' - 11 3/16",,,,,,,,,,,,,,,,,,,,,,,,,,,,,,,By Type,,Default,,Electrical Equipment - Unbalanced Power Connector,Electrical Equipment - Unbalanced Power Connector: 12 V,,,,,,,,0 VA,0 VA,0 VA,,,,,,,,,,,,,,,,2chmxDx$L86gdODoJ1Jaxr,,,,,,,,R2,,,,,,,,,,,,,,,,,,,,,,,,,,,,,,,,,,,,Pocket Park 104,,,,124,,,,1 A,,,,,,,,,,,Not Computed,Not Computed,,,,,,,Panelboard,New Construction,None,,,,,,,,,,,,,,,,,,,,,,,,,,,,,,,PV3,0 VA,Not Computed,0 VA,100.00%,Not Computed,,,,,,12 V,PV Panel Connection,,1QV96iCXbDtwK1tCLueErX,,,,,,,,,,
,0 VA,0 VA,0 VA,,,,,,,,,0 VA,0 VA,0 VA,,,,,1,23.80.30.11.17,,,,,,,,,1,,,,,,,,,,None,,,,,,,,,,,,,,,,12 V/1-0 VA,-35' - 9 7/32",,,,,,,,,,,,,,,,,,,,,,,,,,,,,,,By Type,,Default,,Electrical Equipment - Unbalanced Power Connector,Electrical Equipment - Unbalanced Power Connector: 12 V,,,,,,,,0 VA,0 VA,0 VA,,,,,,,,,,,,,,,,2chmxDx$L86gdODoJ1Jaxw,,,,,,,,R2,,,,,,,,,,,,,,,,,,,,,,,,,,,,,,,,,,,,,,,,125,,,,1 A,,,,,,,,,,,Not Computed,Not Computed,,,,,,,Panelboard,New Construction,None,,,,,,,,,,,,,,,,,,,,,,,,,,,,,,,PV3,0 VA,Not Computed,0 VA,100.00%,Not Computed,,,,,,12 V,PV Panel Connection,,1QV96iCXbDtwK1tCLueErX,,,,,,,,,,
,0 VA,0 VA,0 VA,,,,,,,,,0 VA,0 VA,0 VA,,,,,1,23.80.30.11.17,,,,,,,,,1,,,,,,,,,,None,,,,,,,,,,,,,,,,12 V/1-0 VA,-4' - 1 11/16",,,,,,,,,,,,,,,,,,,,,,,,,,,,,,,By Type,,Default,,Electrical Equipment - Unbalanced Power Connector,Electrical Equipment - Unbalanced Power Connector: 12 V,,,,,,,,0 VA,0 VA,0 VA,,,,,,,,,,,,,,,,2chmxDx$L86gdODoJ1Jaui,,,,,,,,R2,,,,,,,,,,,,,,,,,,,,,,,,,,,,,,,,,,,,,,,,126,,,,1 A,,,,,,,,,,,Not Computed,Not Computed,,,,,,,Panelboard,New Construction,None,,,,,,,,,,,,,,,,,,,,,,,,,,,,,,,PV4,0 VA,Not Computed,0 VA,100.00%,Not Computed,,,,,,12 V,PV Panel Connection,,1QV96iCXbDtwK1tCLueErX,,,,,,,,,,
,0 VA,0 VA,0 VA,,,,,,,,,0 VA,0 VA,0 VA,,,,,1,23.80.30.11.17,,,,,,,,,1,,,,,,,,,,None,,,,,,,,,,,,,,,,12 V/1-0 VA,-4' - 2",,,,,,,,,,,,,,,,,,,,,,,,,,,,,,,By Type,,Default,,Electrical Equipment - Unbalanced Power Connector,Electrical Equipment - Unbalanced Power Connector: 12 V,,,,,,,,0 VA,0 VA,0 VA,,,,,,,,,,,,,,,,2chmxDx$L86gdODoJ1Jav4,,,,,,,,R2,,,,,,,,,,,,,,,,,,,,,,,,,,,,,,,,,,,,,,,,127,,,,1 A,,,,,,,,,,,Not Computed,Not Computed,,,,,,,Panelboard,New Construction,None,,,,,,,,,,,,,,,,,,,,,,,,,,,,,,,PV4,0 VA,Not Computed,0 VA,100.00%,Not Computed,,,,,,12 V,PV Panel Connection,,1QV96iCXbDtwK1tCLueErX,,,,,,,,,,
,0 VA,0 VA,0 VA,,,,,,,,,0 VA,0 VA,0 VA,,,,,1,23.80.30.11.17,,,,,,,,,1,,,,,,,,,,None,,,,,,,,,,,,,,,,12 V/1-0 VA,-4' - 1 27/32",,,,,,,,,,,,,,,,,,,,,,,,,,,,,,,By Type,,Default,,Electrical Equipment - Unbalanced Power Connector,Electrical Equipment - Unbalanced Power Connector: 12 V,,,,,,,,0 VA,0 VA,0 VA,,,,,,,,,,,,,,,,2chmxDx$L86gdODoJ1JavL,,,,,,,,R2,,,,,,,,,,,,,,,,,,,,,,,,,,,,,,,,,,,,,,,,128,,,,1 A,,,,,,,,,,,Not Computed,Not Computed,,,,,,,Panelboard,New Construction,None,,,,,,,,,,,,,,,,,,,,,,,,,,,,,,,PV4,0 VA,Not Computed,0 VA,100.00%,Not Computed,,,,,,12 V,PV Panel Connection,,1QV96iCXbDtwK1tCLueErX,,,,,,,,,,
,0 VA,0 VA,0 VA,,,,,,,,,0 VA,0 VA,0 VA,,,,,1,23.80.30.11.17,,,,,,,,,1,,,,,,,,,,None,,,,,,,,,,,,,,,,12 V/1-0 VA,-4' - 1 5/8",,,,,,,,,,,,,,,,,,,,,,,,,,,,,,,By Type,,Default,,Electrical Equipment - Unbalanced Power Connector,Electrical Equipment - Unbalanced Power Connector: 12 V,,,,,,,,0 VA,0 VA,0 VA,,,,,,,,,,,,,,,,2chmxDx$L86gdODoJ1JavP,,,,,,,,R2,,,,,,,,,,,,,,,,,,,,,,,,,,,,,,,,,,,,,,,,129,,,,1 A,,,,,,,,,,,Not Computed,Not Computed,,,,,,,Panelboard,New Construction,None,,,,,,,,,,,,,,,,,,,,,,,,,,,,,,,PV4,0 VA,Not Computed,0 VA,100.00%,Not Computed,,,,,,12 V,PV Panel Connection,,1QV96iCXbDtwK1tCLueErX,,,,,,,,,,
,0 VA,0 VA,0 VA,,,,,,,,,0 VA,0 VA,0 VA,,,,,1,23.80.30.11.17,,,,,,,,,1,,,,,,,,,,None,,,,,,,,,,,,,,,,12 V/1-0 VA,-10' - 5 5/32",,,,,,,,,,,,,,,,,,,,,,,,,,,,,,,By Type,,Default,,Electrical Equipment - Unbalanced Power Connector,Electrical Equipment - Unbalanced Power Connector: 12 V,,,,,,,,0 VA,0 VA,0 VA,,,,,,,,,,,,,,,,2chmxDx$L86gdODoJ1Javj,,,,,,,,R2,,,,,,,,,,,,,,,,,,,,,,,,,,,,,,,,,,,,,,,,130,,,,1 A,,,,,,,,,,,Not Computed,Not Computed,,,,,,,Panelboard,New Construction,None,,,,,,,,,,,,,,,,,,,,,,,,,,,,,,,PV4,0 VA,Not Computed,0 VA,100.00%,Not Computed,,,,,,12 V,PV Panel Connection,,1QV96iCXbDtwK1tCLueErX,,,,,,,,,,
,0 VA,0 VA,0 VA,,,,,,,,,0 VA,0 VA,0 VA,,,,,1,23.80.30.11.17,,,,,,,,,1,,,,,,,,,,None,,,,,,,,,,,,,,,,12 V/1-0 VA,65' - 2 31/32",,,,,,,,,,,,,,,,,,,,,,,,,,,,,,,By Type,,Default,,Electrical Equipment - Unbalanced Power Connector,Electrical Equipment - Unbalanced Power Connector: 12 V,,,,,,,,0 VA,0 VA,0 VA,,,,,,,,,,,,,,,,2chmxDx$L86gdODoJ1Javo,,,,,,,,Parking,,,,,,,,,,,,,,,,,,,,,,,,,,,,,,,,,,,,,,,,131,,,,1 A,,,,,,,,,,,Not Computed,Not Computed,,,,,,,Panelboard,New Construction,None,,,,,,,,,,,,,,,,,,,,,,,,,,,,,,,PV4,0 VA,Not Computed,0 VA,100.00%,Not Computed,,,,,,12 V,PV Panel Connection,,1QV96iCXbDtwK1tCLueErX,,,,,,,,,,
,0 VA,0 VA,0 VA,,,,,,,,,0 VA,0 VA,0 VA,,,,,1,23.80.30.11.17,,,,,,,,,1,,,,,,,,,,None,,,,,,,,,,,,,,,,12 V/1-0 VA,65' - 4 9/16",,,,,,,,,,,,,,,,,,,,,,,,,,,,,,,By Type,,Default,,Electrical Equipment - Unbalanced Power Connector,Electrical Equipment - Unbalanced Power Connector: 12 V,,,,,,,,0 VA,0 VA,0 VA,,,,,,,,,,,,,,,,2chmxDx$L86gdODoJ1Ja_3,,,,,,,,Parking,,,,,,,,,,,,,,,,,,,,,,,,,,,,,,,,,,,,,,,,132,,,,1 A,,,,,,,,,,,Not Computed,Not Computed,,,,,,,Panelboard,New Construction,None,,,,,,,,,,,,,,,,,,,,,,,,,,,,,,,PV4,0 VA,Not Computed,0 VA,100.00%,Not Computed,,,,,,12 V,PV Panel Connection,,1QV96iCXbDtwK1tCLueErX,,,,,,,,,,
,0 VA,0 VA,0 VA,,,,,,,,,0 VA,0 VA,0 VA,,,,,1,23.80.30.11.17,,,,,,,,,1,,,,,,,,,,None,,,,,,,,,,,,,,,,12 V/1-0 VA,71' - 10 5/16",,,,,,,,,,,,,,,,,,,,,,,,,,,,,,,By Type,,Default,,Electrical Equipment - Unbalanced Power Connector,Electrical Equipment - Unbalanced Power Connector: 12 V,,,,,,,,0 VA,0 VA,0 VA,,,,,,,,,,,,,,,,2chmxDx$L86gdODoJ1Ja_G,,,,,,,,Parking,,,,,,,,,,,,,,,,,,,,,,,,,,,,,,,,,,,,,,,,133,,,,1 A,,,,,,,,,,,Not Computed,Not Computed,,,,,,,Panelboard,New Construction,None,,,,,,,,,,,,,,,,,,,,,,,,,,,,,,,PV4,0 VA,Not Computed,0 VA,100.00%,Not Computed,,,,,,12 V,PV Panel Connection,,1QV96iCXbDtwK1tCLueErX,,,,,,,,,,
,0 VA,0 VA,0 VA,,,,,,,,,0 VA,0 VA,0 VA,0 A,0 A,0 A,,,23.80.30.11.17,,,,,,,,,1,0 A,0 A,0 A,,,,,,,12VDC PV,,,,,,,,,,,,,,,,12 V/2-0 VA,3' - 5",,,,,,Type 1,,,,,,,,,,,,,,,,,,,,,,,,,By Type,,Default,,PV Panelboard 12V MCB - Surface,PV Panelboard 12V MCB - Surface: 100 A,,,,,,,,0 VA,0 VA,0 VA,0 A,0 A,0 A,,,,,,,,,,,,,2chmxDx$L86gdODoJ1Jam3,,,,,,,,R2,,,,,,,,,,,,,,,,,,,,,,,,,,,,,,,,,,,,Green Roof R100,100 A,,,134,,30,,100 A,,,,,,,,Surface,,,1,3,,,,,,PV5,Panelboard,New Construction,None,,,,,,,,,,,,,,,,,,,,0 VA,0 A,0 VA,Not Computed,0 A,,,,,,,,0 VA,0 A,0 VA,100.00%,0 A,,,,,,100 A,PV Panelboard,,2chmxDx$L86gdODoJ1JRhU,,,,,,,,,,
,0 VA,0 VA,0 VA,,,,,,,,,0 VA,0 VA,0 VA,0 A,0 A,0 A,,,23.80.30.11.17,,,,,,,,,1,0 A,0 A,0 A,,,,,,,12VDC PV,,,,,,,,,,,,,,,,12 V/2-0 VA,3' - 5",,,,,,Type 1,,,,,,,,,,,,,,,,,,,,,,,,,By Type,,Default,,PV Panelboard 12V MCB - Surface,PV Panelboard 12V MCB - Surface: 100 A,,,,,,,,0 VA,0 VA,0 VA,0 A,0 A,0 A,,,,,,,,,,,,,2chmxDx$L86gdODoJ1Jam$,,,,,,,,R2,,,,,,,,,,,,,,,,,,,,,,,,,,,,,,,,,,,,,100 A,,,135,,30,,100 A,,,,,,,,Surface,,,1,3,,,,,,PV6,Panelboard,New Construction,None,,,,,,,,,,,,,,,,,,,,0 VA,0 A,0 VA,Not Computed,0 A,,,,,,,,0 VA,0 A,0 VA,100.00%,0 A,,,,,,100 A,PV Panelboard,,2chmxDx$L86gdODoJ1JRhU,,,,,,,,,,
,0 VA,0 VA,0 VA,,,,,,,,,0 VA,0 VA,0 VA,0 A,0 A,0 A,,,23.80.30.11.17,,,,,,,,,1,0 A,0 A,0 A,,,,,,,12VDC PV,,,,,,,,,,,,,,,,12 V/2-0 VA,3' - 5",,,,,,Type 1,,,,,,,,,,,,,,,,,,,,,,,,,By Type,,Default,,PV Panelboard 12V MCB - Surface,PV Panelboard 12V MCB - Surface: 100 A,,,,,,,,0 VA,0 VA,0 VA,0 A,0 A,0 A,,,,,,,,,,,,,2chmxDx$L86gdODoJ1Jas3,,,,,,,,R2,,,,,,,,,,,,,,,,,,,,,,,,,,,,,,,,,,,,,100 A,,,136,,30,,100 A,,,,,,,,Surface,,,1,3,,,,,,PV7,Panelboard,New Construction,None,,,,,,,,,,,,,,,,,,,,0 VA,0 A,0 VA,Not Computed,0 A,,,,,,,,0 VA,0 A,0 VA,100.00%,0 A,,,,,,100 A,PV Panelboard,,2chmxDx$L86gdODoJ1JRhU,,,,,,,,,,
,,,,,,,,,,,,,,,,,,,,23.80.50.11.14,,,,,,,,,1,,,,,,,,,,,,,,,,,,,,,,,,,,240 V/3-0 VA,4' - 4",,,,,,,,,,,,,,,,,,,,,,,,,,,,,,,By Type,,Default,,Disconnect Switches,Disconnect Switches: 240V - Fusible 100A,,,,,,,,,,,,,,,,,,,,,,,,,,2chmxDx$L86gdODoJ1JbAo,,,,,,,,R2,,,,,,,,,,,,,,,,,,,,,,,,,,,,,,,,,,,,Green Roof R100,,,,137,,,,,,,,,,,,,,,,,,,,,,,Equipment Switch,New Construction,None,,,,,,,,,,,,,,,,,,,,,,,,,,,,,,,,,,,,,,,,,,240V - Fusible 100A,,,2chmxDx$L86gdODoJ1JRRu,,,,,,,,,,
,,,,,,,,,,,,,,,,,,,,23.80.50.11.14,,,,,,,,,1,,,,,,,,,,,,,,,,,,,,,,,,,,240 V/3-0 VA,4' - 4",,,,,,,,,,,,,,,,,,,,,,,,,,,,,,,By Type,,Default,,Disconnect Switches,Disconnect Switches: 240V - Fusible 100A,,,,,,,,,,,,,,,,,,,,,,,,,,2chmxDx$L86gdODoJ1JbBS,,,,,,,,R2,,,,,,,,,,,,,,,,,,,,,,,,,,,,,,,,,,,,,,,,138,,,,,,,,,,,,,,,,,,,,,,,Equipment Switch,New Construction,None,,,,,,,,,,,,,,,,,,,,,,,,,,,,,,,,,,,,,,,,,,240V - Fusible 100A,,,2chmxDx$L86gdODoJ1JRRu,,,,,,,,,,
,,,,,,,,,,,,,,,,,,,,23.80.50.11.14,,,,,,,,,1,,,,,,,,,,,,,,,,,,,,,,,,,,240 V/3-0 VA,4' - 4",,,,,,,,,,,,,,,,,,,,,,,,,,,,,,,By Type,,Default,,Disconnect Switches,Disconnect Switches: 240V - Fusible 100A,,,,,,,,,,,,,,,,,,,,,,,,,,2chmxDx$L86gdODoJ1Jb83,,,,,,,,R2,,,,,,,,,,,,,,,,,,,,,,,,,,,,,,,,,,,,,,,,139,,,,,,,,,,,,,,,,,,,,,,,Equipment Switch,New Construction,None,,,,,,,,,,,,,,,,,,,,,,,,,,,,,,,,,,,,,,,,,,240V - Fusible 100A,,,2chmxDx$L86gdODoJ1JRRu,,,,,,,,,,
,0 VA,0 VA,0 VA,,,,,,,,,0 VA,0 VA,0 VA,,,,,,23.80.30.11.17,,,,,,,,,1,,,,,,,,,,None,,,,,,,,,,,,,,,,,-3' - 6",,,,,,,,,,,,,,,,,,,,,,,,,,,,,,,By Type,,Default,,Wiring Pull Box,Wiring Pull Box: Wiring Pull Box,,,,,,,,0 VA,0 VA,0 VA,,,,,,,,,,,,,,,,2chmxDx$L86gdODoJ1JbyI,,,,,,,,R2,,,,,,,,,,,,,,,,,,,,,,,,,,,,,,,,,,,,Office Unit 501,,,,140,,,,1 A,,,,,,,,,,,Not Computed,Not Computed,,,,,,,Panelboard,New Construction,None,,,,,,,,,,,,,,,,,,,,,,,,,,,,,,,,0 VA,Not Computed,0 VA,100.00%,Not Computed,,,,,,Wiring Pull Box,Wiring Pull Box,,2chmxDx$L86gdODoJ1Jby6,,,,,,,,,,
,0 VA,0 VA,0 VA,,,,,,,,,0 VA,0 VA,0 VA,,,,,1,23.80.30.11.17,,,,,,,,,1,,,,,,,,,,None,,,,,,,,,,,,,,,,12 V/1-0 VA,-10' - 7 1/32",,,,,,,,,,,,,,,,,,,,,,,,,,,,,,,By Type,,Default,,Electrical Equipment - Unbalanced Power Connector,Electrical Equipment - Unbalanced Power Connector: 12 V,,,,,,,,0 VA,0 VA,0 VA,,,,,,,,,,,,,,,,2chmxDx$L86gdODoJ1JcaY,,,,,,,,R2,,,,,,,,,,,,,,,,,,,,,,,,,,,,,,,,,,,,,,,,141,,,,1 A,,,,,,,,,,,Not Computed,Not Computed,,,,,,,Panelboard,New Construction,None,,,,,,,,,,,,,,,,,,,,,,,,,,,,,,,PV5,0 VA,Not Computed,0 VA,100.00%,Not Computed,,,,,,12 V,PV Panel Connection,,1QV96iCXbDtwK1tCLueErX,,,,,,,,,,
,0 VA,0 VA,0 VA,,,,,,,,,0 VA,0 VA,0 VA,,,,,1,23.80.30.11.17,,,,,,,,,1,,,,,,,,,,None,,,,,,,,,,,,,,,,12 V/1-0 VA,-10' - 6 27/32",,,,,,,,,,,,,,,,,,,,,,,,,,,,,,,By Type,,Default,,Electrical Equipment - Unbalanced Power Connector,Electrical Equipment - Unbalanced Power Connector: 12 V,,,,,,,,0 VA,0 VA,0 VA,,,,,,,,,,,,,,,,2chmxDx$L86gdODoJ1Jcas,,,,,,,,R2,,,,,,,,,,,,,,,,,,,,,,,,,,,,,,,,,,,,,,,,142,,,,1 A,,,,,,,,,,,Not Computed,Not Computed,,,,,,,Panelboard,New Construction,None,,,,,,,,,,,,,,,,,,,,,,,,,,,,,,,PV5,0 VA,Not Computed,0 VA,100.00%,Not Computed,,,,,,12 V,PV Panel Connection,,1QV96iCXbDtwK1tCLueErX,,,,,,,,,,
,0 VA,0 VA,0 VA,,,,,,,,,0 VA,0 VA,0 VA,,,,,1,23.80.30.11.17,,,,,,,,,1,,,,,,,,,,None,,,,,,,,,,,,,,,,12 V/1-0 VA,-4' - 1 19/32",,,,,,,,,,,,,,,,,,,,,,,,,,,,,,,By Type,,Default,,Electrical Equipment - Unbalanced Power Connector,Electrical Equipment - Unbalanced Power Connector: 12 V,,,,,,,,0 VA,0 VA,0 VA,,,,,,,,,,,,,,,,2chmxDx$L86gdODoJ1Jcb7,,,,,,,,R2,,,,,,,,,,,,,,,,,,,,,,,,,,,,,,,,,,,,,,,,143,,,,1 A,,,,,,,,,,,Not Computed,Not Computed,,,,,,,Panelboard,New Construction,None,,,,,,,,,,,,,,,,,,,,,,,,,,,,,,,PV5,0 VA,Not Computed,0 VA,100.00%,Not Computed,,,,,,12 V,PV Panel Connection,,1QV96iCXbDtwK1tCLueErX,,,,,,,,,,
,0 VA,0 VA,0 VA,,,,,,,,,0 VA,0 VA,0 VA,,,,,1,23.80.30.11.17,,,,,,,,,1,,,,,,,,,,None,,,,,,,,,,,,,,,,12 V/1-0 VA,-4' - 2 7/32",,,,,,,,,,,,,,,,,,,,,,,,,,,,,,,By Type,,Default,,Electrical Equipment - Unbalanced Power Connector,Electrical Equipment - Unbalanced Power Connector: 12 V,,,,,,,,0 VA,0 VA,0 VA,,,,,,,,,,,,,,,,2chmxDx$L86gdODoJ1JcbK,,,,,,,,R2,,,,,,,,,,,,,,,,,,,,,,,,,,,,,,,,,,,,,,,,144,,,,1 A,,,,,,,,,,,Not Computed,Not Computed,,,,,,,Panelboard,New Construction,None,,,,,,,,,,,,,,,,,,,,,,,,,,,,,,,PV5,0 VA,Not Computed,0 VA,100.00%,Not Computed,,,,,,12 V,PV Panel Connection,,1QV96iCXbDtwK1tCLueErX,,,,,,,,,,
,0 VA,0 VA,0 VA,,,,,,,,,0 VA,0 VA,0 VA,,,,,1,23.80.30.11.17,,,,,,,,,1,,,,,,,,,,None,,,,,,,,,,,,,,,,12 V/1-0 VA,-4' - 3 1/2",,,,,,,,,,,,,,,,,,,,,,,,,,,,,,,By Type,,Default,,Electrical Equipment - Unbalanced Power Connector,Electrical Equipment - Unbalanced Power Connector: 12 V,,,,,,,,0 VA,0 VA,0 VA,,,,,,,,,,,,,,,,2chmxDx$L86gdODoJ1JcbX,,,,,,,,R2,,,,,,,,,,,,,,,,,,,,,,,,,,,,,,,,,,,,,,,,145,,,,1 A,,,,,,,,,,,Not Computed,Not Computed,,,,,,,Panelboard,New Construction,None,,,,,,,,,,,,,,,,,,,,,,,,,,,,,,,PV5,0 VA,Not Computed,0 VA,100.00%,Not Computed,,,,,,12 V,PV Panel Connection,,1QV96iCXbDtwK1tCLueErX,,,,,,,,,,
,0 VA,0 VA,0 VA,,,,,,,,,0 VA,0 VA,0 VA,,,,,1,23.80.30.11.17,,,,,,,,,1,,,,,,,,,,None,,,,,,,,,,,,,,,,12 V/1-0 VA,-4' - 1 17/32",,,,,,,,,,,,,,,,,,,,,,,,,,,,,,,By Type,,Default,,Electrical Equipment - Unbalanced Power Connector,Electrical Equipment - Unbalanced Power Connector: 12 V,,,,,,,,0 VA,0 VA,0 VA,,,,,,,,,,,,,,,,2chmxDx$L86gdODoJ1JcwE,,,,,,,,R2,,,,,,,,,,,,,,,,,,,,,,,,,,,,,,,,,,,,,,,,146,,,,1 A,,,,,,,,,,,Not Computed,Not Computed,,,,,,,Panelboard,New Construction,None,,,,,,,,,,,,,,,,,,,,,,,,,,,,,,,PV5,0 VA,Not Computed,0 VA,100.00%,Not Computed,,,,,,12 V,PV Panel Connection,,1QV96iCXbDtwK1tCLueErX,,,,,,,,,,
,0 VA,0 VA,0 VA,,,,,,,,,0 VA,0 VA,0 VA,,,,,1,23.80.30.11.17,,,,,,,,,1,,,,,,,,,,None,,,,,,,,,,,,,,,,12 V/1-0 VA,-10' - 5 15/16",,,,,,,,,,,,,,,,,,,,,,,,,,,,,,,By Type,,Default,,Electrical Equipment - Unbalanced Power Connector,Electrical Equipment - Unbalanced Power Connector: 12 V,,,,,,,,0 VA,0 VA,0 VA,,,,,,,,,,,,,,,,2chmxDx$L86gdODoJ1JcwX,,,,,,,,R2,,,,,,,,,,,,,,,,,,,,,,,,,,,,,,,,,,,,,,,,147,,,,1 A,,,,,,,,,,,Not Computed,Not Computed,,,,,,,Panelboard,New Construction,None,,,,,,,,,,,,,,,,,,,,,,,,,,,,,,,PV5,0 VA,Not Computed,0 VA,100.00%,Not Computed,,,,,,12 V,PV Panel Connection,,1QV96iCXbDtwK1tCLueErX,,,,,,,,,,
,0 VA,0 VA,0 VA,,,,,,,,,0 VA,0 VA,0 VA,,,,,1,23.80.30.11.17,,,,,,,,,1,,,,,,,,,,None,,,,,,,,,,,,,,,,12 V/1-0 VA,-4' - 2 15/32",,,,,,,,,,,,,,,,,,,,,,,,,,,,,,,By Type,,Default,,Electrical Equipment - Unbalanced Power Connector,Electrical Equipment - Unbalanced Power Connector: 12 V,,,,,,,,0 VA,0 VA,0 VA,,,,,,,,,,,,,,,,2chmxDx$L86gdODoJ1Jcx1,,,,,,,,R2,,,,,,,,,,,,,,,,,,,,,,,,,,,,,,,,,,,,,,,,148,,,,1 A,,,,,,,,,,,Not Computed,Not Computed,,,,,,,Panelboard,New Construction,None,,,,,,,,,,,,,,,,,,,,,,,,,,,,,,,PV6,0 VA,Not Computed,0 VA,100.00%,Not Computed,,,,,,12 V,PV Panel Connection,,1QV96iCXbDtwK1tCLueErX,,,,,,,,,,
,0 VA,0 VA,0 VA,,,,,,,,,0 VA,0 VA,0 VA,,,,,1,23.80.30.11.17,,,,,,,,,1,,,,,,,,,,None,,,,,,,,,,,,,,,,12 V/1-0 VA,-4' - 2",,,,,,,,,,,,,,,,,,,,,,,,,,,,,,,By Type,,Default,,Electrical Equipment - Unbalanced Power Connector,Electrical Equipment - Unbalanced Power Connector: 12 V,,,,,,,,0 VA,0 VA,0 VA,,,,,,,,,,,,,,,,2chmxDx$L86gdODoJ1JcxL,,,,,,,,R2,,,,,,,,,,,,,,,,,,,,,,,,,,,,,,,,,,,,,,,,149,,,,1 A,,,,,,,,,,,Not Computed,Not Computed,,,,,,,Panelboard,New Construction,None,,,,,,,,,,,,,,,,,,,,,,,,,,,,,,,PV6,0 VA,Not Computed,0 VA,100.00%,Not Computed,,,,,,12 V,PV Panel Connection,,1QV96iCXbDtwK1tCLueErX,,,,,,,,,,
,0 VA,0 VA,0 VA,,,,,,,,,0 VA,0 VA,0 VA,,,,,1,23.80.30.11.17,,,,,,,,,1,,,,,,,,,,None,,,,,,,,,,,,,,,,12 V/1-0 VA,-4' - 2 19/32",,,,,,,,,,,,,,,,,,,,,,,,,,,,,,,By Type,,Default,,Electrical Equipment - Unbalanced Power Connector,Electrical Equipment - Unbalanced Power Connector: 12 V,,,,,,,,0 VA,0 VA,0 VA,,,,,,,,,,,,,,,,2chmxDx$L86gdODoJ1JcxP,,,,,,,,R2,,,,,,,,,,,,,,,,,,,,,,,,,,,,,,,,,,,,,,,,150,,,,1 A,,,,,,,,,,,Not Computed,Not Computed,,,,,,,Panelboard,New Construction,None,,,,,,,,,,,,,,,,,,,,,,,,,,,,,,,PV6,0 VA,Not Computed,0 VA,100.00%,Not Computed,,,,,,12 V,PV Panel Connection,,1QV96iCXbDtwK1tCLueErX,,,,,,,,,,
,0 VA,0 VA,0 VA,,,,,,,,,0 VA,0 VA,0 VA,,,,,1,23.80.30.11.17,,,,,,,,,1,,,,,,,,,,None,,,,,,,,,,,,,,,,12 V/1-0 VA,-4' - 2 17/32",,,,,,,,,,,,,,,,,,,,,,,,,,,,,,,By Type,,Default,,Electrical Equipment - Unbalanced Power Connector,Electrical Equipment - Unbalanced Power Connector: 12 V,,,,,,,,0 VA,0 VA,0 VA,,,,,,,,,,,,,,,,2chmxDx$L86gdODoJ1Jcxj,,,,,,,,R2,,,,,,,,,,,,,,,,,,,,,,,,,,,,,,,,,,,,,,,,151,,,,1 A,,,,,,,,,,,Not Computed,Not Computed,,,,,,,Panelboard,New Construction,None,,,,,,,,,,,,,,,,,,,,,,,,,,,,,,,PV6,0 VA,Not Computed,0 VA,100.00%,Not Computed,,,,,,12 V,PV Panel Connection,,1QV96iCXbDtwK1tCLueErX,,,,,,,,,,
,0 VA,0 VA,0 VA,,,,,,,,,0 VA,0 VA,0 VA,,,,,,23.80.30.11.17,,,,,,,,,1,,,,,,,,,,None,,,,,,,,,,,,,,,,12 V/1-0 VA,-10' - 6 1/16",,,,,,,,,,,,,,,,,,,,,,,,,,,,,,,By Type,,Default,,Electrical Equipment - Unbalanced Power Connector,Electrical Equipment - Unbalanced Power Connector: 12 V,,,,,,,,0 VA,0 VA,0 VA,,,,,,,,,,,,,,,,2chmxDx$L86gdODoJ1Jcxn,,,,,,,,R2,,,,,,,,,,,,,,,,,,,,,,,,,,,,,,,,,,,,,,,,152,,,,1 A,,,,,,,,,,,Not Computed,Not Computed,,,,,,,Panelboard,New Construction,None,,,,,,,,,,,,,,,,,,,,,,,,,,,,,,,,0 VA,Not Computed,0 VA,100.00%,Not Computed,,,,,,12 V,PV Panel Connection,,1QV96iCXbDtwK1tCLueErX,,,,,,,,,,
,0 VA,0 VA,0 VA,,,,,,,,,0 VA,0 VA,0 VA,,,,,1,23.80.30.11.17,,,,,,,,,1,,,,,,,,,,None,,,,,,,,,,,,,,,,12 V/1-0 VA,-10' - 6 1/16",,,,,,,,,,,,,,,,,,,,,,,,,,,,,,,By Type,,Default,,Electrical Equipment - Unbalanced Power Connector,Electrical Equipment - Unbalanced Power Connector: 12 V,,,,,,,,0 VA,0 VA,0 VA,,,,,,,,,,,,,,,,2chmxDx$L86gdODoJ1Jcu3,,,,,,,,R2,,,,,,,,,,,,,,,,,,,,,,,,,,,,,,,,,,,,,,,,153,,,,1 A,,,,,,,,,,,Not Computed,Not Computed,,,,,,,Panelboard,New Construction,None,,,,,,,,,,,,,,,,,,,,,,,,,,,,,,,PV6,0 VA,Not Computed,0 VA,100.00%,Not Computed,,,,,,12 V,PV Panel Connection,,1QV96iCXbDtwK1tCLueErX,,,,,,,,,,
,0 VA,0 VA,0 VA,,,,,,,,,0 VA,0 VA,0 VA,,,,,1,23.80.30.11.17,,,,,,,,,1,,,,,,,,,,None,,,,,,,,,,,,,,,,12 V/1-0 VA,-10' - 6 3/32",,,,,,,,,,,,,,,,,,,,,,,,,,,,,,,By Type,,Default,,Electrical Equipment - Unbalanced Power Connector,Electrical Equipment - Unbalanced Power Connector: 12 V,,,,,,,,0 VA,0 VA,0 VA,,,,,,,,,,,,,,,,2chmxDx$L86gdODoJ1JcuT,,,,,,,,R2,,,,,,,,,,,,,,,,,,,,,,,,,,,,,,,,,,,,,,,,154,,,,1 A,,,,,,,,,,,Not Computed,Not Computed,,,,,,,Panelboard,New Construction,None,,,,,,,,,,,,,,,,,,,,,,,,,,,,,,,PV6,0 VA,Not Computed,0 VA,100.00%,Not Computed,,,,,,12 V,PV Panel Connection,,1QV96iCXbDtwK1tCLueErX,,,,,,,,,,
,0 VA,0 VA,0 VA,,,,,,,,,0 VA,0 VA,0 VA,,,,,1,23.80.30.11.17,,,,,,,,,1,,,,,,,,,,None,,,,,,,,,,,,,,,,12 V/1-0 VA,-10' - 6 1/32",,,,,,,,,,,,,,,,,,,,,,,,,,,,,,,By Type,,Default,,Electrical Equipment - Unbalanced Power Connector,Electrical Equipment - Unbalanced Power Connector: 12 V,,,,,,,,0 VA,0 VA,0 VA,,,,,,,,,,,,,,,,2chmxDx$L86gdODoJ1Jcux,,,,,,,,R2,,,,,,,,,,,,,,,,,,,,,,,,,,,,,,,,,,,,,,,,155,,,,1 A,,,,,,,,,,,Not Computed,Not Computed,,,,,,,Panelboard,New Construction,None,,,,,,,,,,,,,,,,,,,,,,,,,,,,,,,PV7,0 VA,Not Computed,0 VA,100.00%,Not Computed,,,,,,12 V,PV Panel Connection,,1QV96iCXbDtwK1tCLueErX,,,,,,,,,,
,0 VA,0 VA,0 VA,,,,,,,,,0 VA,0 VA,0 VA,,,,,1,23.80.30.11.17,,,,,,,,,1,,,,,,,,,,None,,,,,,,,,,,,,,,,12 V/1-0 VA,-4' - 1 7/32",,,,,,,,,,,,,,,,,,,,,,,,,,,,,,,By Type,,Default,,Electrical Equipment - Unbalanced Power Connector,Electrical Equipment - Unbalanced Power Connector: 12 V,,,,,,,,0 VA,0 VA,0 VA,,,,,,,,,,,,,,,,2chmxDx$L86gdODoJ1JcvL,,,,,,,,R2,,,,,,,,,,,,,,,,,,,,,,,,,,,,,,,,,,,,,,,,156,,,,1 A,,,,,,,,,,,Not Computed,Not Computed,,,,,,,Panelboard,New Construction,None,,,,,,,,,,,,,,,,,,,,,,,,,,,,,,,PV7,0 VA,Not Computed,0 VA,100.00%,Not Computed,,,,,,12 V,PV Panel Connection,,1QV96iCXbDtwK1tCLueErX,,,,,,,,,,
,0 VA,0 VA,0 VA,,,,,,,,,0 VA,0 VA,0 VA,,,,,1,23.80.30.11.17,,,,,,,,,1,,,,,,,,,,None,,,,,,,,,,,,,,,,12 V/1-0 VA,-4' - 1 25/32",,,,,,,,,,,,,,,,,,,,,,,,,,,,,,,By Type,,Default,,Electrical Equipment - Unbalanced Power Connector,Electrical Equipment - Unbalanced Power Connector: 12 V,,,,,,,,0 VA,0 VA,0 VA,,,,,,,,,,,,,,,,2chmxDx$L86gdODoJ1JcvP,,,,,,,,R2,,,,,,,,,,,,,,,,,,,,,,,,,,,,,,,,,,,,,,,,157,,,,1 A,,,,,,,,,,,Not Computed,Not Computed,,,,,,,Panelboard,New Construction,None,,,,,,,,,,,,,,,,,,,,,,,,,,,,,,,PV7,0 VA,Not Computed,0 VA,100.00%,Not Computed,,,,,,12 V,PV Panel Connection,,1QV96iCXbDtwK1tCLueErX,,,,,,,,,,
,0 VA,0 VA,0 VA,,,,,,,,,0 VA,0 VA,0 VA,,,,,1,23.80.30.11.17,,,,,,,,,1,,,,,,,,,,None,,,,,,,,,,,,,,,,12 V/1-0 VA,-4' - 2 15/16",,,,,,,,,,,,,,,,,,,,,,,,,,,,,,,By Type,,Default,,Electrical Equipment - Unbalanced Power Connector,Electrical Equipment - Unbalanced Power Connector: 12 V,,,,,,,,0 VA,0 VA,0 VA,,,,,,,,,,,,,,,,2chmxDx$L86gdODoJ1Jcvj,,,,,,,,R2,,,,,,,,,,,,,,,,,,,,,,,,,,,,,,,,,,,,,,,,158,,,,1 A,,,,,,,,,,,Not Computed,Not Computed,,,,,,,Panelboard,New Construction,None,,,,,,,,,,,,,,,,,,,,,,,,,,,,,,,PV7,0 VA,Not Computed,0 VA,100.00%,Not Computed,,,,,,12 V,PV Panel Connection,,1QV96iCXbDtwK1tCLueErX,,,,,,,,,,
,0 VA,0 VA,0 VA,,,,,,,,,0 VA,0 VA,0 VA,,,,,1,23.80.30.11.17,,,,,,,,,1,,,,,,,,,,None,,,,,,,,,,,,,,,,12 V/1-0 VA,-10' - 6 19/32",,,,,,,,,,,,,,,,,,,,,,,,,,,,,,,By Type,,Default,,Electrical Equipment - Unbalanced Power Connector,Electrical Equipment - Unbalanced Power Connector: 12 V,,,,,,,,0 VA,0 VA,0 VA,,,,,,,,,,,,,,,,2chmxDx$L86gdODoJ1Jcvn,,,,,,,,R2,,,,,,,,,,,,,,,,,,,,,,,,,,,,,,,,,,,,,,,,159,,,,1 A,,,,,,,,,,,Not Computed,Not Computed,,,,,,,Panelboard,New Construction,None,,,,,,,,,,,,,,,,,,,,,,,,,,,,,,,PV7,0 VA,Not Computed,0 VA,100.00%,Not Computed,,,,,,12 V,PV Panel Connection,,1QV96iCXbDtwK1tCLueErX,,,,,,,,,,
,5223 VA,5223 VA,3991 VA,,,,,,,,,5223 VA,5223 VA,3991 VA,45 A,45 A,33 A,,1,23.80.30.11.17,,,,,,,,,1,45 A,45 A,33 A,,,,,,,120/208 Wye,,,,,,,,,,,,,,,,208 V/3-0 VA,4' - 0",,,,,,Type 1,,,,,,,,,,,,,,,,,,,,,,,,,By Type,,Default,,Lighting and Appliance Panelboard - 208V MCB,Lighting and Appliance Panelboard - 208V MCB: 100 A,,,,,,,,0 VA,0 VA,0 VA,0 A,0 A,0 A,,,,,,,10000 VA,28 A,10000 VA,100.00%,28 A,,1BWf5vNxb4SONzlWE8CiUm,,,,,,,,L4,124 VA,0 A,124 VA,100.00%,0 A,,,,,,,,,,,,,,,,,,,,,,,,,,,,,,,Live/Work Unit 403,100 A,,,161,,24,,100 A,,,,,,,,Recessed,,,3,4,1440 VA,4 A,1440 VA,100.00%,4 A,P403,Panelboard,New Construction,None,,,,,,180 VA,0 A,180 VA,100.00%,0 A,2700 VA,7 A,2700 VA,100.00%,7 A,,,,,,,,,,,,,,,,MB22,14438 VA,40 A,14438 VA,100.00%,40 A,,,,,,100 A,,,3M$Qtr4nbCV99j7973jyiS,,,,,,,,,,
,1510 VA,810 VA,1038 VA,,,,,,,,,1510 VA,810 VA,1038 VA,13 A,7 A,9 A,,3,23.80.30.11.17,,,,,,,,,1,13 A,7 A,9 A,,,,,,,120/208 Wye,,,,,,,,,,,,,,,,208 V/3-0 VA,4' - 0",,,,,,Type 1,,,,,,,,,,,,,,,,,,,,,,,,,By Type,,Default,,Lighting and Appliance Panelboard - 208V MCB,Lighting and Appliance Panelboard - 208V MCB: 100 A,,,,,,,,0 VA,0 VA,0 VA,0 A,0 A,0 A,,,,,,,,,,,,,1BWf5vNxb4SONzlWE8CiTz,,,,,,,,L4,124 VA,0 A,124 VA,100.00%,0 A,,,,,,,,,,,,,,,,,,,,,,,,,,,,,,,Live/Work Loft Unit 405,100 A,,,162,,24,,100 A,,,,,,,,Recessed,,,3,4,900 VA,2 A,900 VA,100.00%,2 A,P405,Panelboard,New Construction,None,,,,,,360 VA,1 A,360 VA,100.00%,1 A,1980 VA,5 A,1980 VA,100.00%,5 A,,,,,,,,,,,,,,,,MB22,3358 VA,9 A,3358 VA,100.00%,9 A,,,,,,100 A,,,3M$Qtr4nbCV99j7973jyiS,,,,,,,,,,
,6033 VA,3896 VA,4489 VA,,,,,,,,,6033 VA,3896 VA,4489 VA,51 A,32 A,38 A,,2,23.80.30.11.17,,,,,,,,,1,51 A,32 A,38 A,,,,,,,120/208 Wye,,,,,,,,,,,,,,,,208 V/3-0 VA,4' - 0",,,,,,Type 1,,,,,,,,,,,,,,,,,,,,,,,,,By Type,,Default,,Lighting and Appliance Panelboard - 208V MCB,Lighting and Appliance Panelboard - 208V MCB: 100 A,,,,,,,,0 VA,0 VA,0 VA,0 A,0 A,0 A,,,,,,,10000 VA,28 A,10000 VA,100.00%,28 A,,1BWf5vNxb4SONzlWE8CiRZ,,,,,,,,L4,104 VA,0 A,104 VA,100.00%,0 A,,,,,,,,,,,,,,,,,,,,,,,,,,,,,,,Live/Work Unit 407,100 A,,,163,,24,,100 A,,,,,,,,Recessed,,,3,4,1260 VA,3 A,1260 VA,100.00%,3 A,P407,Panelboard,New Construction,None,,,,,,360 VA,1 A,360 VA,100.00%,1 A,2700 VA,7 A,2700 VA,100.00%,7 A,,,,,,,,,,,,,,,,MB23,14419 VA,40 A,14419 VA,100.00%,40 A,,,,,,100 A,,,3M$Qtr4nbCV99j7973jyiS,,,,,,,,,,
,4616 VA,4342 VA,3670 VA,,,,,,,,,4616 VA,4342 VA,3670 VA,39 A,37 A,31 A,,4,23.80.30.11.17,,,,,,,,,1,39 A,37 A,31 A,,,,,,,120/208 Wye,,,,,,,,,,,,,,,,208 V/3-0 VA,4' - 0",,,,,,Type 1,,,,,,,,,,,,,,,,,,,,,,,,,By Type,,Default,,Lighting and Appliance Panelboard - 208V MCB,Lighting and Appliance Panelboard - 208V MCB: 100 A,,,,,,,,0 VA,0 VA,0 VA,0 A,0 A,0 A,,,,,,,10000 VA,28 A,10000 VA,100.00%,28 A,,1BWf5vNxb4SONzlWE8Ci6f,,,,,,,,L4,114 VA,0 A,114 VA,100.00%,0 A,,,,,,,,,,,,,,,,,,,,,,,,,,,,,,,Live/Work Unit 409,100 A,,,164,,24,,100 A,,,,,,,,Recessed,,,3,4,540 VA,1 A,540 VA,100.00%,1 A,P409,Panelboard,New Construction,None,,,,,,360 VA,1 A,360 VA,100.00%,1 A,1620 VA,4 A,1620 VA,100.00%,4 A,,,,,,,,,,,,,,,,MB23,12628 VA,35 A,12628 VA,100.00%,35 A,,,,,,100 A,,,3M$Qtr4nbCV99j7973jyiS,,,,,,,,,,
,9907 VA,6937 VA,6757 VA,,,,,,,,,9907 VA,6937 VA,6757 VA,83 A,58 A,56 A,,2,23.80.30.11.17,,,,,,,,,1,83 A,58 A,56 A,,,,,,,120/208 Wye,,,,,,,,,,,,,,,,208 V/3-0 VA,4' - 0",,,,,,Type 1,,,,,,,,,,,,,,,,,,,,,,,,,By Type,,Default,,Lighting and Appliance Panelboard - 208V MCB,Lighting and Appliance Panelboard - 208V MCB: 225 A,,,,,,,,0 VA,0 VA,0 VA,0 A,0 A,0 A,,,,,,,20000 VA,56 A,20000 VA,100.00%,56 A,,0Lk8uFaND7LgznZnc1Tl7l,,,,,,,,L4,,,,,,,,,,,,,,,,,,,,,,,,,,,,,,,,,,,,Office Unit 401,100 A,,,165,,30,,225 A,,,,,,,,Recessed,,,3,4,,,,,,P401,Panelboard,New Construction,None,,,,,,180 VA,0 A,180 VA,100.00%,0 A,3420 VA,9 A,3420 VA,100.00%,9 A,,,,,,,,,,,,,,,,MB14,23600 VA,66 A,23600 VA,100.00%,66 A,,,,,,225 A,,,3M$Qtr4nbCV99j7973jyiU,,,,,,,,,,
,10177 VA,7387 VA,6833 VA,,,,,,,,,10177 VA,7387 VA,6833 VA,86 A,62 A,57 A,,3,23.80.30.11.17,,,,,,,,,1,86 A,62 A,57 A,,,,,,,120/208 Wye,,,,,,,,,,,,,,,,208 V/3-0 VA,4' - 0",,,,,,Type 1,,,,,,,,,,,,,,,,,,,,,,,,,By Type,,Default,,Lighting and Appliance Panelboard - 208V MCB,Lighting and Appliance Panelboard - 208V MCB: 225 A,,,,,,,,0 VA,0 VA,0 VA,0 A,0 A,0 A,,,,,,,20000 VA,56 A,20000 VA,100.00%,56 A,,2lMJC2lKP428HGIz2Uwual,,,,,,,,L1 - Block 43,80 VA,0 A,80 VA,100.00%,0 A,,,,,,,,,,,,,,,,,,,,,,,,,,,,,,,Commercial/Retail 109,200 A,,,166,,30,,225 A,,,,,,,,Recessed,,,3,4,,,,,,P109,Panelboard,New Construction,None,,,,,,180 VA,0 A,180 VA,100.00%,0 A,4140 VA,11 A,4140 VA,100.00%,11 A,,,,,,,,,,,,,,,,MB13,24396 VA,68 A,24396 VA,100.00%,68 A,,,,,,225 A,,,3M$Qtr4nbCV99j7973jyiU,,,,,,,,,,
,9277 VA,9547 VA,6757 VA,,,,,,,,,9277 VA,9547 VA,6757 VA,81 A,83 A,56 A,,2,23.80.30.11.17,,,,,,,,,1,81 A,83 A,56 A,,,,,,,120/208 Wye,,,,,,,,,,,,,,,,208 V/3-0 VA,0' - 6 1/2",,,,,,Type 1,,,,,,,,,,,,,,,,,,,,,,,,,By Type,,Default,,Lighting and Appliance Panelboard - 208V MCB,Lighting and Appliance Panelboard - 208V MCB: 225 A,,,,,,,,0 VA,0 VA,0 VA,0 A,0 A,0 A,,,,,,,20000 VA,56 A,20000 VA,100.00%,56 A,,2lMJC2lKP428HGIz2UwuQX,,,,,,,,L1 - Block 43,,,,,,,,,,,,,,,,,,,,,,,,,,,,,,,,,,,,Commercial/Retail 108,200 A,,,167,,30,,225 A,,,,,,,,Recessed,,,3,4,,,,,,P108,Panelboard,New Construction,None,,,,,,180 VA,0 A,180 VA,100.00%,0 A,5400 VA,15 A,5400 VA,100.00%,15 A,,,,,,,,,,,,,,,,MB13,25580 VA,71 A,25580 VA,100.00%,71 A,,,,,,225 A,,,3M$Qtr4nbCV99j7973jyiU,,,,,,,,,,
Based on the ballpark numbers, seems a single 1000 MVA XFMR is sufficient,0 VA,0 VA,0 VA,,,,,,,,,0 VA,0 VA,0 VA,0 A,0 A,0 A,,,23.80.10.14.11,,,,,,,,,1,0 A,0 A,0 A,,,,,,,12000,,,,,,,,,,,,,,,,12000 V/3-0 VA,0' - 0",,,,,,Type 1,,,,,,,,,,,,,,,,,,,,,,,,,By Type,,Default,,Dry Type Transformer - 12000-208Y120 - NEMA Type 1,Dry Type Transformer - 12000-208Y120 - NEMA Type 1: 3000 kVA,,,,,,,,0 VA,0 VA,0 VA,0 A,0 A,0 A,,,,,,,,,,,,,01rOGBYFL9IBD8p4B5gTyk,,,,,,,,L1 - Block 43,,,,,,,,,,,,,,,,,,,,,,,,,,,,,,,,,,,,,,,,168,,3,,1 A,,,,,,,,,,,3,4,,,,,,T1,Transformer,New Construction,None,,,,,,,,,,,,,,,,,,480/277 Wye,,,,,,,,,,,,,,0 VA,0 A,0 VA,100.00%,0 A,,,,,,3000 kVA,,,3LPhih2fj8yueK3tIyLtzX,,,,,,,,,,
,,,,,,,,,,,,,,,,,,,1,3,5,23.80.50.11.14,,,,,,,,,1,,,,,,,,,,,,,,,,,,,,,,,,,,208 V/3-0 VA,4' - 0",,,,,,,No,,,,,,,,,,,,,,,,,,,,,,,,By Type,,Default,,Disconnect Switches,Disconnect Switches: 208V - Fusible 60A,,,,,,,,,,,,,,,,,,,,,,,,,,01rOGBYFL9IBD8p4B5gSOT,,,,,,,,Parking,,,,,,,,,,,,,,,,,,,,,,,,,,,,,,,,,,,,Machine RM P03,,,,ELD2,,,,,,,,,,,,,,,,,,,,,,,Equipment Switch,New Construction,None,,,,,,,,,,,,,,,,,,,,,,,,,,,,,,,EL1,,,,,,,,,,,208V - Fusible 60A,,,2chmxDx$L86gdODoJ1JRR_,,,,,,,,,,
,7207 VA,9335 VA,7486 VA,,,,,,,,,7207 VA,9335 VA,7486 VA,60 A,78 A,63 A,,19,21,23,23.80.30.11.17,,,,,,,,,1,60 A,78 A,63 A,,,,,,,120/208 Wye,,,,,,,,,,,,,,,,208 V/3-0 VA,4' - 0",,,,,,Type 1,,,,,,,,,,,,,,,,,,,,,,,,,By Type,,Default,,Lighting and Appliance Panelboard - 208V MCB - Surface,Lighting and Appliance Panelboard - 208V MCB - Surface: 225 A,,,,,,,,0 VA,0 VA,0 VA,0 A,0 A,0 A,,,,,,,20000 VA,56 A,20000 VA,100.00%,56 A,,01rOGBYFL9IBD8p4B5gS5t,,,,,,,,L1 - Block 37,2685 VA,7 A,2685 VA,100.00%,7 A,,,,,,,,,,,,,,,,,,,,,,,,,,,,,,,Utility 107,100 A,,,174,,24,,225 A,,,,,,,,Surface,,,3,4,0 VA,0 A,0 VA,Not Computed,0 A,P106/7,Panelboard,New Construction,None,,,,,,180 VA,0 A,180 VA,100.00%,0 A,1260 VA,3 A,1260 VA,100.00%,3 A,,,,,,,,,,,,,,,,HDP,24005 VA,67 A,24005 VA,100.00%,67 A,,,,,,225 A,,,01rOGBYFL9IBD8p4B5gSFL,,,,,,,,,,
Not clear to me why this and P106/7 is needed.,0 VA,0 VA,0 VA,,,,,,,,,0 VA,0 VA,0 VA,0 A,0 A,0 A,,20,22,24,23.80.30.11.17,,,,,,,,,1,0 A,0 A,0 A,,,,,,,120/208 Wye,,,,,,,,,,,,,,,,208 V/3-0 VA,4' - 0",,,,,,Type 1,,,,,,,,,,,,,,,,,,,,,,,,,By Type,,Default,,Lighting and Appliance Panelboard - 208V MCB - Surface,Lighting and Appliance Panelboard - 208V MCB - Surface: 225 A,,,,,,,,0 VA,0 VA,0 VA,0 A,0 A,0 A,,,,,,,,,,,,,01rOGBYFL9IBD8p4B5gS6T,,,,,,,,L1 - Block 37,,,,,,,,,,,,,,,,,,,,,,,,,,,,,,,,,,,,Utility 107,200 A,,,175,,12,,225 A,,,,,,,,Surface,,,3,4,,,,,,EL1,Panelboard,New Construction,None,,,,,,0 VA,0 A,0 VA,Not Computed,0 A,,,,,,,Panel for elevators,,,,,,,,,,,,,,HDP,0 VA,0 A,0 VA,100.00%,0 A,,,,,,225 A,,,01rOGBYFL9IBD8p4B5gSFL,,,,,,,,,,
,7477 VA,9727 VA,6757 VA,,,,,,,,,7477 VA,9727 VA,6757 VA,63 A,82 A,56 A,,5,23.80.30.11.17,,,,,,,,,1,63 A,82 A,56 A,,,,,,,120/208 Wye,,,,,,,,,,,,,,,,208 V/3-0 VA,4' - 0",,,,,,Type 1,,,,,,,,,,,,,,,,,,,,,,,,,By Type,,Default,,Lighting and Appliance Panelboard - 208V MCB - Surface,Lighting and Appliance Panelboard - 208V MCB - Surface: 225 A,,,,,,,,0 VA,0 VA,0 VA,0 A,0 A,0 A,,,,,,,20000 VA,56 A,20000 VA,100.00%,56 A,,01rOGBYFL9IBD8p4B5gS7t,,,,,,,,L1 - Block 37,,,,,,,,,,,,,,,,,,,,,,,,,,,,,,,,,,,,Commercial/Retail 105,100 A,,,176,,30,,225 A,,,,,,,,Surface,,,3,4,,,,,,P105,Panelboard,New Construction,None,,,,,,180 VA,0 A,180 VA,100.00%,0 A,3780 VA,10 A,3780 VA,100.00%,10 A,,,,,,,,,,,,,,,,MB11,23960 VA,67 A,23960 VA,100.00%,67 A,,,,,,225 A,,,01rOGBYFL9IBD8p4B5gSFL,,,,,,,,,,
,13780 VA,15700 VA,13870 VA,3450 VA,10 A,3450 VA,100.00%,10 A,,,,13780 VA,15700 VA,13870 VA,115 A,131 A,116 A,,1,23.80.30.11.17,,,,,,,,,1,115 A,131 A,116 A,,,,,,,120/208 Wye,,,,,,,,,,,,,,,,208 V/3-0 VA,4' - 0",,,,,,Type 1,,,,,,,,,,,,,,,,,,,,,,,,,By Type,,Default,,Lighting and Appliance Panelboard - 208V MCB - Surface,Lighting and Appliance Panelboard - 208V MCB - Surface: 225 A,,,,,,,,0 VA,0 VA,0 VA,0 A,0 A,0 A,,,,,,,30000 VA,83 A,30000 VA,100.00%,83 A,,0RNLWCuDTCeO5uAjYZaKMA,,,,,,,,L1 - Block 35,,,,,,,,,,,,,,,,,,,,,,,,,,,,,,,,,,,,Café Kitchen 102,100 A,,,177,,40,,225 A,,,,,,,,Surface,,,3,4,3240 VA,9 A,3240 VA,100.00%,9 A,P102,Panelboard,New Construction,None,,,,,,900 VA,2 A,900 VA,100.00%,2 A,5760 VA,16 A,5760 VA,100.00%,16 A,,,,,,,,,,,,,,,,MB13,43350 VA,120 A,43350 VA,100.00%,120 A,,,,,,225 A,,,01rOGBYFL9IBD8p4B5gSFL,,,,,,,,,,
,5142 VA,5223 VA,3873 VA,,,,,,,,,5142 VA,5223 VA,3873 VA,44 A,45 A,32 A,,3,23.80.30.11.17,,,,,,,,,1,44 A,45 A,32 A,,,,,,,120/208 Wye,,,,,,,,,,,,,,,,208 V/3-0 VA,4' - 0",,,,,,Type 1,,,,,,,,,,,,,,,,,,,,,,,,,By Type,,Default,,Lighting and Appliance Panelboard - 208V MCB,Lighting and Appliance Panelboard - 208V MCB: 100 A,,,,,,,,0 VA,0 VA,0 VA,0 A,0 A,0 A,,,,,,,10000 VA,28 A,10000 VA,100.00%,28 A,,29mT44h817A9WrvdQDqI4G,,,,,,,,L3,104 VA,0 A,104 VA,100.00%,0 A,,,,,,,,,,,,,,,,,,,,,,,,,,,,,,,Live/Work Unit 306,100 A,,,178,,24,,100 A,,,,,,,,Recessed,,,3,4,1440 VA,4 A,1440 VA,100.00%,4 A,P306,Panelboard,New Construction,None,,,,,,360 VA,1 A,360 VA,100.00%,1 A,2340 VA,6 A,2340 VA,100.00%,6 A,,,,,,,,,,,,,,,,MB12,14239 VA,40 A,14239 VA,100.00%,40 A,,,,,,100 A,,,3M$Qtr4nbCV99j7973jyiS,,,,,,,,,,
,4499 VA,4256 VA,3693 VA,,,,,,,,,4499 VA,4256 VA,3693 VA,38 A,36 A,31 A,,4,23.80.30.11.17,,,,,,,,,1,38 A,36 A,31 A,,,,,,,120/208 Wye,,,,,,,,,,,,,,,,208 V/3-0 VA,4' - 0",,,,,,Type 1,,,,,,,,,,,,,,,,,,,,,,,,,By Type,,Default,,Lighting and Appliance Panelboard - 208V MCB,Lighting and Appliance Panelboard - 208V MCB: 100 A,,,,,,,,0 VA,0 VA,0 VA,0 A,0 A,0 A,,,,,,,10000 VA,28 A,10000 VA,100.00%,28 A,,29mT44h817A9WrvdQDqIRK,,,,,,,,L3,114 VA,0 A,114 VA,100.00%,0 A,,,,,,,,,,,,,,,,,,,,,,,,,,,,,,,Live/Work Unit 308,100 A,,,179,,24,,100 A,,,,,,,,Recessed,,,3,4,540 VA,1 A,540 VA,100.00%,1 A,P308,Panelboard,New Construction,None,,,,,,360 VA,1 A,360 VA,100.00%,1 A,1440 VA,4 A,1440 VA,100.00%,4 A,,,,,,,,,,,,,,,,MB22,12448 VA,35 A,12448 VA,100.00%,35 A,,,,,,100 A,,,3M$Qtr4nbCV99j7973jyiS,,,,,,,,,,
,4773 VA,5223 VA,3901 VA,,,,,,,,,4773 VA,5223 VA,3901 VA,41 A,45 A,33 A,,1,23.80.30.11.17,,,,,,,,,1,41 A,45 A,33 A,,,,,,,120/208 Wye,,,,,,,,,,,,,,,,208 V/3-0 VA,4' - 0",,,,,,Type 1,,,,,,,,,,,,,,,,,,,,,,,,,By Type,,Default,,Lighting and Appliance Panelboard - 208V MCB,Lighting and Appliance Panelboard - 208V MCB: 100 A,,,,,,,,0 VA,0 VA,0 VA,0 A,0 A,0 A,,,,,,,10000 VA,28 A,10000 VA,100.00%,28 A,,29mT44h817A9WrvdQDqJal,,,,,,,,L3,124 VA,0 A,124 VA,100.00%,0 A,,,,,,,,,,,,,,,,,,,,,,,,,,,,,,,Live/Work Unit 303,100 A,,,180,,24,,100 A,,,,,,,,Recessed,,,3,4,1440 VA,4 A,1440 VA,100.00%,4 A,P303,Panelboard,New Construction,None,,,,,,360 VA,1 A,360 VA,100.00%,1 A,1980 VA,5 A,1980 VA,100.00%,5 A,,,,,,,,,,,,,,,,MB12,13898 VA,39 A,13898 VA,100.00%,39 A,,,,,,100 A,,,3M$Qtr4nbCV99j7973jyiS,,,,,,,,,,
,9277 VA,8287 VA,6795 VA,,,,,,,,,9277 VA,8287 VA,6795 VA,79 A,71 A,57 A,,1,23.80.30.11.17,,,,,,,,,1,79 A,71 A,57 A,,,,,,,120/208 Wye,,,,,,,,,,,,,,,,208 V/3-0 VA,4' - 0",,,,,,Type 1,,,,,,,,,,,,,,,,,,,,,,,,,By Type,,Default,,Lighting and Appliance Panelboard - 208V MCB,Lighting and Appliance Panelboard - 208V MCB: 100 A,,,,,,,,0 VA,0 VA,0 VA,0 A,0 A,0 A,,,,,,,20000 VA,56 A,20000 VA,100.00%,56 A,,29mT44h817A9WrvdQDqJjL,,,,,,,,L3,40 VA,0 A,40 VA,100.00%,0 A,,,,,,,,,,,,,,,,,,,,,,,,,,,,,,,Office Unit 301,200 A,,,181,,30,,100 A,,,,,,,,Recessed,,,3,4,0 VA,0 A,0 VA,Not Computed,0 A,P301,Panelboard,New Construction,None,,,,,,180 VA,0 A,180 VA,100.00%,0 A,4140 VA,11 A,4140 VA,100.00%,11 A,,,,,,,,,,,,,,,,MB14,24358 VA,68 A,24358 VA,100.00%,68 A,,,,,,100 A,,,3M$Qtr4nbCV99j7973jyiS,,,,,,,,,,
,6322 VA,5725 VA,4143 VA,,,,,,,,,6322 VA,5725 VA,4143 VA,55 A,50 A,35 A,,1,23.80.30.11.17,,,,,,,,,1,55 A,50 A,35 A,,,,,,,120/208 Wye,,,,,,,,,,,,,,,,208 V/3-0 VA,4' - 0",,,,,,Type 1,,,,,,,,,,,,,,,,,,,,,,,,,By Type,,Default,,Lighting and Appliance Panelboard - 208V MCB,Lighting and Appliance Panelboard - 208V MCB: 100 A,,,,,,,,0 VA,0 VA,0 VA,0 A,0 A,0 A,,,,,,,10000 VA,28 A,10000 VA,100.00%,28 A,,2jEL9ibH999OK9kpTkEWgE,,,,,,,,L4,74 VA,0 A,74 VA,100.00%,0 A,,,,,,,,,,,,,,,,,,,,,,,,,,,,,,,Two Story Studio Unit 406,100 A,,,182,,30,,100 A,,,,,,,,Recessed,,,3,4,1260 VA,3 A,1260 VA,100.00%,3 A,P406,Panelboard,New Construction,None,,,,,,540 VA,1 A,540 VA,100.00%,1 A,4320 VA,12 A,4320 VA,100.00%,12 A,,,,,,,,,,,,,,,,MB23,16190 VA,45 A,16190 VA,100.00%,45 A,,,,,,100 A,,,3M$Qtr4nbCV99j7973jyiS,,,,,,,,,,
Do you need this metered separate from LP1?,1080 VA,650 VA,0 VA,,,,,,,,,1080 VA,650 VA,0 VA,10 A,6 A,0 A,,7,9,11,23.80.30.11.17,,,,,,,,,1,10 A,6 A,0 A,,,,,,,120/208 Wye,,,,,,,,,,,,,,,,208 V/3-0 VA,4' - 0",,,,,,Type 1,,,,,,,,,,,,,,,,,,,,,,,,,By Type,,Default,,Lighting and Appliance Panelboard - 208V MCB,Lighting and Appliance Panelboard - 208V MCB: 100 A,,,,,,,,0 VA,0 VA,0 VA,0 A,0 A,0 A,,,,,,,,,,,,,0dGDXoB_j1lAmf5sauhoOX,,,,,,,,L3,650 VA,2 A,650 VA,100.00%,2 A,,,,,,,,,,,,,,,,,,,,,,,,,,,,,,,,200 A,,,183,,30,,100 A,,,,,,,,Recessed,,,3,4,,,,,,P300,Panelboard,New Construction,None,,,,,,,,,,,1080 VA,3 A,1080 VA,100.00%,3 A,,,,,,,,,,,,,,,,HDP,1710 VA,5 A,1710 VA,100.00%,5 A,,,,,,100 A,,,3M$Qtr4nbCV99j7973jyiS,,,,,,,,,,
,0 VA,0 VA,0 VA,,,,,,,,,0 VA,0 VA,0 VA,,,,,,23.80.30.11.17,,Level 2,,,,,,,1,,,,,,,,,,None,,,,,,,,,,,,,,,,,13' - 6",,,,,,,,,,,,,,,,,,,,,,,,,,,,,,,By Type,,Default,,Wiring Pull Box,Wiring Pull Box: Wiring Pull Box,,,,,,,,0 VA,0 VA,0 VA,,,,,,,,,,,,,,,,2dkcWXjR1Anu2vcuSm20In,,,,,,,,L1 - Block 43,,,,,,,,,,,,,,,,,,,,,,,,,,,,,,,,,,,,,,,,184,,,,1 A,,,,,,,,,,,Not Computed,Not Computed,,,,,,,Panelboard,New Construction,None,,,,,,,,,,,,,,,,,,,,,,,,,,,,,,,,0 VA,Not Computed,0 VA,100.00%,Not Computed,,,,,,Wiring Pull Box,Wiring Pull Box,,2chmxDx$L86gdODoJ1Jby6,,,,,,,,,,
,0 VA,0 VA,0 VA,,,,,,,,,0 VA,0 VA,0 VA,,,,,,23.80.30.11.17,,Level 3,,,,,,,1,,,,,,,,,,None,,,,,,,,,,,,,,,,,9' - 10",,,,,,,,,,,,,,,,,,,,,,,,,,,,,,,By Type,,Default,,Wiring Pull Box,Wiring Pull Box: Wiring Pull Box,,,,,,,,0 VA,0 VA,0 VA,,,,,,,,,,,,,,,,2dkcWXjR1Anu2vcuSm20kj,,,,,,,,L3,,,,,,,,,,,,,,,,,,,,,,,,,,,,,,,,,,,,,,,,185,,,,1 A,,,,,,,,,,,Not Computed,Not Computed,,,,,,,Panelboard,New Construction,None,,,,,,,,,,,,,,,,,,,,,,,,,,,,,,,,0 VA,Not Computed,0 VA,100.00%,Not Computed,,,,,,Wiring Pull Box,Wiring Pull Box,,2chmxDx$L86gdODoJ1Jby6,,,,,,,,,,
,0 VA,0 VA,0 VA,,,,,,,,,0 VA,0 VA,0 VA,,,,,,23.80.30.11.17,,Level 4,,,,,,,1,,,,,,,,,,None,,,,,,,,,,,,,,,,,9' - 4",,,,,,,,,,,,,,,,,,,,,,,,,,,,,,,By Type,,Default,,Wiring Pull Box,Wiring Pull Box: Wiring Pull Box,,,,,,,,0 VA,0 VA,0 VA,,,,,,,,,,,,,,,,2kOGhxNmT0EfZKmrMMbV37,,,,,,,,L4,,,,,,,,,,,,,,,,,,,,,,,,,,,,,,,,,,,,,,,,186,,,,1 A,,,,,,,,,,,Not Computed,Not Computed,,,,,,,Panelboard,New Construction,None,,,,,,,,,,,,,,,,,,,,,,,,,,,,,,,,0 VA,Not Computed,0 VA,100.00%,Not Computed,,,,,,Wiring Pull Box,Wiring Pull Box,,2chmxDx$L86gdODoJ1Jby6,,,,,,,,,,
,0 VA,0 VA,0 VA,,,,,,,,,0 VA,0 VA,0 VA,,,,,,23.80.30.11.17,,Level 3,,,,,,,1,,,,,,,,,,None,,,,,,,,,,,,,,,,,9' - 1",,,,,,,,,,,,,,,,,,,,,,,,,,,,,,,By Type,,Default,,Wiring Pull Box,Wiring Pull Box: Wiring Pull Box,,,,,,,,0 VA,0 VA,0 VA,,,,,,,,,,,,,,,,3C89HNYgDDPu2kb49asIu_,,,,,,,,Parking,,,,,,,,,,,,,,,,,,,,,,,,,,,,,,,,,,,,,,,,187,,,,1 A,,,,,,,,,,,Not Computed,Not Computed,,,,,,,Panelboard,New Construction,None,,,,,,,,,,,,,,,,,,,,,,,,,,,,,,,,0 VA,Not Computed,0 VA,100.00%,Not Computed,,,,,,Wiring Pull Box,Wiring Pull Box,,2chmxDx$L86gdODoJ1Jby6,,,,,,,,,,
,900 VA,360 VA,15 VA,,,,,,,,,900 VA,360 VA,15 VA,8 A,3 A,0 A,,8,10,12,23.80.30.11.17,,,,,,,,,1,8 A,3 A,0 A,,,,,,,120/208 Wye,,,,,,,,,,,,,,,,208 V/3-0 VA,4' - 0",,,,,,Type 1,,,,,,,,,,,,,,,,,,,,,,,,,By Type,,Default,,Lighting and Appliance Panelboard - 208V MCB,Lighting and Appliance Panelboard - 208V MCB: 100 A,,,,,,,,0 VA,0 VA,0 VA,0 A,0 A,0 A,,,,,,,,,,,,,3yjE$4O0vCHQNdwFHeq1s9,,,,,,,,L5,15 VA,0 A,15 VA,100.00%,0 A,,,,,,,,,,,,,,,,,,,,,,,,,,,,,,,Space 421,100 A,,,188,,24,,100 A,,,,,,,,Recessed,,,3,4,,,,,,P500,Panelboard,New Construction,None,,,,,,,,,,,1260 VA,3 A,1260 VA,100.00%,3 A,,Panel for public spaces,,,,,,,,,,,,,,HDP,1274 VA,4 A,1274 VA,100.00%,4 A,,,,,,100 A,,,3M$Qtr4nbCV99j7973jyiS,,,,,,,,,,
,8647 VA,6937 VA,6757 VA,,,,,,,,,8647 VA,6937 VA,6757 VA,72 A,58 A,56 A,,3,23.80.30.11.17,,,,,,,,,1,72 A,58 A,56 A,,,,,,,120/208 Wye,,,,,,,,,,,,,,,,208 V/3-0 VA,4' - 0",,,,,,Type 1,,,,,,,,,,,,,,,,,,,,,,,,,By Type,,Default,,Lighting and Appliance Panelboard - 208V MCB,Lighting and Appliance Panelboard - 208V MCB: 100 A,,,,,,,,0 VA,0 VA,0 VA,0 A,0 A,0 A,,,,,,,20000 VA,56 A,20000 VA,100.00%,56 A,,3yjE$4O0vCHQNdwFHeq1xp,,,,,,,,L5,,,,,,,,,,,,,,,,,,,,,,,,,,,,,,,,,,,,Office Unit 501,100 A,,,189,,30,,100 A,,,,,,,,Recessed,,,3,4,,,,,,P501,Panelboard,New Construction,None,,,,,,180 VA,0 A,180 VA,100.00%,0 A,2160 VA,6 A,2160 VA,100.00%,6 A,,Panel for Tenant 5th floor,,,,,,,,,,,,,,MB14,22340 VA,62 A,22340 VA,100.00%,62 A,,,,,,100 A,,,3M$Qtr4nbCV99j7973jyiS,,,,,,,,,,
Do you need this metered separate from LP1?,773 VA,15 VA,0 VA,,,,,,,,,773 VA,15 VA,0 VA,6 A,0 A,0 A,,13,15,17,23.80.30.11.17,,,,,,,,,1,6 A,0 A,0 A,,,,,,,120/208 Wye,,,,,,,,,,,,,,,,208 V/3-0 VA,4' - 0",,,,,,Type 1,,,,,,,,,,,,,,,,,,,,,,,,,By Type,,Default,,Lighting and Appliance Panelboard - 208V MCB,Lighting and Appliance Panelboard - 208V MCB: 225 A,,,,,,,,0 VA,0 VA,0 VA,0 A,0 A,0 A,,,,,,,,,,,,,1UEKHMfaD19Q0apOZjYL94,,,,,,,,L4,615 VA,2 A,615 VA,100.00%,2 A,,,,,,,,,,,,,,,,,,,,,,,,,,,,,,,Space 325,100 A,,,190,,30,,225 A,,,,,,,,Recessed,,,3,4,,,,,,P400,Panelboard,New Construction,None,,,,,,,,,,,180 VA,0 A,180 VA,100.00%,0 A,,,,,,,,,,,,,,,,HDP,788 VA,2 A,788 VA,100.00%,2 A,,,,,,225 A,,,3M$Qtr4nbCV99j7973jyiU,,,,,,,,,,
,1440 VA,2586 VA,1047 VA,,,,,,,,,1440 VA,2586 VA,1047 VA,13 A,22 A,9 A,,14,16,18,23.80.30.11.17,,,,,,,,,1,13 A,22 A,9 A,,,,,,,120/208 Wye,,,,,,,,,,,,,,,,208 V/3-0 VA,4' - 0",,,,,,Type 1,,,,,,,,,,,,,,,,,,,,,,,,,By Type,,Default,,Lighting and Appliance Panelboard - 208V MCB - Surface,Lighting and Appliance Panelboard - 208V MCB - Surface: 225 A,,,,,,,,0 VA,0 VA,0 VA,0 A,0 A,0 A,,,,,,,,,,,,,02e6XoJcr0ZhJ0cS3roUz7,,,,,,,,R2,1810 VA,5 A,1810 VA,100.00%,5 A,1300 VA,4 A,1625 VA,125.00%,5 A,,,,,,,,,,,,,,,,,,,,,,,,,,Utility 601,100 A,,,191,,30,,200 A,,,,,,,,Surface,,,3,4,,,,,,P-Roof,Panelboard,New Construction,None,,,,,,180 VA,0 A,180 VA,100.00%,0 A,1800 VA,5 A,1800 VA,100.00%,5 A,,,,,,,,,,,,,,,,HDP,5029 VA,14 A,5352 VA,106.42%,15 A,,,,,,225 A,,,01rOGBYFL9IBD8p4B5gSFL,,,,,,,,,,
,,,,,,,,,,,,,,,,,,,2,4,6,23.80.50.11.14,,,,,,,,,1,,,,,,,,,,,,,,,,,,,,,,,,,,208 V/3-0 VA,4' - 0",,,,,,,,,,,,,,,,,,,,,,,,,,,,,,,By Type,,Default,,Disconnect Switches,Disconnect Switches: 208V - Fusible 60A,,,,,,,,,,,,,,,,,,,,,,,,,,2bNRZgBBDBeQaLEE6xLbQ7,,,,,,,,Parking,,,,,,,,,,,,,,,,,,,,,,,,,,,,,,,,,,,,Machine RM P02,,,,ELD1,,,,,,,,,,,,,,,,,,,,,,,Equipment Switch,New Construction,None,,,,,,,,,,,,,,,,,,,,,,,,,,,,,,,EL1,,,,,,,,,,,208V - Fusible 60A,,,2chmxDx$L86gdODoJ1JRR_,,,,,,,,,,
,2425 VA,6772 VA,3306 VA,,,,,,,,,2425 VA,6772 VA,3306 VA,20 A,58 A,29 A,,1,3,5,23.80.30.11.17,,,,,,,,,1,20 A,58 A,29 A,,,,,,,120/208 Wye,,,,,,,,,,,,,,,,208 V/3-0 VA,4' - 0",,,,,,Type 1,,,,,,,,,,,,,,,,,,,,,,,,,By Type,,Default,,Lighting and Appliance Panelboard - 208V MCB - Surface,Lighting and Appliance Panelboard - 208V MCB - Surface: 225 A,,,,,,,,0 VA,0 VA,0 VA,0 A,0 A,0 A,,,,,,,,,,,,,2wqWSTiaXEQBgVwMrOD8V2,,,,,,,,Parking,4860 VA,13 A,3651 VA,75.12%,10 A,,,,,,,,,,,,,,,,,,,,,,,,,,,,,,,Utility P05,100 A,,,ELD3,,30,,225 A,,,,,,,,Surface,,,3,4,7400 VA,21 A,7400 VA,100.00%,21 A,LP000,Panelboard,New Construction,None,,,,,,,,,,,360 VA,1 A,360 VA,100.00%,1 A,,,,,,,,,,,,,,,,HDP,12470 VA,35 A,11286 VA,90.51%,31 A,,,,,,225 A,,,01rOGBYFL9IBD8p4B5gSFL,,,,,,,,,,
,0 VA,0 VA,0 VA,,,,,,,,,0 VA,0 VA,0 VA,,,,,,23.80.30.11.17,,,,,,,,,1,,,,,,,,,,None,,,,,,,,,,,,,,,,,11' - 11 1/2",,,,,,,,,,,,,,,,,,,,,,,,,,,,,,,By Type,,Default,,Wiring Pull Box,Wiring Pull Box: Wiring Pull Box,,,,,,,,0 VA,0 VA,0 VA,,,,,,,,,,,,,,,,2wqWSTiaXEQBgVwMrOD9pu,,,,,,,,Parking,,,,,,,,,,,,,,,,,,,,,,,,,,,,,,,,,,,,Parking Garage P01,,,,ELD4,,,,1 A,,,,,,,,,,,Not Computed,Not Computed,,,,,,,Panelboard,New Construction,None,,,,,,,,,,,,,,,,,,,,,,,,,,,,,,,,0 VA,Not Computed,0 VA,100.00%,Not Computed,,,,,,Wiring Pull Box,Wiring Pull Box,,2chmxDx$L86gdODoJ1Jby6,,,,,,,,,,
,0 VA,0 VA,0 VA,,,,,,,,,0 VA,0 VA,0 VA,,,,,,23.80.30.11.17,,,,,,,,,1,,,,,,,,,,None,,,,,,,,,,,,,,,,,11' - 11 1/2",,,,,,,,,,,,,,,,,,,,,,,,,,,,,,,By Type,,Default,,Wiring Pull Box,Wiring Pull Box: Wiring Pull Box,,,,,,,,0 VA,0 VA,0 VA,,,,,,,,,,,,,,,,2wqWSTiaXEQBgVwMrOD9ED,,,,,,,,Parking,,,,,,,,,,,,,,,,,,,,,,,,,,,,,,,,,,,,Parking Garage P01,,,,ELD5,,,,1 A,,,,,,,,,,,Not Computed,Not Computed,,,,,,,Panelboard,New Construction,None,,,,,,,,,,,,,,,,,,,,,,,,,,,,,,,,0 VA,Not Computed,0 VA,100.00%,Not Computed,,,,,,Wiring Pull Box,Wiring Pull Box,,2chmxDx$L86gdODoJ1Jby6,,,,,,,,,,
,0 VA,0 VA,0 VA,,,,,,,,,0 VA,0 VA,0 VA,,,,,,23.80.30.11.17,,,,,,,,,1,,,,,,,,,,None,,,,,,,,,,,,,,,,,11' - 11 1/2",,,,,,,,,,,,,,,,,,,,,,,,,,,,,,,By Type,,Default,,Wiring Pull Box,Wiring Pull Box: Wiring Pull Box,,,,,,,,0 VA,0 VA,0 VA,,,,,,,,,,,,,,,,2wqWSTiaXEQBgVwMrOD9E5,,,,,,,,Parking,,,,,,,,,,,,,,,,,,,,,,,,,,,,,,,,,,,,Parking Garage P01,,,,ELD6,,,,1 A,,,,,,,,,,,Not Computed,Not Computed,,,,,,,Panelboard,New Construction,None,,,,,,,,,,,,,,,,,,,,,,,,,,,,,,,,0 VA,Not Computed,0 VA,100.00%,Not Computed,,,,,,Wiring Pull Box,Wiring Pull Box,,2chmxDx$L86gdODoJ1Jby6,,,,,,,,,,
,0 VA,0 VA,0 VA,,,,,,,,,0 VA,0 VA,0 VA,,,,,,23.80.30.11.17,,,,,,,,,1,,,,,,,,,,None,,,,,,,,,,,,,,,,,11' - 11 1/2",,,,,,,,,,,,,,,,,,,,,,,,,,,,,,,By Type,,Default,,Wiring Pull Box,Wiring Pull Box: Wiring Pull Box,,,,,,,,0 VA,0 VA,0 VA,,,,,,,,,,,,,,,,2wqWSTiaXEQBgVwMrOD9E$,,,,,,,,Parking,,,,,,,,,,,,,,,,,,,,,,,,,,,,,,,,,,,,Parking Garage P01,,,,ELD7,,,,1 A,,,,,,,,,,,Not Computed,Not Computed,,,,,,,Panelboard,New Construction,None,,,,,,,,,,,,,,,,,,,,,,,,,,,,,,,,0 VA,Not Computed,0 VA,100.00%,Not Computed,,,,,,Wiring Pull Box,Wiring Pull Box,,2chmxDx$L86gdODoJ1Jby6,,,,,,,,,,
,0 VA,0 VA,0 VA,,,,,,,,,0 VA,0 VA,0 VA,,,,,,23.80.30.11.17,,,,,,,,,1,,,,,,,,,,None,,,,,,,,,,,,,,,,,11' - 11 1/2",,,,,,,,,,,,,,,,,,,,,,,,,,,,,,,By Type,,Default,,Wiring Pull Box,Wiring Pull Box: Wiring Pull Box,,,,,,,,0 VA,0 VA,0 VA,,,,,,,,,,,,,,,,2wqWSTiaXEQBgVwMrOD97x,,,,,,,,Parking,,,,,,,,,,,,,,,,,,,,,,,,,,,,,,,,,,,,Parking Garage P01,,,,ELD8,,,,1 A,,,,,,,,,,,Not Computed,Not Computed,,,,,,,Panelboard,New Construction,None,,,,,,,,,,,,,,,,,,,,,,,,,,,,,,,,0 VA,Not Computed,0 VA,100.00%,Not Computed,,,,,,Wiring Pull Box,Wiring Pull Box,,2chmxDx$L86gdODoJ1Jby6,,,,,,,,,,
,0 VA,0 VA,0 VA,,,,,,,,,0 VA,0 VA,0 VA,,,,,,23.80.30.11.17,,,,,,,,,1,,,,,,,,,,None,,,,,,,,,,,,,,,,,9' - 6",,,,,,,,,,,,,,,,,,,,,,,,,,,,,,,By Type,,Default,,Wiring Pull Box,Wiring Pull Box: Wiring Pull Box,,,,,,,,0 VA,0 VA,0 VA,,,,,,,,,,,,,,,,2wqWSTiaXEQBgVwMrOD92u,,,,,,,,Parking,,,,,,,,,,,,,,,,,,,,,,,,,,,,,,,,,,,,Parking Garage P01,,,,ELD9,,,,1 A,,,,,,,,,,,Not Computed,Not Computed,,,,,,,Panelboard,New Construction,None,,,,,,,,,,,,,,,,,,,,,,,,,,,,,,,,0 VA,Not Computed,0 VA,100.00%,Not Computed,,,,,,Wiring Pull Box,Wiring Pull Box,,2chmxDx$L86gdODoJ1Jby6,,,,,,,,,,
,0 VA,0 VA,0 VA,,,,,,,,,0 VA,0 VA,0 VA,,,,,,23.80.30.11.17,,,,,,,,,1,,,,,,,,,,None,,,,,,,,,,,,,,,,,9' - 6",,,,,,,,,,,,,,,,,,,,,,,,,,,,,,,By Type,,Default,,Wiring Pull Box,Wiring Pull Box: Wiring Pull Box,,,,,,,,0 VA,0 VA,0 VA,,,,,,,,,,,,,,,,2wqWSTiaXEQBgVwMrOD91e,,,,,,,,Parking,,,,,,,,,,,,,,,,,,,,,,,,,,,,,,,,,,,,Parking Garage P01,,,,ELD10,,,,1 A,,,,,,,,,,,Not Computed,Not Computed,,,,,,,Panelboard,New Construction,None,,,,,,,,,,,,,,,,,,,,,,,,,,,,,,,,0 VA,Not Computed,0 VA,100.00%,Not Computed,,,,,,Wiring Pull Box,Wiring Pull Box,,2chmxDx$L86gdODoJ1Jby6,,,,,,,,,,
,0 VA,0 VA,0 VA,,,,,,,,,0 VA,0 VA,0 VA,,,,,,23.80.30.11.17,,,,,,,,,1,,,,,,,,,,None,,,,,,,,,,,,,,,,,9' - 6",,,,,,,,,,,,,,,,,,,,,,,,,,,,,,,By Type,,Default,,Wiring Pull Box,Wiring Pull Box: Wiring Pull Box,,,,,,,,0 VA,0 VA,0 VA,,,,,,,,,,,,,,,,2wqWSTiaXEQBgVwMrOD9UY,,,,,,,,Parking,,,,,,,,,,,,,,,,,,,,,,,,,,,,,,,,,,,,Parking Garage P01,,,,ELD11,,,,1 A,,,,,,,,,,,Not Computed,Not Computed,,,,,,,Panelboard,New Construction,None,,,,,,,,,,,,,,,,,,,,,,,,,,,,,,,,0 VA,Not Computed,0 VA,100.00%,Not Computed,,,,,,Wiring Pull Box,Wiring Pull Box,,2chmxDx$L86gdODoJ1Jby6,,,,,,,,,,
,0 VA,0 VA,0 VA,,,,,,,,,0 VA,0 VA,0 VA,,,,,,23.80.30.11.17,,,,,,,,,1,,,,,,,,,,None,,,,,,,,,,,,,,,,,15' - 5",,,,,,,,,,,,,,,,,,,,,,,,,,,,,,,By Type,,Default,,Wiring Pull Box,Wiring Pull Box: Wiring Pull Box,,,,,,,,0 VA,0 VA,0 VA,,,,,,,,,,,,,,,,107kKWBez4z9lnvbvj57up,,,,,,,,Parking,,,,,,,,,,,,,,,,,,,,,,,,,,,,,,,,,,,,Commercial/Retail 108,,,,ELD12,,,,1 A,,,,,,,,,,,Not Computed,Not Computed,,,,,,,Panelboard,New Construction,None,,,,,,,,,,,,,,,,,,,,,,,,,,,,,,,,0 VA,Not Computed,0 VA,100.00%,Not Computed,,,,,,Wiring Pull Box,Wiring Pull Box,,2chmxDx$L86gdODoJ1Jby6,,,,,,,,,,
,0 VA,0 VA,0 VA,,,,,,,,,0 VA,0 VA,0 VA,,,,,,23.80.30.11.17,,,,,,,,,1,,,,,,,,,,None,,,,,,,,,,,,,,,,,9' - 0",,,,,,,,,,,,,,,,,,,,,,,,,,,,,,,By Type,,Default,,Wiring Pull Box,Wiring Pull Box: Wiring Pull Box,,,,,,,,0 VA,0 VA,0 VA,,,,,,,,,,,,,,,,107kKWBez4z9lnvbvj570E,,,,,,,,Parking,,,,,,,,,,,,,,,,,,,,,,,,,,,,,,,,,,,,Parking Garage P01,,,,ELD13,,,,1 A,,,,,,,,,,,Not Computed,Not Computed,,,,,,,Panelboard,New Construction,None,,,,,,,,,,,,,,,,,,,,,,,,,,,,,,,,0 VA,Not Computed,0 VA,100.00%,Not Computed,,,,,,Wiring Pull Box,Wiring Pull Box,,2chmxDx$L86gdODoJ1Jby6,,,,,,,,,,
Are these panels necessary?,15057 VA,19843 VA,11833 VA,,,,,,,,,15057 VA,19843 VA,11833 VA,130 A,169 A,99 A,,4,23.80.30.11.17,,,,,,,,,1,130 A,169 A,99 A,,,,,,,120/208 Wye,,,,,,,,,,,,,,,,208 V/3-0 VA,4' - 0",,,,,,Type 1,,,,,,,,,,,,,,,,,,,,,,,,,By Type,,Default,,Lighting and Appliance Panelboard - 208V MCB - Surface,Lighting and Appliance Panelboard - 208V MCB - Surface: 225 A,,,,,,,,0 VA,0 VA,0 VA,0 A,0 A,0 A,,,,,,,20000 VA,56 A,20000 VA,100.00%,56 A,,0ATsqqf8DApPCCMUjkVFFQ,,,,,,,,Parking,11270 VA,31 A,5895 VA,52.30%,16 A,1300 VA,4 A,1625 VA,125.00%,5 A,,,,,,,,,,,,,,,,,,,,,,,,,,Utility P05,800 A,,,ELD29,,30,,800 A,,,,,,,,Surface,,,3,4,7400 VA,21 A,7400 VA,100.00%,21 A,HDP,Panelboard,New Construction,None,,,,,,360 VA,1 A,360 VA,100.00%,1 A,6840 VA,19 A,6840 VA,100.00%,19 A,,,,,,,,,,,,,,,,MB13,46707 VA,130 A,41809 VA,89.51%,116 A,,,,,,225 A,,,01rOGBYFL9IBD8p4B5gSFL,,,,,,,,,,
,119334 VA,112254 VA,95669 VA,3450 VA,10 A,3450 VA,100.00%,10 A,,,,119334 VA,112254 VA,95669 VA,1016 A,957 A,797 A,,1,,,,,,,,,,1,1016 A,957 A,797 A,,,,,,,120/208 Wye,,,,,,,,,,,,,,,,208 V/3-0 VA,5' - 4 9/32",,,,,,,,,,,,,,,,,,,,,,,,,,,,,,,By Type,,Default,,Meter Main,Meter Main: 1200A,,,,,,,,0 VA,0 VA,0 VA,0 A,0 A,0 A,,,,,,,240000 VA,666 A,240000 VA,100.00%,666 A,,26ZxIv1I98_g3agdzkxlbZ,,,,,,,,Parking,12208 VA,34 A,6223 VA,50.97%,17 A,1300 VA,4 A,1625 VA,125.00%,5 A,,,,,,,,,,,,,,,,,,,,,,,,,,Utility P05,1600 A,,,ELD51,,,,,,,,,,,,,,,3,4,16940 VA,47 A,16940 VA,100.00%,47 A,MAIN1,Switchboard,New Construction,None,,,,,,4500 VA,12 A,4500 VA,100.00%,12 A,49500 VA,137 A,29750 VA,60.10%,83 A,,,,,,,,,,,,,,,,SWITCHBOARD,327250 VA,908 A,302105 VA,92.32%,839 A,,,,,,1200A,,,26ZxIv1I98_g3agdzkxkeD,,,,,,,,,,
,72146 VA,58691 VA,53410 VA,,,,,,,,,72146 VA,58691 VA,53410 VA,608 A,496 A,445 A,,2,,,,,,,,,,1,608 A,496 A,445 A,,,,,,,120/208 Wye,,,,,,,,,,,,,,,,208 V/3-0 VA,4' - 5 7/8",,,,,,,,,,,,,,,,,,,,,,,,,,,,,,,By Type,,Default,,Meter Main,Meter Main: 1600A,,,,,,,,0 VA,0 VA,0 VA,0 A,0 A,0 A,,,,,,,130000 VA,361 A,130000 VA,100.00%,361 A,,26ZxIv1I98_g3agdzkxlbY,,,,,,,,Parking,1586 VA,4 A,1586 VA,100.00%,4 A,,,,,,,,,,,,,,,,,,,,,,,,,,,,,,,Utility P05,1200 A,,,ELD52,,,,,,,,,,,,,,,3,4,13500 VA,37 A,13500 VA,100.00%,37 A,MAIN2,Switchboard,New Construction,None,,,,,,5040 VA,14 A,5040 VA,100.00%,14 A,34200 VA,95 A,22100 VA,64.62%,61 A,,,,,,,,,,,,,,,,SWITCHBOARD,184247 VA,511 A,172147 VA,93.43%,478 A,,,,,,1600A,,,26ZxIv1I98_g3agdzkxkeB,,,,,,,,,,
,21356 VA,21932 VA,17846 VA,,,,,,,,,21356 VA,21932 VA,17846 VA,182 A,187 A,149 A,,1,,,,,,,,,,1,182 A,187 A,149 A,,,,,,,120/208 Wye,,,,,,,,,,,,,,,,208 V/3-0 VA,4' - 8 7/8",,,,,,,,,,,,,,,,,,,,,,,,,,,,,,,By Type,,Default,,Meter Bank,Meter Bank: 125A - 4 Socket,,,,,,,,0 VA,0 VA,0 VA,0 A,0 A,0 A,,,,,,,50000 VA,139 A,50000 VA,100.00%,139 A,,26ZxIv1I98_g3agdzkxlbX,,,,,,,,Parking,352 VA,1 A,352 VA,100.00%,1 A,,,,,,,,,,,,,,,,,,,,,,,,,,,,,,,Utility P05,,,,ELD53,,,,,,,,,,,,,,,3,4,1440 VA,4 A,1440 VA,100.00%,4 A,MB11,Switchboard,New Construction,None,,,,,,1080 VA,3 A,1080 VA,100.00%,3 A,8280 VA,23 A,8280 VA,100.00%,23 A,,,,,,,,,,,,,,,,MAIN1,61134 VA,170 A,61134 VA,100.00%,170 A,,,,,,125A - 4 Socket,,,26ZxIv1I98_g3agdzkxkPF,,,,,,,,,,
,21618 VA,18594 VA,15711 VA,,,,,,,,,21618 VA,18594 VA,15711 VA,184 A,159 A,131 A,,2,,,,,,,,,,1,184 A,159 A,131 A,,,,,,,120/208 Wye,,,,,,,,,,,,,,,,208 V/3-0 VA,4' - 8 7/8",,,,,,,,,,,,,,,,,,,,,,,,,,,,,,,By Type,,Default,,Meter Bank,Meter Bank: 125A - 4 Socket,,,,,,,,0 VA,0 VA,0 VA,0 A,0 A,0 A,,,,,,,40000 VA,111 A,40000 VA,100.00%,111 A,,26ZxIv1I98_g3agdzkxlbW,,,,,,,,Parking,466 VA,1 A,466 VA,100.00%,1 A,,,,,,,,,,,,,,,,,,,,,,,,,,,,,,,Utility P05,,,,ELD54,,,,,,,,,,,,,,,3,4,4860 VA,13 A,4860 VA,100.00%,13 A,MB12,Switchboard,New Construction,None,,,,,,1260 VA,3 A,1260 VA,100.00%,3 A,9360 VA,26 A,9360 VA,100.00%,26 A,,,,,,,,,,,,,,,,MAIN1,55923 VA,155 A,55923 VA,100.00%,155 A,,,,,,125A - 4 Socket,,,26ZxIv1I98_g3agdzkxkPF,,,,,,,,,,
,24601 VA,16725 VA,16216 VA,,,,,,,,,24601 VA,16725 VA,16216 VA,206 A,140 A,135 A,,1,,,,,,,,,,1,206 A,140 A,135 A,,,,,,,120/208 Wye,,,,,,,,,,,,,,,,208 V/3-0 VA,4' - 8 7/8",,,,,,,,,,,,,,,,,,,,,,,,,,,,,,,By Type,,Default,,Meter Bank,Meter Bank: 125A - 4 Socket,,,,,,,,0 VA,0 VA,0 VA,0 A,0 A,0 A,,,,,,,40000 VA,111 A,40000 VA,100.00%,111 A,,26ZxIv1I98_g3agdzkxlb$,,,,,,,,Parking,466 VA,1 A,466 VA,100.00%,1 A,,,,,,,,,,,,,,,,,,,,,,,,,,,,,,,Utility P05,,,,ELD55,,,,,,,,,,,,,,,3,4,4500 VA,12 A,4500 VA,100.00%,12 A,MB21,Switchboard,New Construction,None,,,,,,1440 VA,4 A,1440 VA,100.00%,4 A,11160 VA,31 A,10580 VA,94.80%,29 A,,,,,,,,,,,,,,,,MAIN2,57543 VA,160 A,56963 VA,98.99%,158 A,,,,,,125A - 4 Socket,,,26ZxIv1I98_g3agdzkxkPF,,,,,,,,,,
,21026 VA,18433 VA,16042 VA,,,,,,,,,21026 VA,18433 VA,16042 VA,178 A,157 A,134 A,,2,,,,,,,,,,1,178 A,157 A,134 A,,,,,,,120/208 Wye,,,,,,,,,,,,,,,,208 V/3-0 VA,3' - 10 7/8",,,,,,,,,,,,,,,,,,,,,,,,,,,,,,,By Type,,Default,,Meter Bank,Meter Bank: 125A - 5 Socket,,,,,,,,0 VA,0 VA,0 VA,0 A,0 A,0 A,,,,,,,40000 VA,111 A,40000 VA,100.00%,111 A,,26ZxIv1I98_g3agdzkxlbv,,,,,,,,Parking,590 VA,2 A,590 VA,100.00%,2 A,,,,,,,,,,,,,,,,,,,,,,,,,,,,,,,Utility P05,,,,ELD56,,,,,,,,,,,,,,,3,4,3960 VA,11 A,3960 VA,100.00%,11 A,MB22,Switchboard,New Construction,None,,,,,,1620 VA,4 A,1620 VA,100.00%,4 A,9360 VA,26 A,9360 VA,100.00%,26 A,,,,,,,,,,,,,,,,MAIN2,55501 VA,154 A,55501 VA,100.00%,154 A,,,,,,125A - 5 Socket,,,26ZxIv1I98_g3agdzkxkPD,,,,,,,,,,
,26519 VA,23533 VA,21152 VA,,,,,,,,,26519 VA,23533 VA,21152 VA,224 A,199 A,176 A,,3,,,,,,,,,,1,224 A,199 A,176 A,,,,,,,120/208 Wye,,,,,,,,,,,,,,,,208 V/3-0 VA,3' - 10 7/8",,,,,,,,,,,,,,,,,,,,,,,,,,,,,,,By Type,,Default,,Meter Bank,Meter Bank: 125A - 5 Socket,,,,,,,,0 VA,0 VA,0 VA,0 A,0 A,0 A,,,,,,,50000 VA,139 A,50000 VA,100.00%,139 A,,26ZxIv1I98_g3agdzkxlbu,,,,,,,,Parking,530 VA,1 A,530 VA,100.00%,1 A,,,,,,,,,,,,,,,,,,,,,,,,,,,,,,,Utility P05,,,,ELD57,,,,,,,,,,,,,,,3,4,5040 VA,14 A,5040 VA,100.00%,14 A,MB23,Switchboard,New Construction,None,,,,,,1980 VA,5 A,1980 VA,100.00%,5 A,13680 VA,38 A,11840 VA,86.55%,33 A,,,,,,,,,,,,,,,,MAIN2,71204 VA,198 A,69364 VA,97.42%,193 A,,,,,,125A - 5 Socket,,,26ZxIv1I98_g3agdzkxkPD,,,,,,,,,,
,27830 VA,22160 VA,20308 VA,,,,,,,,,27830 VA,22160 VA,20308 VA,234 A,187 A,169 A,,4,,,,,,,,,,1,234 A,187 A,169 A,,,,,,,120/208 Wye,,,,,,,,,,,,,,,,208 V/3-0 VA,5' - 5 19/32",,,,,,,,,,,,,,,,,,,,,,,,,,,,,,,By Type,,Default,,Meter Bank,Meter Bank: 225A - 3 Socket,,,,,,,,0 VA,0 VA,0 VA,0 A,0 A,0 A,,,,,,,60000 VA,167 A,60000 VA,100.00%,167 A,,26ZxIv1I98_g3agdzkxlbr,,,,,,,,Parking,40 VA,0 A,40 VA,100.00%,0 A,,,,,,,,,,,,,,,,,,,,,,,,,,,,,,,Utility P05,,,,ELD58,,,,,,,,,,,,,,,3,4,0 VA,0 A,0 VA,Not Computed,0 A,MB14,Switchboard,New Construction,None,,,,,,540 VA,1 A,540 VA,100.00%,1 A,9720 VA,27 A,9720 VA,100.00%,27 A,,,,,,,,,,,,,,,,MAIN1,70298 VA,195 A,70298 VA,100.00%,195 A,,,,,,225A - 3 Socket,,,26ZxIv1I98_g3agdzkxkPB,,,,,,,,,,
,48536 VA,49598 VA,41805 VA,3450 VA,10 A,3450 VA,100.00%,10 A,,,,48536 VA,49598 VA,41805 VA,413 A,422 A,348 A,,3,,,,,,,,,,1,413 A,422 A,348 A,,,,,,,120/208 Wye,,,,,,,,,,,,,,,,208 V/3-0 VA,4' - 9",,,,,,,,,,,,,,,,,,,,,,,,,,,,,,,By Type,,Default,,Meter Bank,Meter Bank: 225A - 4 Socket,,,,,,,,0 VA,0 VA,0 VA,0 A,0 A,0 A,,,,,,,90000 VA,250 A,90000 VA,100.00%,250 A,,26ZxIv1I98_g3agdzkxlbq,,,,,,,,Parking,11350 VA,32 A,5923 VA,52.18%,16 A,1300 VA,4 A,1625 VA,125.00%,5 A,,,,,,,,,,,,,,,,,,,,,,,,,,Utility P05,,,,ELD59,,,,,,,,,,,,,,,3,4,10640 VA,30 A,10640 VA,100.00%,30 A,MB13,Switchboard,New Construction,None,,,,,,1620 VA,4 A,1620 VA,100.00%,4 A,22140 VA,61 A,16070 VA,72.58%,45 A,,,,,,,,,,,,,,,,MAIN1,139923 VA,388 A,128972 VA,92.17%,358 A,,,,,,225A - 4 Socket,,,26ZxIv1I98_g3agdzkxkP9,,,,,,,,,,
,191479 VA,170938 VA,149079 VA,3450 VA,10 A,3450 VA,100.00%,10 A,,,,191479 VA,170938 VA,149079 VA,1624 A,1453 A,1242 A,,,,,,,,,,,,1,1624 A,1453 A,1242 A,,,,,,,120/208 Wye,,,,,,,,,,,,,,,,208 V/3-0 VA,1' - 6",,,,,,,,,,,,,,,,,,,,,,,,,,,,,,,By Type,,Default,,Switchboard,Switchboard: Two Section,,,,,,,,0 VA,0 VA,0 VA,0 A,0 A,0 A,,,,,,,370000 VA,1027 A,370000 VA,100.00%,1027 A,,2JDXA9$nn0Rhl8JXvx5GT2,,,,,,,,Parking,13794 VA,38 A,6778 VA,49.14%,19 A,1300 VA,4 A,1625 VA,125.00%,5 A,,,,,,,,,,,,,,,,,,,,,,,,,,Utility P05,3000 A,,,ELD63,,,,3000 A,,,,,,,,,,,3,4,30440 VA,84 A,30440 VA,100.00%,84 A,SWITCHBOARD,Switchboard,New Construction,None,,,,,,9540 VA,26 A,9540 VA,100.00%,26 A,83700 VA,232 A,46850 VA,55.97%,130 A,,,,,,,,,,,,,,,,,511491 VA,1420 A,468270 VA,91.55%,1300 A,,,,,,Two Section,,,2JDXA9$nn0Rhl8JXvx5GUT,,,,,,,,,,
,0 VA,0 VA,0 VA,,,,,,,,,0 VA,0 VA,0 VA,,,,,,23.80.30.11.17,,,,,,,,,1,,,,,,,,,,None,,,,,,,,,,,,,,,,,9' - 1",,,,,,,,,,,,,,,,,,,,,,,,,,,,,,,By Type,,Default,,Wiring Pull Box,Wiring Pull Box: Wiring Pull Box,,,,,,,,0 VA,0 VA,0 VA,,,,,,,,,,,,,,,,0450wMNbj8dfEHzWw0zfXR,,,,,,,,Parking,,,,,,,,,,,,,,,,,,,,,,,,,,,,,,,,,,,,,,,,ELD64,,,,1 A,,,,,,,,,,,Not Computed,Not Computed,,,,,,,Panelboard,New Construction,None,,,,,,,,,,,,,,,,,,,,,,,,,,,,,,,,0 VA,Not Computed,0 VA,100.00%,Not Computed,,,,,,Wiring Pull Box,Wiring Pull Box,,2chmxDx$L86gdODoJ1Jby6,,,,,,,,,,
