Electrical Fixture Schedule,,,,,,,,,,,,,,,,,,,,,,,,,,,,,,,,,,,,,,,
Assembly Code,Assembly Description,Assembly Name,Circuit Number,Classification Number,Classification Title,Comments,Cost,Count,Description,Electrical Data,Elevation from Level,Enlarged Views Only,Excavation Volume on Toposolid,Exchange Entity ID,Exchange ID,Export to IFC,Export to IFC As,Export Type to IFC,Export Type to IFC As,Family,Family and Type,IFC Predefined Type,IfcGUID,Image,Keynote,Level,Manufacturer,Mark,Model,Panel,Phase Created,Phase Demolished,Type,Type Comments,Type IFC Predefined Type,Type IfcGUID,Type Image,Type Mark,URL
,,,,,,,,,,,,,,,,,,,,,,,,,,,,,,,,,,,,,,,
,,,7,23.80.50.11.17,,,,1,,120 V/1-180 VA,1' - 6",,,,,By Type,,Default,,Duplex Receptacle,Duplex Receptacle: GFCI,,3M$Qtr4nbCV99j7973jyeT,,,L5,,1,,P506,New Construction,None,GFCI,,,3lAjmFWRfDlRceYN7PhLkg,,,
,,,5,23.80.50.11.17,,,,1,,120 V/1-180 VA,1' - 6",,,,,By Type,,Default,,Duplex Receptacle,Duplex Receptacle: GFCI,,3M$Qtr4nbCV99j7973jz4T,,,L5,,2,,P506,New Construction,None,GFCI,,,3lAjmFWRfDlRceYN7PhLkg,,,
,,,4,23.80.50.11.17,,,,1,,120 V/1-180 VA,1' - 6",,,,,By Type,,Default,,Duplex Receptacle,Duplex Receptacle: Standard,,3M$Qtr4nbCV99j7973jz6d,,,L5,,3,,P506,New Construction,None,Standard,,,3lAjmFWRfDlRceYN7PhLke,,,
,,,4,23.80.50.11.17,,,,1,,120 V/1-180 VA,1' - 6",,,,,By Type,,Default,,Duplex Receptacle,Duplex Receptacle: Standard,,3M$Qtr4nbCV99j7973jz6t,,,L5,,4,,P506,New Construction,None,Standard,,,3lAjmFWRfDlRceYN7PhLke,,,
,,,4,23.80.50.11.17,,,,1,,120 V/1-180 VA,1' - 6",,,,,By Type,,Default,,Duplex Receptacle,Duplex Receptacle: Standard,,3M$Qtr4nbCV99j7973jz0M,,,L5,,5,,P506,New Construction,None,Standard,,,3lAjmFWRfDlRceYN7PhLke,,,
,,,2,23.80.50.11.17,,,,1,,120 V/1-180 VA,1' - 6",,,,,By Type,,Default,,Duplex Receptacle,Duplex Receptacle: Standard,,3M$Qtr4nbCV99j7973jzCQ,,,L5,,6,,P506,New Construction,None,Standard,,,3lAjmFWRfDlRceYN7PhLke,,,
,,,2,23.80.50.11.17,,,,1,,120 V/1-180 VA,1' - 6",,,,,By Type,,Default,,Duplex Receptacle,Duplex Receptacle: Standard,,3M$Qtr4nbCV99j7973jzCd,,,L5,,7,,P506,New Construction,None,Standard,,,3lAjmFWRfDlRceYN7PhLke,,,
,,,2,23.80.50.11.17,,,,1,,120 V/1-180 VA,1' - 6",,,,,By Type,,Default,,Duplex Receptacle,Duplex Receptacle: Standard,,3M$Qtr4nbCV99j7973jzKH,,,L5,,8,,P506,New Construction,None,Standard,,,3lAjmFWRfDlRceYN7PhLke,,,
,,,9,11,23.80.50.11.17,,,,1,,220 V/2-180 VA,1' - 6",,,,,By Type,,Default,,High Voltage Receptacle,High Voltage Receptacle: Standard,,3M$Qtr4nbCV99j7973jzHc,,,L5,,9,,P506,New Construction,None,Standard,,,3LPhih2fj8yueK3tIyLhvw,,,
,,,2,23.80.50.11.17,,,,1,,120 V/1-180 VA,1' - 6",,,,,By Type,,Default,,Duplex Receptacle,Duplex Receptacle: Standard,,0xAf3vh1zBTg991o7CXZI3,,,L5,,10,,P500,New Construction,None,Standard,,,3lAjmFWRfDlRceYN7PhLke,,,
,,,2,23.80.50.11.17,,,,1,,120 V/1-180 VA,1' - 6",,,,,By Type,,Default,,Duplex Receptacle,Duplex Receptacle: Standard,,0xAf3vh1zBTg991o7CXZGA,,,L5,,11,,P506,New Construction,None,Standard,,,3lAjmFWRfDlRceYN7PhLke,,,
,,,2,23.80.50.11.17,,,,1,,120 V/1-180 VA,1' - 6",,,,,By Type,,Default,,Duplex Receptacle,Duplex Receptacle: Standard,,0xAf3vh1zBTg991o7CXZM$,,,L5,,12,,P506,New Construction,None,Standard,,,3lAjmFWRfDlRceYN7PhLke,,,
,,,1,23.80.50.11.17,,,,1,,120 V/1-180 VA,1' - 6",,,,,By Type,,Default,,Duplex Receptacle,Duplex Receptacle: Standard,,0xAf3vh1zBTg991o7CXZg7,,,L4,,13,,P408,New Construction,None,Standard,,,3lAjmFWRfDlRceYN7PhLke,,,
,,,1,23.80.50.11.17,,,,1,,120 V/1-180 VA,1' - 6",,,,,By Type,,Default,,Duplex Receptacle,Duplex Receptacle: Standard,,0xAf3vh1zBTg991o7CXZh3,,,L4,,14,,P408,New Construction,None,Standard,,,3lAjmFWRfDlRceYN7PhLke,,,
,,,1,23.80.50.11.17,,,,1,,120 V/1-180 VA,1' - 6",,,,,By Type,,Default,,Duplex Receptacle,Duplex Receptacle: Standard,,0xAf3vh1zBTg991o7CXZfU,,,L5,,15,,P506,New Construction,None,Standard,,,3lAjmFWRfDlRceYN7PhLke,,,
,,,2,23.80.50.11.17,,,,1,,120 V/1-180 VA,1' - 6",,,,,By Type,,Default,,Duplex Receptacle,Duplex Receptacle: Standard,,0xAf3vh1zBTg991o7CXZjS,,,L5,,16,,P506,New Construction,None,Standard,,,3lAjmFWRfDlRceYN7PhLke,,,
,,,6,23.80.50.11.17,,,,1,,120 V/1-180 VA,4' - 0",,,,,By Type,,Default,,Duplex Receptacle,Duplex Receptacle: Counter Top,,0xAf3vh1zBTg991o7CXZWt,,,L5,,17,,P506,New Construction,None,Counter Top,,,2CTEMFkBXCdewbyEowT_As,,,
,,,7,9,23.80.50.11.17,,,,1,,220 V/2-180 VA,1' - 6",,,,,By Type,,Default,,High Voltage Receptacle,High Voltage Receptacle: Standard,,0xAf3vh1zBTg991o7CXZd4,,,L5,,18,,P507,New Construction,None,Standard,,,3LPhih2fj8yueK3tIyLhvw,,,
,,,6,23.80.50.11.17,,,,1,,120 V/1-180 VA,4' - 0",,,,,By Type,,Default,,Duplex Receptacle,Duplex Receptacle: GFCI,,0xAf3vh1zBTg991o7CXZw$,,,L5,,19,,P507,New Construction,None,GFCI,,,3lAjmFWRfDlRceYN7PhLkg,,,
,,,5,23.80.50.11.17,,,,1,,120 V/1-180 VA,4' - 0",,,,,By Type,,Default,,Duplex Receptacle,Duplex Receptacle: Counter Top,,0xAf3vh1zBTg991o7CXZwR,,,L5,,20,,P507,New Construction,None,Counter Top,,,2CTEMFkBXCdewbyEowT_As,,,
,,,3,23.80.50.11.17,,,,1,,120 V/1-180 VA,1' - 6",,,,,By Type,,Default,,Duplex Receptacle,Duplex Receptacle: GFCI,,0xAf3vh1zBTg991o7CXZv$,,,L5,,21,,P507,New Construction,None,GFCI,,,3lAjmFWRfDlRceYN7PhLkg,,,
,,,4,23.80.50.11.17,,,,1,,120 V/1-180 VA,1' - 6",,,,,By Type,,Default,,Duplex Receptacle,Duplex Receptacle: GFCI,,0xAf3vh1zBTg991o7CXZtE,,,L5,,22,,P507,New Construction,None,GFCI,,,3lAjmFWRfDlRceYN7PhLkg,,,
,,,2,23.80.50.11.17,,,,1,,120 V/1-180 VA,1' - 6",,,,,By Type,,Default,,Duplex Receptacle,Duplex Receptacle: Standard,,0xAf3vh1zBTg991o7CXZrk,,,L5,,24,,P507,New Construction,None,Standard,,,3lAjmFWRfDlRceYN7PhLke,,,
,,,2,23.80.50.11.17,,,,1,,120 V/1-180 VA,1' - 6",,,,,By Type,,Default,,Duplex Receptacle,Duplex Receptacle: Standard,,0xAf3vh1zBTg991o7CXiAF,,,L5,,25,,P507,New Construction,None,Standard,,,3lAjmFWRfDlRceYN7PhLke,,,
,,,2,23.80.50.11.17,,,,1,,120 V/1-180 VA,1' - 6",,,,,By Type,,Default,,Duplex Receptacle,Duplex Receptacle: Standard,,0xAf3vh1zBTg991o7CXiB8,,,L5,,26,,P507,New Construction,None,Standard,,,3lAjmFWRfDlRceYN7PhLke,,,
,,,2,23.80.50.11.17,,,,1,,120 V/1-180 VA,1' - 6",,,,,By Type,,Default,,Duplex Receptacle,Duplex Receptacle: Standard,,0xAf3vh1zBTg991o7CXiEq,,,L5,,27,,P507,New Construction,None,Standard,,,3lAjmFWRfDlRceYN7PhLke,,,
,,,2,23.80.50.11.17,,,,1,,120 V/1-180 VA,1' - 6",,,,,By Type,,Default,,Duplex Receptacle,Duplex Receptacle: Standard,,0xAf3vh1zBTg991o7CXiFe,,,L5,,28,,P507,New Construction,None,Standard,,,3lAjmFWRfDlRceYN7PhLke,,,
,,,1,23.80.50.11.17,,,,1,,120 V/1-180 VA,1' - 6",,,,,By Type,,Default,,Duplex Receptacle,Duplex Receptacle: Standard,,0xAf3vh1zBTg991o7CXiFA,,,L5,,29,,P507,New Construction,None,Standard,,,3lAjmFWRfDlRceYN7PhLke,,,
,,,1,23.80.50.11.17,,,,1,,120 V/1-180 VA,1' - 6",,,,,By Type,,Default,,Duplex Receptacle,Duplex Receptacle: Standard,,0xAf3vh1zBTg991o7CXiCB,,,L5,,30,,P507,New Construction,None,Standard,,,3lAjmFWRfDlRceYN7PhLke,,,
,,,1,23.80.50.11.17,,,,1,,120 V/1-180 VA,1' - 6",,,,,By Type,,Default,,Duplex Receptacle,Duplex Receptacle: Standard,,0xAf3vh1zBTg991o7CXiDN,,,L5,,31,,P507,New Construction,None,Standard,,,3lAjmFWRfDlRceYN7PhLke,,,
,,,1,23.80.50.11.17,,,,1,,120 V/1-180 VA,1' - 6",,,,,By Type,,Default,,Duplex Receptacle,Duplex Receptacle: Standard,,2Up1U7k117ie2$BGfzSmTs,,,L5,,32,,P500,New Construction,None,Standard,,,3lAjmFWRfDlRceYN7PhLke,,,
,,,1,23.80.50.11.17,,,,1,,120 V/1-180 VA,1' - 6",,,,,By Type,,Default,,Duplex Receptacle,Duplex Receptacle: Standard,,2Up1U7k117ie2$BGfzSmTS,,,L5,,33,,P500,New Construction,None,Standard,,,3lAjmFWRfDlRceYN7PhLke,,,
,,,1,23.80.50.11.17,,,,1,,120 V/1-180 VA,1' - 6",,,,,By Type,,Default,,Duplex Receptacle,Duplex Receptacle: Standard,,2Up1U7k117ie2$BGfzSm0i,,,L5,,34,,P500,New Construction,None,Standard,,,3lAjmFWRfDlRceYN7PhLke,,,
,,,1,23.80.50.11.17,,,,1,,120 V/1-180 VA,1' - 6",,,,,By Type,,Default,,Duplex Receptacle,Duplex Receptacle: Standard,,2Up1U7k117ie2$BGfzSm3B,,,L5,,35,,P500,New Construction,None,Standard,,,3lAjmFWRfDlRceYN7PhLke,,,
,,,9,23.80.50.11.17,,,,1,,120 V/1-180 VA,1' - 6",,,,,By Type,,Default,,Duplex Receptacle,Duplex Receptacle: Standard,,2Up1U7k117ie2$BGfzSm8s,,,L5,,39,,P406,New Construction,None,Standard,,,3lAjmFWRfDlRceYN7PhLke,,,
,,,9,23.80.50.11.17,,,,1,,120 V/1-180 VA,1' - 6",,,,,By Type,,Default,,Duplex Receptacle,Duplex Receptacle: Standard,,2Up1U7k117ie2$BGfzSm8S,,,L5,,40,,P406,New Construction,None,Standard,,,3lAjmFWRfDlRceYN7PhLke,,,
,,,9,23.80.50.11.17,,,,1,,120 V/1-180 VA,1' - 6",,,,,By Type,,Default,,Duplex Receptacle,Duplex Receptacle: Standard,,2Up1U7k117ie2$BGfzSmAL,,,L5,,41,,P406,New Construction,None,Standard,,,3lAjmFWRfDlRceYN7PhLke,,,
,,,9,23.80.50.11.17,,,,1,,120 V/1-180 VA,1' - 6",,,,,By Type,,Default,,Duplex Receptacle,Duplex Receptacle: Standard,,2Up1U7k117ie2$BGfzSmqC,,,L5,,43,,P406,New Construction,None,Standard,,,3lAjmFWRfDlRceYN7PhLke,,,
,,,6,23.80.50.11.17,,,,1,,120 V/1-180 VA,1' - 6",,,,,By Type,,Default,,Duplex Receptacle,Duplex Receptacle: GFCI,,2Up1U7k117ie2$BGfzSmtk,,,L4,,44,,P408,New Construction,None,GFCI,,,3lAjmFWRfDlRceYN7PhLkg,,,
,,,4,23.80.50.11.17,,,,1,,120 V/1-180 VA,1' - 6",,,,,By Type,,Default,,Duplex Receptacle,Duplex Receptacle: GFCI,,2Up1U7k117ie2$BGfzSmte,,,L4,,45,,P408,New Construction,None,GFCI,,,3lAjmFWRfDlRceYN7PhLkg,,,
,,,3,23.80.50.11.17,,,,1,,120 V/1-180 VA,1' - 6",,,,,By Type,,Default,,Duplex Receptacle,Duplex Receptacle: Standard,,2Up1U7k117ie2$BGfzSmtf,,,L4,,46,,P408,New Construction,None,Standard,,,3lAjmFWRfDlRceYN7PhLke,,,
,,,3,23.80.50.11.17,,,,1,,120 V/1-180 VA,1' - 6",,,,,By Type,,Default,,Duplex Receptacle,Duplex Receptacle: Standard,,2Up1U7k117ie2$BGfzSmth,,,L4,,47,,P408,New Construction,None,Standard,,,3lAjmFWRfDlRceYN7PhLke,,,
,,,3,23.80.50.11.17,,,,1,,120 V/1-180 VA,1' - 6",,,,,By Type,,Default,,Duplex Receptacle,Duplex Receptacle: Standard,,2Up1U7k117ie2$BGfzSmtq,,,L4,,48,,P408,New Construction,None,Standard,,,3lAjmFWRfDlRceYN7PhLke,,,
,,,2,23.80.50.11.17,,,,1,,120 V/1-180 VA,1' - 6",,,,,By Type,,Default,,Duplex Receptacle,Duplex Receptacle: Standard,,2Up1U7k117ie2$BGfzSmtm,,,L4,,49,,P408,New Construction,None,Standard,,,3lAjmFWRfDlRceYN7PhLke,,,
,,,2,23.80.50.11.17,,,,1,,120 V/1-180 VA,1' - 6",,,,,By Type,,Default,,Duplex Receptacle,Duplex Receptacle: Standard,,2Up1U7k117ie2$BGfzSmto,,,L4,,50,,P408,New Construction,None,Standard,,,3lAjmFWRfDlRceYN7PhLke,,,
,,,2,23.80.50.11.17,,,,1,,120 V/1-180 VA,1' - 6",,,,,By Type,,Default,,Duplex Receptacle,Duplex Receptacle: Standard,,2Up1U7k117ie2$BGfzSmtp,,,L4,,51,,P408,New Construction,None,Standard,,,3lAjmFWRfDlRceYN7PhLke,,,
,,,8,10,23.80.50.11.17,,,,1,,220 V/2-180 VA,1' - 6",,,,,By Type,,Default,,High Voltage Receptacle,High Voltage Receptacle: Standard,,2Up1U7k117ie2$BGfzSmt_,,,L4,,52,,P408,New Construction,None,Standard,,,3LPhih2fj8yueK3tIyLhvw,,,
,,,1,23.80.50.11.17,,,,1,,120 V/1-180 VA,1' - 6",,,,,By Type,,Default,,Duplex Receptacle,Duplex Receptacle: Standard,,2Up1U7k117ie2$BGfzSmtu,,,L4,,53,,P400,New Construction,None,Standard,,,3lAjmFWRfDlRceYN7PhLke,,,
,,,1,23.80.50.11.17,,,,1,,120 V/1-180 VA,1' - 6",,,,,By Type,,Default,,Duplex Receptacle,Duplex Receptacle: Standard,,2Up1U7k117ie2$BGfzSmtw,,,L4,,54,,P408,New Construction,None,Standard,,,3lAjmFWRfDlRceYN7PhLke,,,
,,,1,23.80.50.11.17,,,,1,,120 V/1-180 VA,1' - 6",,,,,By Type,,Default,,Duplex Receptacle,Duplex Receptacle: Standard,,2Up1U7k117ie2$BGfzSmt4,,,L4,,55,,P408,New Construction,None,Standard,,,3lAjmFWRfDlRceYN7PhLke,,,
,,,2,23.80.50.11.17,,,,1,,120 V/1-180 VA,1' - 6",,,,,By Type,,Default,,Duplex Receptacle,Duplex Receptacle: Standard,,2Up1U7k117ie2$BGfzSmt5,,,L3,,56,,P307,New Construction,None,Standard,,,3lAjmFWRfDlRceYN7PhLke,,,
,,,2,23.80.50.11.17,,,,1,,120 V/1-180 VA,1' - 6",,,,,By Type,,Default,,Duplex Receptacle,Duplex Receptacle: Standard,,2Up1U7k117ie2$BGfzSmt7,,,L3,,57,,P307,New Construction,None,Standard,,,3lAjmFWRfDlRceYN7PhLke,,,
,,,1,23.80.50.11.17,,,,1,,120 V/1-180 VA,1' - 6",,,,,By Type,,Default,,Duplex Receptacle,Duplex Receptacle: Standard,,2Up1U7k117ie2$BGfzSmt0,,,L4,,58,,P408,New Construction,None,Standard,,,3lAjmFWRfDlRceYN7PhLke,,,
,,,3,23.80.50.11.17,,,,1,,120 V/1-180 VA,1' - 6",,,,,By Type,,Default,,Duplex Receptacle,Duplex Receptacle: Standard,,2Up1U7k117ie2$BGfzSmtC,,,L4,,59,,P408,New Construction,None,Standard,,,3lAjmFWRfDlRceYN7PhLke,,,
,,,5,23.80.50.11.17,,,,1,,120 V/1-180 VA,4' - 0",,,,,By Type,,Default,,Duplex Receptacle,Duplex Receptacle: Counter Top,,2Up1U7k117ie2$BGfzSmtF,,,L4,,60,,P408,New Construction,None,Counter Top,,,2CTEMFkBXCdewbyEowT_As,,,
,,,,23.80.50.11.17,,,,1,,120 V/1-180 VA,1' - 6",,,,,By Type,,Default,,Duplex Receptacle,Duplex Receptacle: Standard,,2Up1U7k117ie2$BGfzSmt9,,,L4,,61,,,New Construction,None,Standard,,,3lAjmFWRfDlRceYN7PhLke,,,
,,,,23.80.50.11.17,,,,1,,120 V/1-180 VA,1' - 6",,,,,By Type,,Default,,Duplex Receptacle,Duplex Receptacle: Standard,,2Up1U7k117ie2$BGfzSmtA,,,L4,,62,,,New Construction,None,Standard,,,3lAjmFWRfDlRceYN7PhLke,,,
,,,4,23.80.50.11.17,,,,1,,120 V/1-180 VA,1' - 6",,,,,By Type,,Default,,Duplex Receptacle,Duplex Receptacle: GFCI,,2Up1U7k117ie2$BGfzSmtU,,,L3,,63,,P307,New Construction,None,GFCI,,,3lAjmFWRfDlRceYN7PhLkg,,,
,,,6,23.80.50.11.17,,,,1,,120 V/1-180 VA,1' - 6",,,,,By Type,,Default,,Duplex Receptacle,Duplex Receptacle: GFCI,,2Up1U7k117ie2$BGfzSmtO,,,L3,,64,,P307,New Construction,None,GFCI,,,3lAjmFWRfDlRceYN7PhLkg,,,
,,,2,23.80.50.11.17,,,,1,,120 V/1-180 VA,1' - 6",,,,,By Type,,Default,,Duplex Receptacle,Duplex Receptacle: Standard,,2Up1U7k117ie2$BGfzSmtP,,,L3,,65,,P307,New Construction,None,Standard,,,3lAjmFWRfDlRceYN7PhLke,,,
,,,2,23.80.50.11.17,,,,1,,120 V/1-180 VA,1' - 6",,,,,By Type,,Default,,Duplex Receptacle,Duplex Receptacle: Standard,,2Up1U7k117ie2$BGfzSmtR,,,L3,,66,,P307,New Construction,None,Standard,,,3lAjmFWRfDlRceYN7PhLke,,,
,,,2,23.80.50.11.17,,,,1,,120 V/1-180 VA,1' - 6",,,,,By Type,,Default,,Duplex Receptacle,Duplex Receptacle: Standard,,2Up1U7k117ie2$BGfzSmsa,,,L3,,67,,P307,New Construction,None,Standard,,,3lAjmFWRfDlRceYN7PhLke,,,
,,,3,23.80.50.11.17,,,,1,,120 V/1-180 VA,1' - 6",,,,,By Type,,Default,,Duplex Receptacle,Duplex Receptacle: Standard,,2Up1U7k117ie2$BGfzSmsW,,,L3,,68,,P307,New Construction,None,Standard,,,3lAjmFWRfDlRceYN7PhLke,,,
,,,3,23.80.50.11.17,,,,1,,120 V/1-180 VA,1' - 6",,,,,By Type,,Default,,Duplex Receptacle,Duplex Receptacle: Standard,,2Up1U7k117ie2$BGfzSmsY,,,L3,,69,,P307,New Construction,None,Standard,,,3lAjmFWRfDlRceYN7PhLke,,,
,,,3,23.80.50.11.17,,,,1,,120 V/1-180 VA,1' - 6",,,,,By Type,,Default,,Duplex Receptacle,Duplex Receptacle: Standard,,2Up1U7k117ie2$BGfzSmsZ,,,L3,,70,,P307,New Construction,None,Standard,,,3lAjmFWRfDlRceYN7PhLke,,,
,,,,23.80.50.11.17,,,,1,,220 V/2-180 VA,1' - 6",,,,,By Type,,Default,,High Voltage Receptacle,High Voltage Receptacle: Standard,,2Up1U7k117ie2$BGfzSmsk,,,L3,,71,,,New Construction,None,Standard,,,3LPhih2fj8yueK3tIyLhvw,,,
,,,2,23.80.50.11.17,,,,1,,120 V/1-180 VA,1' - 6",,,,,By Type,,Default,,Duplex Receptacle,Duplex Receptacle: Standard,,2Up1U7k117ie2$BGfzSmse,,,L3,,72,,P300,New Construction,None,Standard,,,3lAjmFWRfDlRceYN7PhLke,,,
,,,2,23.80.50.11.17,,,,1,,120 V/1-180 VA,1' - 6",,,,,By Type,,Default,,Duplex Receptacle,Duplex Receptacle: Standard,,2Up1U7k117ie2$BGfzSmsg,,,L3,,73,,P307,New Construction,None,Standard,,,3lAjmFWRfDlRceYN7PhLke,,,
,,,2,23.80.50.11.17,,,,1,,120 V/1-180 VA,1' - 6",,,,,By Type,,Default,,Duplex Receptacle,Duplex Receptacle: Standard,,2Up1U7k117ie2$BGfzSmsq,,,L3,,74,,P307,New Construction,None,Standard,,,3lAjmFWRfDlRceYN7PhLke,,,
,,,2,23.80.50.11.17,,,,1,,120 V/1-180 VA,1' - 6",,,,,By Type,,Default,,Duplex Receptacle,Duplex Receptacle: Standard,,2Up1U7k117ie2$BGfzSmsm,,,L3,,77,,P307,New Construction,None,Standard,,,3lAjmFWRfDlRceYN7PhLke,,,
,,,3,23.80.50.11.17,,,,1,,120 V/1-180 VA,1' - 6",,,,,By Type,,Default,,Duplex Receptacle,Duplex Receptacle: Standard,,2Up1U7k117ie2$BGfzSmsy,,,L3,,78,,P307,New Construction,None,Standard,,,3lAjmFWRfDlRceYN7PhLke,,,
,,,5,23.80.50.11.17,,,,1,,120 V/1-180 VA,4' - 0",,,,,By Type,,Default,,Duplex Receptacle,Duplex Receptacle: Counter Top,,2Up1U7k117ie2$BGfzSms$,,,L3,,79,,P307,New Construction,None,Counter Top,,,2CTEMFkBXCdewbyEowT_As,,,
,,,1,23.80.50.11.17,,,,1,,120 V/1-180 VA,1' - 6",,,,,By Type,,Default,,Duplex Receptacle,Duplex Receptacle: Standard,,2Up1U7k117ie2$BGfzSmsv,,,L3,,80,,P300,New Construction,None,Standard,,,3lAjmFWRfDlRceYN7PhLke,,,
,,,1,23.80.50.11.17,,,,1,,120 V/1-180 VA,1' - 6",,,,,By Type,,Default,,Duplex Receptacle,Duplex Receptacle: Standard,,2Up1U7k117ie2$BGfzSmsw,,,L3,,81,,P300,New Construction,None,Standard,,,3lAjmFWRfDlRceYN7PhLke,,,
,,,3,23.80.50.11.17,,,,1,,120 V/1-180 VA,1' - 6",,,,,By Type,,Default,,Duplex Receptacle,Duplex Receptacle: GFCI,,2Up1U7k117ie2$BGfzSmv9,,,L2,,82,,P205,New Construction,None,GFCI,,,3lAjmFWRfDlRceYN7PhLkg,,,
,,,5,23.80.50.11.17,,,,1,,120 V/1-180 VA,1' - 6",,,,,By Type,,Default,,Duplex Receptacle,Duplex Receptacle: GFCI,,2Up1U7k117ie2$BGfzSmvB,,,L2,,83,,P205,New Construction,None,GFCI,,,3lAjmFWRfDlRceYN7PhLkg,,,
,,,1,23.80.50.11.17,,,,1,,120 V/1-180 VA,1' - 6",,,,,By Type,,Default,,Duplex Receptacle,Duplex Receptacle: Standard,,2Up1U7k117ie2$BGfzSmvK,,,L2,,84,,P205,New Construction,None,Standard,,,3lAjmFWRfDlRceYN7PhLke,,,
,,,1,23.80.50.11.17,,,,1,,120 V/1-180 VA,1' - 6",,,,,By Type,,Default,,Duplex Receptacle,Duplex Receptacle: Standard,,2Up1U7k117ie2$BGfzSmvM,,,L2,,85,,P205,New Construction,None,Standard,,,3lAjmFWRfDlRceYN7PhLke,,,
,,,,23.80.50.11.17,,,,1,,120 V/1-180 VA,1' - 6",,,,,By Type,,Default,,Duplex Receptacle,Duplex Receptacle: Standard,,2Up1U7k117ie2$BGfzSmvN,,,L2,,86,,,New Construction,None,Standard,,,3lAjmFWRfDlRceYN7PhLke,,,
,,,1,23.80.50.11.17,,,,1,,120 V/1-180 VA,1' - 6",,,,,By Type,,Default,,Duplex Receptacle,Duplex Receptacle: Standard,,2Up1U7k117ie2$BGfzSmvJ,,,L2,,87,,P205,New Construction,None,Standard,,,3lAjmFWRfDlRceYN7PhLke,,,
,,,2,23.80.50.11.17,,,,1,,120 V/1-180 VA,1' - 6",,,,,By Type,,Default,,Duplex Receptacle,Duplex Receptacle: Standard,,2Up1U7k117ie2$BGfzSmvT,,,L2,,88,,P205,New Construction,None,Standard,,,3lAjmFWRfDlRceYN7PhLke,,,
,,,2,23.80.50.11.17,,,,1,,120 V/1-180 VA,1' - 6",,,,,By Type,,Default,,Duplex Receptacle,Duplex Receptacle: Standard,,2Up1U7k117ie2$BGfzSmvU,,,L2,,89,,P205,New Construction,None,Standard,,,3lAjmFWRfDlRceYN7PhLke,,,
,,,6,8,23.80.50.11.17,,,,1,,220 V/2-180 VA,1' - 6",,,,,By Type,,Default,,High Voltage Receptacle,High Voltage Receptacle: Standard,,2Up1U7k117ie2$BGfzSmvP,,,L2,,90,,P205,New Construction,None,Standard,,,3LPhih2fj8yueK3tIyLhvw,,,
,,,3,23.80.50.11.17,,,,1,,120 V/1-180 VA,1' - 6",,,,,By Type,,Default,,Duplex Receptacle,Duplex Receptacle: Standard,,2Up1U7k117ie2$BGfzSmvR,,,L2,,91,,P200,New Construction,None,Standard,,,3lAjmFWRfDlRceYN7PhLke,,,
,,,1,23.80.50.11.17,,,,1,,120 V/1-180 VA,1' - 6",,,,,By Type,,Default,,Duplex Receptacle,Duplex Receptacle: Standard,,2Up1U7k117ie2$BGfzSmub,,,L2,,92,,P205,New Construction,None,Standard,,,3lAjmFWRfDlRceYN7PhLke,,,
,,,1,23.80.50.11.17,,,,1,,120 V/1-180 VA,1' - 6",,,,,By Type,,Default,,Duplex Receptacle,Duplex Receptacle: Standard,,2Up1U7k117ie2$BGfzSmud,,,L2,,93,,P205,New Construction,None,Standard,,,3lAjmFWRfDlRceYN7PhLke,,,
,,,1,23.80.50.11.17,,,,1,,120 V/1-180 VA,-1' - 11 1/2",,,,,By Type,,Default,,Duplex Receptacle,Duplex Receptacle: Standard,,2Up1U7k117ie2$BGfzSmuW,,,L2,,94,,P205,New Construction,None,Standard,,,3lAjmFWRfDlRceYN7PhLke,,,
,,,1,23.80.50.11.17,,,,1,,120 V/1-180 VA,-1' - 11 1/2",,,,,By Type,,Default,,Duplex Receptacle,Duplex Receptacle: Standard,,2Up1U7k117ie2$BGfzSmuY,,,L2,,95,,P205,New Construction,None,Standard,,,3lAjmFWRfDlRceYN7PhLke,,,
,,,1,23.80.50.11.17,,,,1,,120 V/1-180 VA,1' - 6",,,,,By Type,,Default,,Duplex Receptacle,Duplex Receptacle: Standard,,2Up1U7k117ie2$BGfzSmuZ,,,L2,,96,,P205,New Construction,None,Standard,,,3lAjmFWRfDlRceYN7PhLke,,,
,,,2,23.80.50.11.17,,,,1,,120 V/1-180 VA,1' - 6",,,,,By Type,,Default,,Duplex Receptacle,Duplex Receptacle: Standard,,2Up1U7k117ie2$BGfzSmul,,,L2,,97,,P205,New Construction,None,Standard,,,3lAjmFWRfDlRceYN7PhLke,,,
,,,4,23.80.50.11.17,,,,1,,120 V/1-180 VA,4' - 0",,,,,By Type,,Default,,Duplex Receptacle,Duplex Receptacle: Counter Top,,2Up1U7k117ie2$BGfzSmug,,,L2,,98,,P205,New Construction,None,Counter Top,,,2CTEMFkBXCdewbyEowT_As,,,
,,,1,23.80.50.11.17,,,,1,,120 V/1-180 VA,1' - 6",,,,,By Type,,Default,,Duplex Receptacle,Duplex Receptacle: Standard,,2Up1U7k117ie2$BGfzSmuq,,,L2,,99,,P200,New Construction,None,Standard,,,3lAjmFWRfDlRceYN7PhLke,,,
,,,1,23.80.50.11.17,,,,1,,120 V/1-180 VA,1' - 6",,,,,By Type,,Default,,Duplex Receptacle,Duplex Receptacle: Standard,,2Up1U7k117ie2$BGfzSmur,,,L2,,100,,P200,New Construction,None,Standard,,,3lAjmFWRfDlRceYN7PhLke,,,
,,,1,23.80.50.11.17,,,,1,,120 V/1-180 VA,9' - 7",,,,,By Type,,Default,,Duplex Receptacle,Duplex Receptacle: Standard,,0m9vfM1Zr9d88fE3OWL7Wy,,,L2,,101,,P205,New Construction,None,Standard,,,3lAjmFWRfDlRceYN7PhLke,,,
,,,13,23.80.50.11.17,,,,1,,120 V/1-180 VA,1' - 6",,,,,By Type,,Default,,Duplex Receptacle,Duplex Receptacle: Standard,,3P1nks4s5DXwXxZ1uElzC8,,,L2,,102,,P102,New Construction,None,Standard,,,3lAjmFWRfDlRceYN7PhLke,,,
,,,13,23.80.50.11.17,,,,1,,120 V/1-180 VA,1' - 6",,,,,By Type,,Default,,Duplex Receptacle,Duplex Receptacle: Standard,,3P1nks4s5DXwXxZ1uElzDc,,,L2,,103,,P102,New Construction,None,Standard,,,3lAjmFWRfDlRceYN7PhLke,,,
,,,13,23.80.50.11.17,,,,1,,120 V/1-180 VA,1' - 6",,,,,By Type,,Default,,Duplex Receptacle,Duplex Receptacle: Standard,,3P1nks4s5DXwXxZ1uElzG0,,,L2,,104,,P102,New Construction,None,Standard,,,3lAjmFWRfDlRceYN7PhLke,,,
,,,13,23.80.50.11.17,,,,1,,120 V/1-180 VA,1' - 6",,,,,By Type,,Default,,Duplex Receptacle,Duplex Receptacle: Standard,,3P1nks4s5DXwXxZ1uElzLb,,,L2,,105,,P102,New Construction,None,Standard,,,3lAjmFWRfDlRceYN7PhLke,,,
,,,13,23.80.50.11.17,,,,1,,120 V/1-180 VA,1' - 6",,,,,By Type,,Default,,Duplex Receptacle,Duplex Receptacle: Standard,,3P1nks4s5DXwXxZ1uElzOj,,,L2,,106,,P102,New Construction,None,Standard,,,3lAjmFWRfDlRceYN7PhLke,,,
,,,13,23.80.50.11.17,,,,1,,120 V/1-180 VA,1' - 6",,,,,By Type,,Default,,Duplex Receptacle,Duplex Receptacle: Standard,,3P1nks4s5DXwXxZ1uElzTu,,,L2,,107,,P102,New Construction,None,Standard,,,3lAjmFWRfDlRceYN7PhLke,,,
,,,13,23.80.50.11.17,,,,1,,120 V/1-180 VA,1' - 6",,,,,By Type,,Default,,Duplex Receptacle,Duplex Receptacle: Standard,,3P1nks4s5DXwXxZ1uEl_Wv,,,L2,,108,,P102,New Construction,None,Standard,,,3lAjmFWRfDlRceYN7PhLke,,,
,,,13,23.80.50.11.17,,,,1,,120 V/1-180 VA,1' - 6",,,,,By Type,,Default,,Duplex Receptacle,Duplex Receptacle: Standard,,3P1nks4s5DXwXxZ1uEl_cn,,,L2,,109,,P102,New Construction,None,Standard,,,3lAjmFWRfDlRceYN7PhLke,,,
,,,1,23.80.50.11.17,,,,1,,120 V/1-180 VA,1' - 6",,,,,By Type,,Default,,Duplex Receptacle,Duplex Receptacle: Standard,,3P1nks4s5DXwXxZ1uEl_dr,,,L2,,110,,P203,New Construction,None,Standard,,,3lAjmFWRfDlRceYN7PhLke,,,
,,,1,23.80.50.11.17,,,,1,,120 V/1-180 VA,1' - 6",,,,,By Type,,Default,,Duplex Receptacle,Duplex Receptacle: Standard,,3P1nks4s5DXwXxZ1uEl_dM,,,L2,,111,,P203,New Construction,None,Standard,,,3lAjmFWRfDlRceYN7PhLke,,,
,,,1,23.80.50.11.17,,,,1,,120 V/1-180 VA,1' - 6",,,,,By Type,,Default,,Duplex Receptacle,Duplex Receptacle: Standard,,3P1nks4s5DXwXxZ1uEl_e8,,,L2,,112,,P203,New Construction,None,Standard,,,3lAjmFWRfDlRceYN7PhLke,,,
,,,1,23.80.50.11.17,,,,1,,120 V/1-180 VA,1' - 6",,,,,By Type,,Default,,Duplex Receptacle,Duplex Receptacle: Standard,,3P1nks4s5DXwXxZ1uEl_fv,,,L2,,113,,P203,New Construction,None,Standard,,,3lAjmFWRfDlRceYN7PhLke,,,
,,,1,23.80.50.11.17,,,,1,,120 V/1-180 VA,1' - 6",,,,,By Type,,Default,,Duplex Receptacle,Duplex Receptacle: Standard,,3P1nks4s5DXwXxZ1uEl_iz,,,L2,,114,,P203,New Construction,None,Standard,,,3lAjmFWRfDlRceYN7PhLke,,,
,,,7,23.80.50.11.17,,,,1,,120 V/1-180 VA,4' - 0",,,,,By Type,,Default,,Duplex Receptacle,Duplex Receptacle: GFCI,,3P1nks4s5DXwXxZ1uEl_oC,,,L2,,115,,P203,New Construction,None,GFCI,,,3lAjmFWRfDlRceYN7PhLkg,,,
,,,2,4,23.80.50.11.17,,,,1,,220 V/2-180 VA,1' - 6",,,,,By Type,,Default,,High Voltage Receptacle,High Voltage Receptacle: Standard,,3P1nks4s5DXwXxZ1uEl_mk,,,L2,,116,,P203,New Construction,None,Standard,,,3LPhih2fj8yueK3tIyLhvw,,,
,,,1,23.80.50.11.17,,,,1,,120 V/1-180 VA,1' - 6",,,,,By Type,,Default,,Duplex Receptacle,Duplex Receptacle: Standard,,3P1nks4s5DXwXxZ1uEl_sq,,,L2,,118,,P203,New Construction,None,Standard,,,3lAjmFWRfDlRceYN7PhLke,,,
,,,1,23.80.50.11.17,,,,1,,120 V/1-180 VA,1' - 6",,,,,By Type,,Default,,Duplex Receptacle,Duplex Receptacle: Standard,,3P1nks4s5DXwXxZ1uEl__K,,,L2,,119,,P204,New Construction,None,Standard,,,3lAjmFWRfDlRceYN7PhLke,,,
,,,1,23.80.50.11.17,,,,1,,120 V/1-180 VA,1' - 6",,,,,By Type,,Default,,Duplex Receptacle,Duplex Receptacle: Standard,,3P1nks4s5DXwXxZ1uEl_$X,,,L2,,120,,P204,New Construction,None,Standard,,,3lAjmFWRfDlRceYN7PhLke,,,
,,,1,23.80.50.11.17,,,,1,,120 V/1-180 VA,1' - 6",,,,,By Type,,Default,,Duplex Receptacle,Duplex Receptacle: Standard,,3P1nks4s5DXwXxZ1uEl_$1,,,L2,,121,,P204,New Construction,None,Standard,,,3lAjmFWRfDlRceYN7PhLke,,,
,,,1,23.80.50.11.17,,,,1,,120 V/1-180 VA,1' - 6",,,,,By Type,,Default,,Duplex Receptacle,Duplex Receptacle: Standard,,3P1nks4s5DXwXxZ1uEl_2J,,,L2,,122,,P204,New Construction,None,Standard,,,3lAjmFWRfDlRceYN7PhLke,,,
,,,4,23.80.50.11.17,,,,1,,120 V/1-180 VA,1' - 6",,,,,By Type,,Default,,Duplex Receptacle,Duplex Receptacle: GFCI,,3P1nks4s5DXwXxZ1uEl_Ag,,,L2,,123,,P204,New Construction,None,GFCI,,,3lAjmFWRfDlRceYN7PhLkg,,,
,,,2,23.80.50.11.17,,,,1,,120 V/1-180 VA,1' - 6",,,,,By Type,,Default,,Duplex Receptacle,Duplex Receptacle: GFCI,,3P1nks4s5DXwXxZ1uEl_BW,,,L2,,124,,P204,New Construction,None,GFCI,,,3lAjmFWRfDlRceYN7PhLkg,,,
,,,3,23.80.50.11.17,,,,1,,120 V/1-180 VA,4' - 0",,,,,By Type,,Default,,Duplex Receptacle,Duplex Receptacle: Counter Top,,3P1nks4s5DXwXxZ1uEl_93,,,L2,,125,,P204,New Construction,None,Counter Top,,,2CTEMFkBXCdewbyEowT_As,,,
,,,5,23.80.50.11.17,,,,1,,120 V/1-180 VA,4' - 0",,,,,By Type,,Default,,Duplex Receptacle,Duplex Receptacle: GFCI,,3P1nks4s5DXwXxZ1uEl_Hh,,,L2,,126,,P204,New Construction,None,GFCI,,,3lAjmFWRfDlRceYN7PhLkg,,,
,,,6,8,23.80.50.11.17,,,,1,,220 V/2-180 VA,1' - 6",,,,,By Type,,Default,,High Voltage Receptacle,High Voltage Receptacle: Standard,,3P1nks4s5DXwXxZ1uEl_Ko,,,L2,,127,,P204,New Construction,None,Standard,,,3LPhih2fj8yueK3tIyLhvw,,,
,,,3,23.80.50.11.17,,,,1,,120 V/1-180 VA,1' - 6",,,,,By Type,,Default,,Duplex Receptacle,Duplex Receptacle: GFCI,,3P1nks4s5DXwXxZ1uEl_QQ,,,L2,,128,,P203,New Construction,None,GFCI,,,3lAjmFWRfDlRceYN7PhLkg,,,
,,,6,23.80.50.11.17,,,,1,,120 V/1-180 VA,1' - 6",,,,,By Type,,Default,,Duplex Receptacle,Duplex Receptacle: GFCI,,3P1nks4s5DXwXxZ1uEl_RP,,,L2,,129,,P203,New Construction,None,GFCI,,,3lAjmFWRfDlRceYN7PhLkg,,,
,,,5,23.80.50.11.17,,,,1,,120 V/1-180 VA,4' - 0",,,,,By Type,,Default,,Duplex Receptacle,Duplex Receptacle: Counter Top,,3P1nks4s5DXwXxZ1uEl_UQ,,,L2,,130,,P203,New Construction,None,Counter Top,,,2CTEMFkBXCdewbyEowT_As,,,
,,,7,9,23.80.50.11.17,,,,1,,220 V/2-180 VA,1' - 6",,,,,By Type,,Default,,High Voltage Receptacle,High Voltage Receptacle: Standard,,1GdK8hVbL8z8XKrKL5bE_g,,,L2,,131,,P202,New Construction,None,Standard,,,3LPhih2fj8yueK3tIyLhvw,,,
,,,5,23.80.50.11.17,,,,1,,120 V/1-180 VA,4' - 0",,,,,By Type,,Default,,Duplex Receptacle,Duplex Receptacle: Counter Top,,1GdK8hVbL8z8XKrKL5bEz7,,,L2,,132,,P202,New Construction,None,Counter Top,,,2CTEMFkBXCdewbyEowT_As,,,
,,,4,23.80.50.11.17,,,,1,,120 V/1-180 VA,1' - 6",,,,,By Type,,Default,,Duplex Receptacle,Duplex Receptacle: GFCI,,1GdK8hVbL8z8XKrKL5bExL,,,L2,,133,,P202,New Construction,None,GFCI,,,3lAjmFWRfDlRceYN7PhLkg,,,
,,,6,23.80.50.11.17,,,,1,,120 V/1-180 VA,1' - 6",,,,,By Type,,Default,,Duplex Receptacle,Duplex Receptacle: GFCI,,1GdK8hVbL8z8XKrKL5bEbb,,,L2,,134,,P202,New Construction,None,GFCI,,,3lAjmFWRfDlRceYN7PhLkg,,,
,,,3,23.80.50.11.17,,,,1,,120 V/1-180 VA,4' - 0",,,,,By Type,,Default,,Duplex Receptacle,Duplex Receptacle: GFCI,,1GdK8hVbL8z8XKrKL5bEXm,,,L2,,135,,P202,New Construction,None,GFCI,,,3lAjmFWRfDlRceYN7PhLkg,,,
,,,3,23.80.50.11.17,,,,1,,120 V/1-180 VA,4' - 0",,,,,By Type,,Default,,Duplex Receptacle,Duplex Receptacle: GFCI,,1GdK8hVbL8z8XKrKL5bEeP,,,L2,,136,,P202,New Construction,None,GFCI,,,3lAjmFWRfDlRceYN7PhLkg,,,
,,,1,23.80.50.11.17,,,,1,,120 V/1-180 VA,1' - 6",,,,,By Type,,Default,,Duplex Receptacle,Duplex Receptacle: Standard,,1GdK8hVbL8z8XKrKL5bEKN,,,L2,,137,,P202,New Construction,None,Standard,,,3lAjmFWRfDlRceYN7PhLke,,,
,,,2,23.80.50.11.17,,,,1,,120 V/1-180 VA,1' - 6",,,,,By Type,,Default,,Duplex Receptacle,Duplex Receptacle: Standard,,1GdK8hVbL8z8XKrKL5bEJO,,,L2,,138,,P202,New Construction,None,Standard,,,3lAjmFWRfDlRceYN7PhLke,,,
,,,1,23.80.50.11.17,,,,1,,120 V/1-180 VA,1' - 6",,,,,By Type,,Default,,Duplex Receptacle,Duplex Receptacle: Standard,,1GdK8hVbL8z8XKrKL5bEUP,,,L2,,139,,P202,New Construction,None,Standard,,,3lAjmFWRfDlRceYN7PhLke,,,
,,,1,23.80.50.11.17,,,,1,,120 V/1-180 VA,1' - 6",,,,,By Type,,Default,,Duplex Receptacle,Duplex Receptacle: Standard,,1GdK8hVbL8z8XKrKL5bEVv,,,L2,,140,,P202,New Construction,None,Standard,,,3lAjmFWRfDlRceYN7PhLke,,,
,,,2,23.80.50.11.17,,,,1,,120 V/1-180 VA,1' - 6",,,,,By Type,,Default,,Duplex Receptacle,Duplex Receptacle: Standard,,1GdK8hVbL8z8XKrKL5bEQl,,,L2,,141,,P202,New Construction,None,Standard,,,3lAjmFWRfDlRceYN7PhLke,,,
,,,2,23.80.50.11.17,,,,1,,120 V/1-180 VA,1' - 6",,,,,By Type,,Default,,Duplex Receptacle,Duplex Receptacle: Standard,,1GdK8hVbL8z8XKrKL5bEPW,,,L2,,142,,P202,New Construction,None,Standard,,,3lAjmFWRfDlRceYN7PhLke,,,
,,,1,23.80.50.11.17,,,,1,,120 V/1-180 VA,1' - 6",,,,,By Type,,Default,,Duplex Receptacle,Duplex Receptacle: Standard,,1GdK8hVbL8z8XKrKL5bE7y,,,L2,,143,,P202,New Construction,None,Standard,,,3lAjmFWRfDlRceYN7PhLke,,,
,,,1,23.80.50.11.17,,,,1,,120 V/1-180 VA,1' - 6",,,,,By Type,,Default,,Duplex Receptacle,Duplex Receptacle: Standard,,1GdK8hVbL8z8XKrKL5bE1p,,,L2,,144,,P202,New Construction,None,Standard,,,3lAjmFWRfDlRceYN7PhLke,,,
,,,1,23.80.50.11.17,,,,1,,120 V/1-180 VA,1' - 6",,,,,By Type,,Default,,Duplex Receptacle,Duplex Receptacle: Standard,,1GdK8hVbL8z8XKrKL5bEAN,,,L2,,145,,P202,New Construction,None,Standard,,,3lAjmFWRfDlRceYN7PhLke,,,
,,,1,23.80.50.11.17,,,,1,,120 V/1-180 VA,1' - 6",,,,,By Type,,Default,,Duplex Receptacle,Duplex Receptacle: Standard,,3_n8arSBT0TOiUt9yjHtM5,,,L2,,146,,P200,New Construction,None,Standard,,,3lAjmFWRfDlRceYN7PhLke,,,
,,,1,23.80.50.11.17,,,,1,,120 V/1-180 VA,1' - 6",,,,,By Type,,Default,,Duplex Receptacle,Duplex Receptacle: Standard,,3_n8arSBT0TOiUt9yjHtM_,,,L2,,147,,P200,New Construction,None,Standard,,,3lAjmFWRfDlRceYN7PhLke,,,
,,,2,23.80.50.11.17,,,,1,,120 V/1-180 VA,4' - 0",,,,,By Type,,Default,,Duplex Receptacle,Duplex Receptacle: Counter Top,,3FgGwigcLBy9VLwQswf7OD,,,L4,,149,,P410,New Construction,None,Counter Top,,,2CTEMFkBXCdewbyEowT_As,,,
,,,1,23.80.50.11.17,,,,1,,120 V/1-180 VA,1' - 6",,,,,By Type,,Default,,Duplex Receptacle,Duplex Receptacle: GFCI,,3FgGwigcLBy9VLwQswf7PA,,,L4,,150,,P410,New Construction,None,GFCI,,,3lAjmFWRfDlRceYN7PhLkg,,,
,,,4,23.80.50.11.17,,,,1,,120 V/1-180 VA,1' - 6",,,,,By Type,,Default,,Duplex Receptacle,Duplex Receptacle: GFCI,,3FgGwigcLBy9VLwQswf7RF,,,L4,,151,,P410,New Construction,None,GFCI,,,3lAjmFWRfDlRceYN7PhLkg,,,
,,,3,23.80.50.11.17,,,,1,,120 V/1-180 VA,1' - 6",,,,,By Type,,Default,,Duplex Receptacle,Duplex Receptacle: Standard,,3FgGwigcLBy9VLwQswf7WH,,,L4,,152,,P410,New Construction,None,Standard,,,3lAjmFWRfDlRceYN7PhLke,,,
,,,3,23.80.50.11.17,,,,1,,120 V/1-180 VA,1' - 6",,,,,By Type,,Default,,Duplex Receptacle,Duplex Receptacle: Standard,,3FgGwigcLBy9VLwQswf7Wu,,,L4,,153,,P410,New Construction,None,Standard,,,3lAjmFWRfDlRceYN7PhLke,,,
,,,3,23.80.50.11.17,,,,1,,120 V/1-180 VA,1' - 6",,,,,By Type,,Default,,Duplex Receptacle,Duplex Receptacle: Standard,,3FgGwigcLBy9VLwQswf7Y7,,,L4,,154,,P410,New Construction,None,Standard,,,3lAjmFWRfDlRceYN7PhLke,,,
,,,3,23.80.50.11.17,,,,1,,120 V/1-180 VA,1' - 6",,,,,By Type,,Default,,Duplex Receptacle,Duplex Receptacle: Standard,,3FgGwigcLBy9VLwQswf7Z6,,,L4,,155,,P410,New Construction,None,Standard,,,3lAjmFWRfDlRceYN7PhLke,,,
,,,1,23.80.50.11.17,,,,1,,120 V/1-180 VA,1' - 6",,,,,By Type,,Default,,Duplex Receptacle,Duplex Receptacle: Standard,,3FgGwigcLBy9VLwQswf7ZG,,,L3,,156,,P309,New Construction,None,Standard,,,3lAjmFWRfDlRceYN7PhLke,,,
,,,3,23.80.50.11.17,,,,1,,120 V/1-180 VA,1' - 6",,,,,By Type,,Default,,Duplex Receptacle,Duplex Receptacle: Standard,,3FgGwigcLBy9VLwQswf7bT,,,L4,,157,,P410,New Construction,None,Standard,,,3lAjmFWRfDlRceYN7PhLke,,,
,,,5,23.80.50.11.17,,,,1,,120 V/1-180 VA,4' - 0",,,,,By Type,,Default,,Duplex Receptacle,Duplex Receptacle: GFCI,,3FgGwigcLBy9VLwQswf7f2,,,L4,,159,,P410,New Construction,None,GFCI,,,3lAjmFWRfDlRceYN7PhLkg,,,
,,,3,23.80.50.11.17,,,,1,,120 V/1-180 VA,3' - 6",,,,,By Type,,Default,,Duplex Receptacle,Duplex Receptacle: GFCI,,2lMJC2lKP428HGIz2UwuZS,,,L1 - Block 43,,160,,P109,New Construction,None,GFCI,,,3lAjmFWRfDlRceYN7PhLkg,,,
,,,3,23.80.50.11.17,,,,1,,120 V/1-180 VA,3' - 6",,,,,By Type,,Default,,Duplex Receptacle,Duplex Receptacle: GFCI,,2lMJC2lKP428HGIz2UwuZh,,,L1 - Block 43,,161,,P109,New Construction,None,GFCI,,,3lAjmFWRfDlRceYN7PhLkg,,,
,,,2,23.80.50.11.17,,,,1,,120 V/1-180 VA,1' - 6",,,,,By Type,,Default,,Duplex Receptacle,Duplex Receptacle: Standard,,2lMJC2lKP428HGIz2UwuX8,,,L1 - Block 43,,162,,P109,New Construction,None,Standard,,,3lAjmFWRfDlRceYN7PhLke,,,
,,,2,23.80.50.11.17,,,,1,,120 V/1-180 VA,1' - 6",,,,,By Type,,Default,,Duplex Receptacle,Duplex Receptacle: Standard,,2lMJC2lKP428HGIz2UwuXg,,,L1 - Block 43,,163,,P109,New Construction,None,Standard,,,3lAjmFWRfDlRceYN7PhLke,,,
,,,2,23.80.50.11.17,,,,1,,120 V/1-360 VA,1' - 6",,,,,By Type,,Default,,Quadruplex Receptacle,Quadruplex Receptacle: Plain,,2lMJC2lKP428HGIz2Uwukk,,,L1 - Block 43,,164,,P109,New Construction,None,Plain,,,3LPhih2fj8yueK3tIyLgYM,,,
,,,2,23.80.50.11.17,,,,1,,120 V/1-180 VA,1' - 6",,,,,By Type,,Default,,Duplex Receptacle,Duplex Receptacle: Standard,,2lMJC2lKP428HGIz2Uwulx,,,L1 - Block 43,,165,,P109,New Construction,None,Standard,,,3lAjmFWRfDlRceYN7PhLke,,,
,,,1,23.80.50.11.17,,,,1,,120 V/1-360 VA,1' - 6",,,,,By Type,,Default,,Quadruplex Receptacle,Quadruplex Receptacle: Plain,,2lMJC2lKP428HGIz2UwujN,,,L1 - Block 43,,166,,P109,New Construction,None,Plain,,,3LPhih2fj8yueK3tIyLgYM,,,
,,,1,23.80.50.11.17,,,,1,,120 V/1-360 VA,1' - 6",,,,,By Type,,Default,,Quadruplex Receptacle,Quadruplex Receptacle: Plain,,2lMJC2lKP428HGIz2Uwued,,,L1 - Block 43,,167,,P109,New Construction,None,Plain,,,3LPhih2fj8yueK3tIyLgYM,,,
,,,1,23.80.50.11.17,,,,1,,120 V/1-360 VA,1' - 6",,,,,By Type,,Default,,Quadruplex Receptacle,Quadruplex Receptacle: Plain,,2lMJC2lKP428HGIz2UwutN,,,L1 - Block 43,,168,,P109,New Construction,None,Plain,,,3LPhih2fj8yueK3tIyLgYM,,,
,,,1,23.80.50.11.17,,,,1,,120 V/1-360 VA,1' - 6",,,,,By Type,,Default,,Quadruplex Receptacle,Quadruplex Receptacle: Plain,,2lMJC2lKP428HGIz2UwutU,,,L1 - Block 43,,169,,P109,New Construction,None,Plain,,,3LPhih2fj8yueK3tIyLgYM,,,
,,,2,23.80.50.11.17,,,,1,,120 V/1-360 VA,1' - 6",,,,,By Type,,Default,,Quadruplex Receptacle,Quadruplex Receptacle: Plain,,2lMJC2lKP428HGIz2UwuqO,,,L1 - Block 43,,170,,P109,New Construction,None,Plain,,,3LPhih2fj8yueK3tIyLgYM,,,
,,,2,23.80.50.11.17,,,,1,,120 V/1-360 VA,1' - 6",,,,,By Type,,Default,,Quadruplex Receptacle,Quadruplex Receptacle: Plain,,2lMJC2lKP428HGIz2Uwur4,,,L1 - Block 43,,171,,P109,New Construction,None,Plain,,,3LPhih2fj8yueK3tIyLgYM,,,
,,,2,23.80.50.11.17,,,,1,,120 V/1-360 VA,1' - 6",,,,,By Type,,Default,,Quadruplex Receptacle,Quadruplex Receptacle: Plain,,2lMJC2lKP428HGIz2Uwuo3,,,L1 - Block 43,,172,,P109,New Construction,None,Plain,,,3LPhih2fj8yueK3tIyLgYM,,,
,,,1,23.80.50.11.17,,,,1,,120 V/1-180 VA,0' - 0 1/2",,,,,By Type,,Default,,Duplex Receptacle,Duplex Receptacle: GFCI,,2lMJC2lKP428HGIz2UwuOk,,,L1 - Block 37,,173,,P108,New Construction,None,GFCI,,,3lAjmFWRfDlRceYN7PhLkg,,,
,,,1,23.80.50.11.17,,,,1,,120 V/1-180 VA,0' - 0 1/2",,,,,By Type,,Default,,Duplex Receptacle,Duplex Receptacle: GFCI,,2lMJC2lKP428HGIz2UwxcT,,,L1 - Block 37,,174,,P108,New Construction,None,GFCI,,,3lAjmFWRfDlRceYN7PhLkg,,,
,,,2,23.80.50.11.17,,,,1,,120 V/1-360 VA,1' - 6",,,,,By Type,,Default,,Quadruplex Receptacle,Quadruplex Receptacle: Plain,,2lMJC2lKP428HGIz2UwxY0,,,L1 - Block 37,,175,,P108,New Construction,None,Plain,,,3LPhih2fj8yueK3tIyLgYM,,,
,,,2,23.80.50.11.17,,,,1,,120 V/1-360 VA,1' - 6",,,,,By Type,,Default,,Quadruplex Receptacle,Quadruplex Receptacle: Plain,,2lMJC2lKP428HGIz2UwxYl,,,L1 - Block 37,,176,,P108,New Construction,None,Plain,,,3LPhih2fj8yueK3tIyLgYM,,,
,,,2,23.80.50.11.17,,,,1,,120 V/1-360 VA,1' - 6",,,,,By Type,,Default,,Quadruplex Receptacle,Quadruplex Receptacle: Plain,,01rOGBYFL9IBD8p4B5gTsV,,,L1 - Block 37,,177,,P108,New Construction,None,Plain,,,3LPhih2fj8yueK3tIyLgYM,,,
,,,2,23.80.50.11.17,,,,1,,120 V/1-360 VA,1' - 0",,,,,By Type,,Default,,Quadruplex Receptacle,Quadruplex Receptacle: Plain,,01rOGBYFL9IBD8p4B5gTsr,,,L1 - Block 37,,178,,P108,New Construction,None,Plain,,,3LPhih2fj8yueK3tIyLgYM,,,
,,,3,23.80.50.11.17,,,,1,,120 V/1-180 VA,1' - 6",,,,,By Type,,Default,,Duplex Receptacle,Duplex Receptacle: Standard,,01rOGBYFL9IBD8p4B5gTnC,,,L1 - Block 37,,179,,P108,New Construction,None,Standard,,,3lAjmFWRfDlRceYN7PhLke,,,
,,,3,23.80.50.11.17,,,,1,,120 V/1-180 VA,1' - 6",,,,,By Type,,Default,,Duplex Receptacle,Duplex Receptacle: Standard,,01rOGBYFL9IBD8p4B5gTnv,,,L1 - Block 37,,180,,P108,New Construction,None,Standard,,,3lAjmFWRfDlRceYN7PhLke,,,
,,,3,23.80.50.11.17,,,,1,,120 V/1-360 VA,1' - 6",,,,,By Type,,Default,,Quadruplex Receptacle,Quadruplex Receptacle: Plain,,01rOGBYFL9IBD8p4B5gToj,,,L1 - Block 37,,181,,P108,New Construction,None,Plain,,,3LPhih2fj8yueK3tIyLgYM,,,
,,,3,23.80.50.11.17,,,,1,,120 V/1-360 VA,1' - 6",,,,,By Type,,Default,,Quadruplex Receptacle,Quadruplex Receptacle: Plain,,01rOGBYFL9IBD8p4B5gTiH,,,L1 - Block 37,,182,,P108,New Construction,None,Plain,,,3LPhih2fj8yueK3tIyLgYM,,,
,,,3,23.80.50.11.17,,,,1,,120 V/1-360 VA,3' - 6",,,,,By Type,,Default,,Quadruplex Receptacle,Quadruplex Receptacle: Plain,,01rOGBYFL9IBD8p4B5gTeX,,,L1 - Block 37,,183,,P108,New Construction,None,Plain,,,3LPhih2fj8yueK3tIyLgYM,,,
,,,3,23.80.50.11.17,,,,1,,120 V/1-360 VA,3' - 6",,,,,By Type,,Default,,Quadruplex Receptacle,Quadruplex Receptacle: Plain,,01rOGBYFL9IBD8p4B5gTf$,,,L1 - Block 37,,184,,P108,New Construction,None,Plain,,,3LPhih2fj8yueK3tIyLgYM,,,
,,,2,23.80.50.11.17,,,,1,,120 V/1-360 VA,3' - 6",,,,,By Type,,Default,,Quadruplex Receptacle,Quadruplex Receptacle: Plain,,01rOGBYFL9IBD8p4B5gTgB,,,L1 - Block 37,,185,,P108,New Construction,None,Plain,,,3LPhih2fj8yueK3tIyLgYM,,,
,,,2,23.80.50.11.17,,,,1,,120 V/1-360 VA,3' - 6",,,,,By Type,,Default,,Quadruplex Receptacle,Quadruplex Receptacle: Plain,,01rOGBYFL9IBD8p4B5gTh5,,,L1 - Block 37,,186,,P108,New Construction,None,Plain,,,3LPhih2fj8yueK3tIyLgYM,,,
,,,3,23.80.50.11.17,,,,1,,120 V/1-360 VA,3' - 6",,,,,By Type,,Default,,Quadruplex Receptacle,Quadruplex Receptacle: Plain,,01rOGBYFL9IBD8p4B5gTbg,,,L1 - Block 37,,187,,P108,New Construction,None,Plain,,,3LPhih2fj8yueK3tIyLgYM,,,
,,,3,23.80.50.11.17,,,,1,,120 V/1-360 VA,3' - 0",,,,,By Type,,Default,,Quadruplex Receptacle,Quadruplex Receptacle: Plain,,01rOGBYFL9IBD8p4B5gTdi,,,L1 - Block 37,,188,,P108,New Construction,None,Plain,,,3LPhih2fj8yueK3tIyLgYM,,,
,,,1,23.80.50.11.17,,,,1,,120 V/1-180 VA,4' - 0",Yes,,,,By Type,,Default,,Duplex Receptacle,Duplex Receptacle: GFCI,,0RNLWCuDTCeO5uAjYZaJqS,,,L1 - Block 35,,189,,P102,New Construction,None,GFCI,,,3lAjmFWRfDlRceYN7PhLkg,,,
,,,1,23.80.50.11.17,,,,1,,120 V/1-180 VA,4' - 0",Yes,,,,By Type,,Default,,Duplex Receptacle,Duplex Receptacle: GFCI,,0RNLWCuDTCeO5uAjYZaJr$,,,L1 - Block 35,,190,,P102,New Construction,None,GFCI,,,3lAjmFWRfDlRceYN7PhLkg,,,
,,,21,23.45.70.11,,,,1,,120 V/1-1725 VA,3' - 4",,,,,By Type,,Default,,Hand Dryer,Hand Dryer: 120 V,,0RNLWCuDTCeO5uAjYZaKQA,,,L1 - Block 35,,191,,P102,New Construction,None,120 V,,,0RNLWCuDTCeO5uAjYZaKT3,,,
,,,21,23.45.70.11,,,,1,,120 V/1-1725 VA,3' - 4",,,,,By Type,,Default,,Hand Dryer,Hand Dryer: 120 V,,0RNLWCuDTCeO5uAjYZaKR2,,,L1 - Block 35,,192,,P102,New Construction,None,120 V,,,0RNLWCuDTCeO5uAjYZaKT3,,,
,,,2,4,23.80.50.11.17,,,,1,,220 V/2-180 VA,1' - 6",Yes,,,,By Type,,Default,,High Voltage Receptacle,High Voltage Receptacle: Standard,,0RNLWCuDTCeO5uAjYZaKGX,,,L1 - Block 35,,193,,P102,New Construction,None,Standard,,,3LPhih2fj8yueK3tIyLhvw,,,
,,,3,5,23.80.50.11.17,,,,1,,220 V/2-180 VA,1' - 6",Yes,,,,By Type,,Default,,High Voltage Receptacle,High Voltage Receptacle: Standard,,0RNLWCuDTCeO5uAjYZaKGK,,,L1 - Block 35,,194,,P102,New Construction,None,Standard,,,3LPhih2fj8yueK3tIyLhvw,,,
,,,6,23.80.50.11.17,,,,1,,120 V/1-180 VA,1' - 6",Yes,,,,By Type,,Default,,Duplex Receptacle,Duplex Receptacle: Standard,,0RNLWCuDTCeO5uAjYZaKix,,,L1 - Block 35,,195,,P102,New Construction,None,Standard,,,3lAjmFWRfDlRceYN7PhLke,,,
,,,6,23.80.50.11.17,,,,1,,120 V/1-180 VA,1' - 6",Yes,,,,By Type,,Default,,Duplex Receptacle,Duplex Receptacle: Standard,,0RNLWCuDTCeO5uAjYZaKjd,,,L1 - Block 35,,196,,P102,New Construction,None,Standard,,,3lAjmFWRfDlRceYN7PhLke,,,
,,,6,23.80.50.11.17,,,,1,,120 V/1-180 VA,1' - 6",Yes,,,,By Type,,Default,,Duplex Receptacle,Duplex Receptacle: Standard,,0RNLWCuDTCeO5uAjYZaKh9,,,L1 - Block 35,,197,,P102,New Construction,None,Standard,,,3lAjmFWRfDlRceYN7PhLke,,,
,,,6,23.80.50.11.17,,,,1,,120 V/1-180 VA,1' - 6",Yes,,,,By Type,,Default,,Duplex Receptacle,Duplex Receptacle: Standard,,0RNLWCuDTCeO5uAjYZaKfz,,,L1 - Block 35,,198,,P102,New Construction,None,Standard,,,3lAjmFWRfDlRceYN7PhLke,,,
,,,11,23.80.50.11.17,,,,1,,120 V/1-180 VA,1' - 6",Yes,,,,By Type,,Default,,Duplex Receptacle,Duplex Receptacle: Standard,,0RNLWCuDTCeO5uAjYZaKd0,,,L1 - Block 35,,199,,P102,New Construction,None,Standard,,,3lAjmFWRfDlRceYN7PhLke,,,
,,,11,23.80.50.11.17,,,,1,,120 V/1-180 VA,1' - 6",Yes,,,,By Type,,Default,,Duplex Receptacle,Duplex Receptacle: Standard,,0RNLWCuDTCeO5uAjYZaKas,,,L1 - Block 35,,200,,P102,New Construction,None,Standard,,,3lAjmFWRfDlRceYN7PhLke,,,
,,,11,23.80.50.11.17,,,,1,,120 V/1-180 VA,1' - 6",Yes,,,,By Type,,Default,,Duplex Receptacle,Duplex Receptacle: Standard,,0RNLWCuDTCeO5uAjYZaKWB,,,L1 - Block 35,,201,,P102,New Construction,None,Standard,,,3lAjmFWRfDlRceYN7PhLke,,,
,,,11,23.80.50.11.17,,,,1,,120 V/1-180 VA,1' - 6",Yes,,,,By Type,,Default,,Duplex Receptacle,Duplex Receptacle: Standard,,0RNLWCuDTCeO5uAjYZaK$w,,,L1 - Block 35,,202,,P102,New Construction,None,Standard,,,3lAjmFWRfDlRceYN7PhLke,,,
,,,11,23.80.50.11.17,,,,1,,120 V/1-180 VA,1' - 6",Yes,,,,By Type,,Default,,Duplex Receptacle,Duplex Receptacle: Standard,,0RNLWCuDTCeO5uAjYZaKy7,,,L1 - Block 35,,203,,P102,New Construction,None,Standard,,,3lAjmFWRfDlRceYN7PhLke,,,
,,,11,23.80.50.11.17,,,,1,,120 V/1-180 VA,1' - 6",Yes,,,,By Type,,Default,,Duplex Receptacle,Duplex Receptacle: Standard,,0RNLWCuDTCeO5uAjYZaKzW,,,L1 - Block 35,,204,,P102,New Construction,None,Standard,,,3lAjmFWRfDlRceYN7PhLke,,,
,,,11,23.80.50.11.17,,,,1,,120 V/1-180 VA,1' - 6",Yes,,,,By Type,,Default,,Duplex Receptacle,Duplex Receptacle: Standard,,0RNLWCuDTCeO5uAjYZaKzH,,,L1 - Block 35,,205,,P102,New Construction,None,Standard,,,3lAjmFWRfDlRceYN7PhLke,,,
,,,10,23.80.50.11.17,,,,1,,120 V/1-180 VA,1' - 6",Yes,,,,By Type,,Default,,Duplex Receptacle,Duplex Receptacle: Standard,,0RNLWCuDTCeO5uAjYZaKqe,,,L1 - Block 35,,206,,P102,New Construction,None,Standard,,,3lAjmFWRfDlRceYN7PhLke,,,
,,,10,23.80.50.11.17,,,,1,,120 V/1-180 VA,1' - 6",Yes,,,,By Type,,Default,,Duplex Receptacle,Duplex Receptacle: Standard,,0RNLWCuDTCeO5uAjYZaKq$,,,L1 - Block 35,,207,,P102,New Construction,None,Standard,,,3lAjmFWRfDlRceYN7PhLke,,,
,,,8,23.80.50.11.17,,,,1,,120 V/1-180 VA,1' - 6",Yes,,,,By Type,,Default,,Duplex Receptacle,Duplex Receptacle: Standard,,0RNLWCuDTCeO5uAjYZaKm7,,,L1 - Block 35,,208,,P102,New Construction,None,Standard,,,3lAjmFWRfDlRceYN7PhLke,,,
,,,7,9,23.80.50.11.17,,,,1,,220 V/2-180 VA,1' - 6",Yes,,,,By Type,,Default,,High Voltage Receptacle,High Voltage Receptacle: Standard,,0RNLWCuDTCeO5uAjYZaKn$,,,L1 - Block 35,,209,,P102,New Construction,None,Standard,,,3LPhih2fj8yueK3tIyLhvw,,,
,,,,23.80.50.11.17,,,,1,,120 V/1-180 VA,1' - 6",Yes,,,,By Type,,Default,,Duplex Receptacle,Duplex Receptacle: Standard,,0RNLWCuDTCeO5uAjYZaLC0,,,L1 - Block 35,,210,,,New Construction,None,Standard,,,3lAjmFWRfDlRceYN7PhLke,,,
,,,,23.80.50.11.17,,,,1,,120 V/1-180 VA,4' - 0",Yes,,,,By Type,,Default,,Duplex Receptacle,Duplex Receptacle: Standard,,0RNLWCuDTCeO5uAjYZaLCS,,,L1 - Block 35,,211,,,New Construction,None,Standard,,,3lAjmFWRfDlRceYN7PhLke,,,
,,,12,23.80.50.11.17,,,,1,,120 V/1-180 VA,1' - 6",Yes,,,,By Type,,Default,,Duplex Receptacle,Duplex Receptacle: Standard,,0RNLWCuDTCeO5uAjYZaL9z,,,L1 - Block 35,,212,,P102,New Construction,None,Standard,,,3lAjmFWRfDlRceYN7PhLke,,,
,,,12,23.80.50.11.17,,,,1,,120 V/1-180 VA,1' - 6",Yes,,,,By Type,,Default,,Duplex Receptacle,Duplex Receptacle: Standard,,0RNLWCuDTCeO5uAjYZaL6k,,,L1 - Block 35,,213,,P102,New Construction,None,Standard,,,3lAjmFWRfDlRceYN7PhLke,,,
,,,14,23.80.50.11.17,,,,1,,120 V/1-180 VA,4' - 0",,,,,By Type,,Default,,Duplex Receptacle,Duplex Receptacle: GFCI,,29mT44h817A9WrvdQDqHpe,,,L5,,214,,P406,New Construction,None,GFCI,,,3lAjmFWRfDlRceYN7PhLkg,,,
,,,12,23.80.50.11.17,,,,1,,120 V/1-180 VA,4' - 0",,,,,By Type,,Default,,Duplex Receptacle,Duplex Receptacle: Counter Top,,29mT44h817A9WrvdQDqHzP,,,L5,,215,,P406,New Construction,None,Counter Top,,,2CTEMFkBXCdewbyEowT_As,,,
,,,11,23.80.50.11.17,,,,1,,120 V/1-180 VA,1' - 6",,,,,By Type,,Default,,Duplex Receptacle,Duplex Receptacle: GFCI,,29mT44h817A9WrvdQDqHyz,,,L5,,216,,P406,New Construction,None,GFCI,,,3lAjmFWRfDlRceYN7PhLkg,,,
,,,13,23.80.50.11.17,,,,1,,120 V/1-180 VA,1' - 6",,,,,By Type,,Default,,Duplex Receptacle,Duplex Receptacle: GFCI,,29mT44h817A9WrvdQDqHuG,,,L5,,217,,P406,New Construction,None,GFCI,,,3lAjmFWRfDlRceYN7PhLkg,,,
,,,15,17,23.80.50.11.17,,,,1,,220 V/2-180 VA,1' - 6",,,,,By Type,,Default,,High Voltage Receptacle,High Voltage Receptacle: Standard,,29mT44h817A9WrvdQDqH5L,,,L5,,218,,P406,New Construction,None,Standard,,,3LPhih2fj8yueK3tIyLhvw,,,
,,,3,23.80.50.11.17,,,,1,,120 V/1-180 VA,4' - 0",,,,,By Type,,Default,,Duplex Receptacle,Duplex Receptacle: GFCI,,29mT44h817A9WrvdQDqH6B,,,L5,,219,,P501,New Construction,None,GFCI,,,3lAjmFWRfDlRceYN7PhLkg,,,
,,,1,23.80.50.11.17,,,,1,,120 V/1-180 VA,1' - 6",,,,,By Type,,Default,,Weather Proof Receptacle,Weather Proof Receptacle: Standard,,29mT44h817A9WrvdQDqH1v,,,L5,,220,,P504,New Construction,None,Standard,,,3LPhih2fj8yueK3tIyLrJ3,,,
,,,2,23.80.50.11.17,,,,1,,120 V/1-180 VA,1' - 6",,,,,By Type,,Default,,Weather Proof Receptacle,Weather Proof Receptacle: Standard,,29mT44h817A9WrvdQDqH3G,,,L4,,221,,P401,New Construction,None,Standard,,,3LPhih2fj8yueK3tIyLrJ3,,,
,,,6,23.80.50.11.17,,,,1,,120 V/1-180 VA,1' - 6",,,,,By Type,,Default,,Weather Proof Receptacle,Weather Proof Receptacle: Standard,,29mT44h817A9WrvdQDqH3m,,,L4,,222,,P410,New Construction,None,Standard,,,3LPhih2fj8yueK3tIyLrJ3,,,
,,,1,23.80.50.11.17,,,,1,,120 V/1-180 VA,1' - 6",,,,,By Type,,Default,,Weather Proof Receptacle,Weather Proof Receptacle: Standard,,29mT44h817A9WrvdQDqHAD,,,L3,,223,,P307,New Construction,None,Standard,,,3LPhih2fj8yueK3tIyLrJ3,,,
,,,3,23.80.50.11.17,,,,1,,120 V/1-180 VA,1' - 6",,,,,By Type,,Default,,Weather Proof Receptacle,Weather Proof Receptacle: Standard,,29mT44h817A9WrvdQDqHLd,,,L3,,225,,P301,New Construction,None,Standard,,,3LPhih2fj8yueK3tIyLrJ3,,,
,,,5,7,23.80.50.11.17,,,,1,,220 V/2-180 VA,1' - 6",,,,,By Type,,Default,,High Voltage Receptacle,High Voltage Receptacle: Standard,,29mT44h817A9WrvdQDqHJR,,,L3,,226,,P304,New Construction,None,Standard,,,3LPhih2fj8yueK3tIyLhvw,,,
,,,6,8,23.80.50.11.17,,,,1,,220 V/2-180 VA,1' - 6",,,,,By Type,,Default,,High Voltage Receptacle,High Voltage Receptacle: Standard,,29mT44h817A9WrvdQDqHTl,,,L3,,227,,P309,New Construction,None,Standard,,,3LPhih2fj8yueK3tIyLhvw,,,
,,,5,23.80.50.11.17,,,,1,,120 V/1-180 VA,4' - 0",,,,,By Type,,Default,,Duplex Receptacle,Duplex Receptacle: GFCI,,29mT44h817A9WrvdQDqHUr,,,L3,,228,,P309,New Construction,None,GFCI,,,3lAjmFWRfDlRceYN7PhLkg,,,
,,,1,23.80.50.11.17,,,,1,,120 V/1-180 VA,1' - 6",,,,,By Type,,Default,,Duplex Receptacle,Duplex Receptacle: Standard,,29mT44h817A9WrvdQDqIaE,,,L3,,229,,P309,New Construction,None,Standard,,,3lAjmFWRfDlRceYN7PhLke,,,
,,,1,23.80.50.11.17,,,,1,,120 V/1-180 VA,1' - 6",,,,,By Type,,Default,,Duplex Receptacle,Duplex Receptacle: Standard,,29mT44h817A9WrvdQDqIak,,,L3,,230,,P309,New Construction,None,Standard,,,3lAjmFWRfDlRceYN7PhLke,,,
,,,1,23.80.50.11.17,,,,1,,120 V/1-180 VA,1' - 6",,,,,By Type,,Default,,Duplex Receptacle,Duplex Receptacle: Standard,,29mT44h817A9WrvdQDqIdz,,,L3,,231,,P309,New Construction,None,Standard,,,3lAjmFWRfDlRceYN7PhLke,,,
,,,1,23.80.50.11.17,,,,1,,120 V/1-180 VA,1' - 6",,,,,By Type,,Default,,Duplex Receptacle,Duplex Receptacle: Standard,,29mT44h817A9WrvdQDqIXU,,,L3,,232,,P309,New Construction,None,Standard,,,3lAjmFWRfDlRceYN7PhLke,,,
,,,1,23.80.50.11.17,,,,1,,120 V/1-180 VA,1' - 6",,,,,By Type,,Default,,Duplex Receptacle,Duplex Receptacle: Standard,,29mT44h817A9WrvdQDqIXn,,,L3,,233,,P308,New Construction,None,Standard,,,3lAjmFWRfDlRceYN7PhLke,,,
,,,1,23.80.50.11.17,,,,1,,120 V/1-180 VA,1' - 6",,,,,By Type,,Default,,Duplex Receptacle,Duplex Receptacle: Standard,,29mT44h817A9WrvdQDqIZr,,,L3,,234,,P308,New Construction,None,Standard,,,3lAjmFWRfDlRceYN7PhLke,,,
,,,1,23.80.50.11.17,,,,1,,120 V/1-180 VA,1' - 6",,,,,By Type,,Default,,Duplex Receptacle,Duplex Receptacle: Standard,,29mT44h817A9WrvdQDqIYq,,,L3,,235,,P308,New Construction,None,Standard,,,3lAjmFWRfDlRceYN7PhLke,,,
,,,1,23.80.50.11.17,,,,1,,120 V/1-180 VA,1' - 6",,,,,By Type,,Default,,Duplex Receptacle,Duplex Receptacle: Standard,,29mT44h817A9WrvdQDqIji,,,L3,,236,,P308,New Construction,None,Standard,,,3lAjmFWRfDlRceYN7PhLke,,,
,,,5,23.80.50.11.17,,,,1,,120 V/1-180 VA,4' - 0",,,,,By Type,,Default,,Duplex Receptacle,Duplex Receptacle: GFCI,,29mT44h817A9WrvdQDqIkz,,,L3,,237,,P308,New Construction,None,GFCI,,,3lAjmFWRfDlRceYN7PhLkg,,,
,,,6,8,23.80.50.11.17,,,,1,,220 V/2-180 VA,1' - 6",,,,,By Type,,Default,,High Voltage Receptacle,High Voltage Receptacle: Standard,,29mT44h817A9WrvdQDqIhc,,,L3,,238,,P308,New Construction,None,Standard,,,3LPhih2fj8yueK3tIyLhvw,,,
,,,3,23.80.50.11.17,,,,1,,120 V/1-180 VA,4' - 0",,,,,By Type,,Default,,Duplex Receptacle,Duplex Receptacle: Counter Top,,29mT44h817A9WrvdQDqIrB,,,L3,,239,,P308,New Construction,None,Counter Top,,,2CTEMFkBXCdewbyEowT_As,,,
,,,4,23.80.50.11.17,,,,1,,120 V/1-180 VA,1' - 6",,,,,By Type,,Default,,Duplex Receptacle,Duplex Receptacle: GFCI,,29mT44h817A9WrvdQDqIq9,,,L3,,240,,P308,New Construction,None,GFCI,,,3lAjmFWRfDlRceYN7PhLkg,,,
,,,2,23.80.50.11.17,,,,1,,120 V/1-180 VA,1' - 6",,,,,By Type,,Default,,Duplex Receptacle,Duplex Receptacle: GFCI,,29mT44h817A9WrvdQDqItZ,,,L3,,241,,P308,New Construction,None,GFCI,,,3lAjmFWRfDlRceYN7PhLkg,,,
,,,3,23.80.50.11.17,,,,1,,120 V/1-180 VA,4' - 0",,,,,By Type,,Default,,Duplex Receptacle,Duplex Receptacle: Counter Top,,29mT44h817A9WrvdQDqIzh,,,L3,,242,,P306,New Construction,None,Counter Top,,,2CTEMFkBXCdewbyEowT_As,,,
,,,4,23.80.50.11.17,,,,1,,120 V/1-180 VA,1' - 6",,,,,By Type,,Default,,Duplex Receptacle,Duplex Receptacle: GFCI,,29mT44h817A9WrvdQDqI_W,,,L3,,243,,P306,New Construction,None,GFCI,,,3lAjmFWRfDlRceYN7PhLkg,,,
,,,2,23.80.50.11.17,,,,1,,120 V/1-180 VA,1' - 6",,,,,By Type,,Default,,Duplex Receptacle,Duplex Receptacle: GFCI,,29mT44h817A9WrvdQDqIxP,,,L3,,244,,P306,New Construction,None,GFCI,,,3lAjmFWRfDlRceYN7PhLkg,,,
,,,6,8,23.80.50.11.17,,,,1,,220 V/2-180 VA,1' - 6",,,,,By Type,,Default,,High Voltage Receptacle,High Voltage Receptacle: Standard,,29mT44h817A9WrvdQDqIxz,,,L3,,245,,P306,New Construction,None,Standard,,,3LPhih2fj8yueK3tIyLhvw,,,
,,,5,23.80.50.11.17,,,,1,,120 V/1-180 VA,4' - 0",,,,,By Type,,Default,,Duplex Receptacle,Duplex Receptacle: GFCI,,29mT44h817A9WrvdQDqI6j,,,L3,,246,,P306,New Construction,None,GFCI,,,3lAjmFWRfDlRceYN7PhLkg,,,
,,,5,23.80.50.11.17,,,,1,,120 V/1-180 VA,4' - 0",,,,,By Type,,Default,,Duplex Receptacle,Duplex Receptacle: GFCI,,29mT44h817A9WrvdQDqI3e,,,L3,,247,,P306,New Construction,None,GFCI,,,3lAjmFWRfDlRceYN7PhLkg,,,
,,,1,23.80.50.11.17,,,,1,,120 V/1-180 VA,1' - 6",,,,,By Type,,Default,,Duplex Receptacle,Duplex Receptacle: Standard,,29mT44h817A9WrvdQDqI3m,,,L3,,248,,P306,New Construction,None,Standard,,,3lAjmFWRfDlRceYN7PhLke,,,
,,,1,23.80.50.11.17,,,,1,,120 V/1-180 VA,1' - 6",,,,,By Type,,Default,,Duplex Receptacle,Duplex Receptacle: Standard,,29mT44h817A9WrvdQDqI2T,,,L3,,249,,P306,New Construction,None,Standard,,,3lAjmFWRfDlRceYN7PhLke,,,
,,,1,23.80.50.11.17,,,,1,,120 V/1-180 VA,1' - 6",,,,,By Type,,Default,,Duplex Receptacle,Duplex Receptacle: Standard,,29mT44h817A9WrvdQDqIDv,,,L3,,250,,P306,New Construction,None,Standard,,,3lAjmFWRfDlRceYN7PhLke,,,
,,,1,23.80.50.11.17,,,,1,,120 V/1-180 VA,1' - 6",,,,,By Type,,Default,,Duplex Receptacle,Duplex Receptacle: Standard,,29mT44h817A9WrvdQDqIES,,,L3,,251,,P306,New Construction,None,Standard,,,3lAjmFWRfDlRceYN7PhLke,,,
,,,1,23.80.50.11.17,,,,1,,120 V/1-180 VA,1' - 6",,,,,By Type,,Default,,Duplex Receptacle,Duplex Receptacle: Standard,,29mT44h817A9WrvdQDqI91,,,L3,,252,,P306,New Construction,None,Standard,,,3lAjmFWRfDlRceYN7PhLke,,,
,,,1,23.80.50.11.17,,,,1,,120 V/1-180 VA,1' - 6",,,,,By Type,,Default,,Duplex Receptacle,Duplex Receptacle: Standard,,29mT44h817A9WrvdQDqIBs,,,L3,,253,,P306,New Construction,None,Standard,,,3lAjmFWRfDlRceYN7PhLke,,,
,,,1,23.80.50.11.17,,,,1,,120 V/1-180 VA,1' - 6",,,,,By Type,,Default,,Duplex Receptacle,Duplex Receptacle: Standard,,29mT44h817A9WrvdQDqIAn,,,L3,,254,,P306,New Construction,None,Standard,,,3lAjmFWRfDlRceYN7PhLke,,,
,,,1,23.80.50.11.17,,,,1,,120 V/1-180 VA,1' - 6",,,,,By Type,,Default,,Duplex Receptacle,Duplex Receptacle: Standard,,29mT44h817A9WrvdQDqIGz,,,L3,,255,,P306,New Construction,None,Standard,,,3lAjmFWRfDlRceYN7PhLke,,,
,,,1,23.80.50.11.17,,,,1,,120 V/1-180 VA,1' - 6",,,,,By Type,,Default,,Duplex Receptacle,Duplex Receptacle: Standard,,0InKO$aSz2yQz3IoT3qxkD,,,L3,,257,,P304,New Construction,None,Standard,,,3lAjmFWRfDlRceYN7PhLke,,,
,,,1,23.80.50.11.17,,,,1,,120 V/1-180 VA,1' - 6",,,,,By Type,,Default,,Duplex Receptacle,Duplex Receptacle: Standard,,0InKO$aSz2yQz3IoT3qxiq,,,L3,,258,,P304,New Construction,None,Standard,,,3lAjmFWRfDlRceYN7PhLke,,,
,,,1,23.80.50.11.17,,,,1,,120 V/1-180 VA,1' - 6",,,,,By Type,,Default,,Duplex Receptacle,Duplex Receptacle: Standard,,0InKO$aSz2yQz3IoT3qxhD,,,L3,,259,,P304,New Construction,None,Standard,,,3lAjmFWRfDlRceYN7PhLke,,,
,,,1,23.80.50.11.17,,,,1,,120 V/1-180 VA,1' - 6",,,,,By Type,,Default,,Duplex Receptacle,Duplex Receptacle: Standard,,0InKO$aSz2yQz3IoT3qxfD,,,L3,,260,,P304,New Construction,None,Standard,,,3lAjmFWRfDlRceYN7PhLke,,,
,,,1,23.80.50.11.17,,,,1,,120 V/1-180 VA,1' - 6",,,,,By Type,,Default,,Duplex Receptacle,Duplex Receptacle: Standard,,0InKO$aSz2yQz3IoT3qxtw,,,L3,,261,,P304,New Construction,None,Standard,,,3lAjmFWRfDlRceYN7PhLke,,,
,,,1,23.80.50.11.17,,,,1,,120 V/1-180 VA,1' - 6",,,,,By Type,,Default,,Duplex Receptacle,Duplex Receptacle: Standard,,0InKO$aSz2yQz3IoT3qxrZ,,,L3,,262,,P304,New Construction,None,Standard,,,3lAjmFWRfDlRceYN7PhLke,,,
,,,4,23.80.50.11.17,,,,1,,120 V/1-180 VA,1' - 6",,,,,By Type,,Default,,Duplex Receptacle,Duplex Receptacle: GFCI,,0InKO$aSz2yQz3IoT3qx_B,,,L3,,263,,P304,New Construction,None,GFCI,,,3lAjmFWRfDlRceYN7PhLkg,,,
,,,3,23.80.50.11.17,,,,1,,120 V/1-180 VA,4' - 0",,,,,By Type,,Default,,Duplex Receptacle,Duplex Receptacle: Counter Top,,0InKO$aSz2yQz3IoT3qx2J,,,L3,,264,,P304,New Construction,None,Counter Top,,,2CTEMFkBXCdewbyEowT_As,,,
,,,2,23.80.50.11.17,,,,1,,120 V/1-180 VA,1' - 6",,,,,By Type,,Default,,Duplex Receptacle,Duplex Receptacle: GFCI,,0InKO$aSz2yQz3IoT3qx1Q,,,L3,,265,,P304,New Construction,None,GFCI,,,3lAjmFWRfDlRceYN7PhLkg,,,
,,,6,23.80.50.11.17,,,,1,,120 V/1-180 VA,4' - 0",,,,,By Type,,Default,,Duplex Receptacle,Duplex Receptacle: GFCI,,0InKO$aSz2yQz3IoT3qxEY,,,L3,,266,,P304,New Construction,None,GFCI,,,3lAjmFWRfDlRceYN7PhLkg,,,
,,,3,23.80.50.11.17,,,,1,,120 V/1-180 VA,4' - 0",,,,,By Type,,Default,,Duplex Receptacle,Duplex Receptacle: Counter Top,,0InKO$aSz2yQz3IoT3qxGY,,,L3,,267,,P303,New Construction,None,Counter Top,,,2CTEMFkBXCdewbyEowT_As,,,
,,,4,23.80.50.11.17,,,,1,,120 V/1-180 VA,1' - 6",,,,,By Type,,Default,,Duplex Receptacle,Duplex Receptacle: GFCI,,0InKO$aSz2yQz3IoT3qxTB,,,L3,,268,,P303,New Construction,None,GFCI,,,3lAjmFWRfDlRceYN7PhLkg,,,
,,,2,23.80.50.11.17,,,,1,,120 V/1-180 VA,1' - 6",,,,,By Type,,Default,,Duplex Receptacle,Duplex Receptacle: GFCI,,0InKO$aSz2yQz3IoT3qxRV,,,L3,,269,,P303,New Construction,None,GFCI,,,3lAjmFWRfDlRceYN7PhLkg,,,
,,,1,23.80.50.11.17,,,,1,,120 V/1-180 VA,1' - 6",,,,,By Type,,Default,,Duplex Receptacle,Duplex Receptacle: Standard,,0InKO$aSz2yQz3IoT3qae3,,,L3,,270,,P303,New Construction,None,Standard,,,3lAjmFWRfDlRceYN7PhLke,,,
,,,1,23.80.50.11.17,,,,1,,120 V/1-180 VA,1' - 6",,,,,By Type,,Default,,Duplex Receptacle,Duplex Receptacle: Standard,,0InKO$aSz2yQz3IoT3qatg,,,L3,,271,,P303,New Construction,None,Standard,,,3lAjmFWRfDlRceYN7PhLke,,,
,,,1,23.80.50.11.17,,,,1,,120 V/1-180 VA,1' - 6",,,,,By Type,,Default,,Duplex Receptacle,Duplex Receptacle: Standard,,0InKO$aSz2yQz3IoT3qasb,,,L3,,272,,P303,New Construction,None,Standard,,,3lAjmFWRfDlRceYN7PhLke,,,
,,,1,23.80.50.11.17,,,,1,,120 V/1-180 VA,1' - 6",,,,,By Type,,Default,,Duplex Receptacle,Duplex Receptacle: Standard,,0InKO$aSz2yQz3IoT3qaos,,,L3,,273,,P303,New Construction,None,Standard,,,3lAjmFWRfDlRceYN7PhLke,,,
,,,,23.80.50.11.17,,,,1,,120 V/1-180 VA,1' - 6",,,,,By Type,,Default,,Duplex Receptacle,Duplex Receptacle: Standard,,0InKO$aSz2yQz3IoT3qank,,,L3,,274,,,New Construction,None,Standard,,,3lAjmFWRfDlRceYN7PhLke,,,
,,,1,23.80.50.11.17,,,,1,,120 V/1-180 VA,1' - 6",,,,,By Type,,Default,,Duplex Receptacle,Duplex Receptacle: Standard,,0InKO$aSz2yQz3IoT3qa_u,,,L3,,275,,P303,New Construction,None,Standard,,,3lAjmFWRfDlRceYN7PhLke,,,
,,,6,8,23.80.50.11.17,,,,1,,220 V/2-180 VA,1' - 6",,,,,By Type,,Default,,High Voltage Receptacle,High Voltage Receptacle: Standard,,0InKO$aSz2yQz3IoT3qavm,,,L3,,276,,P303,New Construction,None,Standard,,,3LPhih2fj8yueK3tIyLhvw,,,
,,,1,23.80.50.11.17,,,,1,,120 V/1-180 VA,1' - 6",,,,,By Type,,Default,,Duplex Receptacle,Duplex Receptacle: Standard,,0InKO$aSz2yQz3IoT3qa7I,,,L3,,277,,P303,New Construction,None,Standard,,,3lAjmFWRfDlRceYN7PhLke,,,
,,,5,23.80.50.11.17,,,,1,,120 V/1-180 VA,4' - 0",,,,,By Type,,Default,,Duplex Receptacle,Duplex Receptacle: GFCI,,0InKO$aSz2yQz3IoT3qa4Y,,,L3,,278,,P303,New Construction,None,GFCI,,,3lAjmFWRfDlRceYN7PhLkg,,,
,,,5,23.80.50.11.17,,,,1,,120 V/1-180 VA,4' - 0",,,,,By Type,,Default,,Duplex Receptacle,Duplex Receptacle: GFCI,,0InKO$aSz2yQz3IoT3qa4O,,,L3,,279,,P303,New Construction,None,GFCI,,,3lAjmFWRfDlRceYN7PhLkg,,,
,,,1,23.80.50.11.17,,,,1,,120 V/1-180 VA,1' - 6",,,,,By Type,,Default,,Duplex Receptacle,Duplex Receptacle: Standard,,0sF20$DwD1vgjFB4ASPQSp,,,L3,,280,,P301,New Construction,None,Standard,,,3lAjmFWRfDlRceYN7PhLke,,,
,,,1,23.80.50.11.17,,,,1,,120 V/1-180 VA,1' - 6",,,,,By Type,,Default,,Duplex Receptacle,Duplex Receptacle: Standard,,0sF20$DwD1vgjFB4ASPQS7,,,L3,,281,,P301,New Construction,None,Standard,,,3lAjmFWRfDlRceYN7PhLke,,,
,,,3,23.80.50.11.17,,,,1,,120 V/1-180 VA,1' - 6",,,,,By Type,,Default,,Duplex Receptacle,Duplex Receptacle: Standard,,0sF20$DwD1vgjFB4ASPQV2,,,L3,,282,,P301,New Construction,None,Standard,,,3lAjmFWRfDlRceYN7PhLke,,,
,,,3,23.80.50.11.17,,,,1,,120 V/1-180 VA,1' - 6",,,,,By Type,,Default,,Duplex Receptacle,Duplex Receptacle: Standard,,0sF20$DwD1vgjFB4ASPQG4,,,L3,,283,,P301,New Construction,None,Standard,,,3lAjmFWRfDlRceYN7PhLke,,,
,,,3,23.80.50.11.17,,,,1,,120 V/1-180 VA,1' - 6",,,,,By Type,,Default,,Duplex Receptacle,Duplex Receptacle: Standard,,0sF20$DwD1vgjFB4ASPQI6,,,L3,,284,,P301,New Construction,None,Standard,,,3lAjmFWRfDlRceYN7PhLke,,,
,,,3,23.80.50.11.17,,,,1,,120 V/1-180 VA,1' - 6",,,,,By Type,,Default,,Duplex Receptacle,Duplex Receptacle: Standard,,0sF20$DwD1vgjFB4ASPQMY,,,L3,,285,,P301,New Construction,None,Standard,,,3lAjmFWRfDlRceYN7PhLke,,,
,,,2,23.80.50.11.17,,,,1,,120 V/1-180 VA,1' - 6",,,,,By Type,,Default,,Duplex Receptacle,Duplex Receptacle: Standard,,0sF20$DwD1vgjFB4ASPQME,,,L3,,286,,P301,New Construction,None,Standard,,,3lAjmFWRfDlRceYN7PhLke,,,
,,,2,23.80.50.11.17,,,,1,,120 V/1-180 VA,1' - 6",,,,,By Type,,Default,,Duplex Receptacle,Duplex Receptacle: Standard,,0sF20$DwD1vgjFB4ASPRik,,,L3,,287,,P301,New Construction,None,Standard,,,3lAjmFWRfDlRceYN7PhLke,,,
,,,2,23.80.50.11.17,,,,1,,120 V/1-180 VA,1' - 6",,,,,By Type,,Default,,Duplex Receptacle,Duplex Receptacle: Standard,,0sF20$DwD1vgjFB4ASPRiB,,,L3,,288,,P301,New Construction,None,Standard,,,3lAjmFWRfDlRceYN7PhLke,,,
,,,2,23.80.50.11.17,,,,1,,120 V/1-180 VA,1' - 6",,,,,By Type,,Default,,Duplex Receptacle,Duplex Receptacle: Standard,,0sF20$DwD1vgjFB4ASPRkT,,,L3,,289,,P301,New Construction,None,Standard,,,3lAjmFWRfDlRceYN7PhLke,,,
,,,2,23.80.50.11.17,,,,1,,120 V/1-180 VA,1' - 6",,,,,By Type,,Default,,Duplex Receptacle,Duplex Receptacle: Standard,,0sF20$DwD1vgjFB4ASPRXJ,,,L3,,290,,P301,New Construction,None,Standard,,,3lAjmFWRfDlRceYN7PhLke,,,
,,,2,23.80.50.11.17,,,,1,,120 V/1-180 VA,1' - 6",,,,,By Type,,Default,,Duplex Receptacle,Duplex Receptacle: Standard,,0sF20$DwD1vgjFB4ASPRW2,,,L3,,291,,P301,New Construction,None,Standard,,,3lAjmFWRfDlRceYN7PhLke,,,
,,,1,23.80.50.11.17,,,,1,,120 V/1-180 VA,1' - 6",,,,,By Type,,Default,,Duplex Receptacle,Duplex Receptacle: Standard,,0sF20$DwD1vgjFB4ASPRZy,,,L3,,292,,P301,New Construction,None,Standard,,,3lAjmFWRfDlRceYN7PhLke,,,
,,,1,23.80.50.11.17,,,,1,,120 V/1-180 VA,1' - 6",,,,,By Type,,Default,,Duplex Receptacle,Duplex Receptacle: Standard,,0sF20$DwD1vgjFB4ASPRY3,,,L3,,293,,P301,New Construction,None,Standard,,,3lAjmFWRfDlRceYN7PhLke,,,
,,,1,23.80.50.11.17,,,,1,,120 V/1-180 VA,1' - 6",,,,,By Type,,Default,,Duplex Receptacle,Duplex Receptacle: Standard,,0sF20$DwD1vgjFB4ASPRbs,,,L3,,294,,P301,New Construction,None,Standard,,,3lAjmFWRfDlRceYN7PhLke,,,
,,,2,23.80.50.11.17,,,,1,,120 V/1-180 VA,1' - 6",,,,,By Type,,Default,,Duplex Receptacle,Duplex Receptacle: Standard,,0sF20$DwD1vgjFB4ASPRde,,,L3,,295,,P301,New Construction,None,Standard,,,3lAjmFWRfDlRceYN7PhLke,,,
,,,2,23.80.50.11.17,,,,1,,120 V/1-180 VA,1' - 6",,,,,By Type,,Default,,Duplex Receptacle,Duplex Receptacle: Standard,,0sF20$DwD1vgjFB4ASPRc2,,,L3,,296,,P301,New Construction,None,Standard,,,3lAjmFWRfDlRceYN7PhLke,,,
,,,1,23.80.50.11.17,,,,1,,120 V/1-180 VA,1' - 6",,,,,By Type,,Default,,Duplex Receptacle,Duplex Receptacle: Standard,,0sF20$DwD1vgjFB4ASPRv_,,,L3,,297,,P301,New Construction,None,Standard,,,3lAjmFWRfDlRceYN7PhLke,,,
,,,4,23.80.50.11.17,,,,1,,120 V/1-180 VA,4' - 0",,,,,By Type,,Default,,Duplex Receptacle,Duplex Receptacle: GFCI,,0sF20$DwD1vgjFB4ASPRxn,,,L3,,298,,P301,New Construction,None,GFCI,,,3lAjmFWRfDlRceYN7PhLkg,,,
,,,13,23.80.50.11.17,,,,1,,120 V/1-180 VA,1' - 6",,,,,By Type,,Default,,Duplex Receptacle,Duplex Receptacle: Standard,,3efswn5OvAgP4OL1$fgHeh,,,L3,,299,,P204,New Construction,None,Standard,,,3lAjmFWRfDlRceYN7PhLke,,,
,,,13,23.80.50.11.17,,,,1,,120 V/1-180 VA,1' - 6",,,,,By Type,,Default,,Duplex Receptacle,Duplex Receptacle: Standard,,3efswn5OvAgP4OL1$fgHgC,,,L3,,300,,P204,New Construction,None,Standard,,,3lAjmFWRfDlRceYN7PhLke,,,
,,,13,23.80.50.11.17,,,,1,,120 V/1-180 VA,1' - 6",,,,,By Type,,Default,,Duplex Receptacle,Duplex Receptacle: Standard,,3efswn5OvAgP4OL1$fgHhy,,,L3,,301,,P204,New Construction,None,Standard,,,3lAjmFWRfDlRceYN7PhLke,,,
,,,13,23.80.50.11.17,,,,1,,120 V/1-180 VA,1' - 6",,,,,By Type,,Default,,Duplex Receptacle,Duplex Receptacle: Standard,,3efswn5OvAgP4OL1$fgHk3,,,L3,,302,,P204,New Construction,None,Standard,,,3lAjmFWRfDlRceYN7PhLke,,,
,,,1,23.80.50.11.17,,,,1,,120 V/1-180 VA,1' - 6",,,,,By Type,,Default,,Duplex Receptacle,Duplex Receptacle: Standard,,3efswn5OvAgP4OL1$fgHMv,,,L3,,303,,P300,New Construction,None,Standard,,,3lAjmFWRfDlRceYN7PhLke,,,
,,,1,23.80.50.11.17,,,,1,,120 V/1-180 VA,1' - 6",,,,,By Type,,Default,,Duplex Receptacle,Duplex Receptacle: Standard,,3efswn5OvAgP4OL1$fgHNi,,,L3,,304,,P300,New Construction,None,Standard,,,3lAjmFWRfDlRceYN7PhLke,,,
,,,1,23.80.50.11.17,,,,1,,120 V/1-180 VA,1' - 6",,,,,By Type,,Default,,Duplex Receptacle,Duplex Receptacle: Standard,,3efswn5OvAgP4OL1$fgHOu,,,L3,,305,,P300,New Construction,None,Standard,,,3lAjmFWRfDlRceYN7PhLke,,,
,,,1,23.80.50.11.17,,,,1,,120 V/1-180 VA,1' - 6",,,,,By Type,,Default,,Duplex Receptacle,Duplex Receptacle: Standard,,0LEwv$QX10uQybsOks8LsA,,,L2,,306,,P205,New Construction,None,Standard,,,3lAjmFWRfDlRceYN7PhLke,,,
,,,13,23.80.50.11.17,,,,1,,120 V/1-180 VA,1' - 6",,,,,By Type,,Default,,Weather Proof Receptacle,Weather Proof Receptacle: Standard,,0LEwv$QX10uQybsOks8Lt9,,,L2,,307,,P205,New Construction,None,Standard,,,3LPhih2fj8yueK3tIyLrJ3,,,
,,,1,23.80.50.11.17,,,,1,,120 V/1-180 VA,1' - 6",,,,,By Type,,Default,,Duplex Receptacle,Duplex Receptacle: Standard,,3ssnQ$Zqz0teXfqqzNeV9G,,,L5,,308,,P506,New Construction,None,Standard,,,3lAjmFWRfDlRceYN7PhLke,,,
,,,2,23.80.50.11.17,,,,1,,120 V/1-180 VA,1' - 6",,,,,By Type,,Default,,Duplex Receptacle,Duplex Receptacle: Standard,,3ssnQ$Zqz0teXfqqzNeSsr,,,L5,,309,,P506,New Construction,None,Standard,,,3lAjmFWRfDlRceYN7PhLke,,,
,,,3,23.80.50.11.17,,,,1,,120 V/1-180 VA,1' - 6",,,,,By Type,,Default,,Weather Proof Receptacle,Weather Proof Receptacle: Standard,,3ssnQ$Zqz0teXfqqzNeSmJ,,,L5,,310,,P506,New Construction,None,Standard,,,3LPhih2fj8yueK3tIyLrJ3,,,
,,,1,23.80.50.11.17,,,,1,,120 V/1-180 VA,1' - 6",,,,,By Type,,Default,,Duplex Receptacle,Duplex Receptacle: Standard,,3ssnQ$Zqz0teXfqqzNeS$C,,,L5,,311,,P506,New Construction,None,Standard,,,3lAjmFWRfDlRceYN7PhLke,,,
,,,8,23.80.50.11.17,,,,1,,120 V/1-180 VA,4' - 0",,,,,By Type,,Default,,Duplex Receptacle,Duplex Receptacle: GFCI,,3ssnQ$Zqz0teXfqqzNeSyp,,,L5,,312,,P506,New Construction,None,GFCI,,,3lAjmFWRfDlRceYN7PhLkg,,,
,,,1,23.80.50.11.17,,,,1,,120 V/1-180 VA,1' - 6",,,,,By Type,,Default,,Duplex Receptacle,Duplex Receptacle: Standard,,2jEL9ibH999OK9kpTkEWfJ,,,L4,,313,,P406,New Construction,None,Standard,,,3lAjmFWRfDlRceYN7PhLke,,,
,,,1,23.80.50.11.17,,,,1,,120 V/1-180 VA,1' - 6",,,,,By Type,,Default,,Duplex Receptacle,Duplex Receptacle: Standard,,2jEL9ibH999OK9kpTkEWeu,,,L4,,314,,P406,New Construction,None,Standard,,,3lAjmFWRfDlRceYN7PhLke,,,
,,,1,23.80.50.11.17,,,,1,,120 V/1-180 VA,1' - 6",,,,,By Type,,Default,,Duplex Receptacle,Duplex Receptacle: Standard,,2jEL9ibH999OK9kpTkEWdb,,,L4,,315,,P406,New Construction,None,Standard,,,3lAjmFWRfDlRceYN7PhLke,,,
,,,7,23.80.50.11.17,,,,1,,120 V/1-180 VA,1' - 6",,,,,By Type,,Default,,Weather Proof Receptacle,Weather Proof Receptacle: Standard,,2jEL9ibH999OK9kpTkEWaz,,,L4,,316,,P406,New Construction,None,Standard,,,3LPhih2fj8yueK3tIyLrJ3,,,
,,,1,23.80.50.11.17,,,,1,,120 V/1-180 VA,1' - 6",,,,,By Type,,Default,,Duplex Receptacle,Duplex Receptacle: Standard,,2jEL9ibH999OK9kpTkEWZR,,,L4,,317,,P406,New Construction,None,Standard,,,3lAjmFWRfDlRceYN7PhLke,,,
,,,1,23.80.50.11.17,,,,1,,120 V/1-180 VA,1' - 6",,,,,By Type,,Default,,Duplex Receptacle,Duplex Receptacle: Standard,,2jEL9ibH999OK9kpTkEWWn,,,L4,,318,,P406,New Construction,None,Standard,,,3lAjmFWRfDlRceYN7PhLke,,,
,,,5,23.80.50.11.17,,,,1,,120 V/1-180 VA,4' - 0",,,,,By Type,,Default,,Duplex Receptacle,Duplex Receptacle: GFCI,,2jEL9ibH999OK9kpTkEWVr,,,L4,,319,,P406,New Construction,None,GFCI,,,3lAjmFWRfDlRceYN7PhLkg,,,
,,,6,8,23.80.50.11.17,,,,1,,220 V/2-180 VA,1' - 6",,,,,By Type,,Default,,High Voltage Receptacle,High Voltage Receptacle: Standard,,2jEL9ibH999OK9kpTkEWR6,,,L4,,320,,P406,New Construction,None,Standard,,,3LPhih2fj8yueK3tIyLhvw,,,
,,,2,23.80.50.11.17,,,,1,,120 V/1-180 VA,1' - 6",,,,,By Type,,Default,,Duplex Receptacle,Duplex Receptacle: GFCI,,2jEL9ibH999OK9kpTkEWNq,,,L4,,321,,P406,New Construction,None,GFCI,,,3lAjmFWRfDlRceYN7PhLkg,,,
,,,3,23.80.50.11.17,,,,1,,120 V/1-180 VA,4' - 0",,,,,By Type,,Default,,Duplex Receptacle,Duplex Receptacle: Counter Top,,2jEL9ibH999OK9kpTkEWMg,,,L4,,322,,P406,New Construction,None,Counter Top,,,2CTEMFkBXCdewbyEowT_As,,,
,,,4,23.80.50.11.17,,,,1,,120 V/1-180 VA,1' - 6",,,,,By Type,,Default,,Duplex Receptacle,Duplex Receptacle: GFCI,,2jEL9ibH999OK9kpTkEWLj,,,L4,,323,,P406,New Construction,None,GFCI,,,3lAjmFWRfDlRceYN7PhLkg,,,
,,,1,23.80.50.11.17,,,,1,,120 V/1-180 VA,1' - 6",,,,,By Type,,Default,,Duplex Receptacle,Duplex Receptacle: Standard,,2jEL9ibH999OK9kpTkEWH4,,,L4,,324,,P404,New Construction,None,Standard,,,3lAjmFWRfDlRceYN7PhLke,,,
,,,1,23.80.50.11.17,,,,1,,120 V/1-180 VA,1' - 6",,,,,By Type,,Default,,Duplex Receptacle,Duplex Receptacle: Standard,,2jEL9ibH999OK9kpTkEWHT,,,L4,,325,,P404,New Construction,None,Standard,,,3lAjmFWRfDlRceYN7PhLke,,,
,,,1,23.80.50.11.17,,,,1,,120 V/1-180 VA,1' - 6",,,,,By Type,,Default,,Duplex Receptacle,Duplex Receptacle: Standard,,2jEL9ibH999OK9kpTkEWBS,,,L4,,326,,P404,New Construction,None,Standard,,,3lAjmFWRfDlRceYN7PhLke,,,
,,,1,23.80.50.11.17,,,,1,,120 V/1-180 VA,1' - 6",,,,,By Type,,Default,,Duplex Receptacle,Duplex Receptacle: Standard,,2jEL9ibH999OK9kpTkEWAI,,,L4,,327,,P404,New Construction,None,Standard,,,3lAjmFWRfDlRceYN7PhLke,,,
,,,1,23.80.50.11.17,,,,1,,120 V/1-180 VA,1' - 6",,,,,By Type,,Default,,Duplex Receptacle,Duplex Receptacle: Standard,,2jEL9ibH999OK9kpTkEW96,,,L4,,328,,P404,New Construction,None,Standard,,,3lAjmFWRfDlRceYN7PhLke,,,
,,,5,23.80.50.11.17,,,,1,,120 V/1-180 VA,4' - 0",,,,,By Type,,Default,,Duplex Receptacle,Duplex Receptacle: GFCI,,2jEL9ibH999OK9kpTkEW20,,,L4,,329,,P404,New Construction,None,GFCI,,,3lAjmFWRfDlRceYN7PhLkg,,,
,,,6,8,23.80.50.11.17,,,,1,,220 V/2-180 VA,1' - 6",,,,,By Type,,Default,,High Voltage Receptacle,High Voltage Receptacle: Standard,,2jEL9ibH999OK9kpTkEX$N,,,L4,,330,,P404,New Construction,None,Standard,,,3LPhih2fj8yueK3tIyLhvw,,,
,,,4,23.80.50.11.17,,,,1,,120 V/1-180 VA,1' - 6",,,,,By Type,,Default,,Duplex Receptacle,Duplex Receptacle: GFCI,,2jEL9ibH999OK9kpTkEXzV,,,L4,,331,,P404,New Construction,None,GFCI,,,3lAjmFWRfDlRceYN7PhLkg,,,
,,,3,23.80.50.11.17,,,,1,,120 V/1-180 VA,4' - 0",,,,,By Type,,Default,,Duplex Receptacle,Duplex Receptacle: Counter Top,,2jEL9ibH999OK9kpTkEXty,,,L4,,332,,P404,New Construction,None,Counter Top,,,2CTEMFkBXCdewbyEowT_As,,,
,,,2,23.80.50.11.17,,,,1,,120 V/1-180 VA,1' - 6",,,,,By Type,,Default,,Duplex Receptacle,Duplex Receptacle: GFCI,,2jEL9ibH999OK9kpTkEXt6,,,L4,,333,,P404,New Construction,None,GFCI,,,3lAjmFWRfDlRceYN7PhLkg,,,
,,,2,23.80.50.11.17,,,,1,,120 V/1-180 VA,1' - 6",,,,,By Type,,Default,,Duplex Receptacle,Duplex Receptacle: Standard,,2jEL9ibH999OK9kpTkEXnZ,,,L4,,334,,P401,New Construction,None,Standard,,,3lAjmFWRfDlRceYN7PhLke,,,
,,,2,23.80.50.11.17,,,,1,,120 V/1-180 VA,1' - 6",,,,,By Type,,Default,,Duplex Receptacle,Duplex Receptacle: Standard,,2jEL9ibH999OK9kpTkEXnz,,,L4,,335,,P401,New Construction,None,Standard,,,3lAjmFWRfDlRceYN7PhLke,,,
,,,2,23.80.50.11.17,,,,1,,120 V/1-180 VA,1' - 6",,,,,By Type,,Default,,Duplex Receptacle,Duplex Receptacle: Standard,,2jEL9ibH999OK9kpTkEXn_,,,L4,,336,,P401,New Construction,None,Standard,,,3lAjmFWRfDlRceYN7PhLke,,,
,,,2,23.80.50.11.17,,,,1,,120 V/1-180 VA,1' - 6",,,,,By Type,,Default,,Duplex Receptacle,Duplex Receptacle: Standard,,2jEL9ibH999OK9kpTkEXn$,,,L4,,337,,P401,New Construction,None,Standard,,,3lAjmFWRfDlRceYN7PhLke,,,
,,,2,23.80.50.11.17,,,,1,,120 V/1-180 VA,1' - 6",,,,,By Type,,Default,,Duplex Receptacle,Duplex Receptacle: Standard,,2jEL9ibH999OK9kpTkEXnu,,,L4,,338,,P401,New Construction,None,Standard,,,3lAjmFWRfDlRceYN7PhLke,,,
,,,2,23.80.50.11.17,,,,1,,120 V/1-180 VA,1' - 6",,,,,By Type,,Default,,Duplex Receptacle,Duplex Receptacle: Standard,,2jEL9ibH999OK9kpTkEXnv,,,L4,,339,,P401,New Construction,None,Standard,,,3lAjmFWRfDlRceYN7PhLke,,,
,,,1,23.80.50.11.17,,,,1,,120 V/1-180 VA,1' - 6",,,,,By Type,,Default,,Duplex Receptacle,Duplex Receptacle: Standard,,2jEL9ibH999OK9kpTkEXnx,,,L4,,340,,P401,New Construction,None,Standard,,,3lAjmFWRfDlRceYN7PhLke,,,
,,,1,23.80.50.11.17,,,,1,,120 V/1-180 VA,1' - 6",,,,,By Type,,Default,,Duplex Receptacle,Duplex Receptacle: Standard,,2jEL9ibH999OK9kpTkEXnq,,,L4,,341,,P401,New Construction,None,Standard,,,3lAjmFWRfDlRceYN7PhLke,,,
,,,1,23.80.50.11.17,,,,1,,120 V/1-180 VA,1' - 6",,,,,By Type,,Default,,Duplex Receptacle,Duplex Receptacle: Standard,,2jEL9ibH999OK9kpTkEXnr,,,L4,,342,,P401,New Construction,None,Standard,,,3lAjmFWRfDlRceYN7PhLke,,,
,,,1,23.80.50.11.17,,,,1,,120 V/1-180 VA,1' - 6",,,,,By Type,,Default,,Duplex Receptacle,Duplex Receptacle: Standard,,2jEL9ibH999OK9kpTkEXnt,,,L4,,343,,P401,New Construction,None,Standard,,,3lAjmFWRfDlRceYN7PhLke,,,
,,,1,23.80.50.11.17,,,,1,,120 V/1-180 VA,1' - 6",,,,,By Type,,Default,,Duplex Receptacle,Duplex Receptacle: Standard,,2jEL9ibH999OK9kpTkEXnn,,,L4,,344,,P401,New Construction,None,Standard,,,3lAjmFWRfDlRceYN7PhLke,,,
,,,1,23.80.50.11.17,,,,1,,120 V/1-180 VA,1' - 6",,,,,By Type,,Default,,Duplex Receptacle,Duplex Receptacle: Standard,,2jEL9ibH999OK9kpTkEXnp,,,L4,,345,,P401,New Construction,None,Standard,,,3lAjmFWRfDlRceYN7PhLke,,,
,,,1,23.80.50.11.17,,,,1,,120 V/1-180 VA,1' - 6",,,,,By Type,,Default,,Duplex Receptacle,Duplex Receptacle: Standard,,2jEL9ibH999OK9kpTkEXnD,,,L4,,346,,P401,New Construction,None,Standard,,,3lAjmFWRfDlRceYN7PhLke,,,
,,,1,23.80.50.11.17,,,,1,,120 V/1-180 VA,1' - 6",,,,,By Type,,Default,,Duplex Receptacle,Duplex Receptacle: Standard,,2jEL9ibH999OK9kpTkEXnF,,,L4,,347,,P401,New Construction,None,Standard,,,3lAjmFWRfDlRceYN7PhLke,,,
,,,2,23.80.50.11.17,,,,1,,120 V/1-180 VA,1' - 6",,,,,By Type,,Default,,Duplex Receptacle,Duplex Receptacle: Standard,,2jEL9ibH999OK9kpTkEXn6,,,L4,,351,,P401,New Construction,None,Standard,,,3lAjmFWRfDlRceYN7PhLke,,,
,,,3,23.80.50.11.17,,,,1,,120 V/1-180 VA,4' - 0",,,,,By Type,,Default,,Duplex Receptacle,Duplex Receptacle: GFCI,,2jEL9ibH999OK9kpTkEXn7,,,L4,,352,,P401,New Construction,None,GFCI,,,3lAjmFWRfDlRceYN7PhLkg,,,
,,,2,23.80.50.11.17,,,,1,,120 V/1-180 VA,1' - 6",,,,,By Type,,Default,,Duplex Receptacle,Duplex Receptacle: Standard,,0yHoqLnWT24BT6gs_Vu6ix,,,L4,,353,,P401,New Construction,None,Standard,,,3lAjmFWRfDlRceYN7PhLke,,,
,,,2,23.80.50.11.17,,,,1,,120 V/1-180 VA,1' - 6",,,,,By Type,,Default,,Duplex Receptacle,Duplex Receptacle: Standard,,0yHoqLnWT24BT6gs_Vu6io,,,L4,,354,,P401,New Construction,None,Standard,,,3lAjmFWRfDlRceYN7PhLke,,,
,,,3,23.80.50.11.17,,,,1,,120 V/1-180 VA,1' - 6",,,,,By Type,,Default,,Duplex Receptacle,Duplex Receptacle: Standard,,0yHoqLnWT24BT6gs_Vu6h0,,,L3,,355,,P301,New Construction,None,Standard,,,3lAjmFWRfDlRceYN7PhLke,,,
,,,3,23.80.50.11.17,,,,1,,120 V/1-180 VA,1' - 6",,,,,By Type,,Default,,Duplex Receptacle,Duplex Receptacle: Standard,,0yHoqLnWT24BT6gs_Vu6hR,,,L3,,356,,P301,New Construction,None,Standard,,,3lAjmFWRfDlRceYN7PhLke,,,
,,,1,23.80.50.11.17,,,,1,,120 V/1-180 VA,1' - 6",,,,,By Type,,Default,,Duplex Receptacle,Duplex Receptacle: Standard,,2CK$2PjyHFIxvmq5ExM4vP,,,L4,,357,,P408,New Construction,None,Standard,,,3lAjmFWRfDlRceYN7PhLke,,,
,,,7,23.80.50.11.17,,,,1,,120 V/1-180 VA,4' - 0",,,,,By Type,,Default,,Duplex Receptacle,Duplex Receptacle: GFCI,,2CK$2PjyHFIxvmq5ExM4u5,,,L4,,358,,P408,New Construction,None,GFCI,,,3lAjmFWRfDlRceYN7PhLkg,,,
,,,2,23.80.50.11.17,,,,1,,120 V/1-180 VA,1' - 6",,,,,By Type,,Default,,Duplex Receptacle,Duplex Receptacle: GFCI,,0GqqDoX2T0IgNENRpJyWhm,,,L3,,359,,P309,New Construction,None,GFCI,,,3lAjmFWRfDlRceYN7PhLkg,,,
,,,4,23.80.50.11.17,,,,1,,120 V/1-180 VA,1' - 6",,,,,By Type,,Default,,Duplex Receptacle,Duplex Receptacle: GFCI,,0GqqDoX2T0IgNENRpJyWKx,,,L3,,360,,P309,New Construction,None,GFCI,,,3lAjmFWRfDlRceYN7PhLkg,,,
,,,3,23.80.50.11.17,,,,1,,120 V/1-180 VA,4' - 0",,,,,By Type,,Default,,Duplex Receptacle,Duplex Receptacle: Counter Top,,0GqqDoX2T0IgNENRpJyWKm,,,L3,,361,,P309,New Construction,None,Counter Top,,,2CTEMFkBXCdewbyEowT_As,,,
,,,14,23.80.50.11.17,,,,1,,120 V/1-180 VA,1' - 6",,,,,By Type,,Default,,Weather Proof Receptacle,Weather Proof Receptacle: Standard,,0GqqDoX2T0IgNENRpJyWHv,,,L1 - Block 35,,362,,P102,New Construction,None,Standard,,,3LPhih2fj8yueK3tIyLrJ3,,,
,,,14,23.80.50.11.17,,,,1,,120 V/1-180 VA,1' - 6",,,,,By Type,,Default,,Weather Proof Receptacle,Weather Proof Receptacle: Standard,,0GqqDoX2T0IgNENRpJyWGU,,,L1 - Block 35,,363,,P102,New Construction,None,Standard,,,3LPhih2fj8yueK3tIyLrJ3,,,
,,,14,23.80.50.11.17,,,,1,,120 V/1-180 VA,1' - 6",,,,,By Type,,Default,,Weather Proof Receptacle,Weather Proof Receptacle: Standard,,0GqqDoX2T0IgNENRpJyWTb,,,L1 - Block 35,,364,,P102,New Construction,None,Standard,,,3LPhih2fj8yueK3tIyLrJ3,,,
,,,14,23.80.50.11.17,,,,1,,120 V/1-180 VA,4' - 0",,,,,By Type,,Default,,Duplex Receptacle,Duplex Receptacle: GFCI,,11l$wRRbvBzO7JWOm$J8aE,,,L2,,365,,P205,New Construction,None,GFCI,,,3lAjmFWRfDlRceYN7PhLkg,,,
,,,1,23.80.00.00,,,,1,,120 V/1-0 VA,20' - 9",,,,,By Type,,Default,,Electrical Fixtures - Unbalanced Power Connector,Electrical Fixtures - Unbalanced Power Connector: 120 V,,08hP0J1MT868vsMitAxdmk,,,L2,,366,,P106/7,New Construction,None,120 V,,,1QV96iCXbDtwK1tCLueEm7,,,
,,,7,9,23.80.50.11.17,,,,1,,220 V/2-180 VA,1' - 6",,,,,By Type,,Default,,High Voltage Receptacle,High Voltage Receptacle: Standard,,3IPTUVRvP2tRVKLJVNSEPO,,,L4,,367,,P410,New Construction,None,Standard,,,3LPhih2fj8yueK3tIyLhvw,,,
,,,4,23.80.50.11.17,,,,1,,120 V/1-180 VA,1' - 6",,,,,By Type,,Default,,Duplex Receptacle,Duplex Receptacle: GFCI,,3IPTUVRvP2tRVKLJVNSDaB,,,L4,,368,,P409,New Construction,None,GFCI,,,3lAjmFWRfDlRceYN7PhLkg,,,
,,,6,8,23.80.50.11.17,,,,1,,220 V/2-180 VA,1' - 6",,,,,By Type,,Default,,High Voltage Receptacle,High Voltage Receptacle: Standard,,3IPTUVRvP2tRVKLJVNSDYy,,,L4,,369,,P409,New Construction,None,Standard,,,3LPhih2fj8yueK3tIyLhvw,,,
,,,5,23.80.50.11.17,,,,1,,120 V/1-180 VA,4' - 0",,,,,By Type,,Default,,Duplex Receptacle,Duplex Receptacle: GFCI,,3IPTUVRvP2tRVKLJVNSDi_,,,L4,,370,,P409,New Construction,None,GFCI,,,3lAjmFWRfDlRceYN7PhLkg,,,
,,,2,23.80.50.11.17,,,,1,,120 V/1-180 VA,1' - 6",,,,,By Type,,Default,,Duplex Receptacle,Duplex Receptacle: GFCI,,3IPTUVRvP2tRVKLJVNSDtd,,,L4,,371,,P409,New Construction,None,GFCI,,,3lAjmFWRfDlRceYN7PhLkg,,,
,,,3,23.80.50.11.17,,,,1,,120 V/1-180 VA,4' - 0",,,,,By Type,,Default,,Duplex Receptacle,Duplex Receptacle: Counter Top,,3IPTUVRvP2tRVKLJVNSDtk,,,L4,,372,,P409,New Construction,None,Counter Top,,,2CTEMFkBXCdewbyEowT_As,,,
,,,1,23.80.50.11.17,,,,1,,120 V/1-180 VA,1' - 6",,,,,By Type,,Default,,Duplex Receptacle,Duplex Receptacle: Standard,,3IPTUVRvP2tRVKLJVNSDtE,,,L4,,373,,P409,New Construction,None,Standard,,,3lAjmFWRfDlRceYN7PhLke,,,
,,,1,23.80.50.11.17,,,,1,,120 V/1-180 VA,1' - 6",,,,,By Type,,Default,,Duplex Receptacle,Duplex Receptacle: Standard,,3IPTUVRvP2tRVKLJVNSDt9,,,L4,,374,,P409,New Construction,None,Standard,,,3lAjmFWRfDlRceYN7PhLke,,,
,,,1,23.80.50.11.17,,,,1,,120 V/1-180 VA,1' - 6",,,,,By Type,,Default,,Duplex Receptacle,Duplex Receptacle: Standard,,3IPTUVRvP2tRVKLJVNSDrL,,,L4,,375,,P409,New Construction,None,Standard,,,3lAjmFWRfDlRceYN7PhLke,,,
,,,1,23.80.50.11.17,,,,1,,120 V/1-180 VA,1' - 6",,,,,By Type,,Default,,Duplex Receptacle,Duplex Receptacle: Standard,,3IPTUVRvP2tRVKLJVNSDyp,,,L4,,376,,P409,New Construction,None,Standard,,,3lAjmFWRfDlRceYN7PhLke,,,
,,,1,23.80.50.11.17,,,,1,,120 V/1-180 VA,1' - 6",,,,,By Type,,Default,,Duplex Receptacle,Duplex Receptacle: Standard,,3IPTUVRvP2tRVKLJVNSDwo,,,L4,,377,,P409,New Construction,None,Standard,,,3lAjmFWRfDlRceYN7PhLke,,,
,,,3,23.80.50.11.17,,,,1,,120 V/1-180 VA,1' - 6",,,,,By Type,,Default,,Duplex Receptacle,Duplex Receptacle: GFCI,,05XMGzJWf6AfkRoScSdiI6,,,L4,,378,,P407,New Construction,None,GFCI,,,3lAjmFWRfDlRceYN7PhLkg,,,
,,,5,23.80.50.11.17,,,,1,,120 V/1-180 VA,1' - 6",,,,,By Type,,Default,,Duplex Receptacle,Duplex Receptacle: GFCI,,05XMGzJWf6AfkRoScSdiGq,,,L4,,379,,P407,New Construction,None,GFCI,,,3lAjmFWRfDlRceYN7PhLkg,,,
,,,4,23.80.50.11.17,,,,1,,120 V/1-180 VA,4' - 0",,,,,By Type,,Default,,Duplex Receptacle,Duplex Receptacle: Counter Top,,05XMGzJWf6AfkRoScSdiG$,,,L4,,380,,P407,New Construction,None,Counter Top,,,2CTEMFkBXCdewbyEowT_As,,,
,,,1,23.80.50.11.17,,,,1,,120 V/1-180 VA,1' - 6",,,,,By Type,,Default,,Duplex Receptacle,Duplex Receptacle: Standard,,05XMGzJWf6AfkRoScSdiNj,,,L4,,381,,P407,New Construction,None,Standard,,,3lAjmFWRfDlRceYN7PhLke,,,
,,,1,23.80.50.11.17,,,,1,,120 V/1-180 VA,1' - 6",,,,,By Type,,Default,,Duplex Receptacle,Duplex Receptacle: Standard,,05XMGzJWf6AfkRoScSdiMp,,,L4,,382,,P407,New Construction,None,Standard,,,3lAjmFWRfDlRceYN7PhLke,,,
,,,1,23.80.50.11.17,,,,1,,120 V/1-180 VA,1' - 6",,,,,By Type,,Default,,Duplex Receptacle,Duplex Receptacle: Standard,,05XMGzJWf6AfkRoScSdiR3,,,L4,,383,,P407,New Construction,None,Standard,,,3lAjmFWRfDlRceYN7PhLke,,,
,,,2,23.80.50.11.17,,,,1,,120 V/1-180 VA,1' - 6",,,,,By Type,,Default,,Duplex Receptacle,Duplex Receptacle: Standard,,05XMGzJWf6AfkRoScSdiQj,,,L4,,384,,P407,New Construction,None,Standard,,,3lAjmFWRfDlRceYN7PhLke,,,
,,,1,23.80.50.11.17,,,,1,,120 V/1-180 VA,1' - 6",,,,,By Type,,Default,,Duplex Receptacle,Duplex Receptacle: Standard,,05XMGzJWf6AfkRoScSdiO_,,,L4,,385,,P407,New Construction,None,Standard,,,3lAjmFWRfDlRceYN7PhLke,,,
,,,1,23.80.50.11.17,,,,1,,120 V/1-180 VA,1' - 6",,,,,By Type,,Default,,Duplex Receptacle,Duplex Receptacle: Standard,,05XMGzJWf6AfkRoScSdiUv,,,L4,,386,,P407,New Construction,None,Standard,,,3lAjmFWRfDlRceYN7PhLke,,,
,,,1,23.80.50.11.17,,,,1,,120 V/1-180 VA,1' - 6",,,,,By Type,,Default,,Duplex Receptacle,Duplex Receptacle: Standard,,05XMGzJWf6AfkRoScSdiS5,,,L4,,387,,P407,New Construction,None,Standard,,,3lAjmFWRfDlRceYN7PhLke,,,
,,,1,23.80.50.11.17,,,,1,,120 V/1-180 VA,1' - 6",,,,,By Type,,Default,,Duplex Receptacle,Duplex Receptacle: Standard,,05XMGzJWf6AfkRoScSdi3E,,,L4,,388,,P407,New Construction,None,Standard,,,3lAjmFWRfDlRceYN7PhLke,,,
,,,2,23.80.50.11.17,,,,1,,120 V/1-180 VA,1' - 6",,,,,By Type,,Default,,Duplex Receptacle,Duplex Receptacle: Standard,,05XMGzJWf6AfkRoScSdju9,,,L4,,389,,P407,New Construction,None,Standard,,,3lAjmFWRfDlRceYN7PhLke,,,
,,,2,23.80.50.11.17,,,,1,,120 V/1-180 VA,1' - 6",,,,,By Type,,Default,,Duplex Receptacle,Duplex Receptacle: Standard,,05XMGzJWf6AfkRoScSdjuh,,,L4,,390,,P407,New Construction,None,Standard,,,3lAjmFWRfDlRceYN7PhLke,,,
,,,6,23.80.50.11.17,,,,1,,120 V/1-180 VA,4' - 0",,,,,By Type,,Default,,Duplex Receptacle,Duplex Receptacle: GFCI,,05XMGzJWf6AfkRoScSdjzg,,,L4,,391,,P407,New Construction,None,GFCI,,,3lAjmFWRfDlRceYN7PhLkg,,,
,,,6,23.80.50.11.17,,,,1,,120 V/1-180 VA,4' - 0",,,,,By Type,,Default,,Duplex Receptacle,Duplex Receptacle: GFCI,,05XMGzJWf6AfkRoScSdjyA,,,L4,,392,,P407,New Construction,None,GFCI,,,3lAjmFWRfDlRceYN7PhLkg,,,
,,,7,9,23.80.50.11.17,,,,1,,220 V/2-180 VA,4' - 0",,,,,By Type,,Default,,High Voltage Receptacle,High Voltage Receptacle: Standard,,05XMGzJWf6AfkRoScSdjYE,,,L4,,393,,P407,New Construction,None,Standard,,,3LPhih2fj8yueK3tIyLhvw,,,
,,,1,23.80.50.11.17,,,,1,,120 V/1-180 VA,1' - 6",,,,,By Type,,Default,,Duplex Receptacle,Duplex Receptacle: Standard,,3lWwpBK5z9JPkrwYdL1Wuv,,,L4,,394,,P405,New Construction,None,Standard,,,3lAjmFWRfDlRceYN7PhLke,,,
,,,1,23.80.50.11.17,,,,1,,120 V/1-180 VA,1' - 6",,,,,By Type,,Default,,Duplex Receptacle,Duplex Receptacle: Standard,,3lWwpBK5z9JPkrwYdL1WxT,,,L4,,395,,P405,New Construction,None,Standard,,,3lAjmFWRfDlRceYN7PhLke,,,
,,,1,23.80.50.11.17,,,,1,,120 V/1-180 VA,1' - 6",,,,,By Type,,Default,,Duplex Receptacle,Duplex Receptacle: Standard,,3lWwpBK5z9JPkrwYdL1WwZ,,,L4,,396,,P405,New Construction,None,Standard,,,3lAjmFWRfDlRceYN7PhLke,,,
,,,,23.80.50.11.17,,,,1,,120 V/1-180 VA,1' - 6",,,,,By Type,,Default,,Duplex Receptacle,Duplex Receptacle: Standard,,3lWwpBK5z9JPkrwYdL1Wyq,,,L4,,397,,,New Construction,None,Standard,,,3lAjmFWRfDlRceYN7PhLke,,,
,,,5,23.80.50.11.17,,,,1,,120 V/1-180 VA,4' - 0",,,,,By Type,,Default,,Duplex Receptacle,Duplex Receptacle: GFCI,,3lWwpBK5z9JPkrwYdL1W1y,,,L4,,398,,P405,New Construction,None,GFCI,,,3lAjmFWRfDlRceYN7PhLkg,,,
,,,5,23.80.50.11.17,,,,1,,120 V/1-180 VA,4' - 0",,,,,By Type,,Default,,Duplex Receptacle,Duplex Receptacle: GFCI,,3lWwpBK5z9JPkrwYdL1W7X,,,L4,,399,,P405,New Construction,None,GFCI,,,3lAjmFWRfDlRceYN7PhLkg,,,
,,,6,8,23.80.50.11.17,,,,1,,220 V/2-180 VA,1' - 6",,,,,By Type,,Default,,High Voltage Receptacle,High Voltage Receptacle: Standard,,3lWwpBK5z9JPkrwYdL1W99,,,L4,,400,,P405,New Construction,None,Standard,,,3LPhih2fj8yueK3tIyLhvw,,,
,,,4,23.80.50.11.17,,,,1,,120 V/1-180 VA,1' - 6",,,,,By Type,,Default,,Duplex Receptacle,Duplex Receptacle: GFCI,,3lWwpBK5z9JPkrwYdL1WHs,,,L4,,401,,P405,New Construction,None,GFCI,,,3lAjmFWRfDlRceYN7PhLkg,,,
,,,2,23.80.50.11.17,,,,1,,120 V/1-180 VA,1' - 6",,,,,By Type,,Default,,Duplex Receptacle,Duplex Receptacle: GFCI,,3lWwpBK5z9JPkrwYdL1WI0,,,L4,,402,,P405,New Construction,None,GFCI,,,3lAjmFWRfDlRceYN7PhLkg,,,
,,,3,23.80.50.11.17,,,,1,,120 V/1-180 VA,4' - 0",,,,,By Type,,Default,,Duplex Receptacle,Duplex Receptacle: Counter Top,,3lWwpBK5z9JPkrwYdL1WI7,,,L4,,403,,P405,New Construction,None,Counter Top,,,2CTEMFkBXCdewbyEowT_As,,,
,,,1,23.80.50.11.17,,,,1,,120 V/1-180 VA,1' - 6",,,,,By Type,,Default,,Duplex Receptacle,Duplex Receptacle: Standard,,3lWwpBK5z9JPkrwYdL1WL0,,,L4,,404,,P405,New Construction,None,Standard,,,3lAjmFWRfDlRceYN7PhLke,,,
,,,1,23.80.50.11.17,,,,1,,120 V/1-180 VA,1' - 6",,,,,By Type,,Default,,Duplex Receptacle,Duplex Receptacle: Standard,,3lWwpBK5z9JPkrwYdL1WLH,,,L4,,405,,P405,New Construction,None,Standard,,,3lAjmFWRfDlRceYN7PhLke,,,
,,,1,23.80.50.11.17,,,,1,,120 V/1-180 VA,1' - 6",,,,,By Type,,Default,,Duplex Receptacle,Duplex Receptacle: Standard,,3lWwpBK5z9JPkrwYdL1WM4,,,L4,,406,,P405,New Construction,None,Standard,,,3lAjmFWRfDlRceYN7PhLke,,,
,,,1,23.80.50.11.17,,,,1,,120 V/1-180 VA,1' - 6",,,,,By Type,,Default,,Duplex Receptacle,Duplex Receptacle: Standard,,2cEKjkCazCzf9rl4D$rx2F,,,L4,,407,,P403,New Construction,None,Standard,,,3lAjmFWRfDlRceYN7PhLke,,,
,,,1,23.80.50.11.17,,,,1,,120 V/1-180 VA,1' - 6",,,,,By Type,,Default,,Duplex Receptacle,Duplex Receptacle: Standard,,2cEKjkCazCzf9rl4D$rx2I,,,L4,,408,,P403,New Construction,None,Standard,,,3lAjmFWRfDlRceYN7PhLke,,,
,,,1,23.80.50.11.17,,,,1,,120 V/1-180 VA,1' - 6",,,,,By Type,,Default,,Duplex Receptacle,Duplex Receptacle: Standard,,2cEKjkCazCzf9rl4D$rx09,,,L4,,409,,P403,New Construction,None,Standard,,,3lAjmFWRfDlRceYN7PhLke,,,
,,,2,23.80.50.11.17,,,,1,,120 V/1-180 VA,1' - 6",,,,,By Type,,Default,,Duplex Receptacle,Duplex Receptacle: Standard,,2cEKjkCazCzf9rl4D$rx6v,,,L4,,410,,P403,New Construction,None,Standard,,,3lAjmFWRfDlRceYN7PhLke,,,
,,,2,23.80.50.11.17,,,,1,,120 V/1-180 VA,1' - 6",,,,,By Type,,Default,,Duplex Receptacle,Duplex Receptacle: Standard,,2cEKjkCazCzf9rl4D$rx71,,,L4,,411,,P403,New Construction,None,Standard,,,3lAjmFWRfDlRceYN7PhLke,,,
,,,2,23.80.50.11.17,,,,1,,120 V/1-180 VA,1' - 6",,,,,By Type,,Default,,Duplex Receptacle,Duplex Receptacle: Standard,,2cEKjkCazCzf9rl4D$rx5D,,,L4,,412,,P403,New Construction,None,Standard,,,3lAjmFWRfDlRceYN7PhLke,,,
,,,5,23.80.50.11.17,,,,1,,120 V/1-180 VA,1' - 6",,,,,By Type,,Default,,Duplex Receptacle,Duplex Receptacle: GFCI,,2cEKjkCazCzf9rl4D$rxBr,,,L4,,413,,P403,New Construction,None,GFCI,,,3lAjmFWRfDlRceYN7PhLkg,,,
,,,7,23.80.50.11.17,,,,1,,120 V/1-180 VA,1' - 6",,,,,By Type,,Default,,Duplex Receptacle,Duplex Receptacle: Standard,,2cEKjkCazCzf9rl4D$rxID,,,L4,,414,,P403,New Construction,None,Standard,,,3lAjmFWRfDlRceYN7PhLke,,,
,,,1,23.80.50.11.17,,,,1,,120 V/1-180 VA,1' - 6",,,,,By Type,,Default,,Duplex Receptacle,Duplex Receptacle: Standard,,2cEKjkCazCzf9rl4D$rxG5,,,L4,,415,,P403,New Construction,None,Standard,,,3lAjmFWRfDlRceYN7PhLke,,,
,,,1,23.80.50.11.17,,,,1,,120 V/1-180 VA,1' - 6",,,,,By Type,,Default,,Duplex Receptacle,Duplex Receptacle: Standard,,2cEKjkCazCzf9rl4D$rxMm,,,L4,,416,,P403,New Construction,None,Standard,,,3lAjmFWRfDlRceYN7PhLke,,,
,,,1,23.80.50.11.17,,,,1,,120 V/1-180 VA,1' - 6",,,,,By Type,,Default,,Duplex Receptacle,Duplex Receptacle: Standard,,2cEKjkCazCzf9rl4D$rxKC,,,L4,,417,,P403,New Construction,None,Standard,,,3lAjmFWRfDlRceYN7PhLke,,,
,,,4,23.80.50.11.17,,,,1,,120 V/1-180 VA,4' - 0",,,,,By Type,,Default,,Duplex Receptacle,Duplex Receptacle: Counter Top,,2cEKjkCazCzf9rl4D$rxQq,,,L4,,418,,P403,New Construction,None,Counter Top,,,2CTEMFkBXCdewbyEowT_As,,,
,,,3,23.80.50.11.17,,,,1,,120 V/1-180 VA,1' - 6",,,,,By Type,,Default,,Duplex Receptacle,Duplex Receptacle: GFCI,,2cEKjkCazCzf9rl4D$rxRD,,,L4,,419,,P403,New Construction,None,GFCI,,,3lAjmFWRfDlRceYN7PhLkg,,,
,,,6,23.80.50.11.17,,,,1,,120 V/1-180 VA,4' - 0",,,,,By Type,,Default,,Duplex Receptacle,Duplex Receptacle: GFCI,,2cEKjkCazCzf9rl4D$rxOw,,,L4,,420,,P403,New Construction,None,GFCI,,,3lAjmFWRfDlRceYN7PhLkg,,,
,,,6,23.80.50.11.17,,,,1,,120 V/1-180 VA,4' - 0",,,,,By Type,,Default,,Duplex Receptacle,Duplex Receptacle: GFCI,,2cEKjkCazCzf9rl4D$rxPL,,,L4,,421,,P403,New Construction,None,GFCI,,,3lAjmFWRfDlRceYN7PhLkg,,,
,,,4,23.80.50.11.17,,,,1,,120 V/1-180 VA,4' - 0",,,,,By Type,,Default,,Duplex Receptacle,Duplex Receptacle: Flush Valve,,2CTEMFkBXCdewbyEowT_1l,,,L3,,422,,P301,New Construction,None,Flush Valve,Circuit and wiring for flush valve,,2CTEMFkBXCdewbyEowT_2E,,,
,,,8,23.80.50.11.17,,,,1,,120 V/1-180 VA,3' - 0",,,,,By Type,,Default,,Weather Proof Receptacle,Weather Proof Receptacle: Standard,,3yjE$4O0vCHQNdwFHeq1Pk,,,L5,,423,,P507,New Construction,None,Standard,,,3LPhih2fj8yueK3tIyLrJ3,,,
,,,4,23.80.50.11.17,,,,1,,120 V/1-180 VA,3' - 0",,,,,By Type,,Default,,Weather Proof Receptacle,Weather Proof Receptacle: Standard,,3yjE$4O0vCHQNdwFHeq1Pz,,,L5,,424,,P500,New Construction,None,Standard,,,3LPhih2fj8yueK3tIyLrJ3,,,
,,,3,23.80.50.11.17,,,,1,,120 V/1-180 VA,3' - 0",,,,,By Type,,Default,,Weather Proof Receptacle,Weather Proof Receptacle: Standard,,3yjE$4O0vCHQNdwFHeq0Zn,,,L5,,425,,P500,New Construction,None,Standard,,,3LPhih2fj8yueK3tIyLrJ3,,,
,,,10,23.80.50.11.17,,,,1,,120 V/1-180 VA,1' - 6",,,,,By Type,,Default,,Duplex Receptacle,Duplex Receptacle: Standard,,2wTdTK0a92be$dZ8OoEjII,,,L5,,426,,P406,New Construction,None,Standard,,,3lAjmFWRfDlRceYN7PhLke,,,
,,,10,23.80.50.11.17,,,,1,,120 V/1-180 VA,1' - 6",,,,,By Type,,Default,,Duplex Receptacle,Duplex Receptacle: Standard,,2wTdTK0a92be$dZ8OoEjDr,,,L5,,427,,P406,New Construction,None,Standard,,,3lAjmFWRfDlRceYN7PhLke,,,
,,,10,23.80.50.11.17,,,,1,,120 V/1-180 VA,1' - 6",,,,,By Type,,Default,,Duplex Receptacle,Duplex Receptacle: Standard,,2wTdTK0a92be$dZ8OoEjEx,,,L5,,428,,P406,New Construction,None,Standard,,,3lAjmFWRfDlRceYN7PhLke,,,
,,,10,23.80.50.11.17,,,,1,,120 V/1-180 VA,1' - 6",,,,,By Type,,Default,,Duplex Receptacle,Duplex Receptacle: Standard,,2wTdTK0a92be$dZ8OoEj8a,,,L5,,429,,P406,New Construction,None,Standard,,,3lAjmFWRfDlRceYN7PhLke,,,
,,,10,23.80.50.11.17,,,,1,,120 V/1-180 VA,1' - 6",,,,,By Type,,Default,,Duplex Receptacle,Duplex Receptacle: Standard,,2wTdTK0a92be$dZ8OoEj4m,,,L5,,430,,P406,New Construction,None,Standard,,,3lAjmFWRfDlRceYN7PhLke,,,
,,,10,23.80.50.11.17,,,,1,,120 V/1-180 VA,1' - 6",,,,,By Type,,Default,,Duplex Receptacle,Duplex Receptacle: Standard,,2wTdTK0a92be$dZ8OoEj78,,,L5,,431,,P406,New Construction,None,Standard,,,3lAjmFWRfDlRceYN7PhLke,,,
,,,1,23.80.50.11.17,,,,1,,120 V/1-180 VA,1' - 6",,,,,By Type,,Default,,Duplex Receptacle,Duplex Receptacle: Standard,,2wTdTK0a92be$dZ8OoEjzH,,,L5,,432,,P501,New Construction,None,Standard,,,3lAjmFWRfDlRceYN7PhLke,,,
,,,1,23.80.50.11.17,,,,1,,120 V/1-180 VA,1' - 6",,,,,By Type,,Default,,Duplex Receptacle,Duplex Receptacle: Standard,,2wTdTK0a92be$dZ8OoEjyW,,,L5,,433,,P501,New Construction,None,Standard,,,3lAjmFWRfDlRceYN7PhLke,,,
,,,1,23.80.50.11.17,,,,1,,120 V/1-180 VA,1' - 6",,,,,By Type,,Default,,Duplex Receptacle,Duplex Receptacle: Standard,,2wTdTK0a92be$dZ8OoEju_,,,L5,,434,,P501,New Construction,None,Standard,,,3lAjmFWRfDlRceYN7PhLke,,,
,,,1,23.80.50.11.17,,,,1,,120 V/1-180 VA,1' - 6",,,,,By Type,,Default,,Duplex Receptacle,Duplex Receptacle: Standard,,2wTdTK0a92be$dZ8OoEjxi,,,L5,,435,,P501,New Construction,None,Standard,,,3lAjmFWRfDlRceYN7PhLke,,,
,,,2,23.80.50.11.17,,,,1,,120 V/1-180 VA,1' - 6",,,,,By Type,,Default,,Duplex Receptacle,Duplex Receptacle: Standard,,2wTdTK0a92be$dZ8OoEjst,,,L5,,436,,P501,New Construction,None,Standard,,,3lAjmFWRfDlRceYN7PhLke,,,
,,,2,23.80.50.11.17,,,,1,,120 V/1-180 VA,1' - 6",,,,,By Type,,Default,,Duplex Receptacle,Duplex Receptacle: Standard,,2wTdTK0a92be$dZ8OoEjsL,,,L5,,437,,P501,New Construction,None,Standard,,,3lAjmFWRfDlRceYN7PhLke,,,
,,,2,23.80.50.11.17,,,,1,,120 V/1-180 VA,1' - 6",,,,,By Type,,Default,,Duplex Receptacle,Duplex Receptacle: Standard,,2wTdTK0a92be$dZ8OoEjpn,,,L5,,438,,P501,New Construction,None,Standard,,,3lAjmFWRfDlRceYN7PhLke,,,
,,,2,23.80.50.11.17,,,,1,,120 V/1-180 VA,1' - 6",,,,,By Type,,Default,,Duplex Receptacle,Duplex Receptacle: Standard,,2wTdTK0a92be$dZ8OoEjoK,,,L5,,439,,P501,New Construction,None,Standard,,,3lAjmFWRfDlRceYN7PhLke,,,
,,,1,23.80.50.11.17,,,,1,,120 V/1-180 VA,1' - 6",,,,,By Type,,Default,,Duplex Receptacle,Duplex Receptacle: Standard,,2wTdTK0a92be$dZ8OoEjiu,,,L5,,440,,P501,New Construction,None,Standard,,,3lAjmFWRfDlRceYN7PhLke,,,
,,,1,23.80.50.11.17,,,,1,,120 V/1-180 VA,1' - 6",,,,,By Type,,Default,,Duplex Receptacle,Duplex Receptacle: Standard,,2wTdTK0a92be$dZ8OoEjkh,,,L5,,441,,P501,New Construction,None,Standard,,,3lAjmFWRfDlRceYN7PhLke,,,
,,,1,23.80.50.11.17,,,,1,,120 V/1-180 VA,1' - 6",,,,,By Type,,Default,,Duplex Receptacle,Duplex Receptacle: Standard,,2wTdTK0a92be$dZ8OoEjg3,,,L5,,442,,P501,New Construction,None,Standard,,,3lAjmFWRfDlRceYN7PhLke,,,
,,,1,23.80.50.11.17,,,,1,,120 V/1-180 VA,4' - 0",,,,,By Type,,Default,,Duplex Receptacle,Duplex Receptacle: GFCI,,02e6XoJcr0ZhJ0cS3roUyW,,,R2,,443,,P-Roof,New Construction,None,GFCI,,,3lAjmFWRfDlRceYN7PhLkg,,,
,,,1,23.80.50.11.17,,,,1,,120 V/1-180 VA,4' - 0",,,,,By Type,,Default,,Duplex Receptacle,Duplex Receptacle: GFCI,,02e6XoJcr0ZhJ0cS3roUy4,,,R2,,444,,P-Roof,New Construction,None,GFCI,,,3lAjmFWRfDlRceYN7PhLkg,,,
,,,2,23.80.50.11.17,,,,1,,120 V/1-180 VA,1' - 6",,,,,By Type,,Default,,Duplex Receptacle,Duplex Receptacle: Standard,,02e6XoJcr0ZhJ0cS3roUme,,,R2,,445,,P-Roof,New Construction,None,Standard,,,3lAjmFWRfDlRceYN7PhLke,,,
,,,1,23.80.50.11.17,,,,1,,120 V/1-180 VA,4' - 0",,,,,By Type,,Default,,Duplex Receptacle,Duplex Receptacle: GFCI,,2bNRZgBBDBeQaLEE6xLbMu,,,L1 - Block 37,,446,,P105,New Construction,None,GFCI,,,3lAjmFWRfDlRceYN7PhLkg,,,
,,,1,23.80.50.11.17,,,,1,,120 V/1-180 VA,4' - 0",,,,,By Type,,Default,,Duplex Receptacle,Duplex Receptacle: GFCI,,2bNRZgBBDBeQaLEE6xLbPj,,,L1 - Block 37,,447,,P105,New Construction,None,GFCI,,,3lAjmFWRfDlRceYN7PhLkg,,,
,,,20,23.80.50.11.17,,,,1,,120 V/1-180 VA,4' - 0",Yes,,,,By Type,,Default,,Duplex Receptacle,Duplex Receptacle: Flush Valve,,2bNRZgBBDBeQaLEE6xLb0H,,,L1 - Block 35,,448,,P102,New Construction,None,Flush Valve,Circuit and wiring for flush valve,,2CTEMFkBXCdewbyEowT_2E,,,
,,,20,23.80.50.11.17,,,,1,,120 V/1-180 VA,4' - 0",Yes,,,,By Type,,Default,,Duplex Receptacle,Duplex Receptacle: Flush Valve,,2bNRZgBBDBeQaLEE6xLb3G,,,L1 - Block 35,,449,,P102,New Construction,None,Flush Valve,Circuit and wiring for flush valve,,2CTEMFkBXCdewbyEowT_2E,,,
,,,4,23.80.50.11.17,,,,1,,120 V/1-180 VA,4' - 0",,,,,By Type,,Default,,Duplex Receptacle,Duplex Receptacle: Flush Valve,,2bNRZgBBDBeQaLEE6xLb54,,,L1 - Block 43,,450,,P109,New Construction,None,Flush Valve,Circuit and wiring for flush valve,,2CTEMFkBXCdewbyEowT_2E,,,
,,,4,23.80.50.11.17,,,,1,,120 V/1-180 VA,4' - 0",,,,,By Type,,Default,,Duplex Receptacle,Duplex Receptacle: Flush Valve,,2bNRZgBBDBeQaLEE6xLb7r,,,L1 - Block 43,,451,,P109,New Construction,None,Flush Valve,Circuit and wiring for flush valve,,2CTEMFkBXCdewbyEowT_2E,,,
,,,2,23.80.50.11.17,,,,1,,120 V/1-180 VA,4' - 0",,,,,By Type,,Default,,Duplex Receptacle,Duplex Receptacle: Flush Valve,,2bNRZgBBDBeQaLEE6xLbA0,,,L1 - Block 37,,452,,P105,New Construction,None,Flush Valve,Circuit and wiring for flush valve,,2CTEMFkBXCdewbyEowT_2E,,,
,,,2,23.80.50.11.17,,,,1,,120 V/1-180 VA,4' - 0",,,,,By Type,,Default,,Duplex Receptacle,Duplex Receptacle: Flush Valve,,2bNRZgBBDBeQaLEE6xLbAM,,,L1 - Block 37,,453,,P105,New Construction,None,Flush Valve,Circuit and wiring for flush valve,,2CTEMFkBXCdewbyEowT_2E,,,
,,,6,23.80.50.11.17,,,,1,,120 V/1-180 VA,3' - 6",,,,,By Type,,Default,,Duplex Receptacle,Duplex Receptacle: Standard,,2bNRZgBBDBeQaLEE6xLbE6,,,L1 - Block 37,,454,,P106/7,New Construction,None,Standard,,,3lAjmFWRfDlRceYN7PhLke,,,
,,,6,23.80.50.11.17,,,,1,,120 V/1-180 VA,3' - 6",,,,,By Type,,Default,,Duplex Receptacle,Duplex Receptacle: Standard,,2bNRZgBBDBeQaLEE6xLbEG,,,L1 - Block 37,,455,,P106/7,New Construction,None,Standard,,,3lAjmFWRfDlRceYN7PhLke,,,
,,,6,23.80.50.11.17,,,,1,,120 V/1-180 VA,3' - 6",,,,,By Type,,Default,,Duplex Receptacle,Duplex Receptacle: Standard,,2bNRZgBBDBeQaLEE6xLbmt,,,L1 - Block 37,,456,,P106/7,New Construction,None,Standard,,,3lAjmFWRfDlRceYN7PhLke,,,
,,,6,23.80.50.11.17,,,,1,,120 V/1-180 VA,3' - 6",,,,,By Type,,Default,,Duplex Receptacle,Duplex Receptacle: Standard,,2bNRZgBBDBeQaLEE6xLbpV,,,L1 - Block 37,,457,,P106/7,New Construction,None,Standard,,,3lAjmFWRfDlRceYN7PhLke,,,
,,,4,23.80.50.11.17,,,,1,,120 V/1-180 VA,4' - 0",,,,,By Type,,Default,,Duplex Receptacle,Duplex Receptacle: Flush Valve,,2OS$VukoL3BfybtdaElCNF,,,L1 - Block 37,,458,,P108,New Construction,None,Flush Valve,Circuit and wiring for flush valve,,2CTEMFkBXCdewbyEowT_2E,,,
,,,4,23.80.50.11.17,,,,1,,120 V/1-180 VA,4' - 0",,,,,By Type,,Default,,Duplex Receptacle,Duplex Receptacle: Flush Valve,,2OS$VukoL3BfybtdaElCMy,,,L1 - Block 37,,459,,P108,New Construction,None,Flush Valve,Circuit and wiring for flush valve,,2CTEMFkBXCdewbyEowT_2E,,,
,,,7,23.80.50.11.17,,,,1,,120 V/1-180 VA,1' - 6",,,,,By Type,,Default,,Duplex Receptacle,Duplex Receptacle: Standard,,2OS$VukoL3BfybtdaElC1Q,,,L1 - Block 37,,460,,P106/7,New Construction,None,Standard,,,3lAjmFWRfDlRceYN7PhLke,,,
,,,7,23.80.50.11.17,,,,1,,120 V/1-180 VA,1' - 6",,,,,By Type,,Default,,Duplex Receptacle,Duplex Receptacle: Standard,,2OS$VukoL3BfybtdaElC1n,,,L1 - Block 37,,461,,P106/7,New Construction,None,Standard,,,3lAjmFWRfDlRceYN7PhLke,,,
,,,3,23.80.50.11.17,,,,1,,120 V/1-360 VA,3' - 6",,,,,By Type,,Default,,Quadruplex Receptacle,Quadruplex Receptacle: Plain,,2OS$VukoL3BfybtdaElC2m,,,L1 - Block 37,,462,,P105,New Construction,None,Plain,,,3LPhih2fj8yueK3tIyLgYM,,,
,,,3,23.80.50.11.17,,,,1,,120 V/1-360 VA,3' - 6",,,,,By Type,,Default,,Quadruplex Receptacle,Quadruplex Receptacle: Plain,,2OS$VukoL3BfybtdaElC5B,,,L1 - Block 37,,463,,P105,New Construction,None,Plain,,,3LPhih2fj8yueK3tIyLgYM,,,
,,,3,23.80.50.11.17,,,,1,,120 V/1-360 VA,3' - 6",,,,,By Type,,Default,,Quadruplex Receptacle,Quadruplex Receptacle: Plain,,2OS$VukoL3BfybtdaElC63,,,L1 - Block 37,,464,,P105,New Construction,None,Plain,,,3LPhih2fj8yueK3tIyLgYM,,,
,,,3,23.80.50.11.17,,,,1,,120 V/1-360 VA,3' - 6",,,,,By Type,,Default,,Quadruplex Receptacle,Quadruplex Receptacle: Plain,,2OS$VukoL3BfybtdaElC9N,,,L1 - Block 37,,465,,P105,New Construction,None,Plain,,,3LPhih2fj8yueK3tIyLgYM,,,
,,,3,23.80.50.11.17,,,,1,,120 V/1-360 VA,3' - 6",,,,,By Type,,Default,,Quadruplex Receptacle,Quadruplex Receptacle: Plain,,2OS$VukoL3BfybtdaElCDc,,,L1 - Block 37,,466,,P105,New Construction,None,Plain,,,3LPhih2fj8yueK3tIyLgYM,,,
,,,3,23.80.50.11.17,,,,1,,120 V/1-360 VA,3' - 6",,,,,By Type,,Default,,Quadruplex Receptacle,Quadruplex Receptacle: Plain,,2OS$VukoL3BfybtdaElDnF,,,L1 - Block 37,,467,,P105,New Construction,None,Plain,,,3LPhih2fj8yueK3tIyLgYM,,,
,,,3,23.80.50.11.17,,,,1,,120 V/1-360 VA,3' - 6",,,,,By Type,,Default,,Quadruplex Receptacle,Quadruplex Receptacle: Plain,,2OS$VukoL3BfybtdaElDtS,,,L1 - Block 37,,468,,P105,New Construction,None,Plain,,,3LPhih2fj8yueK3tIyLgYM,,,
,,,3,23.80.50.11.17,,,,1,,120 V/1-360 VA,3' - 6",,,,,By Type,,Default,,Quadruplex Receptacle,Quadruplex Receptacle: Plain,,2OS$VukoL3BfybtdaElDsv,,,L1 - Block 37,,469,,P105,New Construction,None,Plain,,,3LPhih2fj8yueK3tIyLgYM,,,
,,,7,23.80.50.11.17,,,,1,,120 V/1-180 VA,4' - 0",,,,,By Type,,Default,,Duplex Receptacle,Duplex Receptacle: GFCI,,3fCToxz9T0k8vJ8FK$fDwJ,,,L3,,470,,P307,New Construction,None,GFCI,,,3lAjmFWRfDlRceYN7PhLkg,,,
,,,7,23.80.50.11.17,,,,1,,120 V/1-180 VA,4' - 0",,,,,By Type,,Default,,Duplex Receptacle,Duplex Receptacle: GFCI,,3fCToxz9T0k8vJ8FK$fDxh,,,L3,,471,,P307,New Construction,None,GFCI,,,3lAjmFWRfDlRceYN7PhLkg,,,
,,,7,23.80.50.11.17,,,,1,,120 V/1-180 VA,4' - 0",,,,,By Type,,Default,,Duplex Receptacle,Duplex Receptacle: GFCI,,0Icn3QN6j2iPW_lwNVTV60,,,L4,,472,,P408,New Construction,None,GFCI,,,3lAjmFWRfDlRceYN7PhLkg,,,
,,,8,23.80.50.11.17,,,,1,,120 V/1-180 VA,4' - 0",,,,,By Type,,Default,,Duplex Receptacle,Duplex Receptacle: GFCI,,25Ky8MPhTDpOJAn90BFb7k,,,L5,,473,,P506,New Construction,None,GFCI,,,3lAjmFWRfDlRceYN7PhLkg,,,
,,,13,23.80.50.11.17,,,,1,,120 V/1-180 VA,1' - 6",,,,,By Type,,Default,,Weather Proof Receptacle,Weather Proof Receptacle: Standard,,08IbMjxq53e9e_eoaekJsQ,,,L1 - Block 43,,474,,LP000,New Construction,None,Standard,,,3LPhih2fj8yueK3tIyLrJ3,,,
,,,13,23.80.50.11.17,,,,1,,120 V/1-180 VA,1' - 6",,,,,By Type,,Default,,Weather Proof Receptacle,Weather Proof Receptacle: Standard,,08IbMjxq53e9e_eoaekK9O,,,L1 - Block 43,,475,,LP000,New Construction,None,Standard,,,3LPhih2fj8yueK3tIyLrJ3,,,
,,,4,23.80.50.11.17,,,,1,,120 V/1-180 VA,1' - 6",,,,,By Type,,Default,,Weather Proof Receptacle,Weather Proof Receptacle: Standard,,0eoCdzR8X1zQilbJbl1ltM,,,L1 - Block 37,,476,,P105,New Construction,None,Standard,,,3LPhih2fj8yueK3tIyLrJ3,,,
,,,8,23.80.50.11.17,,,,1,,120 V/1-180 VA,1' - 6",,,,,By Type,,Default,,Weather Proof Receptacle,Weather Proof Receptacle: Standard,,0eoCdzR8X1zQilbJbl1lus,,,L1 - Block 37,,477,,P106/7,New Construction,None,Standard,,,3LPhih2fj8yueK3tIyLrJ3,,,
,,,22,23.80.50.11.17,,,,1,,120 V/1-180 VA,1' - 6",Yes,,,,By Type,,Default,,Weather Proof Receptacle,Weather Proof Receptacle: Standard,,0eoCdzR8X1zQilbJbl1lzl,,,L1 - Block 35,,478,,P102,New Construction,None,Standard,,,3LPhih2fj8yueK3tIyLrJ3,,,
,,,15,17,23.80.50.11.17,,,,1,,220 V/2-180 VA,1' - 6",,,,,By Type,,Default,,High Voltage Receptacle,High Voltage Receptacle: Standard,,3teKBedNP8PxTye3XenCr2,,,L2,,479,,P204,New Construction,None,Standard,,,3LPhih2fj8yueK3tIyLhvw,,,
,,,12,14,23.80.50.11.17,,,,1,,220 V/2-180 VA,1' - 6",,,,,By Type,,Default,,High Voltage Receptacle,High Voltage Receptacle: Standard,,3teKBedNP8PxTye3XenCsA,,,L2,,480,,P203,New Construction,None,Standard,,,3LPhih2fj8yueK3tIyLhvw,,,
,,,15,17,23.80.50.11.17,,,,1,,220 V/2-180 VA,1' - 6",,,,,By Type,,Default,,High Voltage Receptacle,High Voltage Receptacle: Standard,,3teKBedNP8PxTye3XenCtM,,,L2,,481,,P205,New Construction,None,Standard,,,3LPhih2fj8yueK3tIyLhvw,,,
,,,13,15,23.80.50.11.17,,,,1,,220 V/2-180 VA,1' - 6",,,,,By Type,,Default,,High Voltage Receptacle,High Voltage Receptacle: Standard,,3teKBedNP8PxTye3XenCnh,,,L2,,482,,P202,New Construction,None,Standard,,,3LPhih2fj8yueK3tIyLhvw,,,
,,,23,25,23.80.50.11.17,,,,1,,220 V/2-180 VA,1' - 6",Yes,,,,By Type,,Default,,High Voltage Receptacle,High Voltage Receptacle: Standard,,3teKBedNP8PxTye3XenCp1,,,L1 - Block 35,,483,,P102,New Construction,None,Standard,,,3LPhih2fj8yueK3tIyLhvw,,,
,,,24,26,23.80.50.11.17,,,,1,,220 V/2-180 VA,1' - 6",Yes,,,,By Type,,Default,,High Voltage Receptacle,High Voltage Receptacle: Standard,,3teKBedNP8PxTye3XenCy5,,,L1 - Block 35,,484,,P102,New Construction,None,Standard,,,3LPhih2fj8yueK3tIyLhvw,,,
,,,5,7,23.80.50.11.17,,,,1,,220 V/2-180 VA,1' - 6",,,,,By Type,,Default,,High Voltage Receptacle,High Voltage Receptacle: Standard,,3teKBedNP8PxTye3XenCzG,,,L1 - Block 37,,485,,P105,New Construction,None,Standard,,,3LPhih2fj8yueK3tIyLhvw,,,
,,,9,11,23.80.50.11.17,,,,1,,220 V/2-180 VA,1' - 6",,,,,By Type,,Default,,High Voltage Receptacle,High Voltage Receptacle: Standard,,3teKBedNP8PxTye3XenC_o,,,L1 - Block 37,,486,,P106/7,New Construction,None,Standard,,,3LPhih2fj8yueK3tIyLhvw,,,
,,,5,7,23.80.50.11.17,,,,1,,220 V/2-180 VA,1' - 6",,,,,By Type,,Default,,High Voltage Receptacle,High Voltage Receptacle: Standard,,3teKBedNP8PxTye3XenC$j,,,L1 - Block 37,,487,,P108,New Construction,None,Standard,,,3LPhih2fj8yueK3tIyLhvw,,,
,,,6,8,23.80.50.11.17,,,,1,,220 V/2-180 VA,1' - 6",,,,,By Type,,Default,,High Voltage Receptacle,High Voltage Receptacle: Standard,,3teKBedNP8PxTye3XenD5C,,,L1 - Block 43,,488,,P109,New Construction,None,Standard,,,3LPhih2fj8yueK3tIyLhvw,,,
,,,6,8,23.80.50.11.17,,,,1,,220 V/2-180 VA,1' - 6",,,,,By Type,,Default,,High Voltage Receptacle,High Voltage Receptacle: Standard,,3teKBedNP8PxTye3XenD0i,,,L3,,489,,P301,New Construction,None,Standard,,,3LPhih2fj8yueK3tIyLhvw,,,
,,,8,10,23.80.50.11.17,,,,1,,220 V/2-180 VA,1' - 6",,,,,By Type,,Default,,High Voltage Receptacle,High Voltage Receptacle: Standard,,3teKBedNP8PxTye3XenD1j,,,L3,,490,,P304,New Construction,None,Standard,,,3LPhih2fj8yueK3tIyLhvw,,,
,,,12,14,23.80.50.11.17,,,,1,,220 V/2-180 VA,1' - 6",,,,,By Type,,Default,,High Voltage Receptacle,High Voltage Receptacle: Standard,,3teKBedNP8PxTye3XenD2N,,,L3,,491,,P307,New Construction,None,Standard,,,3LPhih2fj8yueK3tIyLhvw,,,
,,,11,13,23.80.50.11.17,,,,1,,220 V/2-180 VA,1' - 6",,,,,By Type,,Default,,High Voltage Receptacle,High Voltage Receptacle: Standard,,3teKBedNP8PxTye3XenDCg,,,L3,,492,,P309,New Construction,None,Standard,,,3LPhih2fj8yueK3tIyLhvw,,,
,,,11,13,23.80.50.11.17,,,,1,,220 V/2-180 VA,1' - 6",,,,,By Type,,Default,,High Voltage Receptacle,High Voltage Receptacle: Standard,,3teKBedNP8PxTye3XenDDB,,,L3,,493,,P308,New Construction,None,Standard,,,3LPhih2fj8yueK3tIyLhvw,,,
,,,10,12,23.80.50.11.17,,,,1,,220 V/2-180 VA,1' - 6",,,,,By Type,,Default,,High Voltage Receptacle,High Voltage Receptacle: Standard,,3teKBedNP8PxTye3XenDE1,,,L3,,494,,P306,New Construction,None,Standard,,,3LPhih2fj8yueK3tIyLhvw,,,
,,,7,9,23.80.50.11.17,,,,1,,220 V/2-180 VA,1' - 6",,,,,By Type,,Default,,High Voltage Receptacle,High Voltage Receptacle: Standard,,3teKBedNP8PxTye3XenD8f,,,L3,,495,,P303,New Construction,None,Standard,,,3LPhih2fj8yueK3tIyLhvw,,,
,,,4,6,23.80.50.11.17,,,,1,,220 V/2-180 VA,1' - 6",,,,,By Type,,Default,,High Voltage Receptacle,High Voltage Receptacle: Standard,,3teKBedNP8PxTye3XenD9j,,,L4,,496,,P401,New Construction,None,Standard,,,3LPhih2fj8yueK3tIyLhvw,,,
,,,7,9,23.80.50.11.17,,,,1,,220 V/2-180 VA,1' - 6",,,,,By Type,,Default,,High Voltage Receptacle,High Voltage Receptacle: Standard,,3teKBedNP8PxTye3XenDAV,,,L4,,497,,P404,New Construction,None,Standard,,,3LPhih2fj8yueK3tIyLhvw,,,
,,,16,18,23.80.50.11.17,,,,1,,220 V/2-180 VA,1' - 6",,,,,By Type,,Default,,High Voltage Receptacle,High Voltage Receptacle: Standard,,3teKBedNP8PxTye3XenDKg,,,L4,,498,,P406,New Construction,None,Standard,,,3LPhih2fj8yueK3tIyLhvw,,,
,,,13,15,23.80.50.11.17,,,,1,,220 V/2-180 VA,1' - 6",,,,,By Type,,Default,,High Voltage Receptacle,High Voltage Receptacle: Standard,,3teKBedNP8PxTye3XenDLV,,,L4,,499,,P408,New Construction,None,Standard,,,3LPhih2fj8yueK3tIyLhvw,,,
,,,8,10,23.80.50.11.17,,,,1,,220 V/2-180 VA,1' - 6",,,,,By Type,,Default,,High Voltage Receptacle,High Voltage Receptacle: Standard,,3teKBedNP8PxTye3XenDMS,,,L4,,500,,P410,New Construction,None,Standard,,,3LPhih2fj8yueK3tIyLhvw,,,
,,,7,9,23.80.50.11.17,,,,1,,220 V/2-180 VA,1' - 6",,,,,By Type,,Default,,High Voltage Receptacle,High Voltage Receptacle: Standard,,3teKBedNP8PxTye3XenDNR,,,L4,,501,,P409,New Construction,None,Standard,,,3LPhih2fj8yueK3tIyLhvw,,,
,,,8,10,23.80.50.11.17,,,,1,,220 V/2-180 VA,1' - 6",,,,,By Type,,Default,,High Voltage Receptacle,High Voltage Receptacle: Standard,,3teKBedNP8PxTye3XenDGZ,,,L4,,502,,P407,New Construction,None,Standard,,,3LPhih2fj8yueK3tIyLhvw,,,
,,,7,9,23.80.50.11.17,,,,1,,220 V/2-180 VA,1' - 6",,,,,By Type,,Default,,High Voltage Receptacle,High Voltage Receptacle: Standard,,3teKBedNP8PxTye3XenDI$,,,L4,,503,,P405,New Construction,None,Standard,,,3LPhih2fj8yueK3tIyLhvw,,,
,,,8,10,23.80.50.11.17,,,,1,,220 V/2-180 VA,1' - 6",,,,,By Type,,Default,,High Voltage Receptacle,High Voltage Receptacle: Standard,,3teKBedNP8PxTye3XenDJe,,,L4,,504,,P403,New Construction,None,Standard,,,3LPhih2fj8yueK3tIyLhvw,,,
,,,4,6,23.80.50.11.17,,,,1,,220 V/2-180 VA,1' - 6",,,,,By Type,,Default,,High Voltage Receptacle,High Voltage Receptacle: Standard,,3teKBedNP8PxTye3XenDTg,,,L5,,505,,P501,New Construction,None,Standard,,,3LPhih2fj8yueK3tIyLhvw,,,
,,,2,4,23.80.50.11.17,,,,1,,220 V/2-180 VA,1' - 6",,,,,By Type,,Default,,High Voltage Receptacle,High Voltage Receptacle: Standard,,3teKBedNP8PxTye3XenDUW,,,L5,,506,,P504,New Construction,None,Standard,,,3LPhih2fj8yueK3tIyLhvw,,,
,,,10,12,23.80.50.11.17,,,,1,,220 V/2-180 VA,1' - 6",,,,,By Type,,Default,,High Voltage Receptacle,High Voltage Receptacle: Standard,,3teKBedNP8PxTye3XenDV$,,,L5,,507,,P506,New Construction,None,Standard,,,3LPhih2fj8yueK3tIyLhvw,,,
,,,10,12,23.80.50.11.17,,,,1,,220 V/2-180 VA,1' - 6",,,,,By Type,,Default,,High Voltage Receptacle,High Voltage Receptacle: Standard,,3teKBedNP8PxTye3XenDOG,,,L5,,508,,P507,New Construction,None,Standard,,,3LPhih2fj8yueK3tIyLhvw,,,
,,,4,6,23.80.50.11.17,,,,1,,220 V/2-180 VA,1' - 6",,,,,By Type,,Default,,High Voltage Receptacle,High Voltage Receptacle: Standard,,3teKBedNP8PxTye3XenDPZ,,,R2,,509,,P-Roof,New Construction,None,Standard,,,3LPhih2fj8yueK3tIyLhvw,,,
,,,5,23.80.50.11.17,,,,1,,120 V/1-180 VA,4' - 0",,,,,By Type,,Default,,Duplex Receptacle,Duplex Receptacle: GFCI,,3teKBedNP8PxTye3XenDRb,,,R2,,510,,P-Roof,New Construction,None,GFCI,,,3lAjmFWRfDlRceYN7PhLkg,,,
,,,5,23.80.50.11.17,,,,1,,120 V/1-180 VA,4' - 0",,,,,By Type,,Default,,Duplex Receptacle,Duplex Receptacle: GFCI,,3teKBedNP8PxTye3XenDR2,,,R2,,511,,P-Roof,New Construction,None,GFCI,,,3lAjmFWRfDlRceYN7PhLkg,,,
,,,7,23.80.50.11.17,,,,1,,120 V/1-180 VA,2' - 0",,,,,By Type,,Default,,Duplex Receptacle,Duplex Receptacle: GFCI,,3teKBedNP8PxTye3XenDbE,,,R2,,512,,P-Roof,New Construction,None,GFCI,,,3lAjmFWRfDlRceYN7PhLkg,,,
,,,7,23.80.50.11.17,,,,1,,120 V/1-180 VA,2' - 0",,,,,By Type,,Default,,Duplex Receptacle,Duplex Receptacle: GFCI,,3teKBedNP8PxTye3XenDcY,,,R2,,513,,P-Roof,New Construction,None,GFCI,,,3lAjmFWRfDlRceYN7PhLkg,,,
,,,7,23.80.50.11.17,,,,1,,120 V/1-180 VA,2' - 0",,,,,By Type,,Default,,Duplex Receptacle,Duplex Receptacle: GFCI,,3teKBedNP8PxTye3XenDWd,,,R2,,514,,P-Roof,New Construction,None,GFCI,,,3lAjmFWRfDlRceYN7PhLkg,,,
,,,8,23.80.50.11.17,,,,1,,120 V/1-180 VA,3' - 0",,,,,By Type,,Default,,Duplex Receptacle,Duplex Receptacle: GFCI,,3teKBedNP8PxTye3XenDib,,,R1,,515,,P-Roof,New Construction,None,GFCI,,,3lAjmFWRfDlRceYN7PhLkg,,,
,,,8,23.80.50.11.17,,,,1,,120 V/1-180 VA,3' - 0",,,,,By Type,,Default,,Duplex Receptacle,Duplex Receptacle: GFCI,,3teKBedNP8PxTye3XenDiF,,,R1,,516,,P-Roof,New Construction,None,GFCI,,,3lAjmFWRfDlRceYN7PhLkg,,,
,,,15,17,19,23.80.00.00,,,,1,,208 V/3-10000 VA,73' - 3",,,,,By Type,,Default,,Electrical Fixtures - Unbalanced Power Connector,Electrical Fixtures - Unbalanced Power Connector: HRU Connection 208V,,0080BsDOXCGAZkMSNyqGLd,,,Parking,,517,,P507,New Construction,None,HRU Connection 208V,,,0080BsDOXCGAZkMSNyqGL$,,,
,,,13,15,17,23.80.00.00,,,,1,,208 V/3-10000 VA,72' - 9",,,,,By Type,,Default,,Electrical Fixtures - Unbalanced Power Connector,Electrical Fixtures - Unbalanced Power Connector: HRU Connection 208V,,0080BsDOXCGAZkMSNyqGLL,,,Parking,,518,,P506,New Construction,None,HRU Connection 208V,,,0080BsDOXCGAZkMSNyqGL$,,,
,,,12,14,16,23.80.00.00,,,,1,,208 V/3-10000 VA,59' - 11",,,,,By Type,,Default,,Electrical Fixtures - Unbalanced Power Connector,Electrical Fixtures - Unbalanced Power Connector: HRU Connection 208V,,0080BsDOXCGAZkMSNyqGL9,,,Parking,,519,,P410,New Construction,None,HRU Connection 208V,,,0080BsDOXCGAZkMSNyqGL$,,,
,,,12,14,16,23.80.00.00,,,,1,,208 V/3-10000 VA,46' - 5",,,,,By Type,,Default,,Electrical Fixtures - Unbalanced Power Connector,Electrical Fixtures - Unbalanced Power Connector: HRU Connection 208V,,0080BsDOXCGAZkMSNyqGMy,,,Parking,,520,,P308,New Construction,None,HRU Connection 208V,,,0080BsDOXCGAZkMSNyqGL$,,,
,,,10,12,14,23.80.00.00,,,,1,,208 V/3-10000 VA,32' - 9",,,,,By Type,,Default,,Electrical Fixtures - Unbalanced Power Connector,Electrical Fixtures - Unbalanced Power Connector: HRU Connection 208V,,0080BsDOXCGAZkMSNyqGMC,,,Parking,,521,,P109,New Construction,None,HRU Connection 208V,,,0080BsDOXCGAZkMSNyqGL$,,,
,,,12,14,16,23.80.00.00,,,,1,,208 V/3-10000 VA,46' - 7",,,,,By Type,,Default,,Electrical Fixtures - Unbalanced Power Connector,Electrical Fixtures - Unbalanced Power Connector: HRU Connection 208V,,0080BsDOXCGAZkMSNyqGN_,,,Parking,,522,,P309,New Construction,None,HRU Connection 208V,,,0080BsDOXCGAZkMSNyqGL$,,,
,,,13,15,17,23.80.00.00,,,,1,,208 V/3-10000 VA,46' - 1",,,,,By Type,,Default,,Electrical Fixtures - Unbalanced Power Connector,Electrical Fixtures - Unbalanced Power Connector: HRU Connection 208V,,0080BsDOXCGAZkMSNyqGNj,,,Parking,,523,,P307,New Construction,None,HRU Connection 208V,,,0080BsDOXCGAZkMSNyqGL$,,,
,,,14,16,18,23.80.00.00,,,,1,,208 V/3-10000 VA,59' - 5",,,,,By Type,,Default,,Electrical Fixtures - Unbalanced Power Connector,Electrical Fixtures - Unbalanced Power Connector: HRU Connection 208V,,0080BsDOXCGAZkMSNyqGN2,,,Parking,,524,,P408,New Construction,None,HRU Connection 208V,,,0080BsDOXCGAZkMSNyqGL$,,,
,,,16,18,20,23.80.00.00,,,,1,,208 V/3-10000 VA,46' - 7",,,,,By Type,,Default,,Electrical Fixtures - Unbalanced Power Connector,Electrical Fixtures - Unbalanced Power Connector: HRU Connection 208V,,0080BsDOXCGAZkMSNyqG8_,,,Parking,,525,,P204,New Construction,None,HRU Connection 208V,,,0080BsDOXCGAZkMSNyqGL$,,,
,,,9,11,13,23.80.00.00,,,,1,,208 V/3-10000 VA,32' - 7 21/32",,,,,By Type,,Default,,Electrical Fixtures - Unbalanced Power Connector,Electrical Fixtures - Unbalanced Power Connector: HRU Connection 208V,,0080BsDOXCGAZkMSNyqG8G,,,Parking,,526,,P108,New Construction,None,HRU Connection 208V,,,0080BsDOXCGAZkMSNyqGL$,,,
,,,6,8,10,23.80.00.00,,,,1,,208 V/3-10000 VA,32' - 7 21/32",,,,,By Type,,Default,,Electrical Fixtures - Unbalanced Power Connector,Electrical Fixtures - Unbalanced Power Connector: HRU Connection 208V,,0080BsDOXCGAZkMSNyqG88,,,Parking,,527,,P108,New Construction,None,HRU Connection 208V,,,0080BsDOXCGAZkMSNyqGL$,,,
,,,11,13,15,23.80.00.00,,,,1,,208 V/3-10000 VA,46' - 5",,,,,By Type,,Default,,Electrical Fixtures - Unbalanced Power Connector,Electrical Fixtures - Unbalanced Power Connector: HRU Connection 208V,,0080BsDOXCGAZkMSNyqG9c,,,Parking,,528,,P306,New Construction,None,HRU Connection 208V,,,0080BsDOXCGAZkMSNyqGL$,,,
,,,14,16,18,23.80.00.00,,,,1,,208 V/3-10000 VA,59' - 9",,,,,By Type,,Default,,Electrical Fixtures - Unbalanced Power Connector,Electrical Fixtures - Unbalanced Power Connector: HRU Connection 208V,,0080BsDOXCGAZkMSNyqG98,,,Parking,,529,,P407,New Construction,None,HRU Connection 208V,,,0080BsDOXCGAZkMSNyqGL$,,,
,,,7,9,11,23.80.00.00,,,,1,,208 V/3-10000 VA,33' - 0",,,,,By Type,,Default,,Electrical Fixtures - Unbalanced Power Connector,Electrical Fixtures - Unbalanced Power Connector: HRU Connection 208V,,0080BsDOXCGAZkMSNyqGBI,,,Parking,,530,,P109,New Construction,None,HRU Connection 208V,,,0080BsDOXCGAZkMSNyqGL$,,,
,,,12,14,16,23.80.00.00,,,,1,,208 V/3-10000 VA,59' - 9",,,,,By Type,,Default,,Electrical Fixtures - Unbalanced Power Connector,Electrical Fixtures - Unbalanced Power Connector: HRU Connection 208V,,0080BsDOXCGAZkMSNyqGBC,,,Parking,,531,,P409,New Construction,None,HRU Connection 208V,,,0080BsDOXCGAZkMSNyqGL$,,,
,,,13,15,17,23.80.00.00,,,,1,,208 V/3-10000 VA,59' - 9",,,,,By Type,,Default,,Electrical Fixtures - Unbalanced Power Connector,Electrical Fixtures - Unbalanced Power Connector: HRU Connection 208V,,0080BsDOXCGAZkMSNyqGCz,,,Parking,,532,,P403,New Construction,None,HRU Connection 208V,,,0080BsDOXCGAZkMSNyqGL$,,,
,,,13,15,17,23.80.00.00,,,,1,,208 V/3-10000 VA,46' - 5",,,,,By Type,,Default,,Electrical Fixtures - Unbalanced Power Connector,Electrical Fixtures - Unbalanced Power Connector: HRU Connection 208V,,0080BsDOXCGAZkMSNyqGCP,,,Parking,,533,,P303,New Construction,None,HRU Connection 208V,,,0080BsDOXCGAZkMSNyqGL$,,,
,,,14,16,18,23.80.00.00,,,,1,,208 V/3-10000 VA,34' - 1 1/16",,,,,By Type,,Default,,Electrical Fixtures - Unbalanced Power Connector,Electrical Fixtures - Unbalanced Power Connector: HRU Connection 208V,,0080BsDOXCGAZkMSNyqGDt,,,Parking,,534,,P202,New Construction,None,HRU Connection 208V,,,0080BsDOXCGAZkMSNyqGL$,,,
,,,9,11,13,23.80.00.00,,,,1,,208 V/3-10000 VA,23' - 10 1/2",,,,,By Type,,Default,,Electrical Fixtures - Unbalanced Power Connector,Electrical Fixtures - Unbalanced Power Connector: HRU Connection 208V,,0080BsDOXCGAZkMSNyqGDg,,,Parking,,535,,P105,New Construction,None,HRU Connection 208V,,,0080BsDOXCGAZkMSNyqGL$,,,
,,,16,18,20,23.80.00.00,,,,1,,208 V/3-10000 VA,34' - 8 5/32",,,,,By Type,,Default,,Electrical Fixtures - Unbalanced Power Connector,Electrical Fixtures - Unbalanced Power Connector: HRU Connection 208V,,0080BsDOXCGAZkMSNyqGDS,,,Parking,,536,,P205,New Construction,None,HRU Connection 208V,,,0080BsDOXCGAZkMSNyqGL$,,,
,,,13,15,17,23.80.00.00,,,,1,,208 V/3-10000 VA,23' - 8 1/2",,,,,By Type,,Default,,Electrical Fixtures - Unbalanced Power Connector,Electrical Fixtures - Unbalanced Power Connector: HRU Connection 208V,,0080BsDOXCGAZkMSNyqGDA,,,Parking,,537,,P106/7,New Construction,None,HRU Connection 208V,,,0080BsDOXCGAZkMSNyqGL$,,,
,,,28,30,32,23.80.00.00,,,,1,,208 V/3-10000 VA,19' - 9",,,,,By Type,,Default,,Electrical Fixtures - Unbalanced Power Connector,Electrical Fixtures - Unbalanced Power Connector: HRU Connection 208V,,0080BsDOXCGAZkMSNyqGEM,,,Parking,,538,,P102,New Construction,None,HRU Connection 208V,,,0080BsDOXCGAZkMSNyqGL$,,,
,,,33,35,37,23.80.00.00,,,,1,,208 V/3-10000 VA,33' - 1",,,,,By Type,,Default,,Electrical Fixtures - Unbalanced Power Connector,Electrical Fixtures - Unbalanced Power Connector: HRU Connection 208V,,0080BsDOXCGAZkMSNyqGE8,,,Parking,,539,,P102,New Construction,None,HRU Connection 208V,,,0080BsDOXCGAZkMSNyqGL$,,,
,,,10,12,14,23.80.00.00,,,,1,,208 V/3-10000 VA,47' - 9",,,,,By Type,,Default,,Electrical Fixtures - Unbalanced Power Connector,Electrical Fixtures - Unbalanced Power Connector: HRU Connection 208V,,0080BsDOXCGAZkMSNyqGFW,,,Parking,,540,,P301,New Construction,None,HRU Connection 208V,,,0080BsDOXCGAZkMSNyqGL$,,,
,,,8,10,12,23.80.00.00,,,,1,,208 V/3-10000 VA,61' - 1",,,,,By Type,,Default,,Electrical Fixtures - Unbalanced Power Connector,Electrical Fixtures - Unbalanced Power Connector: HRU Connection 208V,,0080BsDOXCGAZkMSNyqGFi,,,Parking,,541,,P401,New Construction,None,HRU Connection 208V,,,0080BsDOXCGAZkMSNyqGL$,,,
,,,5,7,9,23.80.00.00,,,,1,,208 V/3-10000 VA,74' - 5",,,,,By Type,,Default,,Electrical Fixtures - Unbalanced Power Connector,Electrical Fixtures - Unbalanced Power Connector: HRU Connection 208V,,0080BsDOXCGAZkMSNyqGF1,,,Parking,,542,,P501,New Construction,None,HRU Connection 208V,,,0080BsDOXCGAZkMSNyqGL$,,,
,,,8,10,12,23.80.00.00,,,,1,,208 V/3-10000 VA,74' - 3",,,,,By Type,,Default,,Electrical Fixtures - Unbalanced Power Connector,Electrical Fixtures - Unbalanced Power Connector: HRU Connection 208V,,0080BsDOXCGAZkMSNyqG0s,,,Parking,,543,,P501,New Construction,None,HRU Connection 208V,,,0080BsDOXCGAZkMSNyqGL$,,,
,,,5,7,9,23.80.00.00,,,,1,,208 V/3-10000 VA,60' - 11",,,,,By Type,,Default,,Electrical Fixtures - Unbalanced Power Connector,Electrical Fixtures - Unbalanced Power Connector: HRU Connection 208V,,0080BsDOXCGAZkMSNyqG0e,,,Parking,,544,,P401,New Construction,None,HRU Connection 208V,,,0080BsDOXCGAZkMSNyqGL$,,,
,,,7,9,11,23.80.00.00,,,,1,,208 V/3-10000 VA,47' - 7",,,,,By Type,,Default,,Electrical Fixtures - Unbalanced Power Connector,Electrical Fixtures - Unbalanced Power Connector: HRU Connection 208V,,0080BsDOXCGAZkMSNyqG0N,,,Parking,,545,,P301,New Construction,None,HRU Connection 208V,,,0080BsDOXCGAZkMSNyqGL$,,,
,,,27,29,31,23.80.00.00,,,,1,,208 V/3-10000 VA,33' - 2",,,,,By Type,,Default,,Electrical Fixtures - Unbalanced Power Connector,Electrical Fixtures - Unbalanced Power Connector: HRU Connection 208V,,0080BsDOXCGAZkMSNyqG06,,,Parking,,546,,P102,New Construction,None,HRU Connection 208V,,,0080BsDOXCGAZkMSNyqGL$,,,
,,,6,8,10,23.80.00.00,,,,1,,208 V/3-10000 VA,23' - 7 1/2",,,,,By Type,,Default,,Electrical Fixtures - Unbalanced Power Connector,Electrical Fixtures - Unbalanced Power Connector: HRU Connection 208V,,0080BsDOXCGAZkMSNyqG1A,,,Parking,,547,,P105,New Construction,None,HRU Connection 208V,,,0080BsDOXCGAZkMSNyqGL$,,,
,,,13,15,17,23.80.00.00,,,,1,,208 V/3-10000 VA,34' - 6 5/32",,,,,By Type,,Default,,Electrical Fixtures - Unbalanced Power Connector,Electrical Fixtures - Unbalanced Power Connector: HRU Connection 208V,,0080BsDOXCGAZkMSNyqG2g,,,Parking,,548,,P203,New Construction,None,HRU Connection 208V,,,0080BsDOXCGAZkMSNyqGL$,,,
,,,9,11,13,23.80.00.00,,,,1,,208 V/3-10000 VA,47' - 9",,,,,By Type,,Default,,Electrical Fixtures - Unbalanced Power Connector,Electrical Fixtures - Unbalanced Power Connector: HRU Connection 208V,,0080BsDOXCGAZkMSNyqG27,,,Parking,,549,,P304,New Construction,None,HRU Connection 208V,,,0080BsDOXCGAZkMSNyqGL$,,,
,,,10,12,14,23.80.00.00,,,,1,,208 V/3-10000 VA,47' - 9 5/32",,,,,By Type,,Default,,Electrical Fixtures - Unbalanced Power Connector,Electrical Fixtures - Unbalanced Power Connector: HRU Connection 208V,,0080BsDOXCGAZkMSNyqG3x,,,Parking,,550,,P106/7,New Construction,None,HRU Connection 208V,,,0080BsDOXCGAZkMSNyqGL$,,,
,,,7,9,11,23.80.00.00,,,,1,,208 V/3-10000 VA,74' - 5",,,,,By Type,,Default,,Electrical Fixtures - Unbalanced Power Connector,Electrical Fixtures - Unbalanced Power Connector: HRU Connection 208V,,0080BsDOXCGAZkMSNyqG34,,,Parking,,551,,P504,New Construction,None,HRU Connection 208V,,,0080BsDOXCGAZkMSNyqGL$,,,
,,,23,25,27,23.80.00.00,,,,1,,208 V/3-10000 VA,73' - 3",,,,,By Type,,Default,,Electrical Fixtures - Unbalanced Power Connector,Electrical Fixtures - Unbalanced Power Connector: HRU Connection 208V,,0080BsDOXCGAZkMSNyqG4e,,,Parking,,552,,P406,New Construction,None,HRU Connection 208V,,,0080BsDOXCGAZkMSNyqGL$,,,
,,,12,14,16,23.80.00.00,,,,1,,208 V/3-10000 VA,61' - 1",,,,,By Type,,Default,,Electrical Fixtures - Unbalanced Power Connector,Electrical Fixtures - Unbalanced Power Connector: HRU Connection 208V,,0080BsDOXCGAZkMSNyqJvA,,,Parking,,553,,P404,New Construction,None,HRU Connection 208V,,,0080BsDOXCGAZkMSNyqGL$,,,
