Lighting Fixture Schedule,,,,,,,,,,,,,,,,,,,,,,,,,,,,,,,,,,,,,,,,,,,,,,,,,,,,,,,,,,,,
Apparent Power,Assembly Code,Assembly Description,Assembly Name,Ballast Loss,Circuit Number,Classification Number,Classification Title,Coefficient of Utilization,Comments,Cost,Count,Description,Efficacy,Electrical Data,Elevation from Level,Enlarged Views Only,Excavation Volume on Toposolid,Exchange Entity ID,Exchange ID,Export to IFC,Export to IFC As,Export Type to IFC,Export Type to IFC As,Family,Family and Type,IFC Predefined Type,IfcGUID,Illuminance,Image,Initial Color Temperature,Keynote,Lamp,Lamp Lumen Depreciation,Lamp Tilt Loss,Length,Level,Luminaire Dirt Depreciation,Luminous Flux,Luminous Intensity,Manufacturer,Mark,Model,Panel,Phase Created,Phase Demolished,Surface Depreciation Loss,Switch ID,Temperature Loss,Total Light Loss Factor,Type,Type Comments,Type IFC Predefined Type,Type IfcGUID,Type Image,Type Mark,URL,Voltage Loss,Wattage,Wattage Comments,Width
,,,,,,,,,,,,,,,,,,,,,,,,,,,,,,,,,,,,,,,,,,,,,,,,,,,,,,,,,,,,
8 VA,D5020210,Lighting - Fluorescent,,0.88,10,23.80.70.11.14.11,,0.552886,,,1,,50 lm/W,120 V/1-8 VA,0' - 0",,,,,By Type,,Default,,Downlight - Under Cabinet,Downlight - Under Cabinet: 18" 120V,,1wejEoruvD5hQq7iipxxe8,0 fc,,4230 K,,T-8,1,1,,L2,1,400 lm,32 cd,,26,,P202,New Construction,None,1,,1,0.88,18" 120V,,,1wejEoruvD5hQq7iipxxm8,,F4,,1,8 W,8,
8 VA,D5020210,Lighting - Fluorescent,,0.88,11,23.80.70.11.14.11,,0.552912,,,1,,50 lm/W,120 V/1-8 VA,0' - 0",,,,,By Type,,Default,,Downlight - Under Cabinet,Downlight - Under Cabinet: 18" 120V,,1wejEoruvD5hQq7iipxxeN,0 fc,,4230 K,,T-8,1,1,,L3,1,400 lm,32 cd,,27,,P303,New Construction,None,1,,1,0.88,18" 120V,,,1wejEoruvD5hQq7iipxxm8,,F4,,1,8 W,8,
8 VA,D5020210,Lighting - Fluorescent,,0.88,11,23.80.70.11.14.11,,0.553091,,,1,,50 lm/W,120 V/1-8 VA,0' - 0",,,,,By Type,,Default,,Downlight - Under Cabinet,Downlight - Under Cabinet: 18" 120V,,1wejEoruvD5hQq7iipxxeM,0 fc,,4230 K,,T-8,1,1,,L4,1,400 lm,32 cd,,28,,P403,New Construction,None,1,,1,0.88,18" 120V,,,1wejEoruvD5hQq7iipxxm8,,F4,,1,8 W,8,
8 VA,D5020210,Lighting - Fluorescent,,0.88,14,23.80.70.11.14.11,,0.554513,,,1,,50 lm/W,120 V/1-8 VA,0' - 0",,,,,By Type,,Default,,Downlight - Under Cabinet,Downlight - Under Cabinet: 18" 120V,,1wejEoruvD5hQq7iipxxeL,0 fc,,4230 K,,T-8,1,1,,L3,1,400 lm,32 cd,,29,,P306,New Construction,None,1,,1,0.88,18" 120V,,,1wejEoruvD5hQq7iipxxm8,,F4,,1,8 W,8,
8 VA,D5020210,Lighting - Fluorescent,,0.88,15,23.80.70.11.14.11,,0.554642,,,1,,50 lm/W,120 V/1-8 VA,0' - 0",,,,,By Type,,Default,,Downlight - Under Cabinet,Downlight - Under Cabinet: 18" 120V,,1wejEoruvD5hQq7iipxxeK,0 fc,,4230 K,,T-8,1,1,,L4,1,400 lm,32 cd,,30,,P407,New Construction,None,1,,1,0.88,18" 120V,,,1wejEoruvD5hQq7iipxxm8,,F4,,1,8 W,8,
8 VA,D5020210,Lighting - Fluorescent,,0.88,10,23.80.70.11.14.11,,0.552886,,,1,,50 lm/W,120 V/1-8 VA,0' - 0",,,,,By Type,,Default,,Downlight - Under Cabinet,Downlight - Under Cabinet: 18" 120V,,1wejEoruvD5hQq7iipxxeJ,0 fc,,4230 K,,T-8,1,1,,L2,1,400 lm,32 cd,,31,,P202,New Construction,None,1,,1,0.88,18" 120V,,,1wejEoruvD5hQq7iipxxm8,,F4,,1,8 W,8,
8 VA,D5020210,Lighting - Fluorescent,,0.88,10,23.80.70.11.14.11,,0.552886,,,1,,50 lm/W,120 V/1-8 VA,1' - 0",,,,,By Type,,Default,,Downlight - Under Cabinet,Downlight - Under Cabinet: 24" 120V,,1wejEoruvD5hQq7iipxxeI,0 fc,,4230 K,,T-8,1,1,,L2,1,400 lm,32 cd,,32,,P202,New Construction,None,1,,1,0.88,24" 120V,,,1wejEoruvD5hQq7iipxxmA,,F5,,1,8 W,8,
8 VA,D5020210,Lighting - Fluorescent,,0.88,11,23.80.70.11.14.11,,0.552912,,,1,,50 lm/W,120 V/1-8 VA,0' - 0",,,,,By Type,,Default,,Downlight - Under Cabinet,Downlight - Under Cabinet: 18" 120V,,1wejEoruvD5hQq7iipxxeH,0 fc,,4230 K,,T-8,1,1,,L3,1,400 lm,32 cd,,33,,P303,New Construction,None,1,,1,0.88,18" 120V,,,1wejEoruvD5hQq7iipxxm8,,F4,,1,8 W,8,
8 VA,D5020210,Lighting - Fluorescent,,0.88,11,23.80.70.11.14.11,,0.552912,,,1,,50 lm/W,120 V/1-8 VA,1' - 0",,,,,By Type,,Default,,Downlight - Under Cabinet,Downlight - Under Cabinet: 24" 120V,,1wejEoruvD5hQq7iipxxeG,0 fc,,4230 K,,T-8,1,1,,L3,1,400 lm,32 cd,,34,,P303,New Construction,None,1,,1,0.88,24" 120V,,,1wejEoruvD5hQq7iipxxmA,,F5,,1,8 W,8,
8 VA,D5020210,Lighting - Fluorescent,,0.88,11,23.80.70.11.14.11,,0.553091,,,1,,50 lm/W,120 V/1-8 VA,0' - 0",,,,,By Type,,Default,,Downlight - Under Cabinet,Downlight - Under Cabinet: 18" 120V,,1wejEoruvD5hQq7iipxxeV,0 fc,,4230 K,,T-8,1,1,,L4,1,400 lm,32 cd,,35,,P403,New Construction,None,1,,1,0.88,18" 120V,,,1wejEoruvD5hQq7iipxxm8,,F4,,1,8 W,8,
8 VA,D5020210,Lighting - Fluorescent,,0.88,11,23.80.70.11.14.11,,0.553091,,,1,,50 lm/W,120 V/1-8 VA,1' - 0",,,,,By Type,,Default,,Downlight - Under Cabinet,Downlight - Under Cabinet: 24" 120V,,1wejEoruvD5hQq7iipxxeU,0 fc,,4230 K,,T-8,1,1,,L4,1,400 lm,32 cd,,36,,P403,New Construction,None,1,,1,0.88,24" 120V,,,1wejEoruvD5hQq7iipxxmA,,F5,,1,8 W,8,
8 VA,D5020210,Lighting - Fluorescent,,0.88,14,23.80.70.11.14.11,,0.554513,,,1,,50 lm/W,120 V/1-8 VA,0' - 0",,,,,By Type,,Default,,Downlight - Under Cabinet,Downlight - Under Cabinet: 18" 120V,,1wejEoruvD5hQq7iipxxeT,0 fc,,4230 K,,T-8,1,1,,L3,1,400 lm,32 cd,,37,,P306,New Construction,None,1,,1,0.88,18" 120V,,,1wejEoruvD5hQq7iipxxm8,,F4,,1,8 W,8,
8 VA,D5020210,Lighting - Fluorescent,,0.88,14,23.80.70.11.14.11,,0.554513,,,1,,50 lm/W,120 V/1-8 VA,1' - 0",,,,,By Type,,Default,,Downlight - Under Cabinet,Downlight - Under Cabinet: 24" 120V,,1wejEoruvD5hQq7iipxxeS,0 fc,,4230 K,,T-8,1,1,,L3,1,400 lm,32 cd,,38,,P306,New Construction,None,1,,1,0.88,24" 120V,,,1wejEoruvD5hQq7iipxxmA,,F5,,1,8 W,8,
8 VA,D5020210,Lighting - Fluorescent,,0.88,15,23.80.70.11.14.11,,0.554642,,,1,,50 lm/W,120 V/1-8 VA,0' - 0",,,,,By Type,,Default,,Downlight - Under Cabinet,Downlight - Under Cabinet: 18" 120V,,1wejEoruvD5hQq7iipxxeR,0 fc,,4230 K,,T-8,1,1,,L4,1,400 lm,32 cd,,39,,P407,New Construction,None,1,,1,0.88,18" 120V,,,1wejEoruvD5hQq7iipxxm8,,F4,,1,8 W,8,
8 VA,D5020210,Lighting - Fluorescent,,0.88,15,23.80.70.11.14.11,,0.554642,,,1,,50 lm/W,120 V/1-8 VA,1' - 0",,,,,By Type,,Default,,Downlight - Under Cabinet,Downlight - Under Cabinet: 24" 120V,,1wejEoruvD5hQq7iipxxeQ,0 fc,,4230 K,,T-8,1,1,,L4,1,400 lm,32 cd,,40,,P407,New Construction,None,1,,1,0.88,24" 120V,,,1wejEoruvD5hQq7iipxxmA,,F5,,1,8 W,8,
,,,,,19,,,,,,1,,149 lm/W,120 V/1-180 VA,10' - 3",,,,,By Type,,Default,,Pendant-Dome,Pendant-Dome: 18" D x 15" H,,1wejEoruvD5hQq7iipxyCc,1 fc,,3200 K,,,,,1' - 6",L2,,1380 lm,110 cd,,51,,P102,New Construction,None,,,,1,18" D x 15" H,,,1wejEoruvD5hQq7iipxxg3,,F2,,,9 W,,1' - 6"
,,,,,8,,,,,,1,,149 lm/W,120 V/1-180 VA,10' - 3",,,,,By Type,,Default,,Pendant-Dome,Pendant-Dome: 18" D x 15" H,,1wejEoruvD5hQq7iipxyCa,1 fc,,3200 K,,,,,1' - 6",L2,,1380 lm,110 cd,,52,,P202,New Construction,None,,,,1,18" D x 15" H,,,1wejEoruvD5hQq7iipxxg3,,F2,,,9 W,,1' - 6"
,,,,,18,,,,,,1,,149 lm/W,120 V/1-180 VA,10' - 3",,,,,By Type,,Default,,Pendant-Dome,Pendant-Dome: 18" D x 15" H,,1wejEoruvD5hQq7iipxyCY,1 fc,,3200 K,,,,,1' - 6",L2,,1380 lm,110 cd,,53,,P102,New Construction,None,,,,1,18" D x 15" H,,,1wejEoruvD5hQq7iipxxg3,,F2,,,9 W,,1' - 6"
,,,,,18,,,,,,1,,149 lm/W,120 V/1-180 VA,10' - 3",,,,,By Type,,Default,,Pendant-Dome,Pendant-Dome: 18" D x 15" H,,1wejEoruvD5hQq7iipxyCW,1 fc,,3200 K,,,,,1' - 6",L2,,1380 lm,110 cd,,54,,P102,New Construction,None,,,,1,18" D x 15" H,,,1wejEoruvD5hQq7iipxxg3,,F2,,,9 W,,1' - 6"
,,,,,19,,,,,,1,,149 lm/W,120 V/1-180 VA,10' - 3",,,,,By Type,,Default,,Pendant-Dome,Pendant-Dome: 18" D x 15" H,,1wejEoruvD5hQq7iipxyCk,1 fc,,3200 K,,,,,1' - 6",L2,,1380 lm,110 cd,,55,,P102,New Construction,None,,,,1,18" D x 15" H,,,1wejEoruvD5hQq7iipxxg3,,F2,,,9 W,,1' - 6"
,,,,,19,,,,,,1,,149 lm/W,120 V/1-180 VA,10' - 3",,,,,By Type,,Default,,Pendant-Dome,Pendant-Dome: 18" D x 15" H,,1wejEoruvD5hQq7iipxyCi,1 fc,,3200 K,,,,,1' - 6",L2,,1380 lm,110 cd,,56,,P102,New Construction,None,,,,1,18" D x 15" H,,,1wejEoruvD5hQq7iipxxg3,,F2,,,9 W,,1' - 6"
,,,,,10,,,,,,1,,149 lm/W,120 V/1-180 VA,10' - 3",,,,,By Type,,Default,,Pendant-Dome,Pendant-Dome: 18" D x 15" H,,1wejEoruvD5hQq7iipxyCg,1 fc,,3200 K,,,,,1' - 6",L2,,1380 lm,110 cd,,57,,P202,New Construction,None,,,,1,18" D x 15" H,,,1wejEoruvD5hQq7iipxxg3,,F2,,,9 W,,1' - 6"
,,,,,18,,,,,,1,,149 lm/W,120 V/1-180 VA,10' - 3",,,,,By Type,,Default,,Pendant-Dome,Pendant-Dome: 18" D x 15" H,,1wejEoruvD5hQq7iipxyCe,1 fc,,3200 K,,,,,1' - 6",L2,,1380 lm,110 cd,,58,,P102,New Construction,None,,,,1,18" D x 15" H,,,1wejEoruvD5hQq7iipxxg3,,F2,,,9 W,,1' - 6"
,,,,,10,,,,,,1,,149 lm/W,120 V/1-180 VA,12' - 10",,,,,By Type,,Default,,Pendant-Dome,Pendant-Dome: 18" D x 15" H,,1wejEoruvD5hQq7iipxyCs,1 fc,,3200 K,,,,,1' - 6",L3,,1380 lm,110 cd,,59,,P303,New Construction,None,,,,1,18" D x 15" H,,,1wejEoruvD5hQq7iipxxg3,,F2,,,9 W,,1' - 6"
,,,,,10,,,,,,1,,149 lm/W,120 V/1-180 VA,12' - 10",,,,,By Type,,Default,,Pendant-Dome,Pendant-Dome: 18" D x 15" H,,1wejEoruvD5hQq7iipxyCq,1 fc,,3200 K,,,,,1' - 6",L3,,1380 lm,110 cd,,60,,P303,New Construction,None,,,,1,18" D x 15" H,,,1wejEoruvD5hQq7iipxxg3,,F2,,,9 W,,1' - 6"
,,,,,10,,,,,,1,,149 lm/W,120 V/1-180 VA,12' - 10",,,,,By Type,,Default,,Pendant-Dome,Pendant-Dome: 18" D x 15" H,,1wejEoruvD5hQq7iipxyCo,1 fc,,3200 K,,,,,1' - 6",L3,,1380 lm,110 cd,,61,,P303,New Construction,None,,,,1,18" D x 15" H,,,1wejEoruvD5hQq7iipxxg3,,F2,,,9 W,,1' - 6"
,,,,,10,,,,,,1,,149 lm/W,120 V/1-180 VA,12' - 10",,,,,By Type,,Default,,Pendant-Dome,Pendant-Dome: 18" D x 15" H,,1wejEoruvD5hQq7iipxyCm,1 fc,,3200 K,,,,,1' - 6",L3,,1380 lm,110 cd,,62,,P303,New Construction,None,,,,1,18" D x 15" H,,,1wejEoruvD5hQq7iipxxg3,,F2,,,9 W,,1' - 6"
,,,,,10,,,,,,1,,149 lm/W,120 V/1-180 VA,12' - 10",,,,,By Type,,Default,,Pendant-Dome,Pendant-Dome: 18" D x 15" H,,1wejEoruvD5hQq7iipxyC_,1 fc,,3200 K,,,,,1' - 6",L3,,1380 lm,110 cd,,63,,P303,New Construction,None,,,,1,18" D x 15" H,,,1wejEoruvD5hQq7iipxxg3,,F2,,,9 W,,1' - 6"
,,,,,10,,,,,,1,,149 lm/W,120 V/1-180 VA,12' - 10",,,,,By Type,,Default,,Pendant-Dome,Pendant-Dome: 18" D x 15" H,,1wejEoruvD5hQq7iipxyCy,1 fc,,3200 K,,,,,1' - 6",L3,,1380 lm,110 cd,,64,,P303,New Construction,None,,,,1,18" D x 15" H,,,1wejEoruvD5hQq7iipxxg3,,F2,,,9 W,,1' - 6"
,,,,,10,,,,,,1,,149 lm/W,120 V/1-180 VA,12' - 10",,,,,By Type,,Default,,Pendant-Dome,Pendant-Dome: 18" D x 15" H,,1wejEoruvD5hQq7iipxyCw,1 fc,,3200 K,,,,,1' - 6",L3,,1380 lm,110 cd,,65,,P303,New Construction,None,,,,1,18" D x 15" H,,,1wejEoruvD5hQq7iipxxg3,,F2,,,9 W,,1' - 6"
,,,,,10,,,,,,1,,149 lm/W,120 V/1-180 VA,12' - 10",,,,,By Type,,Default,,Pendant-Dome,Pendant-Dome: 18" D x 15" H,,1wejEoruvD5hQq7iipxyCu,1 fc,,3200 K,,,,,1' - 6",L3,,1380 lm,110 cd,,66,,P303,New Construction,None,,,,1,18" D x 15" H,,,1wejEoruvD5hQq7iipxxg3,,F2,,,9 W,,1' - 6"
,,,,,9,,,,,,1,,149 lm/W,120 V/1-180 VA,12' - 10",,,,,By Type,,Default,,Pendant-Dome,Pendant-Dome: 18" D x 15" H,,1wejEoruvD5hQq7iipxyF6,1 fc,,3200 K,,,,,1' - 6",L4,,1380 lm,110 cd,,67,,P403,New Construction,None,,,,1,18" D x 15" H,,,1wejEoruvD5hQq7iipxxg3,,F2,,,9 W,,1' - 6"
,,,,,9,,,,,,1,,149 lm/W,120 V/1-180 VA,12' - 10",,,,,By Type,,Default,,Pendant-Dome,Pendant-Dome: 18" D x 15" H,,1wejEoruvD5hQq7iipxyF4,1 fc,,3200 K,,,,,1' - 6",L4,,1380 lm,110 cd,,68,,P403,New Construction,None,,,,1,18" D x 15" H,,,1wejEoruvD5hQq7iipxxg3,,F2,,,9 W,,1' - 6"
,,,,,9,,,,,,1,,149 lm/W,120 V/1-180 VA,12' - 10",,,,,By Type,,Default,,Pendant-Dome,Pendant-Dome: 18" D x 15" H,,1wejEoruvD5hQq7iipxyF2,1 fc,,3200 K,,,,,1' - 6",L4,,1380 lm,110 cd,,69,,P403,New Construction,None,,,,1,18" D x 15" H,,,1wejEoruvD5hQq7iipxxg3,,F2,,,9 W,,1' - 6"
,,,,,9,,,,,,1,,149 lm/W,120 V/1-180 VA,12' - 10",,,,,By Type,,Default,,Pendant-Dome,Pendant-Dome: 18" D x 15" H,,1wejEoruvD5hQq7iipxyF0,1 fc,,3200 K,,,,,1' - 6",L4,,1380 lm,110 cd,,70,,P403,New Construction,None,,,,1,18" D x 15" H,,,1wejEoruvD5hQq7iipxxg3,,F2,,,9 W,,1' - 6"
,,,,,9,,,,,,1,,149 lm/W,120 V/1-180 VA,12' - 10",,,,,By Type,,Default,,Pendant-Dome,Pendant-Dome: 18" D x 15" H,,1wejEoruvD5hQq7iipxyFE,1 fc,,3200 K,,,,,1' - 6",L4,,1380 lm,110 cd,,71,,P403,New Construction,None,,,,1,18" D x 15" H,,,1wejEoruvD5hQq7iipxxg3,,F2,,,9 W,,1' - 6"
,,,,,9,,,,,,1,,149 lm/W,120 V/1-180 VA,12' - 10",,,,,By Type,,Default,,Pendant-Dome,Pendant-Dome: 18" D x 15" H,,1wejEoruvD5hQq7iipxyFC,1 fc,,3200 K,,,,,1' - 6",L4,,1380 lm,110 cd,,72,,P403,New Construction,None,,,,1,18" D x 15" H,,,1wejEoruvD5hQq7iipxxg3,,F2,,,9 W,,1' - 6"
,,,,,9,,,,,,1,,149 lm/W,120 V/1-180 VA,12' - 10",,,,,By Type,,Default,,Pendant-Dome,Pendant-Dome: 18" D x 15" H,,1wejEoruvD5hQq7iipxyFA,1 fc,,3200 K,,,,,1' - 6",L4,,1380 lm,110 cd,,73,,P403,New Construction,None,,,,1,18" D x 15" H,,,1wejEoruvD5hQq7iipxxg3,,F2,,,9 W,,1' - 6"
,,,,,9,,,,,,1,,149 lm/W,120 V/1-180 VA,12' - 10",,,,,By Type,,Default,,Pendant-Dome,Pendant-Dome: 18" D x 15" H,,1wejEoruvD5hQq7iipxyF8,1 fc,,3200 K,,,,,1' - 6",L4,,1380 lm,110 cd,,74,,P403,New Construction,None,,,,1,18" D x 15" H,,,1wejEoruvD5hQq7iipxxg3,,F2,,,9 W,,1' - 6"
150 VA,D5020220,Lighting - Incandescent,,1,2,23.80.70.11.11,,,,,1,,19 lm/W,120 V/1-150 VA,8' - 4",,,,,By Type,,Default,,Pendant Light - Hemisphere,Pendant Light - Hemisphere: 150W - 120V 12" Drop,,1wejEoruvD5hQq7iipxy65,2 fc,,2800 K,,A-21,1,1,,L2,1,2780 lm,221 cd,,75,,P200,New Construction,None,1,,1,1,150W - 120V 12" Drop,,,1wejEoruvD5hQq7iipxyFU,,F11,,1,150 W,,
150 VA,D5020220,Lighting - Incandescent,,1,2,23.80.70.11.11,,,,,1,,19 lm/W,120 V/1-150 VA,8' - 4",,,,,By Type,,Default,,Pendant Light - Hemisphere,Pendant Light - Hemisphere: 150W - 120V 12" Drop,,1wejEoruvD5hQq7iipxy64,2 fc,,2800 K,,A-21,1,1,,L2,1,2780 lm,221 cd,,76,,P200,New Construction,None,1,,1,1,150W - 120V 12" Drop,,,1wejEoruvD5hQq7iipxyFU,,F11,,1,150 W,,
150 VA,D5020220,Lighting - Incandescent,,1,2,23.80.70.11.11,,,,,1,,19 lm/W,120 V/1-150 VA,8' - 4",,,,,By Type,,Default,,Pendant Light - Hemisphere,Pendant Light - Hemisphere: 150W - 120V 12" Drop,,1wejEoruvD5hQq7iipxy63,2 fc,,2800 K,,A-21,1,1,,L2,1,2780 lm,221 cd,,77,,P200,New Construction,None,1,,1,1,150W - 120V 12" Drop,,,1wejEoruvD5hQq7iipxyFU,,F11,,1,150 W,,
150 VA,D5020220,Lighting - Incandescent,,1,2,23.80.70.11.11,,,,,1,,19 lm/W,120 V/1-150 VA,8' - 4",,,,,By Type,,Default,,Pendant Light - Hemisphere,Pendant Light - Hemisphere: 150W - 120V 12" Drop,,1wejEoruvD5hQq7iipxy62,2 fc,,2800 K,,A-21,1,1,,L2,1,2780 lm,221 cd,,78,,P200,New Construction,None,1,,1,1,150W - 120V 12" Drop,,,1wejEoruvD5hQq7iipxyFU,,F11,,1,150 W,,
150 VA,D5020220,Lighting - Incandescent,,1,3,23.80.70.11.11,,,,,1,,19 lm/W,120 V/1-150 VA,10' - 11",,,,,By Type,,Default,,Pendant Light - Hemisphere,Pendant Light - Hemisphere: 150W - 120V 36" Drop,,1wejEoruvD5hQq7iipxy61,2 fc,,2800 K,,A-21,1,1,,L3,1,2780 lm,221 cd,,79,,P300,New Construction,None,1,,1,1,150W - 120V 36" Drop,,,1wejEoruvD5hQq7iipxyFg,,F10,,1,150 W,,
150 VA,D5020220,Lighting - Incandescent,,1,3,23.80.70.11.11,,,,,1,,19 lm/W,120 V/1-150 VA,10' - 11",,,,,By Type,,Default,,Pendant Light - Hemisphere,Pendant Light - Hemisphere: 150W - 120V 36" Drop,,1wejEoruvD5hQq7iipxy60,2 fc,,2800 K,,A-21,1,1,,L3,1,2780 lm,221 cd,,80,,P300,New Construction,None,1,,1,1,150W - 120V 36" Drop,,,1wejEoruvD5hQq7iipxyFg,,F10,,1,150 W,,
150 VA,D5020220,Lighting - Incandescent,,1,3,23.80.70.11.11,,,,,1,,19 lm/W,120 V/1-150 VA,10' - 11",,,,,By Type,,Default,,Pendant Light - Hemisphere,Pendant Light - Hemisphere: 150W - 120V 36" Drop,,1wejEoruvD5hQq7iipxy6F,2 fc,,2800 K,,A-21,1,1,,L3,1,2780 lm,221 cd,,81,,P300,New Construction,None,1,,1,1,150W - 120V 36" Drop,,,1wejEoruvD5hQq7iipxyFg,,F10,,1,150 W,,
150 VA,D5020220,Lighting - Incandescent,,1,3,23.80.70.11.11,,,,,1,,19 lm/W,120 V/1-150 VA,10' - 11",,,,,By Type,,Default,,Pendant Light - Hemisphere,Pendant Light - Hemisphere: 150W - 120V 36" Drop,,1wejEoruvD5hQq7iipxy6E,2 fc,,2800 K,,A-21,1,1,,L3,1,2780 lm,221 cd,,82,,P300,New Construction,None,1,,1,1,150W - 120V 36" Drop,,,1wejEoruvD5hQq7iipxyFg,,F10,,1,150 W,,
150 VA,D5020220,Lighting - Incandescent,,1,3,23.80.70.11.11,,,,,1,,19 lm/W,120 V/1-150 VA,5' - 8",,,,,By Type,,Default,,Pendant Light - Hemisphere,Pendant Light - Hemisphere: 150W - 120V 12" Drop,,1wejEoruvD5hQq7iipxy6D,2 fc,,2800 K,,A-21,1,1,,L1 - Block 43,1,2780 lm,221 cd,,83,,P106/7,New Construction,None,1,,1,1,150W - 120V 12" Drop,,,1wejEoruvD5hQq7iipxyFU,,F11,,1,150 W,,
150 VA,D5020220,Lighting - Incandescent,,1,3,23.80.70.11.11,,,,,1,,19 lm/W,120 V/1-150 VA,5' - 8",,,,,By Type,,Default,,Pendant Light - Hemisphere,Pendant Light - Hemisphere: 150W - 120V 12" Drop,,1wejEoruvD5hQq7iipxy6C,2 fc,,2800 K,,A-21,1,1,,L1 - Block 43,1,2780 lm,221 cd,,84,,P106/7,New Construction,None,1,,1,1,150W - 120V 12" Drop,,,1wejEoruvD5hQq7iipxyFU,,F11,,1,150 W,,
20 VA,,,,,4,23.80.70.11.14,,0.745302,,,1,,149 lm/W,120 V/1-20 VA,10' - 11",,,,,By Type,,Default,,Recessed Lamp - Round - LED,Recessed Lamp - Round - LED: 4" Trimmed Downlight,,1wejEoruvD5hQq7iipxy6B,-14406 fc,,2700 K,,LED,,,,L3,,700 lm,-1440600 cd,,85,,P300,New Construction,None,,,,1,4" Trimmed Downlight,,,1wejEoruvD5hQq7iipxwYO,,F3,,,5 W,,
20 VA,,,,,2,23.80.70.11.14,,0.837023,,,1,,149 lm/W,120 V/1-20 VA,8' - 4",,,,,By Type,,Default,,Recessed Lamp - Round - LED,Recessed Lamp - Round - LED: 4" Trimmed Downlight,,1wejEoruvD5hQq7iipxy6A,-14406 fc,,2700 K,,LED,,,,L2,,700 lm,-1440600 cd,,86,,P200,New Construction,None,,,,1,4" Trimmed Downlight,,,1wejEoruvD5hQq7iipxwYO,,F3,,,5 W,,
20 VA,,,,,3,23.80.70.11.14,,0.985605,,,1,,149 lm/W,120 V/1-20 VA,5' - 8",,,,,By Type,,Default,,Recessed Lamp - Round - LED,Recessed Lamp - Round - LED: 4" Trimmed Downlight,,1wejEoruvD5hQq7iipxy69,-14406 fc,,2700 K,,LED,,,,L1 - Block 43,,700 lm,-1440600 cd,,87,,P106/7,New Construction,None,,,,1,4" Trimmed Downlight,,,1wejEoruvD5hQq7iipxwYO,,F3,,,5 W,,
20 VA,,,,,3,23.80.70.11.14,,0.985605,,,1,,149 lm/W,120 V/1-20 VA,5' - 8",,,,,By Type,,Default,,Recessed Lamp - Round - LED,Recessed Lamp - Round - LED: 4" Trimmed Downlight,,1wejEoruvD5hQq7iipxy68,-14406 fc,,2700 K,,LED,,,,L1 - Block 43,,700 lm,-1440600 cd,,88,,P106/7,New Construction,None,,,,1,4" Trimmed Downlight,,,1wejEoruvD5hQq7iipxwYO,,F3,,,5 W,,
5 VA,,,,,,23.80.70.11.14,,1.074001,,,1,,250 lm/W,120 V/1-5 VA,3' - 1",,,,,By Type,,Default,,Recessed Lamp - Linear - LED,Recessed Lamp - Linear - LED: 48'',,1wejEoruvD5hQq7iipxy6N,1 fc,,3200 K,,LED,,,,L1 - Block 43,,1250 lm,99 cd,,89,,,New Construction,None,,,,1,48'',,,1wejEoruvD5hQq7iipxx0D,,,,,5 W,20,
,,,,,15,,,,,,1,,149 lm/W,120 V/1-180 VA,10' - 3",,,,,By Type,,Default,,Pendant-Dome,Pendant-Dome: 18" D x 5" H,,1wejEoruvD5hQq7iipxy6M,1 fc,,3200 K,,,,,1' - 6",L2,,1380 lm,110 cd,,90,,P102,New Construction,None,,,,1,18" D x 5" H,,,1wejEoruvD5hQq7iipxxg5,,F12,,,9 W,,1' - 6"
,,,,,15,,,,,,1,,149 lm/W,120 V/1-180 VA,10' - 3",,,,,By Type,,Default,,Pendant-Dome,Pendant-Dome: 18" D x 5" H,,1wejEoruvD5hQq7iipxy6K,1 fc,,3200 K,,,,,1' - 6",L2,,1380 lm,110 cd,,91,,P102,New Construction,None,,,,1,18" D x 5" H,,,1wejEoruvD5hQq7iipxxg5,,F12,,,9 W,,1' - 6"
,,,,,15,,,,,,1,,149 lm/W,120 V/1-180 VA,10' - 3",,,,,By Type,,Default,,Pendant-Dome,Pendant-Dome: 18" D x 5" H,,1wejEoruvD5hQq7iipxy6I,1 fc,,3200 K,,,,,1' - 6",L2,,1380 lm,110 cd,,92,,P102,New Construction,None,,,,1,18" D x 5" H,,,1wejEoruvD5hQq7iipxxg5,,F12,,,9 W,,1' - 6"
,,,,,15,,,,,,1,,149 lm/W,120 V/1-180 VA,10' - 3",,,,,By Type,,Default,,Pendant-Dome,Pendant-Dome: 18" D x 5" H,,1wejEoruvD5hQq7iipxy6G,1 fc,,3200 K,,,,,1' - 6",L2,,1380 lm,110 cd,,93,,P102,New Construction,None,,,,1,18" D x 5" H,,,1wejEoruvD5hQq7iipxxg5,,F12,,,9 W,,1' - 6"
,,,,,15,,,,,,1,,149 lm/W,120 V/1-180 VA,10' - 3",,,,,By Type,,Default,,Pendant-Dome,Pendant-Dome: 18" D x 5" H,,1wejEoruvD5hQq7iipxy6U,1 fc,,3200 K,,,,,1' - 6",L2,,1380 lm,110 cd,,94,,P102,New Construction,None,,,,1,18" D x 5" H,,,1wejEoruvD5hQq7iipxxg5,,F12,,,9 W,,1' - 6"
,,,,,16,,,,,,1,,149 lm/W,120 V/1-180 VA,10' - 3",,,,,By Type,,Default,,Pendant-Dome,Pendant-Dome: 18" D x 5" H,,1wejEoruvD5hQq7iipxy6S,1 fc,,3200 K,,,,,1' - 6",L2,,1380 lm,110 cd,,95,,P102,New Construction,None,,,,1,18" D x 5" H,,,1wejEoruvD5hQq7iipxxg5,,F12,,,9 W,,1' - 6"
,,,,,17,,,,,,1,,149 lm/W,120 V/1-180 VA,10' - 3",,,,,By Type,,Default,,Pendant-Dome,Pendant-Dome: 18" D x 5" H,,1wejEoruvD5hQq7iipxy6Q,1 fc,,3200 K,,,,,1' - 6",L2,,1380 lm,110 cd,,96,,P102,New Construction,None,,,,1,18" D x 5" H,,,1wejEoruvD5hQq7iipxxg5,,F12,,,9 W,,1' - 6"
,,,,,17,,,,,,1,,149 lm/W,120 V/1-180 VA,10' - 3",,,,,By Type,,Default,,Pendant-Dome,Pendant-Dome: 18" D x 5" H,,1wejEoruvD5hQq7iipxy6O,1 fc,,3200 K,,,,,1' - 6",L2,,1380 lm,110 cd,,97,,P102,New Construction,None,,,,1,18" D x 5" H,,,1wejEoruvD5hQq7iipxxg5,,F12,,,9 W,,1' - 6"
,,,,,17,,,,,,1,,149 lm/W,120 V/1-180 VA,10' - 3",,,,,By Type,,Default,,Pendant-Dome,Pendant-Dome: 18" D x 5" H,,1wejEoruvD5hQq7iipxy6c,1 fc,,3200 K,,,,,1' - 6",L2,,1380 lm,110 cd,,98,,P102,New Construction,None,,,,1,18" D x 5" H,,,1wejEoruvD5hQq7iipxxg5,,F12,,,9 W,,1' - 6"
,,,,,17,,,,,,1,,149 lm/W,120 V/1-180 VA,10' - 3",,,,,By Type,,Default,,Pendant-Dome,Pendant-Dome: 18" D x 5" H,,1wejEoruvD5hQq7iipxy6a,1 fc,,3200 K,,,,,1' - 6",L2,,1380 lm,110 cd,,99,,P102,New Construction,None,,,,1,18" D x 5" H,,,1wejEoruvD5hQq7iipxxg5,,F12,,,9 W,,1' - 6"
,,,,,16,,,,,,1,,149 lm/W,120 V/1-180 VA,10' - 3",,,,,By Type,,Default,,Pendant-Dome,Pendant-Dome: 18" D x 5" H,,1wejEoruvD5hQq7iipxy6Y,1 fc,,3200 K,,,,,1' - 6",L2,,1380 lm,110 cd,,100,,P102,New Construction,None,,,,1,18" D x 5" H,,,1wejEoruvD5hQq7iipxxg5,,F12,,,9 W,,1' - 6"
,,,,,16,,,,,,1,,149 lm/W,120 V/1-180 VA,10' - 3",,,,,By Type,,Default,,Pendant-Dome,Pendant-Dome: 18" D x 5" H,,1wejEoruvD5hQq7iipxy6W,1 fc,,3200 K,,,,,1' - 6",L2,,1380 lm,110 cd,,101,,P102,New Construction,None,,,,1,18" D x 5" H,,,1wejEoruvD5hQq7iipxxg5,,F12,,,9 W,,1' - 6"
,,,,,9,,,,,,1,,149 lm/W,120 V/1-180 VA,10' - 3",,,,,By Type,,Default,,Pendant-Dome,Pendant-Dome: 18" D x 15" H,,1wejEoruvD5hQq7iipxy6k,1 fc,,3200 K,,,,,1' - 6",L2,,1380 lm,110 cd,,102,,P203,New Construction,None,,,,1,18" D x 15" H,,,1wejEoruvD5hQq7iipxxg3,,F2,,,9 W,,1' - 6"
,,,,,8,,,,,,1,,149 lm/W,120 V/1-180 VA,10' - 3",,,,,By Type,,Default,,Pendant-Dome,Pendant-Dome: 18" D x 15" H,,1wejEoruvD5hQq7iipxy6i,1 fc,,3200 K,,,,,1' - 6",L2,,1380 lm,110 cd,,103,,P203,New Construction,None,,,,1,18" D x 15" H,,,1wejEoruvD5hQq7iipxxg3,,F2,,,9 W,,1' - 6"
,,,,,9,,,,,,1,,149 lm/W,120 V/1-180 VA,10' - 3",,,,,By Type,,Default,,Pendant-Dome,Pendant-Dome: 18" D x 15" H,,1wejEoruvD5hQq7iipxy6g,1 fc,,3200 K,,,,,1' - 6",L2,,1380 lm,110 cd,,104,,P203,New Construction,None,,,,1,18" D x 15" H,,,1wejEoruvD5hQq7iipxxg3,,F2,,,9 W,,1' - 6"
,,,,,7,,,,,,1,,149 lm/W,120 V/1-180 VA,10' - 3",,,,,By Type,,Default,,Pendant-Dome,Pendant-Dome: 18" D x 15" H,,1wejEoruvD5hQq7iipxy6e,1 fc,,3200 K,,,,,1' - 6",L2,,1380 lm,110 cd,,105,,P205,New Construction,None,,,,1,18" D x 15" H,,,1wejEoruvD5hQq7iipxxg3,,F2,,,9 W,,1' - 6"
,,,,,7,,,,,,1,,149 lm/W,120 V/1-180 VA,10' - 3",,,,,By Type,,Default,,Pendant-Dome,Pendant-Dome: 18" D x 15" H,,1wejEoruvD5hQq7iipxy6s,1 fc,,3200 K,,,,,1' - 6",L2,,1380 lm,110 cd,,106,,P205,New Construction,None,,,,1,18" D x 15" H,,,1wejEoruvD5hQq7iipxxg3,,F2,,,9 W,,1' - 6"
,,,,,7,,,,,,1,,149 lm/W,120 V/1-180 VA,10' - 3",,,,,By Type,,Default,,Pendant-Dome,Pendant-Dome: 18" D x 15" H,,1wejEoruvD5hQq7iipxy6q,1 fc,,3200 K,,,,,1' - 6",L2,,1380 lm,110 cd,,107,,P205,New Construction,None,,,,1,18" D x 15" H,,,1wejEoruvD5hQq7iipxxg3,,F2,,,9 W,,1' - 6"
,,,,,7,,,,,,1,,149 lm/W,120 V/1-180 VA,10' - 3",,,,,By Type,,Default,,Pendant-Dome,Pendant-Dome: 18" D x 15" H,,1wejEoruvD5hQq7iipxy6o,1 fc,,3200 K,,,,,1' - 6",L2,,1380 lm,110 cd,,108,,P205,New Construction,None,,,,1,18" D x 15" H,,,1wejEoruvD5hQq7iipxxg3,,F2,,,9 W,,1' - 6"
,,,,,7,,,,,,1,,149 lm/W,120 V/1-180 VA,10' - 3",,,,,By Type,,Default,,Pendant-Dome,Pendant-Dome: 18" D x 15" H,,1wejEoruvD5hQq7iipxy6m,1 fc,,3200 K,,,,,1' - 6",L2,,1380 lm,110 cd,,109,,P205,New Construction,None,,,,1,18" D x 15" H,,,1wejEoruvD5hQq7iipxxg3,,F2,,,9 W,,1' - 6"
,,,,,10,,,,,,1,,149 lm/W,120 V/1-180 VA,10' - 3",,,,,By Type,,Default,,Pendant-Dome,Pendant-Dome: 18" D x 15" H,,1wejEoruvD5hQq7iipxy6_,1 fc,,3200 K,,,,,1' - 6",L2,,1380 lm,110 cd,,110,,P205,New Construction,None,,,,1,18" D x 15" H,,,1wejEoruvD5hQq7iipxxg3,,F2,,,9 W,,1' - 6"
,,,,,10,,,,,,1,,149 lm/W,120 V/1-180 VA,10' - 3",,,,,By Type,,Default,,Pendant-Dome,Pendant-Dome: 18" D x 15" H,,1wejEoruvD5hQq7iipxy6y,1 fc,,3200 K,,,,,1' - 6",L2,,1380 lm,110 cd,,111,,P205,New Construction,None,,,,1,18" D x 15" H,,,1wejEoruvD5hQq7iipxxg3,,F2,,,9 W,,1' - 6"
,,,,,10,,,,,,1,,149 lm/W,120 V/1-180 VA,10' - 3",,,,,By Type,,Default,,Pendant-Dome,Pendant-Dome: 18" D x 15" H,,1wejEoruvD5hQq7iipxy6w,1 fc,,3200 K,,,,,1' - 6",L2,,1380 lm,110 cd,,112,,P205,New Construction,None,,,,1,18" D x 15" H,,,1wejEoruvD5hQq7iipxxg3,,F2,,,9 W,,1' - 6"
5 VA,,,,,7,23.80.70.11.14,,1.088897,,,1,,250 lm/W,120 V/1-5 VA,0' - 0",,,,,By Type,,Default,,Recessed Lamp - Linear - LED,Recessed Lamp - Linear - LED: 36'',,1wejEoruvD5hQq7iipxyv5,1 fc,,3200 K,,LED,,,,,,1250 lm,99 cd,,116,,P205,New Construction,None,,,,1,36'',,,1wejEoruvD5hQq7iipxx0E,,F6,,,5 W,15,
5 VA,,,,,7,23.80.70.11.14,,1.088897,,,1,,250 lm/W,120 V/1-5 VA,0' - 0",,,,,By Type,,Default,,Recessed Lamp - Linear - LED,Recessed Lamp - Linear - LED: 36'',,1wejEoruvD5hQq7iipxyv4,1 fc,,3200 K,,LED,,,,,,1250 lm,99 cd,,117,,P205,New Construction,None,,,,1,36'',,,1wejEoruvD5hQq7iipxx0E,,F6,,,5 W,15,
5 VA,,,,,11,23.80.70.11.14,,1.088897,,,1,,250 lm/W,120 V/1-5 VA,0' - 0",,,,,By Type,,Default,,Recessed Lamp - Linear - LED,Recessed Lamp - Linear - LED: 36'',,1wejEoruvD5hQq7iipxyvE,1 fc,,3200 K,,LED,,,,,,1250 lm,99 cd,,123,,P307,New Construction,None,,,,1,36'',,,1wejEoruvD5hQq7iipxx0E,,F6,,,5 W,15,
5 VA,,,,,11,23.80.70.11.14,,1.088897,,,1,,250 lm/W,120 V/1-5 VA,0' - 0",,,,,By Type,,Default,,Recessed Lamp - Linear - LED,Recessed Lamp - Linear - LED: 36'',,1wejEoruvD5hQq7iipxyvD,1 fc,,3200 K,,LED,,,,,,1250 lm,99 cd,,124,,P307,New Construction,None,,,,1,36'',,,1wejEoruvD5hQq7iipxx0E,,F6,,,5 W,15,
5 VA,,,,,20,23.80.70.11.14,,1.088897,,,1,,250 lm/W,120 V/1-5 VA,0' - 0",,,,,By Type,,Default,,Recessed Lamp - Linear - LED,Recessed Lamp - Linear - LED: 36'',,1wejEoruvD5hQq7iipxyvN,1 fc,,3200 K,,LED,,,,,,1250 lm,99 cd,,130,,P408,New Construction,None,,,,1,36'',,,1wejEoruvD5hQq7iipxx0E,,F6,,,5 W,15,
5 VA,,,,,20,23.80.70.11.14,,1.088897,,,1,,250 lm/W,120 V/1-5 VA,0' - 0",,,,,By Type,,Default,,Recessed Lamp - Linear - LED,Recessed Lamp - Linear - LED: 36'',,1wejEoruvD5hQq7iipxyvM,1 fc,,3200 K,,LED,,,,,,1250 lm,99 cd,,131,,P408,New Construction,None,,,,1,36'',,,1wejEoruvD5hQq7iipxx0E,,F6,,,5 W,15,
5 VA,,,,,18,23.80.70.11.14,,1.088897,,,1,,250 lm/W,120 V/1-5 VA,0' - 0",,,,,By Type,,Default,,Recessed Lamp - Linear - LED,Recessed Lamp - Linear - LED: 36'',,1wejEoruvD5hQq7iipxyvG,1 fc,,3200 K,,LED,,,,,,1250 lm,99 cd,,137,,P506,New Construction,None,,,,1,36'',,,1wejEoruvD5hQq7iipxx0E,,F6,,,5 W,15,
5 VA,,,,,18,23.80.70.11.14,,1.088897,,,1,,250 lm/W,120 V/1-5 VA,0' - 0",,,,,By Type,,Default,,Recessed Lamp - Linear - LED,Recessed Lamp - Linear - LED: 36'',,1wejEoruvD5hQq7iipxyvV,1 fc,,3200 K,,LED,,,,,,1250 lm,99 cd,,138,,P506,New Construction,None,,,,1,36'',,,1wejEoruvD5hQq7iipxx0E,,F6,,,5 W,15,
8 VA,D5020210,Lighting - Fluorescent,,0.88,11,23.80.70.11.14.11,,0.554493,,,1,,50 lm/W,120 V/1-8 VA,0' - 0",,,,,By Type,,Default,,Downlight - Under Cabinet,Downlight - Under Cabinet: 18" 120V,,1wejEoruvD5hQq7iipxyvS,0 fc,,4230 K,,T-8,1,1,,L2,1,400 lm,32 cd,,141,,P205,New Construction,None,1,,1,0.88,18" 120V,,,1wejEoruvD5hQq7iipxxm8,,F4,,1,8 W,8,
8 VA,D5020210,Lighting - Fluorescent,,0.88,11,23.80.70.11.14.11,,0.554493,,,1,,50 lm/W,120 V/1-8 VA,0' - 0",,,,,By Type,,Default,,Downlight - Under Cabinet,Downlight - Under Cabinet: 18" 120V,,1wejEoruvD5hQq7iipxyvR,0 fc,,4230 K,,T-8,1,1,,L2,1,400 lm,32 cd,,142,,P205,New Construction,None,1,,1,0.88,18" 120V,,,1wejEoruvD5hQq7iipxxm8,,F4,,1,8 W,8,
8 VA,D5020210,Lighting - Fluorescent,,0.88,11,23.80.70.11.14.11,,0.554493,,,1,,50 lm/W,120 V/1-8 VA,1' - 0",,,,,By Type,,Default,,Downlight - Under Cabinet,Downlight - Under Cabinet: 24" 120V,,1wejEoruvD5hQq7iipxyvQ,0 fc,,4230 K,,T-8,1,1,,L2,1,400 lm,32 cd,,143,,P205,New Construction,None,1,,1,0.88,24" 120V,,,1wejEoruvD5hQq7iipxxmA,,F5,,1,8 W,8,
8 VA,D5020210,Lighting - Fluorescent,,0.88,10,23.80.70.11.14.11,,0.554493,,,1,,50 lm/W,120 V/1-8 VA,0' - 0",,,,,By Type,,Default,,Downlight - Under Cabinet,Downlight - Under Cabinet: 18" 120V,,1wejEoruvD5hQq7iipxyvP,0 fc,,4230 K,,T-8,1,1,,L3,1,400 lm,32 cd,,144,,P307,New Construction,None,1,,1,0.88,18" 120V,,,1wejEoruvD5hQq7iipxxm8,,F4,,1,8 W,8,
8 VA,D5020210,Lighting - Fluorescent,,0.88,10,23.80.70.11.14.11,,0.554493,,,1,,50 lm/W,120 V/1-8 VA,0' - 0",,,,,By Type,,Default,,Downlight - Under Cabinet,Downlight - Under Cabinet: 18" 120V,,1wejEoruvD5hQq7iipxyvO,0 fc,,4230 K,,T-8,1,1,,L3,1,400 lm,32 cd,,145,,P307,New Construction,None,1,,1,0.88,18" 120V,,,1wejEoruvD5hQq7iipxxm8,,F4,,1,8 W,8,
8 VA,D5020210,Lighting - Fluorescent,,0.88,10,23.80.70.11.14.11,,0.554493,,,1,,50 lm/W,120 V/1-8 VA,1' - 0",,,,,By Type,,Default,,Downlight - Under Cabinet,Downlight - Under Cabinet: 24" 120V,,1wejEoruvD5hQq7iipxyvd,0 fc,,4230 K,,T-8,1,1,,L3,1,400 lm,32 cd,,146,,P307,New Construction,None,1,,1,0.88,24" 120V,,,1wejEoruvD5hQq7iipxxmA,,F5,,1,8 W,8,
8 VA,D5020210,Lighting - Fluorescent,,0.88,17,23.80.70.11.14.11,,0.554493,,,1,,50 lm/W,120 V/1-8 VA,0' - 0",,,,,By Type,,Default,,Downlight - Under Cabinet,Downlight - Under Cabinet: 18" 120V,,1wejEoruvD5hQq7iipxyvc,0 fc,,4230 K,,T-8,1,1,,L4,1,400 lm,32 cd,,147,,P408,New Construction,None,1,,1,0.88,18" 120V,,,1wejEoruvD5hQq7iipxxm8,,F4,,1,8 W,8,
8 VA,D5020210,Lighting - Fluorescent,,0.88,17,23.80.70.11.14.11,,0.554493,,,1,,50 lm/W,120 V/1-8 VA,0' - 0",,,,,By Type,,Default,,Downlight - Under Cabinet,Downlight - Under Cabinet: 18" 120V,,1wejEoruvD5hQq7iipxyvb,0 fc,,4230 K,,T-8,1,1,,L4,1,400 lm,32 cd,,148,,P408,New Construction,None,1,,1,0.88,18" 120V,,,1wejEoruvD5hQq7iipxxm8,,F4,,1,8 W,8,
8 VA,D5020210,Lighting - Fluorescent,,0.88,17,23.80.70.11.14.11,,0.554493,,,1,,50 lm/W,120 V/1-8 VA,1' - 0",,,,,By Type,,Default,,Downlight - Under Cabinet,Downlight - Under Cabinet: 24" 120V,,1wejEoruvD5hQq7iipxyva,0 fc,,4230 K,,T-8,1,1,,L4,1,400 lm,32 cd,,149,,P408,New Construction,None,1,,1,0.88,24" 120V,,,1wejEoruvD5hQq7iipxxmA,,F5,,1,8 W,8,
8 VA,D5020210,Lighting - Fluorescent,,0.88,19,23.80.70.11.14.11,,0.554493,,,1,,50 lm/W,120 V/1-8 VA,0' - 0",,,,,By Type,,Default,,Downlight - Under Cabinet,Downlight - Under Cabinet: 18" 120V,,1wejEoruvD5hQq7iipxyvZ,0 fc,,4230 K,,T-8,1,1,,L5,1,400 lm,32 cd,,150,,P506,New Construction,None,1,,1,0.88,18" 120V,,,1wejEoruvD5hQq7iipxxm8,,F4,,1,8 W,8,
8 VA,D5020210,Lighting - Fluorescent,,0.88,19,23.80.70.11.14.11,,0.554493,,,1,,50 lm/W,120 V/1-8 VA,0' - 0",,,,,By Type,,Default,,Downlight - Under Cabinet,Downlight - Under Cabinet: 18" 120V,,1wejEoruvD5hQq7iipxyvY,0 fc,,4230 K,,T-8,1,1,,L5,1,400 lm,32 cd,,151,,P506,New Construction,None,1,,1,0.88,18" 120V,,,1wejEoruvD5hQq7iipxxm8,,F4,,1,8 W,8,
8 VA,D5020210,Lighting - Fluorescent,,0.88,19,23.80.70.11.14.11,,0.554493,,,1,,50 lm/W,120 V/1-8 VA,1' - 0",,,,,By Type,,Default,,Downlight - Under Cabinet,Downlight - Under Cabinet: 24" 120V,,1wejEoruvD5hQq7iipxyvX,0 fc,,4230 K,,T-8,1,1,,L5,1,400 lm,32 cd,,152,,P506,New Construction,None,1,,1,0.88,24" 120V,,,1wejEoruvD5hQq7iipxxmA,,F5,,1,8 W,8,
8 VA,D5020210,Lighting - Fluorescent,,0.88,10,23.80.70.11.14.11,,0.535999,,,1,,50 lm/W,120 V/1-8 VA,0' - 0",,,,,By Type,,Default,,Downlight - Under Cabinet,Downlight - Under Cabinet: 18" 120V,,1wejEoruvD5hQq7iipxyvs,0 fc,,4230 K,,T-8,1,1,,L2,1,400 lm,32 cd,,163,,P203,New Construction,None,1,,1,0.88,18" 120V,,,1wejEoruvD5hQq7iipxxm8,,F4,,1,8 W,8,
8 VA,D5020210,Lighting - Fluorescent,,0.88,10,23.80.70.11.14.11,,0.535999,,,1,,50 lm/W,120 V/1-8 VA,0' - 0",,,,,By Type,,Default,,Downlight - Under Cabinet,Downlight - Under Cabinet: 18" 120V,,1wejEoruvD5hQq7iipxyvr,0 fc,,4230 K,,T-8,1,1,,L2,1,400 lm,32 cd,,164,,P203,New Construction,None,1,,1,0.88,18" 120V,,,1wejEoruvD5hQq7iipxxm8,,F4,,1,8 W,8,
8 VA,D5020210,Lighting - Fluorescent,,0.88,10,23.80.70.11.14.11,,0.535999,,,1,,50 lm/W,120 V/1-8 VA,1' - 0",,,,,By Type,,Default,,Downlight - Under Cabinet,Downlight - Under Cabinet: 24" 120V,,1wejEoruvD5hQq7iipxyvq,0 fc,,4230 K,,T-8,1,1,,L2,1,400 lm,32 cd,,165,,P203,New Construction,None,1,,1,0.88,24" 120V,,,1wejEoruvD5hQq7iipxxmA,,F5,,1,8 W,8,
8 VA,D5020210,Lighting - Fluorescent,,0.88,15,23.80.70.11.14.11,,0.540416,,,1,,50 lm/W,120 V/1-8 VA,0' - 0",,,,,By Type,,Default,,Downlight - Under Cabinet,Downlight - Under Cabinet: 18" 120V,,1wejEoruvD5hQq7iipxyvp,0 fc,,4230 K,,T-8,1,1,,L4,1,400 lm,32 cd,,166,,P410,New Construction,None,1,,1,0.88,18" 120V,,,1wejEoruvD5hQq7iipxxm8,,F4,,1,8 W,8,
8 VA,D5020210,Lighting - Fluorescent,,0.88,15,23.80.70.11.14.11,,0.540416,,,1,,50 lm/W,120 V/1-8 VA,0' - 0",,,,,By Type,,Default,,Downlight - Under Cabinet,Downlight - Under Cabinet: 18" 120V,,1wejEoruvD5hQq7iipxyvo,0 fc,,4230 K,,T-8,1,1,,L4,1,400 lm,32 cd,,167,,P410,New Construction,None,1,,1,0.88,18" 120V,,,1wejEoruvD5hQq7iipxxm8,,F4,,1,8 W,8,
8 VA,D5020210,Lighting - Fluorescent,,0.88,15,23.80.70.11.14.11,,0.540416,,,1,,50 lm/W,120 V/1-8 VA,1' - 0",,,,,By Type,,Default,,Downlight - Under Cabinet,Downlight - Under Cabinet: 24" 120V,,1wejEoruvD5hQq7iipxyvn,0 fc,,4230 K,,T-8,1,1,,L4,1,400 lm,32 cd,,168,,P410,New Construction,None,1,,1,0.88,24" 120V,,,1wejEoruvD5hQq7iipxxmA,,F5,,1,8 W,8,
8 VA,D5020210,Lighting - Fluorescent,,0.88,9,23.80.70.11.14.11,,0.540308,,,1,,50 lm/W,120 V/1-8 VA,0' - 0",,,,,By Type,,Default,,Downlight - Under Cabinet,Downlight - Under Cabinet: 18" 120V,,1wejEoruvD5hQq7iipxyvm,0 fc,,4230 K,,T-8,1,1,,L3,1,400 lm,32 cd,,169,,P309,New Construction,None,1,,1,0.88,18" 120V,,,1wejEoruvD5hQq7iipxxm8,,F4,,1,8 W,8,
8 VA,D5020210,Lighting - Fluorescent,,0.88,9,23.80.70.11.14.11,,0.540308,,,1,,50 lm/W,120 V/1-8 VA,0' - 0",,,,,By Type,,Default,,Downlight - Under Cabinet,Downlight - Under Cabinet: 18" 120V,,1wejEoruvD5hQq7iipxyv$,0 fc,,4230 K,,T-8,1,1,,L3,1,400 lm,32 cd,,170,,P309,New Construction,None,1,,1,0.88,18" 120V,,,1wejEoruvD5hQq7iipxxm8,,F4,,1,8 W,8,
8 VA,D5020210,Lighting - Fluorescent,,0.88,9,23.80.70.11.14.11,,0.540308,,,1,,50 lm/W,120 V/1-8 VA,1' - 0",,,,,By Type,,Default,,Downlight - Under Cabinet,Downlight - Under Cabinet: 24" 120V,,1wejEoruvD5hQq7iipxyv_,0 fc,,4230 K,,T-8,1,1,,L3,1,400 lm,32 cd,,171,,P309,New Construction,None,1,,1,0.88,24" 120V,,,1wejEoruvD5hQq7iipxxmA,,F5,,1,8 W,8,
8 VA,D5020210,Lighting - Fluorescent,,0.88,14,23.80.70.11.14.11,,0.539023,,,1,,50 lm/W,120 V/1-8 VA,0' - 0",,,,,By Type,,Default,,Downlight - Under Cabinet,Downlight - Under Cabinet: 18" 120V,,1wejEoruvD5hQq7iipxyvz,0 fc,,4230 K,,T-8,1,1,,L5,1,400 lm,32 cd,,172,,P507,New Construction,None,1,,1,0.88,18" 120V,,,1wejEoruvD5hQq7iipxxm8,,F4,,1,8 W,8,
8 VA,D5020210,Lighting - Fluorescent,,0.88,14,23.80.70.11.14.11,,0.539023,,,1,,50 lm/W,120 V/1-8 VA,0' - 0",,,,,By Type,,Default,,Downlight - Under Cabinet,Downlight - Under Cabinet: 18" 120V,,1wejEoruvD5hQq7iipxyvy,0 fc,,4230 K,,T-8,1,1,,L5,1,400 lm,32 cd,,173,,P507,New Construction,None,1,,1,0.88,18" 120V,,,1wejEoruvD5hQq7iipxxm8,,F4,,1,8 W,8,
8 VA,D5020210,Lighting - Fluorescent,,0.88,14,23.80.70.11.14.11,,0.539023,,,1,,50 lm/W,120 V/1-8 VA,1' - 0",,,,,By Type,,Default,,Downlight - Under Cabinet,Downlight - Under Cabinet: 24" 120V,,1wejEoruvD5hQq7iipxyvx,0 fc,,4230 K,,T-8,1,1,,L5,1,400 lm,32 cd,,174,,P507,New Construction,None,1,,1,0.88,24" 120V,,,1wejEoruvD5hQq7iipxxmA,,F5,,1,8 W,8,
8 VA,D5020210,Lighting - Fluorescent,,0.88,15,23.80.70.11.14.11,,0.535999,,,1,,50 lm/W,120 V/1-8 VA,0' - 0",,,,,By Type,,Default,,Downlight - Under Cabinet,Downlight - Under Cabinet: 18" 120V,,1wejEoruvD5hQq7iipxyvw,0 fc,,4230 K,,T-8,1,1,,L3,1,400 lm,32 cd,,175,,P304,New Construction,None,1,,1,0.88,18" 120V,,,1wejEoruvD5hQq7iipxxm8,,F4,,1,8 W,8,
8 VA,D5020210,Lighting - Fluorescent,,0.88,15,23.80.70.11.14.11,,0.535999,,,1,,50 lm/W,120 V/1-8 VA,0' - 0",,,,,By Type,,Default,,Downlight - Under Cabinet,Downlight - Under Cabinet: 18" 120V,,1wejEoruvD5hQq7iipxyvv,0 fc,,4230 K,,T-8,1,1,,L3,1,400 lm,32 cd,,176,,P304,New Construction,None,1,,1,0.88,18" 120V,,,1wejEoruvD5hQq7iipxxm8,,F4,,1,8 W,8,
8 VA,D5020210,Lighting - Fluorescent,,0.88,15,23.80.70.11.14.11,,0.535999,,,1,,50 lm/W,120 V/1-8 VA,1' - 0",,,,,By Type,,Default,,Downlight - Under Cabinet,Downlight - Under Cabinet: 24" 120V,,1wejEoruvD5hQq7iipxyvu,0 fc,,4230 K,,T-8,1,1,,L3,1,400 lm,32 cd,,177,,P304,New Construction,None,1,,1,0.88,24" 120V,,,1wejEoruvD5hQq7iipxxmA,,F5,,1,8 W,8,
8 VA,D5020210,Lighting - Fluorescent,,0.88,11,23.80.70.11.14.11,,0.535999,,,1,,50 lm/W,120 V/1-8 VA,0' - 0",,,,,By Type,,Default,,Downlight - Under Cabinet,Downlight - Under Cabinet: 18" 120V,,1wejEoruvD5hQq7iipxyu7,0 fc,,4230 K,,T-8,1,1,,L4,1,400 lm,32 cd,,178,,P404,New Construction,None,1,,1,0.88,18" 120V,,,1wejEoruvD5hQq7iipxxm8,,F4,,1,8 W,8,
8 VA,D5020210,Lighting - Fluorescent,,0.88,11,23.80.70.11.14.11,,0.535999,,,1,,50 lm/W,120 V/1-8 VA,0' - 0",,,,,By Type,,Default,,Downlight - Under Cabinet,Downlight - Under Cabinet: 18" 120V,,1wejEoruvD5hQq7iipxyu6,0 fc,,4230 K,,T-8,1,1,,L4,1,400 lm,32 cd,,179,,P404,New Construction,None,1,,1,0.88,18" 120V,,,1wejEoruvD5hQq7iipxxm8,,F4,,1,8 W,8,
8 VA,D5020210,Lighting - Fluorescent,,0.88,11,23.80.70.11.14.11,,0.535999,,,1,,50 lm/W,120 V/1-8 VA,1' - 0",,,,,By Type,,Default,,Downlight - Under Cabinet,Downlight - Under Cabinet: 24" 120V,,1wejEoruvD5hQq7iipxyu5,0 fc,,4230 K,,T-8,1,1,,L4,1,400 lm,32 cd,,180,,P404,New Construction,None,1,,1,0.88,24" 120V,,,1wejEoruvD5hQq7iipxxmA,,F5,,1,8 W,8,
8 VA,D5020210,Lighting - Fluorescent,,0.88,5,23.80.70.11.14.11,,0.535999,,,1,,50 lm/W,120 V/1-8 VA,0' - 0",,,,,By Type,,Default,,Downlight - Under Cabinet,Downlight - Under Cabinet: 18" 120V,,1wejEoruvD5hQq7iipxyu4,0 fc,,4230 K,,T-8,1,1,,L5,1,400 lm,32 cd,,181,,P504,New Construction,None,1,,1,0.88,18" 120V,,,1wejEoruvD5hQq7iipxxm8,,F4,,1,8 W,8,
8 VA,D5020210,Lighting - Fluorescent,,0.88,5,23.80.70.11.14.11,,0.535999,,,1,,50 lm/W,120 V/1-8 VA,0' - 0",,,,,By Type,,Default,,Downlight - Under Cabinet,Downlight - Under Cabinet: 18" 120V,,1wejEoruvD5hQq7iipxyu3,0 fc,,4230 K,,T-8,1,1,,L5,1,400 lm,32 cd,,182,,P504,New Construction,None,1,,1,0.88,18" 120V,,,1wejEoruvD5hQq7iipxxm8,,F4,,1,8 W,8,
8 VA,D5020210,Lighting - Fluorescent,,0.88,5,23.80.70.11.14.11,,0.535999,,,1,,50 lm/W,120 V/1-8 VA,1' - 0",,,,,By Type,,Default,,Downlight - Under Cabinet,Downlight - Under Cabinet: 24" 120V,,1wejEoruvD5hQq7iipxyu2,0 fc,,4230 K,,T-8,1,1,,L5,1,400 lm,32 cd,,183,,P504,New Construction,None,1,,1,0.88,24" 120V,,,1wejEoruvD5hQq7iipxxmA,,F5,,1,8 W,8,
8 VA,D5020210,Lighting - Fluorescent,,0.88,11,23.80.70.11.14.11,,0.529035,,,1,,50 lm/W,120 V/1-8 VA,0' - 0",,,,,By Type,,Default,,Downlight - Under Cabinet,Downlight - Under Cabinet: 18" 120V,,1wejEoruvD5hQq7iipxyul,0 fc,,4230 K,,T-8,1,1,,L2,1,400 lm,32 cd,,218,,P204,New Construction,None,1,,1,0.88,18" 120V,,,1wejEoruvD5hQq7iipxxm8,,F4,,1,8 W,8,
8 VA,D5020210,Lighting - Fluorescent,,0.88,11,23.80.70.11.14.11,,0.529035,,,1,,50 lm/W,120 V/1-8 VA,0' - 0",,,,,By Type,,Default,,Downlight - Under Cabinet,Downlight - Under Cabinet: 18" 120V,,1wejEoruvD5hQq7iipxyuk,0 fc,,4230 K,,T-8,1,1,,L2,1,400 lm,32 cd,,219,,P204,New Construction,None,1,,1,0.88,18" 120V,,,1wejEoruvD5hQq7iipxxm8,,F4,,1,8 W,8,
8 VA,D5020210,Lighting - Fluorescent,,0.88,11,23.80.70.11.14.11,,0.529035,,,1,,50 lm/W,120 V/1-8 VA,1' - 0",,,,,By Type,,Default,,Downlight - Under Cabinet,Downlight - Under Cabinet: 24" 120V,,1wejEoruvD5hQq7iipxyuj,0 fc,,4230 K,,T-8,1,1,,L2,1,400 lm,32 cd,,220,,P204,New Construction,None,1,,1,0.88,24" 120V,,,1wejEoruvD5hQq7iipxxmA,,F5,,1,8 W,8,
8 VA,D5020210,Lighting - Fluorescent,,0.88,22,23.80.70.11.14.11,,0.529027,,,1,,50 lm/W,120 V/1-8 VA,0' - 0",,,,,By Type,,Default,,Downlight - Under Cabinet,Downlight - Under Cabinet: 18" 120V,,1wejEoruvD5hQq7iipxyui,0 fc,,4230 K,,T-8,1,1,,L4,1,400 lm,32 cd,,221,,P406,New Construction,None,1,,1,0.88,18" 120V,,,1wejEoruvD5hQq7iipxxm8,,F4,,1,8 W,8,
8 VA,D5020210,Lighting - Fluorescent,,0.88,22,23.80.70.11.14.11,,0.529027,,,1,,50 lm/W,120 V/1-8 VA,0' - 0",,,,,By Type,,Default,,Downlight - Under Cabinet,Downlight - Under Cabinet: 18" 120V,,1wejEoruvD5hQq7iipxyuh,0 fc,,4230 K,,T-8,1,1,,L4,1,400 lm,32 cd,,222,,P406,New Construction,None,1,,1,0.88,18" 120V,,,1wejEoruvD5hQq7iipxxm8,,F4,,1,8 W,8,
8 VA,D5020210,Lighting - Fluorescent,,0.88,22,23.80.70.11.14.11,,0.529027,,,1,,50 lm/W,120 V/1-8 VA,1' - 0",,,,,By Type,,Default,,Downlight - Under Cabinet,Downlight - Under Cabinet: 24" 120V,,1wejEoruvD5hQq7iipxyug,0 fc,,4230 K,,T-8,1,1,,L4,1,400 lm,32 cd,,223,,P406,New Construction,None,1,,1,0.88,24" 120V,,,1wejEoruvD5hQq7iipxxmA,,F5,,1,8 W,8,
,,,,,9,,,,,,1,,149 lm/W,120 V/1-180 VA,10' - 3",,,,,By Type,,Default,,Pendant-Dome,Pendant-Dome: 18" D x 15" H,,1wejEoruvD5hQq7iipxyuf,1 fc,,3200 K,,,,,1' - 6",L2,,1380 lm,110 cd,,224,,P204,New Construction,None,,,,1,18" D x 15" H,,,1wejEoruvD5hQq7iipxxg3,,F2,,,9 W,,1' - 6"
,,,,,9,,,,,,1,,149 lm/W,120 V/1-180 VA,10' - 3",,,,,By Type,,Default,,Pendant-Dome,Pendant-Dome: 18" D x 15" H,,1wejEoruvD5hQq7iipxyut,1 fc,,3200 K,,,,,1' - 6",L2,,1380 lm,110 cd,,225,,P204,New Construction,None,,,,1,18" D x 15" H,,,1wejEoruvD5hQq7iipxxg3,,F2,,,9 W,,1' - 6"
,,,,,7,,,,,,1,,149 lm/W,120 V/1-180 VA,10' - 3",,,,,By Type,,Default,,Pendant-Dome,Pendant-Dome: 18" D x 15" H,,1wejEoruvD5hQq7iipxyur,1 fc,,3200 K,,,,,1' - 6",L2,,1380 lm,110 cd,,226,,P204,New Construction,None,,,,1,18" D x 15" H,,,1wejEoruvD5hQq7iipxxg3,,F2,,,9 W,,1' - 6"
,,,,,12,,,,,,1,,149 lm/W,120 V/1-180 VA,23' - 7",,,,,By Type,,Default,,Pendant-Dome,Pendant-Dome: 18" D x 15" H,,1wejEoruvD5hQq7iipxyup,1 fc,,3200 K,,,,,1' - 6",L2,,1380 lm,110 cd,,227,,P304,New Construction,None,,,,1,18" D x 15" H,,,1wejEoruvD5hQq7iipxxg3,,F2,,,9 W,,1' - 6"
,,,,,12,,,,,,1,,149 lm/W,120 V/1-180 VA,23' - 7",,,,,By Type,,Default,,Pendant-Dome,Pendant-Dome: 18" D x 15" H,,1wejEoruvD5hQq7iipxyun,1 fc,,3200 K,,,,,1' - 6",L2,,1380 lm,110 cd,,228,,P304,New Construction,None,,,,1,18" D x 15" H,,,1wejEoruvD5hQq7iipxxg3,,F2,,,9 W,,1' - 6"
,,,,,12,,,,,,1,,149 lm/W,120 V/1-180 VA,23' - 7",,,,,By Type,,Default,,Pendant-Dome,Pendant-Dome: 18" D x 15" H,,1wejEoruvD5hQq7iipxyu$,1 fc,,3200 K,,,,,1' - 6",L2,,1380 lm,110 cd,,229,,P304,New Construction,None,,,,1,18" D x 15" H,,,1wejEoruvD5hQq7iipxxg3,,F2,,,9 W,,1' - 6"
,,,,,8,,,,,,1,,149 lm/W,120 V/1-180 VA,23' - 7",,,,,By Type,,Default,,Pendant-Dome,Pendant-Dome: 18" D x 15" H,,1wejEoruvD5hQq7iipxyuz,1 fc,,3200 K,,,,,1' - 6",L2,,1380 lm,110 cd,,230,,P307,New Construction,None,,,,1,18" D x 15" H,,,1wejEoruvD5hQq7iipxxg3,,F2,,,9 W,,1' - 6"
,,,,,8,,,,,,1,,149 lm/W,120 V/1-180 VA,23' - 7",,,,,By Type,,Default,,Pendant-Dome,Pendant-Dome: 18" D x 15" H,,1wejEoruvD5hQq7iipxyux,1 fc,,3200 K,,,,,1' - 6",L2,,1380 lm,110 cd,,231,,P307,New Construction,None,,,,1,18" D x 15" H,,,1wejEoruvD5hQq7iipxxg3,,F2,,,9 W,,1' - 6"
,,,,,8,,,,,,1,,149 lm/W,120 V/1-180 VA,23' - 7",,,,,By Type,,Default,,Pendant-Dome,Pendant-Dome: 18" D x 15" H,,1wejEoruvD5hQq7iipxyuv,1 fc,,3200 K,,,,,1' - 6",L2,,1380 lm,110 cd,,232,,P307,New Construction,None,,,,1,18" D x 15" H,,,1wejEoruvD5hQq7iipxxg3,,F2,,,9 W,,1' - 6"
,,,,,8,,,,,,1,,149 lm/W,120 V/1-180 VA,23' - 7",,,,,By Type,,Default,,Pendant-Dome,Pendant-Dome: 18" D x 15" H,,1wejEoruvD5hQq7iipxyx7,1 fc,,3200 K,,,,,1' - 6",L2,,1380 lm,110 cd,,233,,P307,New Construction,None,,,,1,18" D x 15" H,,,1wejEoruvD5hQq7iipxxg3,,F2,,,9 W,,1' - 6"
,,,,,8,,,,,,1,,149 lm/W,120 V/1-180 VA,23' - 7",,,,,By Type,,Default,,Pendant-Dome,Pendant-Dome: 18" D x 15" H,,1wejEoruvD5hQq7iipxyx5,1 fc,,3200 K,,,,,1' - 6",L2,,1380 lm,110 cd,,234,,P307,New Construction,None,,,,1,18" D x 15" H,,,1wejEoruvD5hQq7iipxxg3,,F2,,,9 W,,1' - 6"
,,,,,8,,,,,,1,,149 lm/W,120 V/1-180 VA,23' - 7",,,,,By Type,,Default,,Pendant-Dome,Pendant-Dome: 18" D x 15" H,,1wejEoruvD5hQq7iipxyx3,1 fc,,3200 K,,,,,1' - 6",L2,,1380 lm,110 cd,,235,,P307,New Construction,None,,,,1,18" D x 15" H,,,1wejEoruvD5hQq7iipxxg3,,F2,,,9 W,,1' - 6"
,,,,,8,,,,,,1,,149 lm/W,120 V/1-180 VA,23' - 7",,,,,By Type,,Default,,Pendant-Dome,Pendant-Dome: 18" D x 15" H,,1wejEoruvD5hQq7iipxyx1,1 fc,,3200 K,,,,,1' - 6",L2,,1380 lm,110 cd,,236,,P307,New Construction,None,,,,1,18" D x 15" H,,,1wejEoruvD5hQq7iipxxg3,,F2,,,9 W,,1' - 6"
,,,,,8,,,,,,1,,149 lm/W,120 V/1-180 VA,23' - 7",,,,,By Type,,Default,,Pendant-Dome,Pendant-Dome: 18" D x 15" H,,1wejEoruvD5hQq7iipxyxF,1 fc,,3200 K,,,,,1' - 6",L2,,1380 lm,110 cd,,237,,P307,New Construction,None,,,,1,18" D x 15" H,,,1wejEoruvD5hQq7iipxxg3,,F2,,,9 W,,1' - 6"
,,,,,10,,,,,,1,,149 lm/W,120 V/1-180 VA,36' - 11",,,,,By Type,,Default,,Pendant-Dome,Pendant-Dome: 18" D x 15" H,,1wejEoruvD5hQq7iipxyxD,1 fc,,3200 K,,,,,1' - 6",L2,,1380 lm,110 cd,,238,,P404,New Construction,None,,,,1,18" D x 15" H,,,1wejEoruvD5hQq7iipxxg3,,F2,,,9 W,,1' - 6"
,,,,,10,,,,,,1,,149 lm/W,120 V/1-180 VA,36' - 11",,,,,By Type,,Default,,Pendant-Dome,Pendant-Dome: 18" D x 15" H,,1wejEoruvD5hQq7iipxyxB,1 fc,,3200 K,,,,,1' - 6",L2,,1380 lm,110 cd,,239,,P404,New Construction,None,,,,1,18" D x 15" H,,,1wejEoruvD5hQq7iipxxg3,,F2,,,9 W,,1' - 6"
,,,,,10,,,,,,1,,149 lm/W,120 V/1-180 VA,36' - 11",,,,,By Type,,Default,,Pendant-Dome,Pendant-Dome: 18" D x 15" H,,1wejEoruvD5hQq7iipxyx9,1 fc,,3200 K,,,,,1' - 6",L2,,1380 lm,110 cd,,240,,P404,New Construction,None,,,,1,18" D x 15" H,,,1wejEoruvD5hQq7iipxxg3,,F2,,,9 W,,1' - 6"
,,,,,11,,,,,,1,,149 lm/W,120 V/1-180 VA,36' - 11",,,,,By Type,,Default,,Pendant-Dome,Pendant-Dome: 18" D x 15" H,,1wejEoruvD5hQq7iipxyxN,1 fc,,3200 K,,,,,1' - 6",L2,,1380 lm,110 cd,,241,,P408,New Construction,None,,,,1,18" D x 15" H,,,1wejEoruvD5hQq7iipxxg3,,F2,,,9 W,,1' - 6"
,,,,,11,,,,,,1,,149 lm/W,120 V/1-180 VA,36' - 11",,,,,By Type,,Default,,Pendant-Dome,Pendant-Dome: 18" D x 15" H,,1wejEoruvD5hQq7iipxyxL,1 fc,,3200 K,,,,,1' - 6",L2,,1380 lm,110 cd,,242,,P408,New Construction,None,,,,1,18" D x 15" H,,,1wejEoruvD5hQq7iipxxg3,,F2,,,9 W,,1' - 6"
,,,,,12,,,,,,1,,149 lm/W,120 V/1-180 VA,36' - 11",,,,,By Type,,Default,,Pendant-Dome,Pendant-Dome: 18" D x 15" H,,1wejEoruvD5hQq7iipxyxJ,1 fc,,3200 K,,,,,1' - 6",L2,,1380 lm,110 cd,,243,,P408,New Construction,None,,,,1,18" D x 15" H,,,1wejEoruvD5hQq7iipxxg3,,F2,,,9 W,,1' - 6"
,,,,,12,,,,,,1,,149 lm/W,120 V/1-180 VA,36' - 11",,,,,By Type,,Default,,Pendant-Dome,Pendant-Dome: 18" D x 15" H,,1wejEoruvD5hQq7iipxyxH,1 fc,,3200 K,,,,,1' - 6",L2,,1380 lm,110 cd,,244,,P408,New Construction,None,,,,1,18" D x 15" H,,,1wejEoruvD5hQq7iipxxg3,,F2,,,9 W,,1' - 6"
,,,,,11,,,,,,1,,149 lm/W,120 V/1-180 VA,36' - 11",,,,,By Type,,Default,,Pendant-Dome,Pendant-Dome: 18" D x 15" H,,1wejEoruvD5hQq7iipxyxV,1 fc,,3200 K,,,,,1' - 6",L2,,1380 lm,110 cd,,245,,P408,New Construction,None,,,,1,18" D x 15" H,,,1wejEoruvD5hQq7iipxxg3,,F2,,,9 W,,1' - 6"
,,,,,9,,,,,,1,,149 lm/W,120 V/1-180 VA,36' - 11",,,,,By Type,,Default,,Pendant-Dome,Pendant-Dome: 18" D x 15" H,,1wejEoruvD5hQq7iipxyxT,1 fc,,3200 K,,,,,1' - 6",L2,,1380 lm,110 cd,,246,,P408,New Construction,None,,,,1,18" D x 15" H,,,1wejEoruvD5hQq7iipxxg3,,F2,,,9 W,,1' - 6"
,,,,,9,,,,,,1,,149 lm/W,120 V/1-180 VA,36' - 11",,,,,By Type,,Default,,Pendant-Dome,Pendant-Dome: 18" D x 15" H,,1wejEoruvD5hQq7iipxyxR,1 fc,,3200 K,,,,,1' - 6",L2,,1380 lm,110 cd,,247,,P408,New Construction,None,,,,1,18" D x 15" H,,,1wejEoruvD5hQq7iipxxg3,,F2,,,9 W,,1' - 6"
,,,,,9,,,,,,1,,149 lm/W,120 V/1-180 VA,36' - 11",,,,,By Type,,Default,,Pendant-Dome,Pendant-Dome: 18" D x 15" H,,1wejEoruvD5hQq7iipxyxP,1 fc,,3200 K,,,,,1' - 6",L2,,1380 lm,110 cd,,248,,P408,New Construction,None,,,,1,18" D x 15" H,,,1wejEoruvD5hQq7iipxxg3,,F2,,,9 W,,1' - 6"
,,,,,20,,,,,,1,,149 lm/W,120 V/1-180 VA,36' - 11",,,,,By Type,,Default,,Pendant-Dome,Pendant-Dome: 18" D x 15" H,,1wejEoruvD5hQq7iipxyxd,1 fc,,3200 K,,,,,1' - 6",L2,,1380 lm,110 cd,,249,,P406,New Construction,None,,,,1,18" D x 15" H,,,1wejEoruvD5hQq7iipxxg3,,F2,,,9 W,,1' - 6"
,,,,,20,,,,,,1,,149 lm/W,120 V/1-180 VA,36' - 11",,,,,By Type,,Default,,Pendant-Dome,Pendant-Dome: 18" D x 15" H,,1wejEoruvD5hQq7iipxyxb,1 fc,,3200 K,,,,,1' - 6",L2,,1380 lm,110 cd,,250,,P406,New Construction,None,,,,1,18" D x 15" H,,,1wejEoruvD5hQq7iipxxg3,,F2,,,9 W,,1' - 6"
,,,,,20,,,,,,1,,149 lm/W,120 V/1-180 VA,36' - 11",,,,,By Type,,Default,,Pendant-Dome,Pendant-Dome: 18" D x 15" H,,1wejEoruvD5hQq7iipxyxZ,1 fc,,3200 K,,,,,1' - 6",L2,,1380 lm,110 cd,,251,,P406,New Construction,None,,,,1,18" D x 15" H,,,1wejEoruvD5hQq7iipxxg3,,F2,,,9 W,,1' - 6"
,,,,,3,,,,,,1,,149 lm/W,120 V/1-180 VA,50' - 3",,,,,By Type,,Default,,Pendant-Dome,Pendant-Dome: 18" D x 15" H,,1wejEoruvD5hQq7iipxyxX,1 fc,,3200 K,,,,,1' - 6",L2,,1380 lm,110 cd,,252,,P504,New Construction,None,,,,1,18" D x 15" H,,,1wejEoruvD5hQq7iipxxg3,,F2,,,9 W,,1' - 6"
,,,,,3,,,,,,1,,149 lm/W,120 V/1-180 VA,50' - 3",,,,,By Type,,Default,,Pendant-Dome,Pendant-Dome: 18" D x 15" H,,1wejEoruvD5hQq7iipxyxl,1 fc,,3200 K,,,,,1' - 6",L2,,1380 lm,110 cd,,253,,P504,New Construction,None,,,,1,18" D x 15" H,,,1wejEoruvD5hQq7iipxxg3,,F2,,,9 W,,1' - 6"
,,,,,3,,,,,,1,,149 lm/W,120 V/1-180 VA,50' - 3",,,,,By Type,,Default,,Pendant-Dome,Pendant-Dome: 18" D x 15" H,,1wejEoruvD5hQq7iipxyxj,1 fc,,3200 K,,,,,1' - 6",L2,,1380 lm,110 cd,,254,,P504,New Construction,None,,,,1,18" D x 15" H,,,1wejEoruvD5hQq7iipxxg3,,F2,,,9 W,,1' - 6"
,,,,,14,,,,,,1,,149 lm/W,120 V/1-180 VA,50' - 3",,,,,By Type,,Default,,Pendant-Dome,Pendant-Dome: 18" D x 15" H,,1wejEoruvD5hQq7iipxyxh,1 fc,,3200 K,,,,,1' - 6",L2,,1380 lm,110 cd,,255,,P506,New Construction,None,,,,1,18" D x 15" H,,,1wejEoruvD5hQq7iipxxg3,,F2,,,9 W,,1' - 6"
,,,,,14,,,,,,1,,149 lm/W,120 V/1-180 VA,50' - 3",,,,,By Type,,Default,,Pendant-Dome,Pendant-Dome: 18" D x 15" H,,1wejEoruvD5hQq7iipxyxf,1 fc,,3200 K,,,,,1' - 6",L2,,1380 lm,110 cd,,256,,P506,New Construction,None,,,,1,18" D x 15" H,,,1wejEoruvD5hQq7iipxxg3,,F2,,,9 W,,1' - 6"
,,,,,14,,,,,,1,,149 lm/W,120 V/1-180 VA,50' - 3",,,,,By Type,,Default,,Pendant-Dome,Pendant-Dome: 18" D x 15" H,,1wejEoruvD5hQq7iipxyxt,1 fc,,3200 K,,,,,1' - 6",L2,,1380 lm,110 cd,,257,,P506,New Construction,None,,,,1,18" D x 15" H,,,1wejEoruvD5hQq7iipxxg3,,F2,,,9 W,,1' - 6"
,,,,,14,,,,,,1,,149 lm/W,120 V/1-180 VA,50' - 3",,,,,By Type,,Default,,Pendant-Dome,Pendant-Dome: 18" D x 15" H,,1wejEoruvD5hQq7iipxyxr,1 fc,,3200 K,,,,,1' - 6",L2,,1380 lm,110 cd,,258,,P506,New Construction,None,,,,1,18" D x 15" H,,,1wejEoruvD5hQq7iipxxg3,,F2,,,9 W,,1' - 6"
,,,,,14,,,,,,1,,149 lm/W,120 V/1-180 VA,50' - 3",,,,,By Type,,Default,,Pendant-Dome,Pendant-Dome: 18" D x 15" H,,1wejEoruvD5hQq7iipxyxp,1 fc,,3200 K,,,,,1' - 6",L2,,1380 lm,110 cd,,259,,P506,New Construction,None,,,,1,18" D x 15" H,,,1wejEoruvD5hQq7iipxxg3,,F2,,,9 W,,1' - 6"
,,,,,14,,,,,,1,,149 lm/W,120 V/1-180 VA,50' - 3",,,,,By Type,,Default,,Pendant-Dome,Pendant-Dome: 18" D x 15" H,,1wejEoruvD5hQq7iipxyxn,1 fc,,3200 K,,,,,1' - 6",L2,,1380 lm,110 cd,,260,,P506,New Construction,None,,,,1,18" D x 15" H,,,1wejEoruvD5hQq7iipxxg3,,F2,,,9 W,,1' - 6"
,,,,,14,,,,,,1,,149 lm/W,120 V/1-180 VA,50' - 3",,,,,By Type,,Default,,Pendant-Dome,Pendant-Dome: 18" D x 15" H,,1wejEoruvD5hQq7iipxyx$,1 fc,,3200 K,,,,,1' - 6",L2,,1380 lm,110 cd,,261,,P506,New Construction,None,,,,1,18" D x 15" H,,,1wejEoruvD5hQq7iipxxg3,,F2,,,9 W,,1' - 6"
,,,,,14,,,,,,1,,149 lm/W,120 V/1-180 VA,50' - 3",,,,,By Type,,Default,,Pendant-Dome,Pendant-Dome: 18" D x 15" H,,1wejEoruvD5hQq7iipxyxz,1 fc,,3200 K,,,,,1' - 6",L2,,1380 lm,110 cd,,262,,P506,New Construction,None,,,,1,18" D x 15" H,,,1wejEoruvD5hQq7iipxxg3,,F2,,,9 W,,1' - 6"
15 VA,,,,,3,23.80.70.11.14.11,,0.712688,,,1,,65 lm/W,120 V/1-15 VA,4' - 6 1/2",,,,,By Type,,Default,,Downlight - Round - LED,Downlight - Round - LED: LED15FM12-W120,,1wejEoruvD5hQq7iipxyeW,1 fc,,2700 K,,LED,,,,L1 - Block 43,,975 lm,78 cd,,263,,P106/7,New Construction,None,,,,1,LED15FM12-W120,,,1wejEoruvD5hQq7iipxywL,,F8,,,15 W,,
5 VA,,,,,,23.80.70.11.14,,0.511212,,,1,,250 lm/W,120 V/1-5 VA,0' - 0",,,,,By Type,,Default,,Recessed Lamp - Linear - LED,Recessed Lamp - Linear - LED: 24'',,1wejEoruvD5hQq7iipxyel,1 fc,,3200 K,,LED,,,,,,1250 lm,99 cd,,264,,,New Construction,None,,,,1,24'',,,1wejEoruvD5hQq7iipxx0F,,,,,5 W,10,
5 VA,,,,,,23.80.70.11.14,,0.512544,,,1,,250 lm/W,120 V/1-5 VA,0' - 0",,,,,By Type,,Default,,Recessed Lamp - Linear - LED,Recessed Lamp - Linear - LED: 24'',,1wejEoruvD5hQq7iipxyek,1 fc,,3200 K,,LED,,,,,,1250 lm,99 cd,,265,,,New Construction,None,,,,1,24'',,,1wejEoruvD5hQq7iipxx0F,,,,,5 W,10,
5 VA,,,,,,23.80.70.11.14,,0.508998,,,1,,250 lm/W,120 V/1-5 VA,4' - 3 1/2",,,,,By Type,,Default,,Recessed Lamp - Linear - LED,Recessed Lamp - Linear - LED: 24'',,1wejEoruvD5hQq7iipxyei,1 fc,,3200 K,,LED,,,,L1 - Block 43,,1250 lm,99 cd,,266,,,New Construction,None,,,,1,24'',,,1wejEoruvD5hQq7iipxx0F,,,,,5 W,10,
5 VA,,,,,,23.80.70.11.14,,0.510326,,,1,,250 lm/W,120 V/1-5 VA,4' - 3 1/2",,,,,By Type,,Default,,Recessed Lamp - Linear - LED,Recessed Lamp - Linear - LED: 24'',,1wejEoruvD5hQq7iipxyeh,1 fc,,3200 K,,LED,,,,L1 - Block 43,,1250 lm,99 cd,,267,,,New Construction,None,,,,1,24'',,,1wejEoruvD5hQq7iipxx0F,,,,,5 W,10,
5 VA,,,,,5,23.80.70.11.14,,0.482881,,,1,,250 lm/W,120 V/1-5 VA,4' - 3 1/2",,,,,By Type,,Default,,Recessed Lamp - Linear - LED,Recessed Lamp - Linear - LED: 24'',,1wejEoruvD5hQq7iipxyeg,1 fc,,3200 K,,LED,,,,L1 - Block 43,,1250 lm,99 cd,,268,,P106/7,New Construction,None,,,,1,24'',,,1wejEoruvD5hQq7iipxx0F,,,,,5 W,10,
5 VA,,,,,5,23.80.70.11.14,,0.482051,,,1,,250 lm/W,120 V/1-5 VA,4' - 3 1/2",,,,,By Type,,Default,,Recessed Lamp - Linear - LED,Recessed Lamp - Linear - LED: 24'',,1wejEoruvD5hQq7iipxyef,1 fc,,3200 K,,LED,,,,L1 - Block 43,,1250 lm,99 cd,,269,,P106/7,New Construction,None,,,,1,24'',,,1wejEoruvD5hQq7iipxx0F,,,,,5 W,10,
5 VA,,,,,,23.80.70.11.14,,0.512463,,,1,,250 lm/W,120 V/1-5 VA,7' - 9",,,,,By Type,,Default,,Recessed Lamp - Linear - LED,Recessed Lamp - Linear - LED: 24'',,1wejEoruvD5hQq7iipxyee,1 fc,,3200 K,,LED,,,,L1 - Block 43,,1250 lm,99 cd,,270,,,New Construction,None,,,,1,24'',,,1wejEoruvD5hQq7iipxx0F,,,,,5 W,10,
5 VA,,,,,,23.80.70.11.14,,0.512355,,,1,,250 lm/W,120 V/1-5 VA,7' - 9",,,,,By Type,,Default,,Recessed Lamp - Linear - LED,Recessed Lamp - Linear - LED: 24'',,1wejEoruvD5hQq7iipxyet,1 fc,,3200 K,,LED,,,,L1 - Block 43,,1250 lm,99 cd,,271,,,New Construction,None,,,,1,24'',,,1wejEoruvD5hQq7iipxx0F,,,,,5 W,10,
5 VA,,,,,,23.80.70.11.14,,0.799027,,,1,,250 lm/W,120 V/1-5 VA,0' - 10",,,,,By Type,,Default,,Recessed Lamp - Linear - LED,Recessed Lamp - Linear - LED: 24'',,1wejEoruvD5hQq7iipxyes,1 fc,,3200 K,,LED,,,,L1 - Block 43,,1250 lm,99 cd,,272,,,New Construction,None,,,,1,24'',,,1wejEoruvD5hQq7iipxx0F,,,,,5 W,10,
5 VA,,,,,,23.80.70.11.14,,0.800267,,,1,,250 lm/W,120 V/1-5 VA,0' - 10",,,,,By Type,,Default,,Recessed Lamp - Linear - LED,Recessed Lamp - Linear - LED: 24'',,1wejEoruvD5hQq7iipxyer,1 fc,,3200 K,,LED,,,,L1 - Block 43,,1250 lm,99 cd,,273,,,New Construction,None,,,,1,24'',,,1wejEoruvD5hQq7iipxx0F,,,,,5 W,10,
15 VA,,,,,,23.80.70.11.14.11,,,,,1,,65 lm/W,120 V/1-15 VA,8' - 1",,,,,By Type,,Default,,Downlight - Round - LED,Downlight - Round - LED: LED15FM12-W120,,1wejEoruvD5hQq7iipxzR4,1 fc,,2700 K,,LED,,,,L1 - Block 43,,975 lm,78 cd,,277,,,New Construction,None,,,,1,LED15FM12-W120,,,1wejEoruvD5hQq7iipxywL,,F8,,,15 W,,
15 VA,,,,,,23.80.70.11.14.11,,,,,1,,65 lm/W,120 V/1-15 VA,18' - 10",,,,,By Type,,Default,,Downlight - Round - LED,Downlight - Round - LED: LED15FM12-W120,,1wejEoruvD5hQq7iipxzR3,1 fc,,2700 K,,LED,,,,L1 - Block 43,,975 lm,78 cd,,278,,,New Construction,None,,,,1,LED15FM12-W120,,,1wejEoruvD5hQq7iipxywL,,F8,,,15 W,,
15 VA,,,,,4,23.80.70.11.14.11,,,,,1,,65 lm/W,120 V/1-15 VA,32' - 2",,,,,By Type,,Default,,Downlight - Round - LED,Downlight - Round - LED: LED15FM12-W120,,1wejEoruvD5hQq7iipxzR2,1 fc,,2700 K,,LED,,,,L1 - Block 43,,975 lm,78 cd,,279,,P300,New Construction,None,,,,1,LED15FM12-W120,,,1wejEoruvD5hQq7iipxywL,,F8,,,15 W,,
15 VA,,,,,3,23.80.70.11.14.11,,,,,1,,65 lm/W,120 V/1-15 VA,45' - 6",,,,,By Type,,Default,,Downlight - Round - LED,Downlight - Round - LED: LED15FM12-W120,,1wejEoruvD5hQq7iipxzR1,1 fc,,2700 K,,LED,,,,L1 - Block 43,,975 lm,78 cd,,280,,P400,New Construction,None,,,,1,LED15FM12-W120,,,1wejEoruvD5hQq7iipxywL,,F8,,,15 W,,
15 VA,,,,,4,23.80.70.11.14.11,,0.3801,,,1,,65 lm/W,120 V/1-15 VA,8' - 0",,,,,By Type,,Default,,Downlight - Round - LED,Downlight - Round - LED: LED15FM12-W120,,1wejEoruvD5hQq7iipxzR0,1 fc,,2700 K,,LED,,,,L2,,975 lm,78 cd,,281,,P200,New Construction,None,,,,1,LED15FM12-W120,,,1wejEoruvD5hQq7iipxywL,,F8,,,15 W,,
15 VA,,,,,4,23.80.70.11.14.11,,0.3801,,,1,,65 lm/W,120 V/1-15 VA,8' - 0",,,,,By Type,,Default,,Downlight - Round - LED,Downlight - Round - LED: LED15FM12-W120,,1wejEoruvD5hQq7iipxzRF,1 fc,,2700 K,,LED,,,,L3,,975 lm,78 cd,,282,,P300,New Construction,None,,,,1,LED15FM12-W120,,,1wejEoruvD5hQq7iipxywL,,F8,,,15 W,,
15 VA,,,,,5,23.80.70.11.14.11,,0.3801,,,1,,65 lm/W,120 V/1-15 VA,8' - 0",,,,,By Type,,Default,,Downlight - Round - LED,Downlight - Round - LED: LED15FM12-W120,,1wejEoruvD5hQq7iipxzRC,1 fc,,2700 K,,LED,,,,L5,,975 lm,78 cd,,285,,P500,New Construction,None,,,,1,LED15FM12-W120,,,1wejEoruvD5hQq7iipxywL,,F8,,,15 W,,
100 VA,D5020220,Lighting - Incandescent,,1,4,23.80.70.11.14.14,,,,,1,,12 lm/W,120 V/1-100 VA,-5' - 0",,,,,By Type,,Default,,Sconce Light - Uplight,Sconce Light - Uplight: 100W - 120V,,1wejEoruvD5hQq7iipxzJj,4 fc,,2800 K,,R-30,1,1,,L2,1,1200 lm,382 cd,,286,,P106/7,New Construction,None,1,,1,1,100W - 120V,,,1wejEoruvD5hQq7iipxzRY,,,,1,100 W,,
100 VA,D5020220,Lighting - Incandescent,,1,4,23.80.70.11.14.14,,,,,1,,12 lm/W,120 V/1-100 VA,-5' - 0",,,,,By Type,,Default,,Sconce Light - Uplight,Sconce Light - Uplight: 100W - 120V,,1wejEoruvD5hQq7iipxzJi,4 fc,,2800 K,,R-30,1,1,,L2,1,1200 lm,382 cd,,287,,P106/7,New Construction,None,1,,1,1,100W - 120V,,,1wejEoruvD5hQq7iipxzRY,,,,1,100 W,,
100 VA,D5020220,Lighting - Incandescent,,1,4,23.80.70.11.14.14,,,,,1,,12 lm/W,120 V/1-100 VA,-5' - 0",,,,,By Type,,Default,,Sconce Light - Uplight,Sconce Light - Uplight: 100W - 120V,,1wejEoruvD5hQq7iipxzJh,4 fc,,2800 K,,R-30,1,1,,L2,1,1200 lm,382 cd,,288,,P106/7,New Construction,None,1,,1,1,100W - 120V,,,1wejEoruvD5hQq7iipxzRY,,,,1,100 W,,
100 VA,D5020220,Lighting - Incandescent,,1,4,23.80.70.11.14.14,,,,,1,,12 lm/W,120 V/1-100 VA,-5' - 0",,,,,By Type,,Default,,Sconce Light - Uplight,Sconce Light - Uplight: 100W - 120V,,1wejEoruvD5hQq7iipxzJg,4 fc,,2800 K,,R-30,1,1,,L2,1,1200 lm,382 cd,,289,,P106/7,New Construction,None,1,,1,1,100W - 120V,,,1wejEoruvD5hQq7iipxzRY,,,,1,100 W,,
,,,,,,,,,,,1,,,,10' - 0",,,,,By Type,,Default,,Lobby Chandelier,Lobby Chandelier: Lobby Chandelier,,1wejEoruvD5hQq7iipxznL,,,,,,,,,L3,,,,,290,,,New Construction,None,,,,,Lobby Chandelier,,,1wejEoruvD5hQq7iipxzI0,,F9,,,,,
60 VA,,,,,16,23.80.70.11,,0.856213,,,1,,149 lm/W,120 V/1-60 VA,,,,,,By Type,,Default,,Pendant Lamp - Art Glass - LED,Pendant Lamp - Art Glass - LED: Standard,,1wejEoruvD5hQq7iipxznK,7 fc,,3200 K,,LED,,,,,,8913 lm,709 cd,,291,,P106/7,New Construction,None,,,,1,Standard,,,1wejEoruvD5hQq7iipxzIa,,,,,60 W,,
60 VA,,,,,16,23.80.70.11,,0.856213,,,1,,149 lm/W,120 V/1-60 VA,,,,,,By Type,,Default,,Pendant Lamp - Art Glass - LED,Pendant Lamp - Art Glass - LED: Standard,,1wejEoruvD5hQq7iipxznJ,7 fc,,3200 K,,LED,,,,,,8913 lm,709 cd,,292,,P106/7,New Construction,None,,,,1,Standard,,,1wejEoruvD5hQq7iipxzIa,,,,,60 W,,
60 VA,,,,,16,23.80.70.11,,0.856213,,,1,,149 lm/W,120 V/1-60 VA,,,,,,By Type,,Default,,Pendant Lamp - Art Glass - LED,Pendant Lamp - Art Glass - LED: Standard,,1wejEoruvD5hQq7iipxznI,7 fc,,3200 K,,LED,,,,,,8913 lm,709 cd,,293,,P106/7,New Construction,None,,,,1,Standard,,,1wejEoruvD5hQq7iipxzIa,,,,,60 W,,
60 VA,,,,,16,23.80.70.11,,0.856213,,,1,,149 lm/W,120 V/1-60 VA,,,,,,By Type,,Default,,Pendant Lamp - Art Glass - LED,Pendant Lamp - Art Glass - LED: Standard,,1wejEoruvD5hQq7iipxznH,7 fc,,3200 K,,LED,,,,,,8913 lm,709 cd,,294,,P106/7,New Construction,None,,,,1,Standard,,,1wejEoruvD5hQq7iipxzIa,,,,,60 W,,
60 VA,,,,,16,23.80.70.11,,0.856213,,,1,,149 lm/W,120 V/1-60 VA,,,,,,By Type,,Default,,Pendant Lamp - Art Glass - LED,Pendant Lamp - Art Glass - LED: Standard,,1wejEoruvD5hQq7iipxznG,7 fc,,3200 K,,LED,,,,,,8913 lm,709 cd,,295,,P106/7,New Construction,None,,,,1,Standard,,,1wejEoruvD5hQq7iipxzIa,,,,,60 W,,
60 VA,,,,,16,23.80.70.11,,0.856213,,,1,,149 lm/W,120 V/1-60 VA,,,,,,By Type,,Default,,Pendant Lamp - Art Glass - LED,Pendant Lamp - Art Glass - LED: Standard,,1wejEoruvD5hQq7iipxznV,7 fc,,3200 K,,LED,,,,,,8913 lm,709 cd,,296,,P106/7,New Construction,None,,,,1,Standard,,,1wejEoruvD5hQq7iipxzIa,,,,,60 W,,
60 VA,,,,,16,23.80.70.11,,0.856213,,,1,,149 lm/W,120 V/1-60 VA,,,,,,By Type,,Default,,Pendant Lamp - Art Glass - LED,Pendant Lamp - Art Glass - LED: Standard,,1wejEoruvD5hQq7iipxznU,7 fc,,3200 K,,LED,,,,,,8913 lm,709 cd,,297,,P106/7,New Construction,None,,,,1,Standard,,,1wejEoruvD5hQq7iipxzIa,,,,,60 W,,
60 VA,,,,,16,23.80.70.11,,0.856213,,,1,,149 lm/W,120 V/1-60 VA,,,,,,By Type,,Default,,Pendant Lamp - Art Glass - LED,Pendant Lamp - Art Glass - LED: Standard,,1wejEoruvD5hQq7iipxznT,7 fc,,3200 K,,LED,,,,,,8913 lm,709 cd,,298,,P106/7,New Construction,None,,,,1,Standard,,,1wejEoruvD5hQq7iipxzIa,,,,,60 W,,
60 VA,,,,,16,23.80.70.11,,0.856213,,,1,,149 lm/W,120 V/1-60 VA,,,,,,By Type,,Default,,Pendant Lamp - Art Glass - LED,Pendant Lamp - Art Glass - LED: Standard,,1wejEoruvD5hQq7iipxznS,7 fc,,3200 K,,LED,,,,,,8913 lm,709 cd,,299,,P106/7,New Construction,None,,,,1,Standard,,,1wejEoruvD5hQq7iipxzIa,,,,,60 W,,
60 VA,,,,,16,23.80.70.11,,0.856213,,,1,,149 lm/W,120 V/1-60 VA,,,,,,By Type,,Default,,Pendant Lamp - Art Glass - LED,Pendant Lamp - Art Glass - LED: Standard,,1wejEoruvD5hQq7iipxznR,7 fc,,3200 K,,LED,,,,,,8913 lm,709 cd,,300,,P106/7,New Construction,None,,,,1,Standard,,,1wejEoruvD5hQq7iipxzIa,,,,,60 W,,
60 VA,,,,,16,23.80.70.11,,0.856213,,,1,,149 lm/W,120 V/1-60 VA,,,,,,By Type,,Default,,Pendant Lamp - Art Glass - LED,Pendant Lamp - Art Glass - LED: Standard,,1wejEoruvD5hQq7iipxznQ,7 fc,,3200 K,,LED,,,,,,8913 lm,709 cd,,301,,P106/7,New Construction,None,,,,1,Standard,,,1wejEoruvD5hQq7iipxzIa,,,,,60 W,,
60 VA,,,,,16,23.80.70.11,,0.856213,,,1,,149 lm/W,120 V/1-60 VA,,,,,,By Type,,Default,,Pendant Lamp - Art Glass - LED,Pendant Lamp - Art Glass - LED: Standard,,1wejEoruvD5hQq7iipxznP,7 fc,,3200 K,,LED,,,,,,8913 lm,709 cd,,302,,P106/7,New Construction,None,,,,1,Standard,,,1wejEoruvD5hQq7iipxzIa,,,,,60 W,,
60 VA,,,,,16,23.80.70.11,,0.856213,,,1,,149 lm/W,120 V/1-60 VA,,,,,,By Type,,Default,,Pendant Lamp - Art Glass - LED,Pendant Lamp - Art Glass - LED: Standard,,1wejEoruvD5hQq7iipxznO,7 fc,,3200 K,,LED,,,,,,8913 lm,709 cd,,303,,P106/7,New Construction,None,,,,1,Standard,,,1wejEoruvD5hQq7iipxzIa,,,,,60 W,,
60 VA,,,,,16,23.80.70.11,,0.856213,,,1,,149 lm/W,120 V/1-60 VA,,,,,,By Type,,Default,,Pendant Lamp - Art Glass - LED,Pendant Lamp - Art Glass - LED: Standard,,1wejEoruvD5hQq7iipxznd,7 fc,,3200 K,,LED,,,,,,8913 lm,709 cd,,304,,P106/7,New Construction,None,,,,1,Standard,,,1wejEoruvD5hQq7iipxzIa,,,,,60 W,,
60 VA,,,,,16,23.80.70.11,,0.856213,,,1,,149 lm/W,120 V/1-60 VA,,,,,,By Type,,Default,,Pendant Lamp - Art Glass - LED,Pendant Lamp - Art Glass - LED: Standard,,1wejEoruvD5hQq7iipxznc,7 fc,,3200 K,,LED,,,,,,8913 lm,709 cd,,305,,P106/7,New Construction,None,,,,1,Standard,,,1wejEoruvD5hQq7iipxzIa,,,,,60 W,,
60 VA,,,,,16,23.80.70.11,,0.856213,,,1,,149 lm/W,120 V/1-60 VA,,,,,,By Type,,Default,,Pendant Lamp - Art Glass - LED,Pendant Lamp - Art Glass - LED: Standard,,1wejEoruvD5hQq7iipxznb,7 fc,,3200 K,,LED,,,,,,8913 lm,709 cd,,306,,P106/7,New Construction,None,,,,1,Standard,,,1wejEoruvD5hQq7iipxzIa,,,,,60 W,,
60 VA,,,,,16,23.80.70.11,,0.856213,,,1,,149 lm/W,120 V/1-60 VA,0' - 0",,,,,By Type,,Default,,Pendant Lamp - Art Glass - LED,Pendant Lamp - Art Glass - LED: Standard,,1wejEoruvD5hQq7iipxzkf,7 fc,,3200 K,,LED,,,,,,8913 lm,709 cd,,307,,P106/7,New Construction,None,,,,1,Standard,,,1wejEoruvD5hQq7iipxzIa,,,,,60 W,,
60 VA,,,,,16,23.80.70.11,,0.856213,,,1,,149 lm/W,120 V/1-60 VA,0' - 0",,,,,By Type,,Default,,Pendant Lamp - Art Glass - LED,Pendant Lamp - Art Glass - LED: Standard,,1wejEoruvD5hQq7iipxzke,7 fc,,3200 K,,LED,,,,,,8913 lm,709 cd,,308,,P106/7,New Construction,None,,,,1,Standard,,,1wejEoruvD5hQq7iipxzIa,,,,,60 W,,
60 VA,,,,,16,23.80.70.11,,0.856213,,,1,,149 lm/W,120 V/1-60 VA,0' - 0",,,,,By Type,,Default,,Pendant Lamp - Art Glass - LED,Pendant Lamp - Art Glass - LED: Standard,,1wejEoruvD5hQq7iipxzkt,7 fc,,3200 K,,LED,,,,,,8913 lm,709 cd,,309,,P106/7,New Construction,None,,,,1,Standard,,,1wejEoruvD5hQq7iipxzIa,,,,,60 W,,
60 VA,,,,,16,23.80.70.11,,0.856213,,,1,,149 lm/W,120 V/1-60 VA,0' - 0",,,,,By Type,,Default,,Pendant Lamp - Art Glass - LED,Pendant Lamp - Art Glass - LED: Standard,,1wejEoruvD5hQq7iipxzks,7 fc,,3200 K,,LED,,,,,,8913 lm,709 cd,,310,,P106/7,New Construction,None,,,,1,Standard,,,1wejEoruvD5hQq7iipxzIa,,,,,60 W,,
60 VA,,,,,16,23.80.70.11,,0.856213,,,1,,149 lm/W,120 V/1-60 VA,0' - 0",,,,,By Type,,Default,,Pendant Lamp - Art Glass - LED,Pendant Lamp - Art Glass - LED: Standard,,1wejEoruvD5hQq7iipxzkr,7 fc,,3200 K,,LED,,,,,,8913 lm,709 cd,,311,,P106/7,New Construction,None,,,,1,Standard,,,1wejEoruvD5hQq7iipxzIa,,,,,60 W,,
60 VA,,,,,16,23.80.70.11,,0.856213,,,1,,149 lm/W,120 V/1-60 VA,0' - 0",,,,,By Type,,Default,,Pendant Lamp - Art Glass - LED,Pendant Lamp - Art Glass - LED: Standard,,1wejEoruvD5hQq7iipxzkq,7 fc,,3200 K,,LED,,,,,,8913 lm,709 cd,,312,,P106/7,New Construction,None,,,,1,Standard,,,1wejEoruvD5hQq7iipxzIa,,,,,60 W,,
60 VA,,,,,16,23.80.70.11,,0.856213,,,1,,149 lm/W,120 V/1-60 VA,0' - 0",,,,,By Type,,Default,,Pendant Lamp - Art Glass - LED,Pendant Lamp - Art Glass - LED: Standard,,1wejEoruvD5hQq7iipxzkp,7 fc,,3200 K,,LED,,,,,,8913 lm,709 cd,,313,,P106/7,New Construction,None,,,,1,Standard,,,1wejEoruvD5hQq7iipxzIa,,,,,60 W,,
60 VA,,,,,16,23.80.70.11,,0.856213,,,1,,149 lm/W,120 V/1-60 VA,0' - 0",,,,,By Type,,Default,,Pendant Lamp - Art Glass - LED,Pendant Lamp - Art Glass - LED: Standard,,1wejEoruvD5hQq7iipxzko,7 fc,,3200 K,,LED,,,,,,8913 lm,709 cd,,314,,P106/7,New Construction,None,,,,1,Standard,,,1wejEoruvD5hQq7iipxzIa,,,,,60 W,,
60 VA,,,,,16,23.80.70.11,,0.856213,,,1,,149 lm/W,120 V/1-60 VA,0' - 0",,,,,By Type,,Default,,Pendant Lamp - Art Glass - LED,Pendant Lamp - Art Glass - LED: Standard,,1wejEoruvD5hQq7iipxzkn,7 fc,,3200 K,,LED,,,,,,8913 lm,709 cd,,315,,P106/7,New Construction,None,,,,1,Standard,,,1wejEoruvD5hQq7iipxzIa,,,,,60 W,,
60 VA,,,,,16,23.80.70.11,,0.856213,,,1,,149 lm/W,120 V/1-60 VA,0' - 0",,,,,By Type,,Default,,Pendant Lamp - Art Glass - LED,Pendant Lamp - Art Glass - LED: Standard,,1wejEoruvD5hQq7iipxzkm,7 fc,,3200 K,,LED,,,,,,8913 lm,709 cd,,316,,P106/7,New Construction,None,,,,1,Standard,,,1wejEoruvD5hQq7iipxzIa,,,,,60 W,,
60 VA,,,,,16,23.80.70.11,,0.856213,,,1,,149 lm/W,120 V/1-60 VA,0' - 0",,,,,By Type,,Default,,Pendant Lamp - Art Glass - LED,Pendant Lamp - Art Glass - LED: Standard,,1wejEoruvD5hQq7iipxzk$,7 fc,,3200 K,,LED,,,,,,8913 lm,709 cd,,317,,P106/7,New Construction,None,,,,1,Standard,,,1wejEoruvD5hQq7iipxzIa,,,,,60 W,,
60 VA,,,,,16,23.80.70.11,,0.856213,,,1,,149 lm/W,120 V/1-60 VA,0' - 0",,,,,By Type,,Default,,Pendant Lamp - Art Glass - LED,Pendant Lamp - Art Glass - LED: Standard,,1wejEoruvD5hQq7iipxzk_,7 fc,,3200 K,,LED,,,,,,8913 lm,709 cd,,318,,P106/7,New Construction,None,,,,1,Standard,,,1wejEoruvD5hQq7iipxzIa,,,,,60 W,,
60 VA,,,,,16,23.80.70.11,,0.856213,,,1,,149 lm/W,120 V/1-60 VA,0' - 0",,,,,By Type,,Default,,Pendant Lamp - Art Glass - LED,Pendant Lamp - Art Glass - LED: Standard,,1wejEoruvD5hQq7iipxzkz,7 fc,,3200 K,,LED,,,,,,8913 lm,709 cd,,319,,P106/7,New Construction,None,,,,1,Standard,,,1wejEoruvD5hQq7iipxzIa,,,,,60 W,,
60 VA,,,,,16,23.80.70.11,,0.856213,,,1,,149 lm/W,120 V/1-60 VA,0' - 0",,,,,By Type,,Default,,Pendant Lamp - Art Glass - LED,Pendant Lamp - Art Glass - LED: Standard,,1wejEoruvD5hQq7iipxzky,7 fc,,3200 K,,LED,,,,,,8913 lm,709 cd,,320,,P106/7,New Construction,None,,,,1,Standard,,,1wejEoruvD5hQq7iipxzIa,,,,,60 W,,
60 VA,,,,,16,23.80.70.11,,0.856213,,,1,,149 lm/W,120 V/1-60 VA,0' - 0",,,,,By Type,,Default,,Pendant Lamp - Art Glass - LED,Pendant Lamp - Art Glass - LED: Standard,,1wejEoruvD5hQq7iipxzkx,7 fc,,3200 K,,LED,,,,,,8913 lm,709 cd,,321,,P106/7,New Construction,None,,,,1,Standard,,,1wejEoruvD5hQq7iipxzIa,,,,,60 W,,
60 VA,,,,,16,23.80.70.11,,0.856213,,,1,,149 lm/W,120 V/1-60 VA,0' - 0",,,,,By Type,,Default,,Pendant Lamp - Art Glass - LED,Pendant Lamp - Art Glass - LED: Standard,,1wejEoruvD5hQq7iipxzkw,7 fc,,3200 K,,LED,,,,,,8913 lm,709 cd,,322,,P106/7,New Construction,None,,,,1,Standard,,,1wejEoruvD5hQq7iipxzIa,,,,,60 W,,
150 VA,D5020220,Lighting - Incandescent,,1,12,23.80.70.11.11,,0.410012,,,1,,19 lm/W,120 V/1-150 VA,9' - 0",,,,,By Type,,Default,,Wall Lamp - Bracket,Wall Lamp - Bracket: 150W - 120V,,1wejEoruvD5hQq7iipx_Vo,2 fc,,2800 K,,A-21,1,1,,L1 - Block 43,1,2780 lm,221 cd,,323,,LP000,New Construction,None,1,,1,1,150W - 120V,,,1wejEoruvD5hQq7iipxzXT,,,,1,150 W,,
150 VA,D5020220,Lighting - Incandescent,,1,12,23.80.70.11.11,,0.410012,,,1,,19 lm/W,120 V/1-150 VA,9' - 0",,,,,By Type,,Default,,Wall Lamp - Bracket,Wall Lamp - Bracket: 150W - 120V,,1wejEoruvD5hQq7iipx_Vn,2 fc,,2800 K,,A-21,1,1,,L1 - Block 43,1,2780 lm,221 cd,,324,,LP000,New Construction,None,1,,1,1,150W - 120V,,,1wejEoruvD5hQq7iipxzXT,,,,1,150 W,,
100 VA,D5020220,Lighting - Incandescent,,1,11,23.80.70.11.11,,0.467139,,,1,,17 lm/W,120 V/1-100 VA,9' - 0",,,,,By Type,,Default,,Wall Lamp - Industrial,Wall Lamp - Industrial: 100W - 120V,,1wejEoruvD5hQq7iipx_5A,1 fc,,2800 K,,A-19,1,1,,L2,1,1690 lm,134 cd,,325,,LP000,New Construction,None,1,,1,1,100W - 120V,,,1wejEoruvD5hQq7iipx_Vw,,F7,,1,100 W,,
100 VA,D5020220,Lighting - Incandescent,,1,11,23.80.70.11.11,,0.467139,,,1,,17 lm/W,120 V/1-100 VA,13' - 8",,,,,By Type,,Default,,Wall Lamp - Industrial,Wall Lamp - Industrial: 100W - 120V,,1wejEoruvD5hQq7iipx_59,1 fc,,2800 K,,A-19,1,1,,L2,1,1690 lm,134 cd,,326,,LP000,New Construction,None,1,,1,1,100W - 120V,,,1wejEoruvD5hQq7iipx_Vw,,F7,,1,100 W,,
150 VA,D5020220,Lighting - Incandescent,,1,11,23.80.70.11.11,,,,,1,,19 lm/W,120 V/1-150 VA,9' - 0",,,,,By Type,,Default,,Wall Lamp - Bracket,Wall Lamp - Bracket: 150W - 120V,,1wejEoruvD5hQq7iipx_58,2 fc,,2800 K,,A-21,1,1,,R2,1,2780 lm,221 cd,,327,,P-Roof,New Construction,None,1,,1,1,150W - 120V,,,1wejEoruvD5hQq7iipxzXT,,,,1,150 W,,
100 VA,D5020220,Lighting - Incandescent,,1,11,23.80.70.11.11,,0.467139,,,1,,17 lm/W,120 V/1-100 VA,9' - 0",,,,,By Type,,Default,,Wall Lamp - Industrial,Wall Lamp - Industrial: 100W - 120V,,1wejEoruvD5hQq7iipx_5L,1 fc,,2800 K,,A-19,1,1,,L2,1,1690 lm,134 cd,,330,,LP000,New Construction,None,1,,1,1,100W - 120V,,,1wejEoruvD5hQq7iipx_Vw,,F7,,1,100 W,,
100 VA,D5020220,Lighting - Incandescent,,1,11,23.80.70.11.11,,0.467139,,,1,,17 lm/W,120 V/1-100 VA,13' - 8",,,,,By Type,,Default,,Wall Lamp - Industrial,Wall Lamp - Industrial: 100W - 120V,,1wejEoruvD5hQq7iipx_5K,1 fc,,2800 K,,A-19,1,1,,L2,1,1690 lm,134 cd,,331,,LP000,New Construction,None,1,,1,1,100W - 120V,,,1wejEoruvD5hQq7iipx_Vw,,F7,,1,100 W,,
100 VA,D5020220,Lighting - Incandescent,,1,11,23.80.70.11.11,,0.467139,,,1,,17 lm/W,120 V/1-100 VA,9' - 0",,,,,By Type,,Default,,Wall Lamp - Industrial,Wall Lamp - Industrial: 100W - 120V,,1wejEoruvD5hQq7iipx_5I,1 fc,,2800 K,,A-19,1,1,,L3,1,1690 lm,134 cd,,332,,LP000,New Construction,None,1,,1,1,100W - 120V,,,1wejEoruvD5hQq7iipx_Vw,,F7,,1,100 W,,
100 VA,D5020220,Lighting - Incandescent,,1,11,23.80.70.11.11,,0.467139,,,1,,17 lm/W,120 V/1-100 VA,15' - 3",,,,,By Type,,Default,,Wall Lamp - Industrial,Wall Lamp - Industrial: 100W - 120V,,1wejEoruvD5hQq7iipx_5H,1 fc,,2800 K,,A-19,1,1,,L3,1,1690 lm,134 cd,,333,,LP000,New Construction,None,1,,1,1,100W - 120V,,,1wejEoruvD5hQq7iipx_Vw,,F7,,1,100 W,,
100 VA,D5020220,Lighting - Incandescent,,1,11,23.80.70.11.11,,0.467139,,,1,,17 lm/W,120 V/1-100 VA,9' - 0",,,,,By Type,,Default,,Wall Lamp - Industrial,Wall Lamp - Industrial: 100W - 120V,,1wejEoruvD5hQq7iipx_5G,1 fc,,2800 K,,A-19,1,1,,L3,1,1690 lm,134 cd,,334,,LP000,New Construction,None,1,,1,1,100W - 120V,,,1wejEoruvD5hQq7iipx_Vw,,F7,,1,100 W,,
100 VA,D5020220,Lighting - Incandescent,,1,11,23.80.70.11.11,,0.467139,,,1,,17 lm/W,120 V/1-100 VA,15' - 3",,,,,By Type,,Default,,Wall Lamp - Industrial,Wall Lamp - Industrial: 100W - 120V,,1wejEoruvD5hQq7iipx_5V,1 fc,,2800 K,,A-19,1,1,,L3,1,1690 lm,134 cd,,335,,LP000,New Construction,None,1,,1,1,100W - 120V,,,1wejEoruvD5hQq7iipx_Vw,,F7,,1,100 W,,
100 VA,D5020220,Lighting - Incandescent,,1,11,23.80.70.11.11,,0.467139,,,1,,17 lm/W,120 V/1-100 VA,9' - 0",,,,,By Type,,Default,,Wall Lamp - Industrial,Wall Lamp - Industrial: 100W - 120V,,1wejEoruvD5hQq7iipx_5U,1 fc,,2800 K,,A-19,1,1,,L4,1,1690 lm,134 cd,,336,,LP000,New Construction,None,1,,1,1,100W - 120V,,,1wejEoruvD5hQq7iipx_Vw,,F7,,1,100 W,,
100 VA,D5020220,Lighting - Incandescent,,1,11,23.80.70.11.11,,0.467139,,,1,,17 lm/W,120 V/1-100 VA,15' - 3",,,,,By Type,,Default,,Wall Lamp - Industrial,Wall Lamp - Industrial: 100W - 120V,,1wejEoruvD5hQq7iipx_5T,1 fc,,2800 K,,A-19,1,1,,L4,1,1690 lm,134 cd,,337,,LP000,New Construction,None,1,,1,1,100W - 120V,,,1wejEoruvD5hQq7iipx_Vw,,F7,,1,100 W,,
100 VA,D5020220,Lighting - Incandescent,,1,11,23.80.70.11.11,,0.467139,,,1,,17 lm/W,120 V/1-100 VA,9' - 0",,,,,By Type,,Default,,Wall Lamp - Industrial,Wall Lamp - Industrial: 100W - 120V,,1wejEoruvD5hQq7iipx_5S,1 fc,,2800 K,,A-19,1,1,,L4,1,1690 lm,134 cd,,338,,LP000,New Construction,None,1,,1,1,100W - 120V,,,1wejEoruvD5hQq7iipx_Vw,,F7,,1,100 W,,
100 VA,D5020220,Lighting - Incandescent,,1,11,23.80.70.11.11,,0.467139,,,1,,17 lm/W,120 V/1-100 VA,15' - 3",,,,,By Type,,Default,,Wall Lamp - Industrial,Wall Lamp - Industrial: 100W - 120V,,1wejEoruvD5hQq7iipx_5R,1 fc,,2800 K,,A-19,1,1,,L4,1,1690 lm,134 cd,,339,,LP000,New Construction,None,1,,1,1,100W - 120V,,,1wejEoruvD5hQq7iipx_Vw,,F7,,1,100 W,,
100 VA,D5020220,Lighting - Incandescent,,1,11,23.80.70.11.11,,0.467139,,,1,,17 lm/W,120 V/1-100 VA,9' - 0",,,,,By Type,,Default,,Wall Lamp - Industrial,Wall Lamp - Industrial: 100W - 120V,,1wejEoruvD5hQq7iipx_5Q,1 fc,,2800 K,,A-19,1,1,,L5,1,1690 lm,134 cd,,340,,LP000,New Construction,None,1,,1,1,100W - 120V,,,1wejEoruvD5hQq7iipx_Vw,,F7,,1,100 W,,
100 VA,D5020220,Lighting - Incandescent,,1,11,23.80.70.11.11,,0.467139,,,1,,17 lm/W,120 V/1-100 VA,15' - 3",,,,,By Type,,Default,,Wall Lamp - Industrial,Wall Lamp - Industrial: 100W - 120V,,1wejEoruvD5hQq7iipx_5P,1 fc,,2800 K,,A-19,1,1,,L5,1,1690 lm,134 cd,,341,,LP000,New Construction,None,1,,1,1,100W - 120V,,,1wejEoruvD5hQq7iipx_Vw,,F7,,1,100 W,,
100 VA,D5020220,Lighting - Incandescent,,1,11,23.80.70.11.11,,0.467139,,,1,,17 lm/W,120 V/1-100 VA,9' - 0",,,,,By Type,,Default,,Wall Lamp - Industrial,Wall Lamp - Industrial: 100W - 120V,,1wejEoruvD5hQq7iipx_5O,1 fc,,2800 K,,A-19,1,1,,L5,1,1690 lm,134 cd,,342,,LP000,New Construction,None,1,,1,1,100W - 120V,,,1wejEoruvD5hQq7iipx_Vw,,F7,,1,100 W,,
100 VA,D5020220,Lighting - Incandescent,,1,11,23.80.70.11.11,,0.467139,,,1,,17 lm/W,120 V/1-100 VA,15' - 3",,,,,By Type,,Default,,Wall Lamp - Industrial,Wall Lamp - Industrial: 100W - 120V,,1wejEoruvD5hQq7iipx_5d,1 fc,,2800 K,,A-19,1,1,,L5,1,1690 lm,134 cd,,343,,LP000,New Construction,None,1,,1,1,100W - 120V,,,1wejEoruvD5hQq7iipx_Vw,,F7,,1,100 W,,
100 VA,D5020220,Lighting - Incandescent,,1,11,23.80.70.11.11,,0.467139,,,1,,17 lm/W,120 V/1-100 VA,9' - 0",,,,,By Type,,Default,,Wall Lamp - Industrial,Wall Lamp - Industrial: 100W - 120V,,1wejEoruvD5hQq7iipx_5c,1 fc,,2800 K,,A-19,1,1,,L1 - Block 43,1,1690 lm,134 cd,,344,,LP000,New Construction,None,1,,1,1,100W - 120V,,,1wejEoruvD5hQq7iipx_Vw,,F7,,1,100 W,,
100 VA,D5020220,Lighting - Incandescent,,1,11,23.80.70.11.11,,0.467139,,,1,,17 lm/W,120 V/1-100 VA,9' - 0",,,,,By Type,,Default,,Wall Lamp - Industrial,Wall Lamp - Industrial: 100W - 120V,,1wejEoruvD5hQq7iipx_5b,1 fc,,2800 K,,A-19,1,1,,L1 - Block 43,1,1690 lm,134 cd,,345,,LP000,New Construction,None,1,,1,1,100W - 120V,,,1wejEoruvD5hQq7iipx_Vw,,F7,,1,100 W,,
100 VA,D5020220,Lighting - Incandescent,,1,9,23.80.70.11.11,,0.470362,,,1,,17 lm/W,120 V/1-100 VA,9' - 0",,,,,By Type,,Default,,Wall Lamp - Industrial,Wall Lamp - Industrial: 100W - 120V,,1wejEoruvD5hQq7iipx_5a,1 fc,,2800 K,,A-19,1,1,,L2,1,1690 lm,134 cd,,346,,LP000,New Construction,None,1,,1,1,100W - 120V,,,1wejEoruvD5hQq7iipx_Vw,,F7,,1,100 W,,
100 VA,D5020220,Lighting - Incandescent,,1,9,23.80.70.11.11,,0.470362,,,1,,17 lm/W,120 V/1-100 VA,13' - 8",,,,,By Type,,Default,,Wall Lamp - Industrial,Wall Lamp - Industrial: 100W - 120V,,1wejEoruvD5hQq7iipx_5Z,1 fc,,2800 K,,A-19,1,1,,L2,1,1690 lm,134 cd,,347,,LP000,New Construction,None,1,,1,1,100W - 120V,,,1wejEoruvD5hQq7iipx_Vw,,F7,,1,100 W,,
100 VA,D5020220,Lighting - Incandescent,,1,9,23.80.70.11.11,,0.470362,,,1,,17 lm/W,120 V/1-100 VA,9' - 0",,,,,By Type,,Default,,Wall Lamp - Industrial,Wall Lamp - Industrial: 100W - 120V,,1wejEoruvD5hQq7iipx_5Y,1 fc,,2800 K,,A-19,1,1,,L3,1,1690 lm,134 cd,,348,,LP000,New Construction,None,1,,1,1,100W - 120V,,,1wejEoruvD5hQq7iipx_Vw,,F7,,1,100 W,,
100 VA,D5020220,Lighting - Incandescent,,1,9,23.80.70.11.11,,0.470362,,,1,,17 lm/W,120 V/1-100 VA,15' - 3",,,,,By Type,,Default,,Wall Lamp - Industrial,Wall Lamp - Industrial: 100W - 120V,,1wejEoruvD5hQq7iipx_5X,1 fc,,2800 K,,A-19,1,1,,L3,1,1690 lm,134 cd,,349,,LP000,New Construction,None,1,,1,1,100W - 120V,,,1wejEoruvD5hQq7iipx_Vw,,F7,,1,100 W,,
100 VA,D5020220,Lighting - Incandescent,,1,9,23.80.70.11.11,,0.470362,,,1,,17 lm/W,120 V/1-100 VA,9' - 0",,,,,By Type,,Default,,Wall Lamp - Industrial,Wall Lamp - Industrial: 100W - 120V,,1wejEoruvD5hQq7iipx_5W,1 fc,,2800 K,,A-19,1,1,,L4,1,1690 lm,134 cd,,350,,LP000,New Construction,None,1,,1,1,100W - 120V,,,1wejEoruvD5hQq7iipx_Vw,,F7,,1,100 W,,
100 VA,D5020220,Lighting - Incandescent,,1,9,23.80.70.11.11,,0.470362,,,1,,17 lm/W,120 V/1-100 VA,15' - 3",,,,,By Type,,Default,,Wall Lamp - Industrial,Wall Lamp - Industrial: 100W - 120V,,1wejEoruvD5hQq7iipx_5l,1 fc,,2800 K,,A-19,1,1,,L4,1,1690 lm,134 cd,,351,,LP000,New Construction,None,1,,1,1,100W - 120V,,,1wejEoruvD5hQq7iipx_Vw,,F7,,1,100 W,,
100 VA,D5020220,Lighting - Incandescent,,1,9,23.80.70.11.11,,0.470362,,,1,,17 lm/W,120 V/1-100 VA,9' - 0",,,,,By Type,,Default,,Wall Lamp - Industrial,Wall Lamp - Industrial: 100W - 120V,,1wejEoruvD5hQq7iipx_5k,1 fc,,2800 K,,A-19,1,1,,L5,1,1690 lm,134 cd,,352,,LP000,New Construction,None,1,,1,1,100W - 120V,,,1wejEoruvD5hQq7iipx_Vw,,F7,,1,100 W,,
100 VA,D5020220,Lighting - Incandescent,,1,9,23.80.70.11.11,,0.470362,,,1,,17 lm/W,120 V/1-100 VA,15' - 3",,,,,By Type,,Default,,Wall Lamp - Industrial,Wall Lamp - Industrial: 100W - 120V,,1wejEoruvD5hQq7iipx_5j,1 fc,,2800 K,,A-19,1,1,,L5,1,1690 lm,134 cd,,353,,LP000,New Construction,None,1,,1,1,100W - 120V,,,1wejEoruvD5hQq7iipx_Vw,,F7,,1,100 W,,
100 VA,D5020220,Lighting - Incandescent,,1,9,23.80.70.11.11,,0.470362,,,1,,17 lm/W,120 V/1-100 VA,9' - 0",,,,,By Type,,Default,,Wall Lamp - Industrial,Wall Lamp - Industrial: 100W - 120V,,1wejEoruvD5hQq7iipx_5i,1 fc,,2800 K,,A-19,1,1,,L1 - Block 43,1,1690 lm,134 cd,,354,,LP000,New Construction,None,1,,1,1,100W - 120V,,,1wejEoruvD5hQq7iipx_Vw,,F7,,1,100 W,,
100 VA,D5020220,Lighting - Incandescent,,1,9,23.80.70.11.11,,0.470362,,,1,,17 lm/W,120 V/1-100 VA,5' - 6 1/2",,,,,By Type,,Default,,Wall Lamp - Industrial,Wall Lamp - Industrial: 100W - 120V,,1wejEoruvD5hQq7iipx_5h,1 fc,,2800 K,,A-19,1,1,,L1 - Block 43,1,1690 lm,134 cd,,355,,LP000,New Construction,None,1,,1,1,100W - 120V,,,1wejEoruvD5hQq7iipx_Vw,,F7,,1,100 W,,
100 VA,D5020220,Lighting - Incandescent,,1,9,23.80.70.11.11,,0.470362,,,1,,17 lm/W,120 V/1-100 VA,12' - 6",,,,,By Type,,Default,,Wall Lamp - Industrial,Wall Lamp - Industrial: 100W - 120V,,1wejEoruvD5hQq7iipx_5g,1 fc,,2800 K,,A-19,1,1,,Parking,1,1690 lm,134 cd,,356,,LP000,New Construction,None,1,,1,1,100W - 120V,,,1wejEoruvD5hQq7iipx_Vw,,F7,,1,100 W,,
100 VA,D5020220,Lighting - Incandescent,,1,9,23.80.70.11.11,,0.470362,,,1,,17 lm/W,120 V/1-100 VA,9' - 0",,,,,By Type,,Default,,Wall Lamp - Industrial,Wall Lamp - Industrial: 100W - 120V,,1wejEoruvD5hQq7iipx_5f,1 fc,,2800 K,,A-19,1,1,,Parking,1,1690 lm,134 cd,,357,,LP000,New Construction,None,1,,1,1,100W - 120V,,,1wejEoruvD5hQq7iipx_Vw,,F7,,1,100 W,,
100 VA,D5020220,Lighting - Incandescent,,1,9,23.80.70.11.11,,0.470362,,,1,,17 lm/W,120 V/1-100 VA,9' - 0",,,,,By Type,,Default,,Wall Lamp - Industrial,Wall Lamp - Industrial: 100W - 120V,,1wejEoruvD5hQq7iipx_5e,1 fc,,2800 K,,A-19,1,1,,L2,1,1690 lm,134 cd,,358,,LP000,New Construction,None,1,,1,1,100W - 120V,,,1wejEoruvD5hQq7iipx_Vw,,F7,,1,100 W,,
100 VA,D5020220,Lighting - Incandescent,,1,9,23.80.70.11.11,,0.470362,,,1,,17 lm/W,120 V/1-100 VA,13' - 8",,,,,By Type,,Default,,Wall Lamp - Industrial,Wall Lamp - Industrial: 100W - 120V,,1wejEoruvD5hQq7iipx_5t,1 fc,,2800 K,,A-19,1,1,,L2,1,1690 lm,134 cd,,359,,LP000,New Construction,None,1,,1,1,100W - 120V,,,1wejEoruvD5hQq7iipx_Vw,,F7,,1,100 W,,
100 VA,D5020220,Lighting - Incandescent,,1,9,23.80.70.11.11,,0.470362,,,1,,17 lm/W,120 V/1-100 VA,9' - 0",,,,,By Type,,Default,,Wall Lamp - Industrial,Wall Lamp - Industrial: 100W - 120V,,1wejEoruvD5hQq7iipx_5s,1 fc,,2800 K,,A-19,1,1,,L3,1,1690 lm,134 cd,,360,,LP000,New Construction,None,1,,1,1,100W - 120V,,,1wejEoruvD5hQq7iipx_Vw,,F7,,1,100 W,,
100 VA,D5020220,Lighting - Incandescent,,1,9,23.80.70.11.11,,0.470362,,,1,,17 lm/W,120 V/1-100 VA,15' - 3",,,,,By Type,,Default,,Wall Lamp - Industrial,Wall Lamp - Industrial: 100W - 120V,,1wejEoruvD5hQq7iipx_5r,1 fc,,2800 K,,A-19,1,1,,L3,1,1690 lm,134 cd,,361,,LP000,New Construction,None,1,,1,1,100W - 120V,,,1wejEoruvD5hQq7iipx_Vw,,F7,,1,100 W,,
100 VA,D5020220,Lighting - Incandescent,,1,9,23.80.70.11.11,,0.470362,,,1,,17 lm/W,120 V/1-100 VA,9' - 0",,,,,By Type,,Default,,Wall Lamp - Industrial,Wall Lamp - Industrial: 100W - 120V,,1wejEoruvD5hQq7iipx_5q,1 fc,,2800 K,,A-19,1,1,,L4,1,1690 lm,134 cd,,362,,LP000,New Construction,None,1,,1,1,100W - 120V,,,1wejEoruvD5hQq7iipx_Vw,,F7,,1,100 W,,
100 VA,D5020220,Lighting - Incandescent,,1,9,23.80.70.11.11,,0.470362,,,1,,17 lm/W,120 V/1-100 VA,15' - 3",,,,,By Type,,Default,,Wall Lamp - Industrial,Wall Lamp - Industrial: 100W - 120V,,1wejEoruvD5hQq7iipx_5p,1 fc,,2800 K,,A-19,1,1,,L4,1,1690 lm,134 cd,,363,,LP000,New Construction,None,1,,1,1,100W - 120V,,,1wejEoruvD5hQq7iipx_Vw,,F7,,1,100 W,,
100 VA,D5020220,Lighting - Incandescent,,1,9,23.80.70.11.11,,0.470362,,,1,,17 lm/W,120 V/1-100 VA,9' - 0",,,,,By Type,,Default,,Wall Lamp - Industrial,Wall Lamp - Industrial: 100W - 120V,,1wejEoruvD5hQq7iipx_5o,1 fc,,2800 K,,A-19,1,1,,L5,1,1690 lm,134 cd,,364,,LP000,New Construction,None,1,,1,1,100W - 120V,,,1wejEoruvD5hQq7iipx_Vw,,F7,,1,100 W,,
100 VA,D5020220,Lighting - Incandescent,,1,9,23.80.70.11.11,,0.470362,,,1,,17 lm/W,120 V/1-100 VA,15' - 3",,,,,By Type,,Default,,Wall Lamp - Industrial,Wall Lamp - Industrial: 100W - 120V,,1wejEoruvD5hQq7iipx_5n,1 fc,,2800 K,,A-19,1,1,,L5,1,1690 lm,134 cd,,365,,LP000,New Construction,None,1,,1,1,100W - 120V,,,1wejEoruvD5hQq7iipx_Vw,,F7,,1,100 W,,
100 VA,D5020220,Lighting - Incandescent,,1,9,23.80.70.11.11,,0.470362,,,1,,17 lm/W,120 V/1-100 VA,9' - 0",,,,,By Type,,Default,,Wall Lamp - Industrial,Wall Lamp - Industrial: 100W - 120V,,1wejEoruvD5hQq7iipx_5m,1 fc,,2800 K,,A-19,1,1,,L1 - Block 43,1,1690 lm,134 cd,,366,,LP000,New Construction,None,1,,1,1,100W - 120V,,,1wejEoruvD5hQq7iipx_Vw,,F7,,1,100 W,,
100 VA,D5020220,Lighting - Incandescent,,1,9,23.80.70.11.11,,0.470362,,,1,,17 lm/W,120 V/1-100 VA,5' - 6 1/2",,,,,By Type,,Default,,Wall Lamp - Industrial,Wall Lamp - Industrial: 100W - 120V,,1wejEoruvD5hQq7iipx_5$,1 fc,,2800 K,,A-19,1,1,,L1 - Block 43,1,1690 lm,134 cd,,367,,LP000,New Construction,None,1,,1,1,100W - 120V,,,1wejEoruvD5hQq7iipx_Vw,,F7,,1,100 W,,
100 VA,D5020220,Lighting - Incandescent,,1,9,23.80.70.11.11,,0.470362,,,1,,17 lm/W,120 V/1-100 VA,12' - 6",,,,,By Type,,Default,,Wall Lamp - Industrial,Wall Lamp - Industrial: 100W - 120V,,1wejEoruvD5hQq7iipx_5_,1 fc,,2800 K,,A-19,1,1,,Parking,1,1690 lm,134 cd,,368,,LP000,New Construction,None,1,,1,1,100W - 120V,,,1wejEoruvD5hQq7iipx_Vw,,F7,,1,100 W,,
100 VA,D5020220,Lighting - Incandescent,,1,9,23.80.70.11.11,,0.470362,,,1,,17 lm/W,120 V/1-100 VA,9' - 0",,,,,By Type,,Default,,Wall Lamp - Industrial,Wall Lamp - Industrial: 100W - 120V,,1wejEoruvD5hQq7iipx_5z,1 fc,,2800 K,,A-19,1,1,,Parking,1,1690 lm,134 cd,,369,,LP000,New Construction,None,1,,1,1,100W - 120V,,,1wejEoruvD5hQq7iipx_Vw,,F7,,1,100 W,,
100 VA,D5020220,Lighting - Incandescent,,1,10,23.80.70.11.11,,0.470362,,,1,,17 lm/W,120 V/1-100 VA,9' - 0",,,,,By Type,,Default,,Wall Lamp - Industrial,Wall Lamp - Industrial: 100W - 120V,,1wejEoruvD5hQq7iipx_5y,1 fc,,2800 K,,A-19,1,1,,L2,1,1690 lm,134 cd,,370,,LP000,New Construction,None,1,,1,1,100W - 120V,,,1wejEoruvD5hQq7iipx_Vw,,F7,,1,100 W,,
100 VA,D5020220,Lighting - Incandescent,,1,10,23.80.70.11.11,,0.470362,,,1,,17 lm/W,120 V/1-100 VA,13' - 8",,,,,By Type,,Default,,Wall Lamp - Industrial,Wall Lamp - Industrial: 100W - 120V,,1wejEoruvD5hQq7iipx_5x,1 fc,,2800 K,,A-19,1,1,,L2,1,1690 lm,134 cd,,371,,LP000,New Construction,None,1,,1,1,100W - 120V,,,1wejEoruvD5hQq7iipx_Vw,,F7,,1,100 W,,
100 VA,D5020220,Lighting - Incandescent,,1,10,23.80.70.11.11,,0.470362,,,1,,17 lm/W,120 V/1-100 VA,9' - 0",,,,,By Type,,Default,,Wall Lamp - Industrial,Wall Lamp - Industrial: 100W - 120V,,1wejEoruvD5hQq7iipx_5w,1 fc,,2800 K,,A-19,1,1,,L3,1,1690 lm,134 cd,,372,,LP000,New Construction,None,1,,1,1,100W - 120V,,,1wejEoruvD5hQq7iipx_Vw,,F7,,1,100 W,,
100 VA,D5020220,Lighting - Incandescent,,1,10,23.80.70.11.11,,0.470362,,,1,,17 lm/W,120 V/1-100 VA,15' - 3",,,,,By Type,,Default,,Wall Lamp - Industrial,Wall Lamp - Industrial: 100W - 120V,,1wejEoruvD5hQq7iipx_5v,1 fc,,2800 K,,A-19,1,1,,L3,1,1690 lm,134 cd,,373,,LP000,New Construction,None,1,,1,1,100W - 120V,,,1wejEoruvD5hQq7iipx_Vw,,F7,,1,100 W,,
100 VA,D5020220,Lighting - Incandescent,,1,10,23.80.70.11.11,,0.470362,,,1,,17 lm/W,120 V/1-100 VA,9' - 0",,,,,By Type,,Default,,Wall Lamp - Industrial,Wall Lamp - Industrial: 100W - 120V,,1wejEoruvD5hQq7iipx_5u,1 fc,,2800 K,,A-19,1,1,,L4,1,1690 lm,134 cd,,374,,LP000,New Construction,None,1,,1,1,100W - 120V,,,1wejEoruvD5hQq7iipx_Vw,,F7,,1,100 W,,
100 VA,D5020220,Lighting - Incandescent,,1,10,23.80.70.11.11,,0.470362,,,1,,17 lm/W,120 V/1-100 VA,15' - 3",,,,,By Type,,Default,,Wall Lamp - Industrial,Wall Lamp - Industrial: 100W - 120V,,1wejEoruvD5hQq7iipx_47,1 fc,,2800 K,,A-19,1,1,,L4,1,1690 lm,134 cd,,375,,LP000,New Construction,None,1,,1,1,100W - 120V,,,1wejEoruvD5hQq7iipx_Vw,,F7,,1,100 W,,
100 VA,D5020220,Lighting - Incandescent,,1,10,23.80.70.11.11,,0.470362,,,1,,17 lm/W,120 V/1-100 VA,9' - 0",,,,,By Type,,Default,,Wall Lamp - Industrial,Wall Lamp - Industrial: 100W - 120V,,1wejEoruvD5hQq7iipx_46,1 fc,,2800 K,,A-19,1,1,,L5,1,1690 lm,134 cd,,376,,LP000,New Construction,None,1,,1,1,100W - 120V,,,1wejEoruvD5hQq7iipx_Vw,,F7,,1,100 W,,
100 VA,D5020220,Lighting - Incandescent,,1,10,23.80.70.11.11,,0.470362,,,1,,17 lm/W,120 V/1-100 VA,15' - 3",,,,,By Type,,Default,,Wall Lamp - Industrial,Wall Lamp - Industrial: 100W - 120V,,1wejEoruvD5hQq7iipx_45,1 fc,,2800 K,,A-19,1,1,,L5,1,1690 lm,134 cd,,377,,LP000,New Construction,None,1,,1,1,100W - 120V,,,1wejEoruvD5hQq7iipx_Vw,,F7,,1,100 W,,
100 VA,D5020220,Lighting - Incandescent,,1,10,23.80.70.11.11,,0.470362,,,1,,17 lm/W,120 V/1-100 VA,10' - 2 1/2",,,,,By Type,,Default,,Wall Lamp - Industrial,Wall Lamp - Industrial: 100W - 120V,,1wejEoruvD5hQq7iipx_44,1 fc,,2800 K,,A-19,1,1,,L1 - Block 43,1,1690 lm,134 cd,,378,,LP000,New Construction,None,1,,1,1,100W - 120V,,,1wejEoruvD5hQq7iipx_Vw,,F7,,1,100 W,,
100 VA,D5020220,Lighting - Incandescent,,1,10,23.80.70.11.11,,0.470362,,,1,,17 lm/W,120 V/1-100 VA,5' - 6 1/2",,,,,By Type,,Default,,Wall Lamp - Industrial,Wall Lamp - Industrial: 100W - 120V,,1wejEoruvD5hQq7iipx_43,1 fc,,2800 K,,A-19,1,1,,L1 - Block 43,1,1690 lm,134 cd,,379,,LP000,New Construction,None,1,,1,1,100W - 120V,,,1wejEoruvD5hQq7iipx_Vw,,F7,,1,100 W,,
100 VA,D5020220,Lighting - Incandescent,,1,10,23.80.70.11.11,,0.470362,,,1,,17 lm/W,120 V/1-100 VA,13' - 8",,,,,By Type,,Default,,Wall Lamp - Industrial,Wall Lamp - Industrial: 100W - 120V,,1wejEoruvD5hQq7iipx_42,1 fc,,2800 K,,A-19,1,1,,Parking,1,1690 lm,134 cd,,380,,LP000,New Construction,None,1,,1,1,100W - 120V,,,1wejEoruvD5hQq7iipx_Vw,,F7,,1,100 W,,
100 VA,D5020220,Lighting - Incandescent,,1,10,23.80.70.11.11,,0.470362,,,1,,17 lm/W,120 V/1-100 VA,9' - 0",,,,,By Type,,Default,,Wall Lamp - Industrial,Wall Lamp - Industrial: 100W - 120V,,1wejEoruvD5hQq7iipx_41,1 fc,,2800 K,,A-19,1,1,,Parking,1,1690 lm,134 cd,,381,,LP000,New Construction,None,1,,1,1,100W - 120V,,,1wejEoruvD5hQq7iipx_Vw,,F7,,1,100 W,,
100 VA,D5020220,Lighting - Incandescent,,1,10,23.80.70.11.11,,0.470362,,,1,,17 lm/W,120 V/1-100 VA,9' - 0",,,,,By Type,,Default,,Wall Lamp - Industrial,Wall Lamp - Industrial: 100W - 120V,,1wejEoruvD5hQq7iipx_40,1 fc,,2800 K,,A-19,1,1,,L2,1,1690 lm,134 cd,,382,,LP000,New Construction,None,1,,1,1,100W - 120V,,,1wejEoruvD5hQq7iipx_Vw,,F7,,1,100 W,,
100 VA,D5020220,Lighting - Incandescent,,1,10,23.80.70.11.11,,0.470362,,,1,,17 lm/W,120 V/1-100 VA,13' - 8",,,,,By Type,,Default,,Wall Lamp - Industrial,Wall Lamp - Industrial: 100W - 120V,,1wejEoruvD5hQq7iipx_4F,1 fc,,2800 K,,A-19,1,1,,L2,1,1690 lm,134 cd,,383,,LP000,New Construction,None,1,,1,1,100W - 120V,,,1wejEoruvD5hQq7iipx_Vw,,F7,,1,100 W,,
100 VA,D5020220,Lighting - Incandescent,,1,10,23.80.70.11.11,,0.470362,,,1,,17 lm/W,120 V/1-100 VA,9' - 0",,,,,By Type,,Default,,Wall Lamp - Industrial,Wall Lamp - Industrial: 100W - 120V,,1wejEoruvD5hQq7iipx_4E,1 fc,,2800 K,,A-19,1,1,,L3,1,1690 lm,134 cd,,384,,LP000,New Construction,None,1,,1,1,100W - 120V,,,1wejEoruvD5hQq7iipx_Vw,,F7,,1,100 W,,
100 VA,D5020220,Lighting - Incandescent,,1,10,23.80.70.11.11,,0.470362,,,1,,17 lm/W,120 V/1-100 VA,15' - 3",,,,,By Type,,Default,,Wall Lamp - Industrial,Wall Lamp - Industrial: 100W - 120V,,1wejEoruvD5hQq7iipx_4D,1 fc,,2800 K,,A-19,1,1,,L3,1,1690 lm,134 cd,,385,,LP000,New Construction,None,1,,1,1,100W - 120V,,,1wejEoruvD5hQq7iipx_Vw,,F7,,1,100 W,,
100 VA,D5020220,Lighting - Incandescent,,1,10,23.80.70.11.11,,0.470362,,,1,,17 lm/W,120 V/1-100 VA,9' - 0",,,,,By Type,,Default,,Wall Lamp - Industrial,Wall Lamp - Industrial: 100W - 120V,,1wejEoruvD5hQq7iipx_4C,1 fc,,2800 K,,A-19,1,1,,L4,1,1690 lm,134 cd,,386,,LP000,New Construction,None,1,,1,1,100W - 120V,,,1wejEoruvD5hQq7iipx_Vw,,F7,,1,100 W,,
100 VA,D5020220,Lighting - Incandescent,,1,10,23.80.70.11.11,,0.470362,,,1,,17 lm/W,120 V/1-100 VA,15' - 3",,,,,By Type,,Default,,Wall Lamp - Industrial,Wall Lamp - Industrial: 100W - 120V,,1wejEoruvD5hQq7iipx_4B,1 fc,,2800 K,,A-19,1,1,,L4,1,1690 lm,134 cd,,387,,LP000,New Construction,None,1,,1,1,100W - 120V,,,1wejEoruvD5hQq7iipx_Vw,,F7,,1,100 W,,
100 VA,D5020220,Lighting - Incandescent,,1,10,23.80.70.11.11,,0.470362,,,1,,17 lm/W,120 V/1-100 VA,9' - 0",,,,,By Type,,Default,,Wall Lamp - Industrial,Wall Lamp - Industrial: 100W - 120V,,1wejEoruvD5hQq7iipx_4A,1 fc,,2800 K,,A-19,1,1,,L5,1,1690 lm,134 cd,,388,,LP000,New Construction,None,1,,1,1,100W - 120V,,,1wejEoruvD5hQq7iipx_Vw,,F7,,1,100 W,,
100 VA,D5020220,Lighting - Incandescent,,1,10,23.80.70.11.11,,0.470362,,,1,,17 lm/W,120 V/1-100 VA,15' - 3",,,,,By Type,,Default,,Wall Lamp - Industrial,Wall Lamp - Industrial: 100W - 120V,,1wejEoruvD5hQq7iipx_49,1 fc,,2800 K,,A-19,1,1,,L5,1,1690 lm,134 cd,,389,,LP000,New Construction,None,1,,1,1,100W - 120V,,,1wejEoruvD5hQq7iipx_Vw,,F7,,1,100 W,,
100 VA,D5020220,Lighting - Incandescent,,1,10,23.80.70.11.11,,0.470362,,,1,,17 lm/W,120 V/1-100 VA,10' - 2 1/2",,,,,By Type,,Default,,Wall Lamp - Industrial,Wall Lamp - Industrial: 100W - 120V,,1wejEoruvD5hQq7iipx_48,1 fc,,2800 K,,A-19,1,1,,L1 - Block 43,1,1690 lm,134 cd,,390,,LP000,New Construction,None,1,,1,1,100W - 120V,,,1wejEoruvD5hQq7iipx_Vw,,F7,,1,100 W,,
100 VA,D5020220,Lighting - Incandescent,,1,10,23.80.70.11.11,,0.470362,,,1,,17 lm/W,120 V/1-100 VA,3' - 1",,,,,By Type,,Default,,Wall Lamp - Industrial,Wall Lamp - Industrial: 100W - 120V,,1wejEoruvD5hQq7iipx_4N,1 fc,,2800 K,,A-19,1,1,,L1 - Block 43,1,1690 lm,134 cd,,391,,LP000,New Construction,None,1,,1,1,100W - 120V,,,1wejEoruvD5hQq7iipx_Vw,,F7,,1,100 W,,
100 VA,D5020220,Lighting - Incandescent,,1,10,23.80.70.11.11,,0.470362,,,1,,17 lm/W,120 V/1-100 VA,13' - 8",,,,,By Type,,Default,,Wall Lamp - Industrial,Wall Lamp - Industrial: 100W - 120V,,1wejEoruvD5hQq7iipx_4M,1 fc,,2800 K,,A-19,1,1,,Parking,1,1690 lm,134 cd,,392,,LP000,New Construction,None,1,,1,1,100W - 120V,,,1wejEoruvD5hQq7iipx_Vw,,F7,,1,100 W,,
100 VA,D5020220,Lighting - Incandescent,,1,10,23.80.70.11.11,,0.470362,,,1,,17 lm/W,120 V/1-100 VA,9' - 0",,,,,By Type,,Default,,Wall Lamp - Industrial,Wall Lamp - Industrial: 100W - 120V,,1wejEoruvD5hQq7iipx_4L,1 fc,,2800 K,,A-19,1,1,,Parking,1,1690 lm,134 cd,,393,,LP000,New Construction,None,1,,1,1,100W - 120V,,,1wejEoruvD5hQq7iipx_Vw,,F7,,1,100 W,,
100 VA,D5020220,Lighting - Incandescent,,1,10,23.80.70.11.11,,0.470362,,,1,,17 lm/W,120 V/1-100 VA,9' - 0",,,,,By Type,,Default,,Wall Lamp - Industrial,Wall Lamp - Industrial: 100W - 120V,,1wejEoruvD5hQq7iipx_4K,1 fc,,2800 K,,A-19,1,1,,R2,1,1690 lm,134 cd,,394,,LP000,New Construction,None,1,,1,1,100W - 120V,,,1wejEoruvD5hQq7iipx_Vw,,F7,,1,100 W,,
100 VA,D5020220,Lighting - Incandescent,,1,10,23.80.70.11.11,,0.470362,,,1,,17 lm/W,120 V/1-100 VA,9' - 6",,,,,By Type,,Default,,Wall Lamp - Industrial,Wall Lamp - Industrial: 100W - 120V,,1wejEoruvD5hQq7iipx_4J,1 fc,,2800 K,,A-19,1,1,,R2,1,1690 lm,134 cd,,395,,LP000,New Construction,None,1,,1,1,100W - 120V,,,1wejEoruvD5hQq7iipx_Vw,,F7,,1,100 W,,
100 VA,D5020220,Lighting - Incandescent,,1,11,23.80.70.11.11,,0.467139,,,1,,17 lm/W,120 V/1-100 VA,4' - 6",,,,,By Type,,Default,,Wall Lamp - Industrial,Wall Lamp - Industrial: 100W - 120V,,1wejEoruvD5hQq7iipx_4I,1 fc,,2800 K,,A-19,1,1,,L1 - Block 43,1,1690 lm,134 cd,,396,,LP000,New Construction,None,1,,1,1,100W - 120V,,,1wejEoruvD5hQq7iipx_Vw,,F7,,1,100 W,,
100 VA,D5020220,Lighting - Incandescent,,1,11,23.80.70.11.11,,0.467139,,,1,,17 lm/W,120 V/1-100 VA,13' - 8",,,,,By Type,,Default,,Wall Lamp - Industrial,Wall Lamp - Industrial: 100W - 120V,,1wejEoruvD5hQq7iipx_4H,1 fc,,2800 K,,A-19,1,1,,Parking,1,1690 lm,134 cd,,397,,LP000,New Construction,None,1,,1,1,100W - 120V,,,1wejEoruvD5hQq7iipx_Vw,,F7,,1,100 W,,
100 VA,D5020220,Lighting - Incandescent,,1,11,23.80.70.11.11,,0.467139,,,1,,17 lm/W,120 V/1-100 VA,9' - 0",,,,,By Type,,Default,,Wall Lamp - Industrial,Wall Lamp - Industrial: 100W - 120V,,1wejEoruvD5hQq7iipx_4G,1 fc,,2800 K,,A-19,1,1,,Parking,1,1690 lm,134 cd,,398,,LP000,New Construction,None,1,,1,1,100W - 120V,,,1wejEoruvD5hQq7iipx_Vw,,F7,,1,100 W,,
100 VA,D5020220,Lighting - Incandescent,,1,11,23.80.70.11.11,,0.467139,,,1,,17 lm/W,120 V/1-100 VA,4' - 6",,,,,By Type,,Default,,Wall Lamp - Industrial,Wall Lamp - Industrial: 100W - 120V,,1wejEoruvD5hQq7iipx_4V,1 fc,,2800 K,,A-19,1,1,,L1 - Block 43,1,1690 lm,134 cd,,399,,LP000,New Construction,None,1,,1,1,100W - 120V,,,1wejEoruvD5hQq7iipx_Vw,,F7,,1,100 W,,
100 VA,D5020220,Lighting - Incandescent,,1,11,23.80.70.11.11,,0.467139,,,1,,17 lm/W,120 V/1-100 VA,13' - 8",,,,,By Type,,Default,,Wall Lamp - Industrial,Wall Lamp - Industrial: 100W - 120V,,1wejEoruvD5hQq7iipx_4U,1 fc,,2800 K,,A-19,1,1,,Parking,1,1690 lm,134 cd,,400,,LP000,New Construction,None,1,,1,1,100W - 120V,,,1wejEoruvD5hQq7iipx_Vw,,F7,,1,100 W,,
100 VA,D5020220,Lighting - Incandescent,,1,11,23.80.70.11.11,,0.467139,,,1,,17 lm/W,120 V/1-100 VA,9' - 0",,,,,By Type,,Default,,Wall Lamp - Industrial,Wall Lamp - Industrial: 100W - 120V,,1wejEoruvD5hQq7iipx_4T,1 fc,,2800 K,,A-19,1,1,,Parking,1,1690 lm,134 cd,,401,,LP000,New Construction,None,1,,1,1,100W - 120V,,,1wejEoruvD5hQq7iipx_Vw,,F7,,1,100 W,,
5 VA,,,,,,23.80.70.11.14,,0.799027,,,1,,250 lm/W,120 V/1-5 VA,7' - 9 1/2",,,,,By Type,,Default,,Recessed Lamp - Linear - LED,Recessed Lamp - Linear - LED: 24'',,2hKbD_mxjEcQYNBNqlNQMZ,1 fc,,3200 K,,LED,,,,L1 - Block 37,,1250 lm,99 cd,,402,,,New Construction,None,,,,1,24'',,,1wejEoruvD5hQq7iipxx0F,,,,,5 W,10,
5 VA,,,,,,23.80.70.11.14,,0.800267,,,1,,250 lm/W,120 V/1-5 VA,7' - 9 1/2",,,,,By Type,,Default,,Recessed Lamp - Linear - LED,Recessed Lamp - Linear - LED: 24'',,2hKbD_mxjEcQYNBNqlNQMW,1 fc,,3200 K,,LED,,,,L1 - Block 37,,1250 lm,99 cd,,403,,,New Construction,None,,,,1,24'',,,1wejEoruvD5hQq7iipxx0F,,,,,5 W,10,
,,,,,,23.80.70.00,,,,,1,,149 lm/W,12 V/1-12 VA,0' - 10",Yes,,,,By Type,,Default,,Lighting-Exterior-Spot,Lighting-Exterior-Spot: Lighting-Exterior-Spot,,0GqqDoX2T0IgNENRpJydaW,133 fc,,3000 K,,,,,,L1 - Block 35,,1800 lm,13275 cd,,404,,,New Construction,None,,,,1,Lighting-Exterior-Spot,,,0GqqDoX2T0IgNENRpJydaG,,,,,12 W,,
,,,,,,23.80.70.00,,,,,1,,149 lm/W,12 V/1-12 VA,2' - 0",Yes,,,,By Type,,Default,,Lighting-Exterior-Spot,Lighting-Exterior-Spot: Lighting-Exterior-Spot,,0GqqDoX2T0IgNENRpJydi6,133 fc,,3000 K,,,,,,L1 - Block 35,,1800 lm,13275 cd,,405,,,New Construction,None,,,,1,Lighting-Exterior-Spot,,,0GqqDoX2T0IgNENRpJydaG,,,,,12 W,,
,,,,,,23.80.70.00,,,,,1,,149 lm/W,12 V/1-12 VA,2' - 0",Yes,,,,By Type,,Default,,Lighting-Exterior-Spot,Lighting-Exterior-Spot: Lighting-Exterior-Spot,,0GqqDoX2T0IgNENRpJydiO,133 fc,,3000 K,,,,,,L1 - Block 35,,1800 lm,13275 cd,,406,,,New Construction,None,,,,1,Lighting-Exterior-Spot,,,0GqqDoX2T0IgNENRpJydaG,,,,,12 W,,
,,,,,,23.80.70.00,,,,,1,,149 lm/W,12 V/1-12 VA,2' - 0",Yes,,,,By Type,,Default,,Lighting-Exterior-Spot,Lighting-Exterior-Spot: Lighting-Exterior-Spot,,0GqqDoX2T0IgNENRpJydii,133 fc,,3000 K,,,,,,L1 - Block 35,,1800 lm,13275 cd,,407,,,New Construction,None,,,,1,Lighting-Exterior-Spot,,,0GqqDoX2T0IgNENRpJydaG,,,,,12 W,,
,,,,,,23.80.70.00,,,,,1,,149 lm/W,12 V/1-12 VA,2' - 0",Yes,,,,By Type,,Default,,Lighting-Exterior-Spot,Lighting-Exterior-Spot: Lighting-Exterior-Spot,,0GqqDoX2T0IgNENRpJydia,133 fc,,3000 K,,,,,,L1 - Block 35,,1800 lm,13275 cd,,408,,,New Construction,None,,,,1,Lighting-Exterior-Spot,,,0GqqDoX2T0IgNENRpJydaG,,,,,12 W,,
,,,,,,23.80.70.00,,,,,1,,149 lm/W,12 V/1-12 VA,2' - 0",Yes,,,,By Type,,Default,,Lighting-Exterior-Spot,Lighting-Exterior-Spot: Lighting-Exterior-Spot,,0GqqDoX2T0IgNENRpJydiu,133 fc,,3000 K,,,,,,L1 - Block 35,,1800 lm,13275 cd,,409,,,New Construction,None,,,,1,Lighting-Exterior-Spot,,,0GqqDoX2T0IgNENRpJydaG,,,,,12 W,,
,,,,,,23.80.70.00,,,,,1,,149 lm/W,12 V/1-12 VA,2' - 0",Yes,,,,By Type,,Default,,Lighting-Exterior-Spot,Lighting-Exterior-Spot: Lighting-Exterior-Spot,,0GqqDoX2T0IgNENRpJydim,133 fc,,3000 K,,,,,,L1 - Block 35,,1800 lm,13275 cd,,410,,,New Construction,None,,,,1,Lighting-Exterior-Spot,,,0GqqDoX2T0IgNENRpJydaG,,,,,12 W,,
,,,,,,23.80.70.00,,,,,1,,149 lm/W,12 V/1-12 VA,2' - 0",Yes,,,,By Type,,Default,,Lighting-Exterior-Spot,Lighting-Exterior-Spot: Lighting-Exterior-Spot,,0GqqDoX2T0IgNENRpJydl4,133 fc,,3000 K,,,,,,L1 - Block 35,,1800 lm,13275 cd,,411,,,New Construction,None,,,,1,Lighting-Exterior-Spot,,,0GqqDoX2T0IgNENRpJydaG,,,,,12 W,,
,,,,,,23.80.70.00,,,,,1,,149 lm/W,12 V/1-12 VA,2' - 0",Yes,,,,By Type,,Default,,Lighting-Exterior-Spot,Lighting-Exterior-Spot: Lighting-Exterior-Spot,,0GqqDoX2T0IgNENRpJydlO,133 fc,,3000 K,,,,,,L1 - Block 35,,1800 lm,13275 cd,,412,,,New Construction,None,,,,1,Lighting-Exterior-Spot,,,0GqqDoX2T0IgNENRpJydaG,,,,,12 W,,
,,,,,,23.80.70.00,,,,,1,,149 lm/W,12 V/1-12 VA,0' - 10",Yes,,,,By Type,,Default,,Lighting-Exterior-Spot,Lighting-Exterior-Spot: Lighting-Exterior-Spot,,0GqqDoX2T0IgNENRpJydli,133 fc,,3000 K,,,,,,L1 - Block 35,,1800 lm,13275 cd,,413,,,New Construction,None,,,,1,Lighting-Exterior-Spot,,,0GqqDoX2T0IgNENRpJydaG,,,,,12 W,,
150 VA,D5020220,Lighting - Incandescent,,1,2,23.80.70.11.11,,0,,,1,,19 lm/W,120 V/1-150 VA,12' - 10",,,,,By Type,,Default,,Pendant Light - Hemisphere,Pendant Light - Hemisphere: 150W - 120V 58" Drop,,1UEKHMfaD19Q0apOZjXgmw,2 fc,,2800 K,,A-21,1,1,,L4,1,2780 lm,221 cd,,414,,P400,New Construction,None,1,,1,1,150W - 120V 58" Drop,,,1UEKHMfaD19Q0apOZjYLCN,,,,1,150 W,,
150 VA,D5020220,Lighting - Incandescent,,1,2,23.80.70.11.11,,0,,,1,,19 lm/W,120 V/1-150 VA,12' - 10",,,,,By Type,,Default,,Pendant Light - Hemisphere,Pendant Light - Hemisphere: 150W - 120V 58" Drop,,1UEKHMfaD19Q0apOZjXgnW,2 fc,,2800 K,,A-21,1,1,,L4,1,2780 lm,221 cd,,415,,P400,New Construction,None,1,,1,1,150W - 120V 58" Drop,,,1UEKHMfaD19Q0apOZjYLCN,,,,1,150 W,,
150 VA,D5020220,Lighting - Incandescent,,1,2,23.80.70.11.11,,0,,,1,,19 lm/W,120 V/1-150 VA,12' - 10",,,,,By Type,,Default,,Pendant Light - Hemisphere,Pendant Light - Hemisphere: 150W - 120V 58" Drop,,1UEKHMfaD19Q0apOZjXgos,2 fc,,2800 K,,A-21,1,1,,L4,1,2780 lm,221 cd,,416,,P400,New Construction,None,1,,1,1,150W - 120V 58" Drop,,,1UEKHMfaD19Q0apOZjYLCN,,,,1,150 W,,
150 VA,D5020220,Lighting - Incandescent,,1,2,23.80.70.11.11,,0,,,1,,19 lm/W,120 V/1-150 VA,12' - 10",,,,,By Type,,Default,,Pendant Light - Hemisphere,Pendant Light - Hemisphere: 150W - 120V 58" Drop,,1UEKHMfaD19Q0apOZjXgoP,2 fc,,2800 K,,A-21,1,1,,L4,1,2780 lm,221 cd,,417,,P400,New Construction,None,1,,1,1,150W - 120V 58" Drop,,,1UEKHMfaD19Q0apOZjYLCN,,,,1,150 W,,
5 VA,,,,,11,23.80.70.11.14,,,,,1,,250 lm/W,120 V/1-5 VA,0' - 0",,,,,By Type,,Default,,Recessed Lamp - Linear - LED,Recessed Lamp - Linear - LED: 24'',,1JvuV1by5EueRhVFwZDm4l,1 fc,,3200 K,,LED,,,,,,1250 lm,99 cd,,421,,P-Roof,New Construction,None,,,,1,24'',,,1wejEoruvD5hQq7iipxx0F,,,,,5 W,10,
5 VA,,,,,11,23.80.70.11.14,,,,,1,,250 lm/W,120 V/1-5 VA,0' - 0",,,,,By Type,,Default,,Recessed Lamp - Linear - LED,Recessed Lamp - Linear - LED: 24'',,1JvuV1by5EueRhVFwZDm4i,1 fc,,3200 K,,LED,,,,,,1250 lm,99 cd,,422,,P-Roof,New Construction,None,,,,1,24'',,,1wejEoruvD5hQq7iipxx0F,,,,,5 W,10,
150 VA,D5020220,Lighting - Incandescent,,1,11,23.80.70.11.11,,,,,1,,19 lm/W,120 V/1-150 VA,9' - 0",,,,,By Type,,Default,,Wall Lamp - Bracket,Wall Lamp - Bracket: 150W - 120V,,1JvuV1by5EueRhVFwZDm4j,2 fc,,2800 K,,A-21,1,1,,R2,1,2780 lm,221 cd,,423,,P-Roof,New Construction,None,1,,1,1,150W - 120V,,,1wejEoruvD5hQq7iipxzXT,,,,1,150 W,,
150 VA,D5020220,Lighting - Incandescent,,1,10,23.80.70.11.11,,,,,1,,19 lm/W,120 V/1-150 VA,9' - 0",,,,,By Type,,Default,,Wall Lamp - Bracket,Wall Lamp - Bracket: 150W - 120V,,1JvuV1by5EueRhVFwZDm4g,2 fc,,2800 K,,A-21,1,1,,R2,1,2780 lm,221 cd,,424,,P-Roof,New Construction,None,1,,1,1,150W - 120V,,,1wejEoruvD5hQq7iipxzXT,,,,1,150 W,,
150 VA,D5020220,Lighting - Incandescent,,1,10,23.80.70.11.11,,,,,1,,19 lm/W,120 V/1-150 VA,9' - 0",,,,,By Type,,Default,,Wall Lamp - Bracket,Wall Lamp - Bracket: 150W - 120V,,1JvuV1by5EueRhVFwZDm4h,2 fc,,2800 K,,A-21,1,1,,R2,1,2780 lm,221 cd,,425,,P-Roof,New Construction,None,1,,1,1,150W - 120V,,,1wejEoruvD5hQq7iipxzXT,,,,1,150 W,,
150 VA,D5020220,Lighting - Incandescent,,1,10,23.80.70.11.11,,,,,1,,19 lm/W,120 V/1-150 VA,9' - 0",,,,,By Type,,Default,,Wall Lamp - Bracket,Wall Lamp - Bracket: 150W - 120V,,1JvuV1by5EueRhVFwZDm4e,2 fc,,2800 K,,A-21,1,1,,R2,1,2780 lm,221 cd,,426,,P-Roof,New Construction,None,1,,1,1,150W - 120V,,,1wejEoruvD5hQq7iipxzXT,,,,1,150 W,,
150 VA,D5020220,Lighting - Incandescent,,1,11,23.80.70.11.11,,,,,1,,19 lm/W,120 V/1-150 VA,9' - 0",,,,,By Type,,Default,,Wall Lamp - Bracket,Wall Lamp - Bracket: 150W - 120V,,1JvuV1by5EueRhVFwZDm4f,2 fc,,2800 K,,A-21,1,1,,R2,1,2780 lm,221 cd,,427,,P-Roof,New Construction,None,1,,1,1,150W - 120V,,,1wejEoruvD5hQq7iipxzXT,,,,1,150 W,,
150 VA,D5020220,Lighting - Incandescent,,1,11,23.80.70.11.11,,,,,1,,19 lm/W,120 V/1-150 VA,9' - 0",,,,,By Type,,Default,,Wall Lamp - Bracket,Wall Lamp - Bracket: 150W - 120V,,1JvuV1by5EueRhVFwZDm4c,2 fc,,2800 K,,A-21,1,1,,R2,1,2780 lm,221 cd,,428,,P-Roof,New Construction,None,1,,1,1,150W - 120V,,,1wejEoruvD5hQq7iipxzXT,,,,1,150 W,,
150 VA,D5020220,Lighting - Incandescent,,1,10,23.80.70.11.11,,,,,1,,19 lm/W,120 V/1-150 VA,9' - 0",,,,,By Type,,Default,,Wall Lamp - Bracket,Wall Lamp - Bracket: 150W - 120V,,1JvuV1by5EueRhVFwZDm4d,2 fc,,2800 K,,A-21,1,1,,R2,1,2780 lm,221 cd,,429,,P-Roof,New Construction,None,1,,1,1,150W - 120V,,,1wejEoruvD5hQq7iipxzXT,,,,1,150 W,,
150 VA,D5020220,Lighting - Incandescent,,1,10,23.80.70.11.11,,,,,1,,19 lm/W,120 V/1-150 VA,9' - 0",,,,,By Type,,Default,,Wall Lamp - Bracket,Wall Lamp - Bracket: 150W - 120V,,1JvuV1by5EueRhVFwZDm4a,2 fc,,2800 K,,A-21,1,1,,R2,1,2780 lm,221 cd,,430,,P-Roof,New Construction,None,1,,1,1,150W - 120V,,,1wejEoruvD5hQq7iipxzXT,,,,1,150 W,,
150 VA,D5020220,Lighting - Incandescent,,1,10,23.80.70.11.11,,,,,1,,19 lm/W,120 V/1-150 VA,9' - 0",,,,,By Type,,Default,,Wall Lamp - Bracket,Wall Lamp - Bracket: 150W - 120V,,1JvuV1by5EueRhVFwZDm4b,2 fc,,2800 K,,A-21,1,1,,R2,1,2780 lm,221 cd,,431,,P-Roof,New Construction,None,1,,1,1,150W - 120V,,,1wejEoruvD5hQq7iipxzXT,,,,1,150 W,,
150 VA,D5020220,Lighting - Incandescent,,1,9,23.80.70.11.11,,,,,1,,19 lm/W,120 V/1-150 VA,9' - 0",,,,,By Type,,Default,,Wall Lamp - Bracket,Wall Lamp - Bracket: 150W - 120V,,1JvuV1by5EueRhVFwZDm4Y,2 fc,,2800 K,,A-21,1,1,,R2,1,2780 lm,221 cd,,432,,P-Roof,New Construction,None,1,,1,1,150W - 120V,,,1wejEoruvD5hQq7iipxzXT,,,,1,150 W,,
150 VA,D5020220,Lighting - Incandescent,,1,9,23.80.70.11.11,,,,,1,,19 lm/W,120 V/1-150 VA,9' - 0",,,,,By Type,,Default,,Wall Lamp - Bracket,Wall Lamp - Bracket: 150W - 120V,,1JvuV1by5EueRhVFwZDm4Z,2 fc,,2800 K,,A-21,1,1,,R2,1,2780 lm,221 cd,,433,,P-Roof,New Construction,None,1,,1,1,150W - 120V,,,1wejEoruvD5hQq7iipxzXT,,,,1,150 W,,
100 VA,,,,1,3,23.80.70.14.11.11,,,,,1,,17 lm/W,120 V/1-100 VA,1' - 4",,,,,By Type,,Default,,Bollard Light,Bollard Light: Incandescent - 120V,,1JvuV1by5EueRhVFwZDmCF,1 fc,,2800 K,,A-19,1,1,,R2,1,1690 lm,134 cd,,434,,P-Roof,New Construction,None,1,,1,1,Incandescent - 120V,,,1JvuV1by5EueRhVFwZDm4D,,,,1,100 W,,
100 VA,,,,1,3,23.80.70.14.11.11,,,,,1,,17 lm/W,120 V/1-100 VA,1' - 3",,,,,By Type,,Default,,Bollard Light,Bollard Light: Incandescent - 120V,,1JvuV1by5EueRhVFwZDmCC,1 fc,,2800 K,,A-19,1,1,,R2,1,1690 lm,134 cd,,435,,P-Roof,New Construction,None,1,,1,1,Incandescent - 120V,,,1JvuV1by5EueRhVFwZDm4D,,,,1,100 W,,
100 VA,,,,1,3,23.80.70.14.11.11,,,,,1,,17 lm/W,120 V/1-100 VA,1' - 3",,,,,By Type,,Default,,Bollard Light,Bollard Light: Incandescent - 120V,,1JvuV1by5EueRhVFwZDmCD,1 fc,,2800 K,,A-19,1,1,,R2,1,1690 lm,134 cd,,436,,P-Roof,New Construction,None,1,,1,1,Incandescent - 120V,,,1JvuV1by5EueRhVFwZDm4D,,,,1,100 W,,
100 VA,,,,1,3,23.80.70.14.11.11,,,,,1,,17 lm/W,120 V/1-100 VA,1' - 1",,,,,By Type,,Default,,Bollard Light,Bollard Light: Incandescent - 120V,,1JvuV1by5EueRhVFwZDmCA,1 fc,,2800 K,,A-19,1,1,,R2,1,1690 lm,134 cd,,437,,P-Roof,New Construction,None,1,,1,1,Incandescent - 120V,,,1JvuV1by5EueRhVFwZDm4D,,,,1,100 W,,
100 VA,,,,1,3,23.80.70.14.11.11,,,,,1,,17 lm/W,120 V/1-100 VA,1' - 1",,,,,By Type,,Default,,Bollard Light,Bollard Light: Incandescent - 120V,,1JvuV1by5EueRhVFwZDmCB,1 fc,,2800 K,,A-19,1,1,,R2,1,1690 lm,134 cd,,438,,P-Roof,New Construction,None,1,,1,1,Incandescent - 120V,,,1JvuV1by5EueRhVFwZDm4D,,,,1,100 W,,
100 VA,,,,1,3,23.80.70.14.11.11,,,,,1,,17 lm/W,120 V/1-100 VA,1' - 1",,,,,By Type,,Default,,Bollard Light,Bollard Light: Incandescent - 120V,,1JvuV1by5EueRhVFwZDmC8,1 fc,,2800 K,,A-19,1,1,,R2,1,1690 lm,134 cd,,439,,P-Roof,New Construction,None,1,,1,1,Incandescent - 120V,,,1JvuV1by5EueRhVFwZDm4D,,,,1,100 W,,
100 VA,,,,1,3,23.80.70.14.11.11,,,,,1,,17 lm/W,120 V/1-100 VA,1' - 4",,,,,By Type,,Default,,Bollard Light,Bollard Light: Incandescent - 120V,,1JvuV1by5EueRhVFwZDmC9,1 fc,,2800 K,,A-19,1,1,,R2,1,1690 lm,134 cd,,440,,P-Roof,New Construction,None,1,,1,1,Incandescent - 120V,,,1JvuV1by5EueRhVFwZDm4D,,,,1,100 W,,
100 VA,,,,1,3,23.80.70.14.11.11,,,,,1,,17 lm/W,120 V/1-100 VA,1' - 4",,,,,By Type,,Default,,Bollard Light,Bollard Light: Incandescent - 120V,,1JvuV1by5EueRhVFwZDmC6,1 fc,,2800 K,,A-19,1,1,,R2,1,1690 lm,134 cd,,441,,P-Roof,New Construction,None,1,,1,1,Incandescent - 120V,,,1JvuV1by5EueRhVFwZDm4D,,,,1,100 W,,
100 VA,,,,1,3,23.80.70.14.11.11,,,,,1,,17 lm/W,120 V/1-100 VA,1' - 1",,,,,By Type,,Default,,Bollard Light,Bollard Light: Incandescent - 120V,,1JvuV1by5EueRhVFwZDmC7,1 fc,,2800 K,,A-19,1,1,,R2,1,1690 lm,134 cd,,442,,P-Roof,New Construction,None,1,,1,1,Incandescent - 120V,,,1JvuV1by5EueRhVFwZDm4D,,,,1,100 W,,
100 VA,,,,1,3,23.80.70.14.11.11,,,,,1,,17 lm/W,120 V/1-100 VA,1' - 1",,,,,By Type,,Default,,Bollard Light,Bollard Light: Incandescent - 120V,,1JvuV1by5EueRhVFwZDmC4,1 fc,,2800 K,,A-19,1,1,,R2,1,1690 lm,134 cd,,443,,P-Roof,New Construction,None,1,,1,1,Incandescent - 120V,,,1JvuV1by5EueRhVFwZDm4D,,,,1,100 W,,
100 VA,,,,1,3,23.80.70.14.11.11,,,,,1,,17 lm/W,120 V/1-100 VA,1' - 4",,,,,By Type,,Default,,Bollard Light,Bollard Light: Incandescent - 120V,,1JvuV1by5EueRhVFwZDmC5,1 fc,,2800 K,,A-19,1,1,,L5,1,1690 lm,134 cd,,444,,P-Roof,New Construction,None,1,,1,1,Incandescent - 120V,,,1JvuV1by5EueRhVFwZDm4D,,,,1,100 W,,
100 VA,,,,1,3,23.80.70.14.11.11,,,,,1,,17 lm/W,120 V/1-100 VA,1' - 4",,,,,By Type,,Default,,Bollard Light,Bollard Light: Incandescent - 120V,,1JvuV1by5EueRhVFwZDmC2,1 fc,,2800 K,,A-19,1,1,,L5,1,1690 lm,134 cd,,445,,P-Roof,New Construction,None,1,,1,1,Incandescent - 120V,,,1JvuV1by5EueRhVFwZDm4D,,,,1,100 W,,
100 VA,,,,1,3,23.80.70.14.11.11,,,,,1,,17 lm/W,120 V/1-100 VA,1' - 4",,,,,By Type,,Default,,Bollard Light,Bollard Light: Incandescent - 120V,,1JvuV1by5EueRhVFwZDmC3,1 fc,,2800 K,,A-19,1,1,,L5,1,1690 lm,134 cd,,446,,P-Roof,New Construction,None,1,,1,1,Incandescent - 120V,,,1JvuV1by5EueRhVFwZDm4D,,,,1,100 W,,
80 VA,D5020210,Lighting - Fluorescent,,0.88,4,23.80.70.11.11,,0.677109,,,1,,79 lm/W,120 V/1-80 VA,10' - 2",,,,,By Type,,Default,,Ceiling Light - Linear Box,Ceiling Light - Linear Box: 1'x4'(2 Lamp) - 120V,,3YXpJF3D96fPgs9v634nGn,5 fc,,4230 K,,T-12,1,1,,Parking,1,6300 lm,501 cd,,447,,LP000,New Construction,None,1,,1,0.88,1'x4'(2 Lamp) - 120V,,,3YXpJF3D96fPgs9v634nT$,,F1,,1,80 W,,
80 VA,D5020210,Lighting - Fluorescent,,0.88,4,23.80.70.11.11,,0.677109,,,1,,79 lm/W,120 V/1-80 VA,10' - 2",,,,,By Type,,Default,,Ceiling Light - Linear Box,Ceiling Light - Linear Box: 1'x4'(2 Lamp) - 120V,,3YXpJF3D96fPgs9v634nMb,5 fc,,4230 K,,T-12,1,1,,Parking,1,6300 lm,501 cd,,448,,LP000,New Construction,None,1,,1,0.88,1'x4'(2 Lamp) - 120V,,,3YXpJF3D96fPgs9v634nT$,,F1,,1,80 W,,
80 VA,D5020210,Lighting - Fluorescent,,0.88,4,23.80.70.11.11,,0.677109,,,1,,79 lm/W,120 V/1-80 VA,10' - 2",,,,,By Type,,Default,,Ceiling Light - Linear Box,Ceiling Light - Linear Box: 1'x4'(2 Lamp) - 120V,,3YXpJF3D96fPgs9v634nM0,5 fc,,4230 K,,T-12,1,1,,Parking,1,6300 lm,501 cd,,449,,LP000,New Construction,None,1,,1,0.88,1'x4'(2 Lamp) - 120V,,,3YXpJF3D96fPgs9v634nT$,,F1,,1,80 W,,
80 VA,D5020210,Lighting - Fluorescent,,0.88,4,23.80.70.11.11,,0.677109,,,1,,79 lm/W,120 V/1-80 VA,10' - 2",,,,,By Type,,Default,,Ceiling Light - Linear Box,Ceiling Light - Linear Box: 1'x4'(2 Lamp) - 120V,,3YXpJF3D96fPgs9v634nNY,5 fc,,4230 K,,T-12,1,1,,Parking,1,6300 lm,501 cd,,450,,LP000,New Construction,None,1,,1,0.88,1'x4'(2 Lamp) - 120V,,,3YXpJF3D96fPgs9v634nT$,,F1,,1,80 W,,
80 VA,D5020210,Lighting - Fluorescent,,0.88,5,23.80.70.11.11,,0.677109,,,1,,79 lm/W,120 V/1-80 VA,10' - 2",,,,,By Type,,Default,,Ceiling Light - Linear Box,Ceiling Light - Linear Box: 1'x4'(2 Lamp) - 120V,,3YXpJF3D96fPgs9v634nNL,5 fc,,4230 K,,T-12,1,1,,Parking,1,6300 lm,501 cd,,451,,LP000,New Construction,None,1,,1,0.88,1'x4'(2 Lamp) - 120V,,,3YXpJF3D96fPgs9v634nT$,,F1,,1,80 W,,
80 VA,D5020210,Lighting - Fluorescent,,0.88,5,23.80.70.11.11,,0.677109,,,1,,79 lm/W,120 V/1-80 VA,10' - 2",,,,,By Type,,Default,,Ceiling Light - Linear Box,Ceiling Light - Linear Box: 1'x4'(2 Lamp) - 120V,,3YXpJF3D96fPgs9v634nKM,5 fc,,4230 K,,T-12,1,1,,Parking,1,6300 lm,501 cd,,452,,LP000,New Construction,None,1,,1,0.88,1'x4'(2 Lamp) - 120V,,,3YXpJF3D96fPgs9v634nT$,,F1,,1,80 W,,
80 VA,D5020210,Lighting - Fluorescent,,0.88,4,23.80.70.11.11,,0.677109,,,1,,79 lm/W,120 V/1-80 VA,10' - 2",,,,,By Type,,Default,,Ceiling Light - Linear Box,Ceiling Light - Linear Box: 1'x4'(2 Lamp) - 120V,,3YXpJF3D96fPgs9v634sfv,5 fc,,4230 K,,T-12,1,1,,Parking,1,6300 lm,501 cd,,453,,LP000,New Construction,None,1,,1,0.88,1'x4'(2 Lamp) - 120V,,,3YXpJF3D96fPgs9v634nT$,,F1,,1,80 W,,
80 VA,D5020210,Lighting - Fluorescent,,0.88,4,23.80.70.11.11,,0.677109,,,1,,79 lm/W,120 V/1-80 VA,10' - 2",,,,,By Type,,Default,,Ceiling Light - Linear Box,Ceiling Light - Linear Box: 1'x4'(2 Lamp) - 120V,,3YXpJF3D96fPgs9v634sfx,5 fc,,4230 K,,T-12,1,1,,Parking,1,6300 lm,501 cd,,454,,LP000,New Construction,None,1,,1,0.88,1'x4'(2 Lamp) - 120V,,,3YXpJF3D96fPgs9v634nT$,,F1,,1,80 W,,
80 VA,D5020210,Lighting - Fluorescent,,0.88,4,23.80.70.11.11,,0.677109,,,1,,79 lm/W,120 V/1-80 VA,10' - 2",,,,,By Type,,Default,,Ceiling Light - Linear Box,Ceiling Light - Linear Box: 1'x4'(2 Lamp) - 120V,,3YXpJF3D96fPgs9v634sf4,5 fc,,4230 K,,T-12,1,1,,Parking,1,6300 lm,501 cd,,455,,LP000,New Construction,None,1,,1,0.88,1'x4'(2 Lamp) - 120V,,,3YXpJF3D96fPgs9v634nT$,,F1,,1,80 W,,
80 VA,D5020210,Lighting - Fluorescent,,0.88,4,23.80.70.11.11,,0.677109,,,1,,79 lm/W,120 V/1-80 VA,10' - 2",,,,,By Type,,Default,,Ceiling Light - Linear Box,Ceiling Light - Linear Box: 1'x4'(2 Lamp) - 120V,,3YXpJF3D96fPgs9v634sf5,5 fc,,4230 K,,T-12,1,1,,Parking,1,6300 lm,501 cd,,456,,LP000,New Construction,None,1,,1,0.88,1'x4'(2 Lamp) - 120V,,,3YXpJF3D96fPgs9v634nT$,,F1,,1,80 W,,
80 VA,D5020210,Lighting - Fluorescent,,0.88,4,23.80.70.11.11,,0.677109,,,1,,79 lm/W,120 V/1-80 VA,10' - 2",,,,,By Type,,Default,,Ceiling Light - Linear Box,Ceiling Light - Linear Box: 1'x4'(2 Lamp) - 120V,,3YXpJF3D96fPgs9v634slP,5 fc,,4230 K,,T-12,1,1,,Parking,1,6300 lm,501 cd,,457,,LP000,New Construction,None,1,,1,0.88,1'x4'(2 Lamp) - 120V,,,3YXpJF3D96fPgs9v634nT$,,F1,,1,80 W,,
80 VA,D5020210,Lighting - Fluorescent,,0.88,4,23.80.70.11.11,,0.677109,,,1,,79 lm/W,120 V/1-80 VA,10' - 2",,,,,By Type,,Default,,Ceiling Light - Linear Box,Ceiling Light - Linear Box: 1'x4'(2 Lamp) - 120V,,3YXpJF3D96fPgs9v634slR,5 fc,,4230 K,,T-12,1,1,,Parking,1,6300 lm,501 cd,,458,,LP000,New Construction,None,1,,1,0.88,1'x4'(2 Lamp) - 120V,,,3YXpJF3D96fPgs9v634nT$,,F1,,1,80 W,,
80 VA,D5020210,Lighting - Fluorescent,,0.88,4,23.80.70.11.11,,0.677109,,,1,,79 lm/W,120 V/1-80 VA,10' - 2",,,,,By Type,,Default,,Ceiling Light - Linear Box,Ceiling Light - Linear Box: 1'x4'(2 Lamp) - 120V,,3YXpJF3D96fPgs9v634sia,5 fc,,4230 K,,T-12,1,1,,Parking,1,6300 lm,501 cd,,459,,LP000,New Construction,None,1,,1,0.88,1'x4'(2 Lamp) - 120V,,,3YXpJF3D96fPgs9v634nT$,,F1,,1,80 W,,
80 VA,D5020210,Lighting - Fluorescent,,0.88,4,23.80.70.11.11,,0.677109,,,1,,79 lm/W,120 V/1-80 VA,10' - 2",,,,,By Type,,Default,,Ceiling Light - Linear Box,Ceiling Light - Linear Box: 1'x4'(2 Lamp) - 120V,,3YXpJF3D96fPgs9v634sib,5 fc,,4230 K,,T-12,1,1,,Parking,1,6300 lm,501 cd,,460,,LP000,New Construction,None,1,,1,0.88,1'x4'(2 Lamp) - 120V,,,3YXpJF3D96fPgs9v634nT$,,F1,,1,80 W,,
80 VA,D5020210,Lighting - Fluorescent,,0.88,5,23.80.70.11.11,,0.677109,,,1,,79 lm/W,120 V/1-80 VA,10' - 2",,,,,By Type,,Default,,Ceiling Light - Linear Box,Ceiling Light - Linear Box: 1'x4'(2 Lamp) - 120V,,3YXpJF3D96fPgs9v634sic,5 fc,,4230 K,,T-12,1,1,,Parking,1,6300 lm,501 cd,,461,,LP000,New Construction,None,1,,1,0.88,1'x4'(2 Lamp) - 120V,,,3YXpJF3D96fPgs9v634nT$,,F1,,1,80 W,,
80 VA,D5020210,Lighting - Fluorescent,,0.88,5,23.80.70.11.11,,0.677109,,,1,,79 lm/W,120 V/1-80 VA,10' - 2",,,,,By Type,,Default,,Ceiling Light - Linear Box,Ceiling Light - Linear Box: 1'x4'(2 Lamp) - 120V,,3YXpJF3D96fPgs9v634sid,5 fc,,4230 K,,T-12,1,1,,Parking,1,6300 lm,501 cd,,462,,LP000,New Construction,None,1,,1,0.88,1'x4'(2 Lamp) - 120V,,,3YXpJF3D96fPgs9v634nT$,,F1,,1,80 W,,
80 VA,D5020210,Lighting - Fluorescent,,0.88,3,23.80.70.11.11,,0.677109,,,1,,79 lm/W,120 V/1-80 VA,12' - 7 1/2",,,,,By Type,,Default,,Ceiling Light - Linear Box,Ceiling Light - Linear Box: 1'x4'(2 Lamp) - 120V,,3YXpJF3D96fPgs9v634sZz,5 fc,,4230 K,,T-12,1,1,,Parking,1,6300 lm,501 cd,,463,,LP000,New Construction,None,1,,1,0.88,1'x4'(2 Lamp) - 120V,,,3YXpJF3D96fPgs9v634nT$,,F1,,1,80 W,,
80 VA,D5020210,Lighting - Fluorescent,,0.88,3,23.80.70.11.11,,0.677109,,,1,,79 lm/W,120 V/1-80 VA,12' - 7 1/2",,,,,By Type,,Default,,Ceiling Light - Linear Box,Ceiling Light - Linear Box: 1'x4'(2 Lamp) - 120V,,3YXpJF3D96fPgs9v634sWH,5 fc,,4230 K,,T-12,1,1,,Parking,1,6300 lm,501 cd,,464,,LP000,New Construction,None,1,,1,0.88,1'x4'(2 Lamp) - 120V,,,3YXpJF3D96fPgs9v634nT$,,F1,,1,80 W,,
80 VA,D5020210,Lighting - Fluorescent,,0.88,3,23.80.70.11.11,,0.677109,,,1,,79 lm/W,120 V/1-80 VA,12' - 7 1/2",,,,,By Type,,Default,,Ceiling Light - Linear Box,Ceiling Light - Linear Box: 1'x4'(2 Lamp) - 120V,,3YXpJF3D96fPgs9v634sXz,5 fc,,4230 K,,T-12,1,1,,Parking,1,6300 lm,501 cd,,465,,LP000,New Construction,None,1,,1,0.88,1'x4'(2 Lamp) - 120V,,,3YXpJF3D96fPgs9v634nT$,,F1,,1,80 W,,
80 VA,D5020210,Lighting - Fluorescent,,0.88,3,23.80.70.11.11,,0.677109,,,1,,79 lm/W,120 V/1-80 VA,12' - 7 1/2",,,,,By Type,,Default,,Ceiling Light - Linear Box,Ceiling Light - Linear Box: 1'x4'(2 Lamp) - 120V,,3YXpJF3D96fPgs9v634sc4,5 fc,,4230 K,,T-12,1,1,,Parking,1,6300 lm,501 cd,,466,,LP000,New Construction,None,1,,1,0.88,1'x4'(2 Lamp) - 120V,,,3YXpJF3D96fPgs9v634nT$,,F1,,1,80 W,,
80 VA,D5020210,Lighting - Fluorescent,,0.88,3,23.80.70.11.11,,0.677109,,,1,,79 lm/W,120 V/1-80 VA,12' - 7 1/2",,,,,By Type,,Default,,Ceiling Light - Linear Box,Ceiling Light - Linear Box: 1'x4'(2 Lamp) - 120V,,3YXpJF3D96fPgs9v634sdt,5 fc,,4230 K,,T-12,1,1,,Parking,1,6300 lm,501 cd,,467,,LP000,New Construction,None,1,,1,0.88,1'x4'(2 Lamp) - 120V,,,3YXpJF3D96fPgs9v634nT$,,F1,,1,80 W,,
80 VA,D5020210,Lighting - Fluorescent,,0.88,3,23.80.70.11.11,,0.677109,,,1,,79 lm/W,120 V/1-80 VA,12' - 7 1/2",,,,,By Type,,Default,,Ceiling Light - Linear Box,Ceiling Light - Linear Box: 1'x4'(2 Lamp) - 120V,,3YXpJF3D96fPgs9v634sa_,5 fc,,4230 K,,T-12,1,1,,Parking,1,6300 lm,501 cd,,468,,LP000,New Construction,None,1,,1,0.88,1'x4'(2 Lamp) - 120V,,,3YXpJF3D96fPgs9v634nT$,,F1,,1,80 W,,
80 VA,D5020210,Lighting - Fluorescent,,0.88,3,23.80.70.11.11,,0.677109,,,1,,79 lm/W,120 V/1-80 VA,12' - 7 1/2",,,,,By Type,,Default,,Ceiling Light - Linear Box,Ceiling Light - Linear Box: 1'x4'(2 Lamp) - 120V,,3YXpJF3D96fPgs9v634sbp,5 fc,,4230 K,,T-12,1,1,,Parking,1,6300 lm,501 cd,,469,,LP000,New Construction,None,1,,1,0.88,1'x4'(2 Lamp) - 120V,,,3YXpJF3D96fPgs9v634nT$,,F1,,1,80 W,,
80 VA,D5020210,Lighting - Fluorescent,,0.88,3,23.80.70.11.11,,0.677109,,,1,,79 lm/W,120 V/1-80 VA,12' - 7 1/2",,,,,By Type,,Default,,Ceiling Light - Linear Box,Ceiling Light - Linear Box: 1'x4'(2 Lamp) - 120V,,3YXpJF3D96fPgs9v634swL,5 fc,,4230 K,,T-12,1,1,,Parking,1,6300 lm,501 cd,,470,,LP000,New Construction,None,1,,1,0.88,1'x4'(2 Lamp) - 120V,,,3YXpJF3D96fPgs9v634nT$,,F1,,1,80 W,,
80 VA,D5020210,Lighting - Fluorescent,,0.88,3,23.80.70.11.11,,0.677109,,,1,,79 lm/W,120 V/1-80 VA,12' - 7 1/2",,,,,By Type,,Default,,Ceiling Light - Linear Box,Ceiling Light - Linear Box: 1'x4'(2 Lamp) - 120V,,3YXpJF3D96fPgs9v634sxw,5 fc,,4230 K,,T-12,1,1,,Parking,1,6300 lm,501 cd,,471,,LP000,New Construction,None,1,,1,0.88,1'x4'(2 Lamp) - 120V,,,3YXpJF3D96fPgs9v634nT$,,F1,,1,80 W,,
80 VA,D5020210,Lighting - Fluorescent,,0.88,3,23.80.70.11.11,,0.677109,,,1,,79 lm/W,120 V/1-80 VA,12' - 7 1/2",,,,,By Type,,Default,,Ceiling Light - Linear Box,Ceiling Light - Linear Box: 1'x4'(2 Lamp) - 120V,,3YXpJF3D96fPgs9v634suY,5 fc,,4230 K,,T-12,1,1,,Parking,1,6300 lm,501 cd,,472,,LP000,New Construction,None,1,,1,0.88,1'x4'(2 Lamp) - 120V,,,3YXpJF3D96fPgs9v634nT$,,F1,,1,80 W,,
80 VA,D5020210,Lighting - Fluorescent,,0.88,2,23.80.70.11.11,,0.677109,,,1,,79 lm/W,120 V/1-80 VA,12' - 7 1/2",,,,,By Type,,Default,,Ceiling Light - Linear Box,Ceiling Light - Linear Box: 1'x4'(2 Lamp) - 120V,,3YXpJF3D96fPgs9v634suD,5 fc,,4230 K,,T-12,1,1,,Parking,1,6300 lm,501 cd,,473,,LP000,New Construction,None,1,,1,0.88,1'x4'(2 Lamp) - 120V,,,3YXpJF3D96fPgs9v634nT$,,F1,,1,80 W,,
80 VA,D5020210,Lighting - Fluorescent,,0.88,2,23.80.70.11.11,,0.677109,,,1,,79 lm/W,120 V/1-80 VA,12' - 7 1/2",,,,,By Type,,Default,,Ceiling Light - Linear Box,Ceiling Light - Linear Box: 1'x4'(2 Lamp) - 120V,,3YXpJF3D96fPgs9v634svD,5 fc,,4230 K,,T-12,1,1,,Parking,1,6300 lm,501 cd,,474,,LP000,New Construction,None,1,,1,0.88,1'x4'(2 Lamp) - 120V,,,3YXpJF3D96fPgs9v634nT$,,F1,,1,80 W,,
80 VA,D5020210,Lighting - Fluorescent,,0.88,2,23.80.70.11.11,,0.677109,,,1,,79 lm/W,120 V/1-80 VA,12' - 7 1/2",,,,,By Type,,Default,,Ceiling Light - Linear Box,Ceiling Light - Linear Box: 1'x4'(2 Lamp) - 120V,,3YXpJF3D96fPgs9v634s_q,5 fc,,4230 K,,T-12,1,1,,Parking,1,6300 lm,501 cd,,475,,LP000,New Construction,None,1,,1,0.88,1'x4'(2 Lamp) - 120V,,,3YXpJF3D96fPgs9v634nT$,,F1,,1,80 W,,
80 VA,D5020210,Lighting - Fluorescent,,0.88,2,23.80.70.11.11,,0.677109,,,1,,79 lm/W,120 V/1-80 VA,12' - 7 1/2",,,,,By Type,,Default,,Ceiling Light - Linear Box,Ceiling Light - Linear Box: 1'x4'(2 Lamp) - 120V,,3YXpJF3D96fPgs9v634s_H,5 fc,,4230 K,,T-12,1,1,,Parking,1,6300 lm,501 cd,,476,,LP000,New Construction,None,1,,1,0.88,1'x4'(2 Lamp) - 120V,,,3YXpJF3D96fPgs9v634nT$,,F1,,1,80 W,,
80 VA,D5020210,Lighting - Fluorescent,,0.88,2,23.80.70.11.11,,0.677109,,,1,,79 lm/W,120 V/1-80 VA,12' - 7 1/2",,,,,By Type,,Default,,Ceiling Light - Linear Box,Ceiling Light - Linear Box: 1'x4'(2 Lamp) - 120V,,3YXpJF3D96fPgs9v634s$w,5 fc,,4230 K,,T-12,1,1,,Parking,1,6300 lm,501 cd,,477,,LP000,New Construction,None,1,,1,0.88,1'x4'(2 Lamp) - 120V,,,3YXpJF3D96fPgs9v634nT$,,F1,,1,80 W,,
80 VA,D5020210,Lighting - Fluorescent,,0.88,2,23.80.70.11.11,,0.677109,,,1,,79 lm/W,120 V/1-80 VA,12' - 7 1/2",,,,,By Type,,Default,,Ceiling Light - Linear Box,Ceiling Light - Linear Box: 1'x4'(2 Lamp) - 120V,,3YXpJF3D96fPgs9v634syX,5 fc,,4230 K,,T-12,1,1,,Parking,1,6300 lm,501 cd,,478,,LP000,New Construction,None,1,,1,0.88,1'x4'(2 Lamp) - 120V,,,3YXpJF3D96fPgs9v634nT$,,F1,,1,80 W,,
80 VA,D5020210,Lighting - Fluorescent,,0.88,2,23.80.70.11.11,,0.677109,,,1,,79 lm/W,120 V/1-80 VA,12' - 7 1/2",,,,,By Type,,Default,,Ceiling Light - Linear Box,Ceiling Light - Linear Box: 1'x4'(2 Lamp) - 120V,,3YXpJF3D96fPgs9v634szh,5 fc,,4230 K,,T-12,1,1,,Parking,1,6300 lm,501 cd,,479,,LP000,New Construction,None,1,,1,0.88,1'x4'(2 Lamp) - 120V,,,3YXpJF3D96fPgs9v634nT$,,F1,,1,80 W,,
80 VA,D5020210,Lighting - Fluorescent,,0.88,2,23.80.70.11.11,,0.677109,,,1,,79 lm/W,120 V/1-80 VA,12' - 7 1/2",,,,,By Type,,Default,,Ceiling Light - Linear Box,Ceiling Light - Linear Box: 1'x4'(2 Lamp) - 120V,,3YXpJF3D96fPgs9v634szI,5 fc,,4230 K,,T-12,1,1,,Parking,1,6300 lm,501 cd,,480,,LP000,New Construction,None,1,,1,0.88,1'x4'(2 Lamp) - 120V,,,3YXpJF3D96fPgs9v634nT$,,F1,,1,80 W,,
80 VA,D5020210,Lighting - Fluorescent,,0.88,2,23.80.70.11.11,,0.677109,,,1,,79 lm/W,120 V/1-80 VA,12' - 7 1/2",,,,,By Type,,Default,,Ceiling Light - Linear Box,Ceiling Light - Linear Box: 1'x4'(2 Lamp) - 120V,,3YXpJF3D96fPgs9v634so0,5 fc,,4230 K,,T-12,1,1,,Parking,1,6300 lm,501 cd,,481,,LP000,New Construction,None,1,,1,0.88,1'x4'(2 Lamp) - 120V,,,3YXpJF3D96fPgs9v634nT$,,F1,,1,80 W,,
80 VA,D5020210,Lighting - Fluorescent,,0.88,2,23.80.70.11.11,,0.677109,,,1,,79 lm/W,120 V/1-80 VA,12' - 7 1/2",,,,,By Type,,Default,,Ceiling Light - Linear Box,Ceiling Light - Linear Box: 1'x4'(2 Lamp) - 120V,,3YXpJF3D96fPgs9v634spZ,5 fc,,4230 K,,T-12,1,1,,Parking,1,6300 lm,501 cd,,482,,LP000,New Construction,None,1,,1,0.88,1'x4'(2 Lamp) - 120V,,,3YXpJF3D96fPgs9v634nT$,,F1,,1,80 W,,
80 VA,D5020210,Lighting - Fluorescent,,0.88,2,23.80.70.11.11,,0.677109,,,1,,79 lm/W,120 V/1-80 VA,12' - 7 1/2",,,,,By Type,,Default,,Ceiling Light - Linear Box,Ceiling Light - Linear Box: 1'x4'(2 Lamp) - 120V,,3YXpJF3D96fPgs9v634smj,5 fc,,4230 K,,T-12,1,1,,Parking,1,6300 lm,501 cd,,483,,LP000,New Construction,None,1,,1,0.88,1'x4'(2 Lamp) - 120V,,,3YXpJF3D96fPgs9v634nT$,,F1,,1,80 W,,
80 VA,D5020210,Lighting - Fluorescent,,0.88,2,23.80.70.11.11,,0.677109,,,1,,79 lm/W,120 V/1-80 VA,12' - 7 1/2",,,,,By Type,,Default,,Ceiling Light - Linear Box,Ceiling Light - Linear Box: 1'x4'(2 Lamp) - 120V,,3YXpJF3D96fPgs9v634smA,5 fc,,4230 K,,T-12,1,1,,Parking,1,6300 lm,501 cd,,484,,LP000,New Construction,None,1,,1,0.88,1'x4'(2 Lamp) - 120V,,,3YXpJF3D96fPgs9v634nT$,,F1,,1,80 W,,
80 VA,D5020210,Lighting - Fluorescent,,0.88,1,23.80.70.11.11,,0.677109,,,1,,79 lm/W,120 V/1-80 VA,12' - 7 1/2",,,,,By Type,,Default,,Ceiling Light - Linear Box,Ceiling Light - Linear Box: 1'x4'(2 Lamp) - 120V,,3YXpJF3D96fPgs9v634snz,5 fc,,4230 K,,T-12,1,1,,Parking,1,6300 lm,501 cd,,485,,LP000,New Construction,None,1,,1,0.88,1'x4'(2 Lamp) - 120V,,,3YXpJF3D96fPgs9v634nT$,,F1,,1,80 W,,
80 VA,D5020210,Lighting - Fluorescent,,0.88,1,23.80.70.11.11,,0.677109,,,1,,79 lm/W,120 V/1-80 VA,12' - 7 1/2",,,,,By Type,,Default,,Ceiling Light - Linear Box,Ceiling Light - Linear Box: 1'x4'(2 Lamp) - 120V,,3YXpJF3D96fPgs9v634ssM,5 fc,,4230 K,,T-12,1,1,,Parking,1,6300 lm,501 cd,,486,,LP000,New Construction,None,1,,1,0.88,1'x4'(2 Lamp) - 120V,,,3YXpJF3D96fPgs9v634nT$,,F1,,1,80 W,,
80 VA,D5020210,Lighting - Fluorescent,,0.88,1,23.80.70.11.11,,0.677109,,,1,,79 lm/W,120 V/1-80 VA,12' - 7 1/2",,,,,By Type,,Default,,Ceiling Light - Linear Box,Ceiling Light - Linear Box: 1'x4'(2 Lamp) - 120V,,3YXpJF3D96fPgs9v634sth,5 fc,,4230 K,,T-12,1,1,,Parking,1,6300 lm,501 cd,,487,,LP000,New Construction,None,1,,1,0.88,1'x4'(2 Lamp) - 120V,,,3YXpJF3D96fPgs9v634nT$,,F1,,1,80 W,,
80 VA,D5020210,Lighting - Fluorescent,,0.88,1,23.80.70.11.11,,0.677109,,,1,,79 lm/W,120 V/1-80 VA,12' - 7 1/2",,,,,By Type,,Default,,Ceiling Light - Linear Box,Ceiling Light - Linear Box: 1'x4'(2 Lamp) - 120V,,3YXpJF3D96fPgs9v634stQ,5 fc,,4230 K,,T-12,1,1,,Parking,1,6300 lm,501 cd,,488,,LP000,New Construction,None,1,,1,0.88,1'x4'(2 Lamp) - 120V,,,3YXpJF3D96fPgs9v634nT$,,F1,,1,80 W,,
80 VA,D5020210,Lighting - Fluorescent,,0.88,1,23.80.70.11.11,,0.677109,,,1,,79 lm/W,120 V/1-80 VA,12' - 7 1/2",,,,,By Type,,Default,,Ceiling Light - Linear Box,Ceiling Light - Linear Box: 1'x4'(2 Lamp) - 120V,,3YXpJF3D96fPgs9v634sq3,5 fc,,4230 K,,T-12,1,1,,Parking,1,6300 lm,501 cd,,489,,LP000,New Construction,None,1,,1,0.88,1'x4'(2 Lamp) - 120V,,,3YXpJF3D96fPgs9v634nT$,,F1,,1,80 W,,
80 VA,D5020210,Lighting - Fluorescent,,0.88,1,23.80.70.11.11,,0.677109,,,1,,79 lm/W,120 V/1-80 VA,12' - 7 1/2",,,,,By Type,,Default,,Ceiling Light - Linear Box,Ceiling Light - Linear Box: 1'x4'(2 Lamp) - 120V,,3YXpJF3D96fPgs9v634sr6,5 fc,,4230 K,,T-12,1,1,,Parking,1,6300 lm,501 cd,,490,,LP000,New Construction,None,1,,1,0.88,1'x4'(2 Lamp) - 120V,,,3YXpJF3D96fPgs9v634nT$,,F1,,1,80 W,,
80 VA,D5020210,Lighting - Fluorescent,,0.88,6,23.80.70.11.11,,,,,1,,79 lm/W,120 V/1-80 VA,16' - 1",,,,,By Type,,Default,,Ceiling Light - Linear Box,Ceiling Light - Linear Box: 1'x4'(2 Lamp) - 120V,,3YXpJF3D96fPgs9v634sAP,5 fc,,4230 K,,T-12,1,1,,Parking,1,6300 lm,501 cd,,491,,LP000,New Construction,None,1,,1,0.88,1'x4'(2 Lamp) - 120V,,,3YXpJF3D96fPgs9v634nT$,,F1,,1,80 W,,
80 VA,D5020210,Lighting - Fluorescent,,0.88,7,23.80.70.11.11,,,,,1,,79 lm/W,120 V/1-80 VA,16' - 1",,,,,By Type,,Default,,Ceiling Light - Linear Box,Ceiling Light - Linear Box: 1'x4'(2 Lamp) - 120V,,3YXpJF3D96fPgs9v634s9q,5 fc,,4230 K,,T-12,1,1,,Parking,1,6300 lm,501 cd,,492,,LP000,New Construction,None,1,,1,0.88,1'x4'(2 Lamp) - 120V,,,3YXpJF3D96fPgs9v634nT$,,F1,,1,80 W,,
80 VA,D5020210,Lighting - Fluorescent,,0.88,7,23.80.70.11.11,,,,,1,,79 lm/W,120 V/1-80 VA,16' - 1",,,,,By Type,,Default,,Ceiling Light - Linear Box,Ceiling Light - Linear Box: 1'x4'(2 Lamp) - 120V,,3YXpJF3D96fPgs9v634sEh,5 fc,,4230 K,,T-12,1,1,,Parking,1,6300 lm,501 cd,,493,,LP000,New Construction,None,1,,1,0.88,1'x4'(2 Lamp) - 120V,,,3YXpJF3D96fPgs9v634nT$,,F1,,1,80 W,,
80 VA,D5020210,Lighting - Fluorescent,,0.88,7,23.80.70.11.11,,,,,1,,79 lm/W,120 V/1-80 VA,16' - 1",,,,,By Type,,Default,,Ceiling Light - Linear Box,Ceiling Light - Linear Box: 1'x4'(2 Lamp) - 120V,,3YXpJF3D96fPgs9v634sFZ,5 fc,,4230 K,,T-12,1,1,,Parking,1,6300 lm,501 cd,,494,,LP000,New Construction,None,1,,1,0.88,1'x4'(2 Lamp) - 120V,,,3YXpJF3D96fPgs9v634nT$,,F1,,1,80 W,,
80 VA,D5020210,Lighting - Fluorescent,,0.88,7,23.80.70.11.11,,,,,1,,79 lm/W,120 V/1-80 VA,16' - 1",,,,,By Type,,Default,,Ceiling Light - Linear Box,Ceiling Light - Linear Box: 1'x4'(2 Lamp) - 120V,,3YXpJF3D96fPgs9v634sFG,5 fc,,4230 K,,T-12,1,1,,Parking,1,6300 lm,501 cd,,495,,LP000,New Construction,None,1,,1,0.88,1'x4'(2 Lamp) - 120V,,,3YXpJF3D96fPgs9v634nT$,,F1,,1,80 W,,
80 VA,D5020210,Lighting - Fluorescent,,0.88,1,23.80.70.11.11,,,,,1,,79 lm/W,120 V/1-80 VA,16' - 1",,,,,By Type,,Default,,Ceiling Light - Linear Box,Ceiling Light - Linear Box: 1'x4'(2 Lamp) - 120V,,3YXpJF3D96fPgs9v634s2a,5 fc,,4230 K,,T-12,1,1,,Parking,1,6300 lm,501 cd,,497,,LP000,New Construction,None,1,,1,0.88,1'x4'(2 Lamp) - 120V,,,3YXpJF3D96fPgs9v634nT$,,F1,,1,80 W,,
80 VA,D5020210,Lighting - Fluorescent,,0.88,6,23.80.70.11.11,,,,,1,,79 lm/W,120 V/1-80 VA,16' - 1",,,,,By Type,,Default,,Ceiling Light - Linear Box,Ceiling Light - Linear Box: 1'x4'(2 Lamp) - 120V,,3YXpJF3D96fPgs9v634s6y,5 fc,,4230 K,,T-12,1,1,,Parking,1,6300 lm,501 cd,,498,,LP000,New Construction,None,1,,1,0.88,1'x4'(2 Lamp) - 120V,,,3YXpJF3D96fPgs9v634nT$,,F1,,1,80 W,,
80 VA,D5020210,Lighting - Fluorescent,,0.88,6,23.80.70.11.11,,,,,1,,79 lm/W,120 V/1-80 VA,16' - 1",,,,,By Type,,Default,,Ceiling Light - Linear Box,Ceiling Light - Linear Box: 1'x4'(2 Lamp) - 120V,,3YXpJF3D96fPgs9v634s7r,5 fc,,4230 K,,T-12,1,1,,Parking,1,6300 lm,501 cd,,499,,LP000,New Construction,None,1,,1,0.88,1'x4'(2 Lamp) - 120V,,,3YXpJF3D96fPgs9v634nT$,,F1,,1,80 W,,
80 VA,D5020210,Lighting - Fluorescent,,0.88,6,23.80.70.11.11,,,,,1,,79 lm/W,120 V/1-80 VA,16' - 1",,,,,By Type,,Default,,Ceiling Light - Linear Box,Ceiling Light - Linear Box: 1'x4'(2 Lamp) - 120V,,3YXpJF3D96fPgs9v634s7t,5 fc,,4230 K,,T-12,1,1,,Parking,1,6300 lm,501 cd,,500,,LP000,New Construction,None,1,,1,0.88,1'x4'(2 Lamp) - 120V,,,3YXpJF3D96fPgs9v634nT$,,F1,,1,80 W,,
80 VA,D5020210,Lighting - Fluorescent,,0.88,8,23.80.70.11.11,,0.221062,,,1,,79 lm/W,120 V/1-80 VA,12' - 7 1/2",,,,,By Type,,Default,,Ceiling Light - Linear Box,Ceiling Light - Linear Box: 1'x4'(2 Lamp) - 120V,,1JxD3CqBX9QeyYd8vEBhID,5 fc,,4230 K,,T-12,1,1,,Parking,1,6300 lm,501 cd,,501,,LP000,New Construction,None,1,,1,0.88,1'x4'(2 Lamp) - 120V,,,3YXpJF3D96fPgs9v634nT$,,F1,,1,80 W,,
80 VA,D5020210,Lighting - Fluorescent,,0.88,8,23.80.70.11.11,,0.221854,,,1,,79 lm/W,120 V/1-80 VA,12' - 7 1/2",,,,,By Type,,Default,,Ceiling Light - Linear Box,Ceiling Light - Linear Box: 1'x4'(2 Lamp) - 120V,,1JxD3CqBX9QeyYd8vEBhRr,5 fc,,4230 K,,T-12,1,1,,Parking,1,6300 lm,501 cd,,502,,LP000,New Construction,None,1,,1,0.88,1'x4'(2 Lamp) - 120V,,,3YXpJF3D96fPgs9v634nT$,,F1,,1,80 W,,
80 VA,D5020210,Lighting - Fluorescent,,0.88,4,23.80.70.11.11,,,,,1,,79 lm/W,120 V/1-80 VA,10' - 2",,,,,By Type,,Default,,Ceiling Light - Linear Box,Ceiling Light - Linear Box: 1'x4'(2 Lamp) - 120V,,1afoma1cf1$vdbVz8Rkf$K,5 fc,,4230 K,,T-12,1,1,,Parking,1,6300 lm,501 cd,,503,,LP000,New Construction,None,1,,1,0.88,1'x4'(2 Lamp) - 120V,,,3YXpJF3D96fPgs9v634nT$,,F1,,1,80 W,,
80 VA,D5020210,Lighting - Fluorescent,,0.88,7,23.80.70.11.11,,,,,1,,79 lm/W,120 V/1-80 VA,16' - 1",,,,,By Type,,Default,,Ceiling Light - Linear Box,Ceiling Light - Linear Box: 1'x4'(2 Lamp) - 120V,,2iBBIJcf90vQaTngpGlPPW,5 fc,,4230 K,,T-12,1,1,,Parking,1,6300 lm,501 cd,,504,,LP000,New Construction,None,1,,1,0.88,1'x4'(2 Lamp) - 120V,,,3YXpJF3D96fPgs9v634nT$,,F1,,1,80 W,,
20 VA,,,,,14,23.80.70.11.14,,1.102482,,,1,,149 lm/W,120 V/1-20 VA,8' - 0",,,,,By Type,,Default,,Recessed Lamp - Round - LED,Recessed Lamp - Round - LED: 4" Trimmed Downlight,,30lTfUtJX63AIL0NSDmYaN,-14406 fc,,2700 K,,LED,,,,L3,,700 lm,-1440600 cd,,505,,P304,New Construction,None,,,,1,4" Trimmed Downlight,,,1wejEoruvD5hQq7iipxwYO,,F3,,,5 W,,
20 VA,,,,,14,23.80.70.11.14,,1.102482,,,1,,149 lm/W,120 V/1-20 VA,8' - 0",,,,,By Type,,Default,,Recessed Lamp - Round - LED,Recessed Lamp - Round - LED: 4" Trimmed Downlight,,30lTfUtJX63AIL0NSDmYaK,-14406 fc,,2700 K,,LED,,,,L3,,700 lm,-1440600 cd,,506,,P304,New Construction,None,,,,1,4" Trimmed Downlight,,,1wejEoruvD5hQq7iipxwYO,,F3,,,5 W,,
20 VA,,,,,14,23.80.70.11.14,,1.102482,,,1,,149 lm/W,120 V/1-20 VA,8' - 0",,,,,By Type,,Default,,Recessed Lamp - Round - LED,Recessed Lamp - Round - LED: 4" Trimmed Downlight,,30lTfUtJX63AIL0NSDmYaL,-14406 fc,,2700 K,,LED,,,,L3,,700 lm,-1440600 cd,,507,,P304,New Construction,None,,,,1,4" Trimmed Downlight,,,1wejEoruvD5hQq7iipxwYO,,F3,,,5 W,,
20 VA,,,,,14,23.80.70.11.14,,1.102482,,,1,,149 lm/W,120 V/1-20 VA,8' - 0",,,,,By Type,,Default,,Recessed Lamp - Round - LED,Recessed Lamp - Round - LED: 4" Trimmed Downlight,,30lTfUtJX63AIL0NSDmYaA,-14406 fc,,2700 K,,LED,,,,L3,,700 lm,-1440600 cd,,508,,P304,New Construction,None,,,,1,4" Trimmed Downlight,,,1wejEoruvD5hQq7iipxwYO,,F3,,,5 W,,
20 VA,,,,,11,23.80.70.11.14,,1.102482,,,1,,149 lm/W,120 V/1-20 VA,0' - 0",,,,,By Type,,Default,,Recessed Lamp - Round - LED,Recessed Lamp - Round - LED: 4" Trimmed Downlight,,30lTfUtJX63AIL0NSDmYaB,-14406 fc,,2700 K,,LED,,,,,,700 lm,-1440600 cd,,509,,P203,New Construction,None,,,,1,4" Trimmed Downlight,,,1wejEoruvD5hQq7iipxwYO,,F3,,,5 W,,
20 VA,,,,,11,23.80.70.11.14,,1.102482,,,1,,149 lm/W,120 V/1-20 VA,0' - 0",,,,,By Type,,Default,,Recessed Lamp - Round - LED,Recessed Lamp - Round - LED: 4" Trimmed Downlight,,30lTfUtJX63AIL0NSDmYa8,-14406 fc,,2700 K,,LED,,,,,,700 lm,-1440600 cd,,510,,P203,New Construction,None,,,,1,4" Trimmed Downlight,,,1wejEoruvD5hQq7iipxwYO,,F3,,,5 W,,
20 VA,,,,,11,23.80.70.11.14,,1.102482,,,1,,149 lm/W,120 V/1-20 VA,0' - 0",,,,,By Type,,Default,,Recessed Lamp - Round - LED,Recessed Lamp - Round - LED: 4" Trimmed Downlight,,30lTfUtJX63AIL0NSDmYa9,-14406 fc,,2700 K,,LED,,,,,,700 lm,-1440600 cd,,511,,P203,New Construction,None,,,,1,4" Trimmed Downlight,,,1wejEoruvD5hQq7iipxwYO,,F3,,,5 W,,
20 VA,,,,,11,23.80.70.11.14,,1.102482,,,1,,149 lm/W,120 V/1-20 VA,0' - 0",,,,,By Type,,Default,,Recessed Lamp - Round - LED,Recessed Lamp - Round - LED: 4" Trimmed Downlight,,30lTfUtJX63AIL0NSDmYaE,-14406 fc,,2700 K,,LED,,,,,,700 lm,-1440600 cd,,512,,P203,New Construction,None,,,,1,4" Trimmed Downlight,,,1wejEoruvD5hQq7iipxwYO,,F3,,,5 W,,
20 VA,,,,,13,23.80.70.11.14,,1.106906,,,1,,149 lm/W,120 V/1-20 VA,0' - 0",,,,,By Type,,Default,,Recessed Lamp - Round - LED,Recessed Lamp - Round - LED: 4" Trimmed Downlight,,30lTfUtJX63AIL0NSDmYaF,-14406 fc,,2700 K,,LED,,,,,,700 lm,-1440600 cd,,513,,P410,New Construction,None,,,,1,4" Trimmed Downlight,,,1wejEoruvD5hQq7iipxwYO,,F3,,,5 W,,
20 VA,,,,,13,23.80.70.11.14,,1.106906,,,1,,149 lm/W,120 V/1-20 VA,0' - 0",,,,,By Type,,Default,,Recessed Lamp - Round - LED,Recessed Lamp - Round - LED: 4" Trimmed Downlight,,30lTfUtJX63AIL0NSDmYaC,-14406 fc,,2700 K,,LED,,,,,,700 lm,-1440600 cd,,514,,P410,New Construction,None,,,,1,4" Trimmed Downlight,,,1wejEoruvD5hQq7iipxwYO,,F3,,,5 W,,
20 VA,,,,,13,23.80.70.11.14,,1.106906,,,1,,149 lm/W,120 V/1-20 VA,0' - 0",,,,,By Type,,Default,,Recessed Lamp - Round - LED,Recessed Lamp - Round - LED: 4" Trimmed Downlight,,30lTfUtJX63AIL0NSDmYaD,-14406 fc,,2700 K,,LED,,,,,,700 lm,-1440600 cd,,515,,P410,New Construction,None,,,,1,4" Trimmed Downlight,,,1wejEoruvD5hQq7iipxwYO,,F3,,,5 W,,
20 VA,,,,,13,23.80.70.11.14,,1.106906,,,1,,149 lm/W,120 V/1-20 VA,0' - 0",,,,,By Type,,Default,,Recessed Lamp - Round - LED,Recessed Lamp - Round - LED: 4" Trimmed Downlight,,30lTfUtJX63AIL0NSDmYa2,-14406 fc,,2700 K,,LED,,,,,,700 lm,-1440600 cd,,516,,P410,New Construction,None,,,,1,4" Trimmed Downlight,,,1wejEoruvD5hQq7iipxwYO,,F3,,,5 W,,
20 VA,,,,,10,23.80.70.11.14,,1.106798,,,1,,149 lm/W,120 V/1-20 VA,0' - 0",,,,,By Type,,Default,,Recessed Lamp - Round - LED,Recessed Lamp - Round - LED: 4" Trimmed Downlight,,30lTfUtJX63AIL0NSDmYa3,-14406 fc,,2700 K,,LED,,,,,,700 lm,-1440600 cd,,517,,P309,New Construction,None,,,,1,4" Trimmed Downlight,,,1wejEoruvD5hQq7iipxwYO,,F3,,,5 W,,
20 VA,,,,,10,23.80.70.11.14,,1.106798,,,1,,149 lm/W,120 V/1-20 VA,0' - 0",,,,,By Type,,Default,,Recessed Lamp - Round - LED,Recessed Lamp - Round - LED: 4" Trimmed Downlight,,30lTfUtJX63AIL0NSDmYa0,-14406 fc,,2700 K,,LED,,,,,,700 lm,-1440600 cd,,518,,P309,New Construction,None,,,,1,4" Trimmed Downlight,,,1wejEoruvD5hQq7iipxwYO,,F3,,,5 W,,
20 VA,,,,,10,23.80.70.11.14,,1.106798,,,1,,149 lm/W,120 V/1-20 VA,0' - 0",,,,,By Type,,Default,,Recessed Lamp - Round - LED,Recessed Lamp - Round - LED: 4" Trimmed Downlight,,30lTfUtJX63AIL0NSDmYa1,-14406 fc,,2700 K,,LED,,,,,,700 lm,-1440600 cd,,519,,P309,New Construction,None,,,,1,4" Trimmed Downlight,,,1wejEoruvD5hQq7iipxwYO,,F3,,,5 W,,
20 VA,,,,,10,23.80.70.11.14,,1.106798,,,1,,149 lm/W,120 V/1-20 VA,0' - 0",,,,,By Type,,Default,,Recessed Lamp - Round - LED,Recessed Lamp - Round - LED: 4" Trimmed Downlight,,30lTfUtJX63AIL0NSDmYa6,-14406 fc,,2700 K,,LED,,,,,,700 lm,-1440600 cd,,520,,P309,New Construction,None,,,,1,4" Trimmed Downlight,,,1wejEoruvD5hQq7iipxwYO,,F3,,,5 W,,
20 VA,,,,,13,23.80.70.11.14,,1.105513,,,1,,149 lm/W,120 V/1-20 VA,0' - 0",,,,,By Type,,Default,,Recessed Lamp - Round - LED,Recessed Lamp - Round - LED: 4" Trimmed Downlight,,30lTfUtJX63AIL0NSDmYa7,-14406 fc,,2700 K,,LED,,,,,,700 lm,-1440600 cd,,521,,P507,New Construction,None,,,,1,4" Trimmed Downlight,,,1wejEoruvD5hQq7iipxwYO,,F3,,,5 W,,
20 VA,,,,,13,23.80.70.11.14,,1.105513,,,1,,149 lm/W,120 V/1-20 VA,0' - 0",,,,,By Type,,Default,,Recessed Lamp - Round - LED,Recessed Lamp - Round - LED: 4" Trimmed Downlight,,30lTfUtJX63AIL0NSDmYa4,-14406 fc,,2700 K,,LED,,,,,,700 lm,-1440600 cd,,522,,P507,New Construction,None,,,,1,4" Trimmed Downlight,,,1wejEoruvD5hQq7iipxwYO,,F3,,,5 W,,
20 VA,,,,,13,23.80.70.11.14,,1.105513,,,1,,149 lm/W,120 V/1-20 VA,0' - 0",,,,,By Type,,Default,,Recessed Lamp - Round - LED,Recessed Lamp - Round - LED: 4" Trimmed Downlight,,30lTfUtJX63AIL0NSDmYa5,-14406 fc,,2700 K,,LED,,,,,,700 lm,-1440600 cd,,523,,P507,New Construction,None,,,,1,4" Trimmed Downlight,,,1wejEoruvD5hQq7iipxwYO,,F3,,,5 W,,
20 VA,,,,,13,23.80.70.11.14,,1.105513,,,1,,149 lm/W,120 V/1-20 VA,0' - 0",,,,,By Type,,Default,,Recessed Lamp - Round - LED,Recessed Lamp - Round - LED: 4" Trimmed Downlight,,30lTfUtJX63AIL0NSDmYbw,-14406 fc,,2700 K,,LED,,,,,,700 lm,-1440600 cd,,524,,P507,New Construction,None,,,,1,4" Trimmed Downlight,,,1wejEoruvD5hQq7iipxwYO,,F3,,,5 W,,
20 VA,,,,,10,23.80.70.11.14,,1.102482,,,1,,149 lm/W,120 V/1-20 VA,0' - 0",,,,,By Type,,Default,,Recessed Lamp - Round - LED,Recessed Lamp - Round - LED: 4" Trimmed Downlight,,30lTfUtJX63AIL0NSDmYbx,-14406 fc,,2700 K,,LED,,,,,,700 lm,-1440600 cd,,525,,P404,New Construction,None,,,,1,4" Trimmed Downlight,,,1wejEoruvD5hQq7iipxwYO,,F3,,,5 W,,
20 VA,,,,,13,23.80.70.11.14,,1.102482,,,1,,149 lm/W,120 V/1-20 VA,0' - 0",,,,,By Type,,Default,,Recessed Lamp - Round - LED,Recessed Lamp - Round - LED: 4" Trimmed Downlight,,30lTfUtJX63AIL0NSDmYbu,-14406 fc,,2700 K,,LED,,,,,,700 lm,-1440600 cd,,526,,P404,New Construction,None,,,,1,4" Trimmed Downlight,,,1wejEoruvD5hQq7iipxwYO,,F3,,,5 W,,
20 VA,,,,,13,23.80.70.11.14,,1.102482,,,1,,149 lm/W,120 V/1-20 VA,0' - 0",,,,,By Type,,Default,,Recessed Lamp - Round - LED,Recessed Lamp - Round - LED: 4" Trimmed Downlight,,30lTfUtJX63AIL0NSDmYbv,-14406 fc,,2700 K,,LED,,,,,,700 lm,-1440600 cd,,527,,P404,New Construction,None,,,,1,4" Trimmed Downlight,,,1wejEoruvD5hQq7iipxwYO,,F3,,,5 W,,
20 VA,,,,,13,23.80.70.11.14,,1.102482,,,1,,149 lm/W,120 V/1-20 VA,0' - 0",,,,,By Type,,Default,,Recessed Lamp - Round - LED,Recessed Lamp - Round - LED: 4" Trimmed Downlight,,30lTfUtJX63AIL0NSDmYb_,-14406 fc,,2700 K,,LED,,,,,,700 lm,-1440600 cd,,528,,P404,New Construction,None,,,,1,4" Trimmed Downlight,,,1wejEoruvD5hQq7iipxwYO,,F3,,,5 W,,
20 VA,,,,,6,23.80.70.11.14,,1.102482,,,1,,149 lm/W,120 V/1-20 VA,0' - 0",,,,,By Type,,Default,,Recessed Lamp - Round - LED,Recessed Lamp - Round - LED: 4" Trimmed Downlight,,30lTfUtJX63AIL0NSDmYb$,-14406 fc,,2700 K,,LED,,,,,,700 lm,-1440600 cd,,529,,P504,New Construction,None,,,,1,4" Trimmed Downlight,,,1wejEoruvD5hQq7iipxwYO,,F3,,,5 W,,
20 VA,,,,,6,23.80.70.11.14,,1.102482,,,1,,149 lm/W,120 V/1-20 VA,0' - 0",,,,,By Type,,Default,,Recessed Lamp - Round - LED,Recessed Lamp - Round - LED: 4" Trimmed Downlight,,30lTfUtJX63AIL0NSDmYby,-14406 fc,,2700 K,,LED,,,,,,700 lm,-1440600 cd,,530,,P504,New Construction,None,,,,1,4" Trimmed Downlight,,,1wejEoruvD5hQq7iipxwYO,,F3,,,5 W,,
20 VA,,,,,6,23.80.70.11.14,,1.102482,,,1,,149 lm/W,120 V/1-20 VA,0' - 0",,,,,By Type,,Default,,Recessed Lamp - Round - LED,Recessed Lamp - Round - LED: 4" Trimmed Downlight,,30lTfUtJX63AIL0NSDmYbz,-14406 fc,,2700 K,,LED,,,,,,700 lm,-1440600 cd,,531,,P504,New Construction,None,,,,1,4" Trimmed Downlight,,,1wejEoruvD5hQq7iipxwYO,,F3,,,5 W,,
20 VA,,,,,6,23.80.70.11.14,,1.102482,,,1,,149 lm/W,120 V/1-20 VA,0' - 0",,,,,By Type,,Default,,Recessed Lamp - Round - LED,Recessed Lamp - Round - LED: 4" Trimmed Downlight,,30lTfUtJX63AIL0NSDmYbo,-14406 fc,,2700 K,,LED,,,,,,700 lm,-1440600 cd,,532,,P504,New Construction,None,,,,1,4" Trimmed Downlight,,,1wejEoruvD5hQq7iipxwYO,,F3,,,5 W,,
20 VA,,,,,20,23.80.70.11.14,,1.095455,,,1,,149 lm/W,120 V/1-20 VA,8' - 0",,,,,By Type,,Default,,Recessed Lamp - Round - LED,Recessed Lamp - Round - LED: 4" Trimmed Downlight,,30lTfUtJX63AIL0NSDmYbp,-14406 fc,,2700 K,,LED,,,,L4,,700 lm,-1440600 cd,,533,,P406,New Construction,None,,,,1,4" Trimmed Downlight,,,1wejEoruvD5hQq7iipxwYO,,F3,,,5 W,,
20 VA,,,,,21,23.80.70.11.14,,1.095455,,,1,,149 lm/W,120 V/1-20 VA,8' - 0",,,,,By Type,,Default,,Recessed Lamp - Round - LED,Recessed Lamp - Round - LED: 4" Trimmed Downlight,,30lTfUtJX63AIL0NSDmYbm,-14406 fc,,2700 K,,LED,,,,L4,,700 lm,-1440600 cd,,534,,P406,New Construction,None,,,,1,4" Trimmed Downlight,,,1wejEoruvD5hQq7iipxwYO,,F3,,,5 W,,
20 VA,,,,,7,23.80.70.11.14,,1.095462,,,1,,149 lm/W,120 V/1-20 VA,0' - 0",,,,,By Type,,Default,,Recessed Lamp - Round - LED,Recessed Lamp - Round - LED: 4" Trimmed Downlight,,30lTfUtJX63AIL0NSDmYbn,-14406 fc,,2700 K,,LED,,,,,,700 lm,-1440600 cd,,535,,P204,New Construction,None,,,,1,4" Trimmed Downlight,,,1wejEoruvD5hQq7iipxwYO,,F3,,,5 W,,
20 VA,,,,,10,23.80.70.11.14,,1.095462,,,1,,149 lm/W,120 V/1-20 VA,0' - 0",,,,,By Type,,Default,,Recessed Lamp - Round - LED,Recessed Lamp - Round - LED: 4" Trimmed Downlight,,30lTfUtJX63AIL0NSDmYbs,-14406 fc,,2700 K,,LED,,,,,,700 lm,-1440600 cd,,536,,P204,New Construction,None,,,,1,4" Trimmed Downlight,,,1wejEoruvD5hQq7iipxwYO,,F3,,,5 W,,
20 VA,,,,,19,23.80.70.11.14,,1.120849,,,1,,149 lm/W,120 V/1-20 VA,8' - 0",,,,,By Type,,Default,,Recessed Lamp - Round - LED,Recessed Lamp - Round - LED: 4" Trimmed Downlight,,30lTfUtJX63AIL0NSDmYbt,-14406 fc,,2700 K,,LED,,,,L4,,700 lm,-1440600 cd,,537,,P408,New Construction,None,,,,1,4" Trimmed Downlight,,,1wejEoruvD5hQq7iipxwYO,,F3,,,5 W,,
20 VA,,,,,19,23.80.70.11.14,,1.120849,,,1,,149 lm/W,120 V/1-20 VA,8' - 0",,,,,By Type,,Default,,Recessed Lamp - Round - LED,Recessed Lamp - Round - LED: 4" Trimmed Downlight,,30lTfUtJX63AIL0NSDmYbq,-14406 fc,,2700 K,,LED,,,,L4,,700 lm,-1440600 cd,,538,,P408,New Construction,None,,,,1,4" Trimmed Downlight,,,1wejEoruvD5hQq7iipxwYO,,F3,,,5 W,,
20 VA,,,,,19,23.80.70.11.14,,1.120849,,,1,,149 lm/W,120 V/1-20 VA,8' - 0",,,,,By Type,,Default,,Recessed Lamp - Round - LED,Recessed Lamp - Round - LED: 4" Trimmed Downlight,,30lTfUtJX63AIL0NSDmYbr,-14406 fc,,2700 K,,LED,,,,L4,,700 lm,-1440600 cd,,539,,P408,New Construction,None,,,,1,4" Trimmed Downlight,,,1wejEoruvD5hQq7iipxwYO,,F3,,,5 W,,
20 VA,,,,,19,23.80.70.11.14,,1.120849,,,1,,149 lm/W,120 V/1-20 VA,8' - 0",,,,,By Type,,Default,,Recessed Lamp - Round - LED,Recessed Lamp - Round - LED: 4" Trimmed Downlight,,30lTfUtJX63AIL0NSDmYbg,-14406 fc,,2700 K,,LED,,,,L4,,700 lm,-1440600 cd,,540,,P408,New Construction,None,,,,1,4" Trimmed Downlight,,,1wejEoruvD5hQq7iipxwYO,,F3,,,5 W,,
20 VA,,,,,9,23.80.70.11.14,,1.120849,,,1,,149 lm/W,120 V/1-20 VA,0' - 0",,,,,By Type,,Default,,Recessed Lamp - Round - LED,Recessed Lamp - Round - LED: 4" Trimmed Downlight,,30lTfUtJX63AIL0NSDmYbh,-14406 fc,,2700 K,,LED,,,,,,700 lm,-1440600 cd,,541,,P205,New Construction,None,,,,1,4" Trimmed Downlight,,,1wejEoruvD5hQq7iipxwYO,,F3,,,5 W,,
20 VA,,,,,9,23.80.70.11.14,,1.120849,,,1,,149 lm/W,120 V/1-20 VA,0' - 0",,,,,By Type,,Default,,Recessed Lamp - Round - LED,Recessed Lamp - Round - LED: 4" Trimmed Downlight,,30lTfUtJX63AIL0NSDmYbe,-14406 fc,,2700 K,,LED,,,,,,700 lm,-1440600 cd,,542,,P205,New Construction,None,,,,1,4" Trimmed Downlight,,,1wejEoruvD5hQq7iipxwYO,,F3,,,5 W,,
20 VA,,,,,11,23.80.70.11.14,,1.120849,,,1,,149 lm/W,120 V/1-20 VA,0' - 0",,,,,By Type,,Default,,Recessed Lamp - Round - LED,Recessed Lamp - Round - LED: 4" Trimmed Downlight,,30lTfUtJX63AIL0NSDmYbf,-14406 fc,,2700 K,,LED,,,,,,700 lm,-1440600 cd,,543,,P205,New Construction,None,,,,1,4" Trimmed Downlight,,,1wejEoruvD5hQq7iipxwYO,,F3,,,5 W,,
20 VA,,,,,11,23.80.70.11.14,,1.120849,,,1,,149 lm/W,120 V/1-20 VA,0' - 0",,,,,By Type,,Default,,Recessed Lamp - Round - LED,Recessed Lamp - Round - LED: 4" Trimmed Downlight,,30lTfUtJX63AIL0NSDmYbk,-14406 fc,,2700 K,,LED,,,,,,700 lm,-1440600 cd,,544,,P205,New Construction,None,,,,1,4" Trimmed Downlight,,,1wejEoruvD5hQq7iipxwYO,,F3,,,5 W,,
20 VA,,,,,9,23.80.70.11.14,,1.120849,,,1,,149 lm/W,120 V/1-20 VA,0' - 0",,,,,By Type,,Default,,Recessed Lamp - Round - LED,Recessed Lamp - Round - LED: 4" Trimmed Downlight,,30lTfUtJX63AIL0NSDmYbl,-14406 fc,,2700 K,,LED,,,,,,700 lm,-1440600 cd,,545,,P307,New Construction,None,,,,1,4" Trimmed Downlight,,,1wejEoruvD5hQq7iipxwYO,,F3,,,5 W,,
20 VA,,,,,9,23.80.70.11.14,,1.120849,,,1,,149 lm/W,120 V/1-20 VA,0' - 0",,,,,By Type,,Default,,Recessed Lamp - Round - LED,Recessed Lamp - Round - LED: 4" Trimmed Downlight,,30lTfUtJX63AIL0NSDmYbi,-14406 fc,,2700 K,,LED,,,,,,700 lm,-1440600 cd,,546,,P307,New Construction,None,,,,1,4" Trimmed Downlight,,,1wejEoruvD5hQq7iipxwYO,,F3,,,5 W,,
20 VA,,,,,9,23.80.70.11.14,,1.120849,,,1,,149 lm/W,120 V/1-20 VA,0' - 0",,,,,By Type,,Default,,Recessed Lamp - Round - LED,Recessed Lamp - Round - LED: 4" Trimmed Downlight,,30lTfUtJX63AIL0NSDmYbj,-14406 fc,,2700 K,,LED,,,,,,700 lm,-1440600 cd,,547,,P307,New Construction,None,,,,1,4" Trimmed Downlight,,,1wejEoruvD5hQq7iipxwYO,,F3,,,5 W,,
20 VA,,,,,9,23.80.70.11.14,,1.120849,,,1,,149 lm/W,120 V/1-20 VA,0' - 0",,,,,By Type,,Default,,Recessed Lamp - Round - LED,Recessed Lamp - Round - LED: 4" Trimmed Downlight,,30lTfUtJX63AIL0NSDmYbY,-14406 fc,,2700 K,,LED,,,,,,700 lm,-1440600 cd,,548,,P307,New Construction,None,,,,1,4" Trimmed Downlight,,,1wejEoruvD5hQq7iipxwYO,,F3,,,5 W,,
20 VA,,,,,16,23.80.70.11.14,,1.120849,,,1,,149 lm/W,120 V/1-20 VA,0' - 0",,,,,By Type,,Default,,Recessed Lamp - Round - LED,Recessed Lamp - Round - LED: 4" Trimmed Downlight,,30lTfUtJX63AIL0NSDmYbZ,-14406 fc,,2700 K,,LED,,,,,,700 lm,-1440600 cd,,549,,P506,New Construction,None,,,,1,4" Trimmed Downlight,,,1wejEoruvD5hQq7iipxwYO,,F3,,,5 W,,
20 VA,,,,,16,23.80.70.11.14,,1.120849,,,1,,149 lm/W,120 V/1-20 VA,0' - 0",,,,,By Type,,Default,,Recessed Lamp - Round - LED,Recessed Lamp - Round - LED: 4" Trimmed Downlight,,30lTfUtJX63AIL0NSDmYbW,-14406 fc,,2700 K,,LED,,,,,,700 lm,-1440600 cd,,550,,P506,New Construction,None,,,,1,4" Trimmed Downlight,,,1wejEoruvD5hQq7iipxwYO,,F3,,,5 W,,
20 VA,,,,,16,23.80.70.11.14,,1.120849,,,1,,149 lm/W,120 V/1-20 VA,0' - 0",,,,,By Type,,Default,,Recessed Lamp - Round - LED,Recessed Lamp - Round - LED: 4" Trimmed Downlight,,30lTfUtJX63AIL0NSDmYbX,-14406 fc,,2700 K,,LED,,,,,,700 lm,-1440600 cd,,551,,P506,New Construction,None,,,,1,4" Trimmed Downlight,,,1wejEoruvD5hQq7iipxwYO,,F3,,,5 W,,
20 VA,,,,,16,23.80.70.11.14,,1.120849,,,1,,149 lm/W,120 V/1-20 VA,0' - 0",,,,,By Type,,Default,,Recessed Lamp - Round - LED,Recessed Lamp - Round - LED: 4" Trimmed Downlight,,30lTfUtJX63AIL0NSDmYbc,-14406 fc,,2700 K,,LED,,,,,,700 lm,-1440600 cd,,552,,P506,New Construction,None,,,,1,4" Trimmed Downlight,,,1wejEoruvD5hQq7iipxwYO,,F3,,,5 W,,
20 VA,,,,,12,23.80.70.11.14,,1.119295,,,1,,149 lm/W,120 V/1-20 VA,8' - 0",,,,,By Type,,Default,,Recessed Lamp - Round - LED,Recessed Lamp - Round - LED: 4" Trimmed Downlight,,30lTfUtJX63AIL0NSDmYbd,-14406 fc,,2700 K,,LED,,,,L3,,700 lm,-1440600 cd,,553,,P303,New Construction,None,,,,1,4" Trimmed Downlight,,,1wejEoruvD5hQq7iipxwYO,,F3,,,5 W,,
20 VA,,,,,12,23.80.70.11.14,,1.119295,,,1,,149 lm/W,120 V/1-20 VA,8' - 0",,,,,By Type,,Default,,Recessed Lamp - Round - LED,Recessed Lamp - Round - LED: 4" Trimmed Downlight,,30lTfUtJX63AIL0NSDmYba,-14406 fc,,2700 K,,LED,,,,L3,,700 lm,-1440600 cd,,554,,P303,New Construction,None,,,,1,4" Trimmed Downlight,,,1wejEoruvD5hQq7iipxwYO,,F3,,,5 W,,
5 VA,,,,,11,23.80.70.11.14,,1.086354,,,1,,250 lm/W,120 V/1-5 VA,8' - 0",,,,,By Type,,Default,,Recessed Lamp - Linear - LED,Recessed Lamp - Linear - LED: 36'',,30lTfUtJX63AIL0NSDmYbb,1 fc,,3200 K,,LED,,,,L3,,1250 lm,99 cd,,555,,P303,New Construction,None,,,,1,36'',,,1wejEoruvD5hQq7iipxx0E,,F6,,,5 W,15,
5 VA,,,,,11,23.80.70.11.14,,1.086354,,,1,,250 lm/W,120 V/1-5 VA,8' - 0",,,,,By Type,,Default,,Recessed Lamp - Linear - LED,Recessed Lamp - Linear - LED: 36'',,30lTfUtJX63AIL0NSDmYbQ,1 fc,,3200 K,,LED,,,,L3,,1250 lm,99 cd,,556,,P303,New Construction,None,,,,1,36'',,,1wejEoruvD5hQq7iipxx0E,,F6,,,5 W,15,
20 VA,,,,,11,23.80.70.11.14,,1.119295,,,1,,149 lm/W,120 V/1-20 VA,8' - 0",,,,,By Type,,Default,,Recessed Lamp - Round - LED,Recessed Lamp - Round - LED: 4" Trimmed Downlight,,30lTfUtJX63AIL0NSDmYbR,-14406 fc,,2700 K,,LED,,,,L3,,700 lm,-1440600 cd,,557,,P303,New Construction,None,,,,1,4" Trimmed Downlight,,,1wejEoruvD5hQq7iipxwYO,,F3,,,5 W,,
20 VA,,,,,12,23.80.70.11.14,,1.119295,,,1,,149 lm/W,120 V/1-20 VA,8' - 0",,,,,By Type,,Default,,Recessed Lamp - Round - LED,Recessed Lamp - Round - LED: 4" Trimmed Downlight,,30lTfUtJX63AIL0NSDmYbO,-14406 fc,,2700 K,,LED,,,,L3,,700 lm,-1440600 cd,,558,,P303,New Construction,None,,,,1,4" Trimmed Downlight,,,1wejEoruvD5hQq7iipxwYO,,F3,,,5 W,,
20 VA,,,,,12,23.80.70.11.14,,1.11927,,,1,,149 lm/W,120 V/1-20 VA,0' - 0",,,,,By Type,,Default,,Recessed Lamp - Round - LED,Recessed Lamp - Round - LED: 4" Trimmed Downlight,,30lTfUtJX63AIL0NSDmYbP,-14406 fc,,2700 K,,LED,,,,,,700 lm,-1440600 cd,,559,,P202,New Construction,None,,,,1,4" Trimmed Downlight,,,1wejEoruvD5hQq7iipxwYO,,F3,,,5 W,,
20 VA,,,,,11,23.80.70.11.14,,1.11927,,,1,,149 lm/W,120 V/1-20 VA,0' - 0",,,,,By Type,,Default,,Recessed Lamp - Round - LED,Recessed Lamp - Round - LED: 4" Trimmed Downlight,,30lTfUtJX63AIL0NSDmYbU,-14406 fc,,2700 K,,LED,,,,,,700 lm,-1440600 cd,,560,,P202,New Construction,None,,,,1,4" Trimmed Downlight,,,1wejEoruvD5hQq7iipxwYO,,F3,,,5 W,,
5 VA,,,,,8,23.80.70.11.14,,1.086314,,,1,,250 lm/W,120 V/1-5 VA,0' - 0",,,,,By Type,,Default,,Recessed Lamp - Linear - LED,Recessed Lamp - Linear - LED: 36'',,30lTfUtJX63AIL0NSDmYbV,1 fc,,3200 K,,LED,,,,,,1250 lm,99 cd,,561,,P202,New Construction,None,,,,1,36'',,,1wejEoruvD5hQq7iipxx0E,,F6,,,5 W,15,
5 VA,,,,,8,23.80.70.11.14,,1.086314,,,1,,250 lm/W,120 V/1-5 VA,0' - 0",,,,,By Type,,Default,,Recessed Lamp - Linear - LED,Recessed Lamp - Linear - LED: 36'',,30lTfUtJX63AIL0NSDmYbS,1 fc,,3200 K,,LED,,,,,,1250 lm,99 cd,,562,,P202,New Construction,None,,,,1,36'',,,1wejEoruvD5hQq7iipxx0E,,F6,,,5 W,15,
20 VA,,,,,11,23.80.70.11.14,,1.11927,,,1,,149 lm/W,120 V/1-20 VA,0' - 0",,,,,By Type,,Default,,Recessed Lamp - Round - LED,Recessed Lamp - Round - LED: 4" Trimmed Downlight,,30lTfUtJX63AIL0NSDmYbT,-14406 fc,,2700 K,,LED,,,,,,700 lm,-1440600 cd,,563,,P202,New Construction,None,,,,1,4" Trimmed Downlight,,,1wejEoruvD5hQq7iipxwYO,,F3,,,5 W,,
20 VA,,,,,11,23.80.70.11.14,,1.11927,,,1,,149 lm/W,120 V/1-20 VA,0' - 0",,,,,By Type,,Default,,Recessed Lamp - Round - LED,Recessed Lamp - Round - LED: 4" Trimmed Downlight,,30lTfUtJX63AIL0NSDmYbI,-14406 fc,,2700 K,,LED,,,,,,700 lm,-1440600 cd,,564,,P202,New Construction,None,,,,1,4" Trimmed Downlight,,,1wejEoruvD5hQq7iipxwYO,,F3,,,5 W,,
20 VA,,,,,12,23.80.70.11.14,,1.119472,,,1,,149 lm/W,120 V/1-20 VA,0' - 0",,,,,By Type,,Default,,Recessed Lamp - Round - LED,Recessed Lamp - Round - LED: 4" Trimmed Downlight,,30lTfUtJX63AIL0NSDmYbJ,-14406 fc,,2700 K,,LED,,,,,,700 lm,-1440600 cd,,565,,P403,New Construction,None,,,,1,4" Trimmed Downlight,,,1wejEoruvD5hQq7iipxwYO,,F3,,,5 W,,
20 VA,,,,,12,23.80.70.11.14,,1.119472,,,1,,149 lm/W,120 V/1-20 VA,0' - 0",,,,,By Type,,Default,,Recessed Lamp - Round - LED,Recessed Lamp - Round - LED: 4" Trimmed Downlight,,30lTfUtJX63AIL0NSDmYbG,-14406 fc,,2700 K,,LED,,,,,,700 lm,-1440600 cd,,566,,P403,New Construction,None,,,,1,4" Trimmed Downlight,,,1wejEoruvD5hQq7iipxwYO,,F3,,,5 W,,
5 VA,,,,,11,23.80.70.11.14,,1.086644,,,1,,250 lm/W,120 V/1-5 VA,0' - 0",,,,,By Type,,Default,,Recessed Lamp - Linear - LED,Recessed Lamp - Linear - LED: 36'',,30lTfUtJX63AIL0NSDmYbH,1 fc,,3200 K,,LED,,,,,,1250 lm,99 cd,,567,,P403,New Construction,None,,,,1,36'',,,1wejEoruvD5hQq7iipxx0E,,F6,,,5 W,15,
5 VA,,,,,11,23.80.70.11.14,,1.086644,,,1,,250 lm/W,120 V/1-5 VA,0' - 0",,,,,By Type,,Default,,Recessed Lamp - Linear - LED,Recessed Lamp - Linear - LED: 36'',,30lTfUtJX63AIL0NSDmYbM,1 fc,,3200 K,,LED,,,,,,1250 lm,99 cd,,568,,P403,New Construction,None,,,,1,36'',,,1wejEoruvD5hQq7iipxx0E,,F6,,,5 W,15,
20 VA,,,,,11,23.80.70.11.14,,1.119472,,,1,,149 lm/W,120 V/1-20 VA,0' - 0",,,,,By Type,,Default,,Recessed Lamp - Round - LED,Recessed Lamp - Round - LED: 4" Trimmed Downlight,,30lTfUtJX63AIL0NSDmYbN,-14406 fc,,2700 K,,LED,,,,,,700 lm,-1440600 cd,,569,,P403,New Construction,None,,,,1,4" Trimmed Downlight,,,1wejEoruvD5hQq7iipxwYO,,F3,,,5 W,,
20 VA,,,,,11,23.80.70.11.14,,1.119472,,,1,,149 lm/W,120 V/1-20 VA,0' - 0",,,,,By Type,,Default,,Recessed Lamp - Round - LED,Recessed Lamp - Round - LED: 4" Trimmed Downlight,,30lTfUtJX63AIL0NSDmYbK,-14406 fc,,2700 K,,LED,,,,,,700 lm,-1440600 cd,,570,,P403,New Construction,None,,,,1,4" Trimmed Downlight,,,1wejEoruvD5hQq7iipxwYO,,F3,,,5 W,,
20 VA,,,,,7,23.80.70.11.14,,1.120869,,,1,,149 lm/W,120 V/1-20 VA,0' - 0",,,,,By Type,,Default,,Recessed Lamp - Round - LED,Recessed Lamp - Round - LED: 4" Trimmed Downlight,,30lTfUtJX63AIL0NSDmYbL,-14406 fc,,2700 K,,LED,,,,,,700 lm,-1440600 cd,,571,,P306,New Construction,None,,,,1,4" Trimmed Downlight,,,1wejEoruvD5hQq7iipxwYO,,F3,,,5 W,,
20 VA,,,,,7,23.80.70.11.14,,1.120869,,,1,,149 lm/W,120 V/1-20 VA,0' - 0",,,,,By Type,,Default,,Recessed Lamp - Round - LED,Recessed Lamp - Round - LED: 4" Trimmed Downlight,,30lTfUtJX63AIL0NSDmYbA,-14406 fc,,2700 K,,LED,,,,,,700 lm,-1440600 cd,,572,,P306,New Construction,None,,,,1,4" Trimmed Downlight,,,1wejEoruvD5hQq7iipxwYO,,F3,,,5 W,,
5 VA,,,,,7,23.80.70.11.14,,1.08893,,,1,,250 lm/W,120 V/1-5 VA,0' - 0",,,,,By Type,,Default,,Recessed Lamp - Linear - LED,Recessed Lamp - Linear - LED: 36'',,30lTfUtJX63AIL0NSDmYbB,1 fc,,3200 K,,LED,,,,,,1250 lm,99 cd,,573,,P306,New Construction,None,,,,1,36'',,,1wejEoruvD5hQq7iipxx0E,,F6,,,5 W,15,
5 VA,,,,,7,23.80.70.11.14,,1.08893,,,1,,250 lm/W,120 V/1-5 VA,0' - 0",,,,,By Type,,Default,,Recessed Lamp - Linear - LED,Recessed Lamp - Linear - LED: 36'',,30lTfUtJX63AIL0NSDmYb8,1 fc,,3200 K,,LED,,,,,,1250 lm,99 cd,,574,,P306,New Construction,None,,,,1,36'',,,1wejEoruvD5hQq7iipxx0E,,F6,,,5 W,15,
20 VA,,,,,7,23.80.70.11.14,,1.120869,,,1,,149 lm/W,120 V/1-20 VA,0' - 0",,,,,By Type,,Default,,Recessed Lamp - Round - LED,Recessed Lamp - Round - LED: 4" Trimmed Downlight,,30lTfUtJX63AIL0NSDmYb9,-14406 fc,,2700 K,,LED,,,,,,700 lm,-1440600 cd,,575,,P306,New Construction,None,,,,1,4" Trimmed Downlight,,,1wejEoruvD5hQq7iipxwYO,,F3,,,5 W,,
20 VA,,,,,12,23.80.70.11.14,,1.120995,,,1,,149 lm/W,120 V/1-20 VA,0' - 0",,,,,By Type,,Default,,Recessed Lamp - Round - LED,Recessed Lamp - Round - LED: 4" Trimmed Downlight,,30lTfUtJX63AIL0NSDmYbF,-14406 fc,,2700 K,,LED,,,,,,700 lm,-1440600 cd,,577,,P407,New Construction,None,,,,1,4" Trimmed Downlight,,,1wejEoruvD5hQq7iipxwYO,,F3,,,5 W,,
20 VA,,,,,12,23.80.70.11.14,,1.120995,,,1,,149 lm/W,120 V/1-20 VA,0' - 0",,,,,By Type,,Default,,Recessed Lamp - Round - LED,Recessed Lamp - Round - LED: 4" Trimmed Downlight,,30lTfUtJX63AIL0NSDmYbC,-14406 fc,,2700 K,,LED,,,,,,700 lm,-1440600 cd,,578,,P407,New Construction,None,,,,1,4" Trimmed Downlight,,,1wejEoruvD5hQq7iipxwYO,,F3,,,5 W,,
5 VA,,,,,11,23.80.70.11.14,,1.089137,,,1,,250 lm/W,120 V/1-5 VA,0' - 0",,,,,By Type,,Default,,Recessed Lamp - Linear - LED,Recessed Lamp - Linear - LED: 36'',,30lTfUtJX63AIL0NSDmYbD,1 fc,,3200 K,,LED,,,,,,1250 lm,99 cd,,579,,P407,New Construction,None,,,,1,36'',,,1wejEoruvD5hQq7iipxx0E,,F6,,,5 W,15,
5 VA,,,,,11,23.80.70.11.14,,1.089137,,,1,,250 lm/W,120 V/1-5 VA,0' - 0",,,,,By Type,,Default,,Recessed Lamp - Linear - LED,Recessed Lamp - Linear - LED: 36'',,30lTfUtJX63AIL0NSDmYb2,1 fc,,3200 K,,LED,,,,,,1250 lm,99 cd,,580,,P407,New Construction,None,,,,1,36'',,,1wejEoruvD5hQq7iipxx0E,,F6,,,5 W,15,
20 VA,,,,,11,23.80.70.11.14,,1.120995,,,1,,149 lm/W,120 V/1-20 VA,0' - 0",,,,,By Type,,Default,,Recessed Lamp - Round - LED,Recessed Lamp - Round - LED: 4" Trimmed Downlight,,30lTfUtJX63AIL0NSDmYb3,-14406 fc,,2700 K,,LED,,,,,,700 lm,-1440600 cd,,581,,P407,New Construction,None,,,,1,4" Trimmed Downlight,,,1wejEoruvD5hQq7iipxwYO,,F3,,,5 W,,
5 VA,,,,,12,23.80.70.11.14,,1.086354,,,1,,250 lm/W,120 V/1-5 VA,0' - 0",,,,,By Type,,Default,,Recessed Lamp - Linear - LED,Recessed Lamp - Linear - LED: 36'',,30lTfUtJX63AIL0NSDmYb1,1 fc,,3200 K,,LED,,,,,,1250 lm,99 cd,,583,,P303,New Construction,None,,,,1,36'',,,1wejEoruvD5hQq7iipxx0E,,F6,,,5 W,15,
5 VA,,,,,12,23.80.70.11.14,,1.086314,,,1,,250 lm/W,120 V/1-5 VA,5' - 9",,,,,By Type,,Default,,Recessed Lamp - Linear - LED,Recessed Lamp - Linear - LED: 24'',,30lTfUtJX63AIL0NSDmYb6,1 fc,,3200 K,,LED,,,,L2,,1250 lm,99 cd,,584,,P202,New Construction,None,,,,1,24'',,,1wejEoruvD5hQq7iipxx0F,,,,,5 W,10,
5 VA,,,,,12,23.80.70.11.14,,1.086644,,,1,,250 lm/W,120 V/1-5 VA,0' - 0",,,,,By Type,,Default,,Recessed Lamp - Linear - LED,Recessed Lamp - Linear - LED: 36'',,30lTfUtJX63AIL0NSDmYb7,1 fc,,3200 K,,LED,,,,,,1250 lm,99 cd,,585,,P403,New Construction,None,,,,1,36'',,,1wejEoruvD5hQq7iipxx0E,,F6,,,5 W,15,
5 VA,,,,,7,23.80.70.11.14,,1.08893,,,1,,250 lm/W,120 V/1-5 VA,0' - 0",,,,,By Type,,Default,,Recessed Lamp - Linear - LED,Recessed Lamp - Linear - LED: 36'',,30lTfUtJX63AIL0NSDmYb4,1 fc,,3200 K,,LED,,,,,,1250 lm,99 cd,,586,,P306,New Construction,None,,,,1,36'',,,1wejEoruvD5hQq7iipxx0E,,F6,,,5 W,15,
5 VA,,,,,12,23.80.70.11.14,,1.089137,,,1,,250 lm/W,120 V/1-5 VA,0' - 0",,,,,By Type,,Default,,Recessed Lamp - Linear - LED,Recessed Lamp - Linear - LED: 36'',,30lTfUtJX63AIL0NSDmYb5,1 fc,,3200 K,,LED,,,,,,1250 lm,99 cd,,587,,P407,New Construction,None,,,,1,36'',,,1wejEoruvD5hQq7iipxx0E,,F6,,,5 W,15,
5 VA,,,,,12,23.80.70.11.14,,1.086314,,,1,,250 lm/W,120 V/1-5 VA,5' - 9",,,,,By Type,,Default,,Recessed Lamp - Linear - LED,Recessed Lamp - Linear - LED: 24'',,30lTfUtJX63AIL0NSDmYYw,1 fc,,3200 K,,LED,,,,L2,,1250 lm,99 cd,,588,,P202,New Construction,None,,,,1,24'',,,1wejEoruvD5hQq7iipxx0F,,,,,5 W,10,
5 VA,,,,,12,23.80.70.11.14,,1.086354,,,1,,250 lm/W,120 V/1-5 VA,0' - 0",,,,,By Type,,Default,,Recessed Lamp - Linear - LED,Recessed Lamp - Linear - LED: 36'',,30lTfUtJX63AIL0NSDmYYx,1 fc,,3200 K,,LED,,,,,,1250 lm,99 cd,,589,,P303,New Construction,None,,,,1,36'',,,1wejEoruvD5hQq7iipxx0E,,F6,,,5 W,15,
5 VA,,,,,12,23.80.70.11.14,,1.086644,,,1,,250 lm/W,120 V/1-5 VA,0' - 0",,,,,By Type,,Default,,Recessed Lamp - Linear - LED,Recessed Lamp - Linear - LED: 36'',,30lTfUtJX63AIL0NSDmYYu,1 fc,,3200 K,,LED,,,,,,1250 lm,99 cd,,590,,P403,New Construction,None,,,,1,36'',,,1wejEoruvD5hQq7iipxx0E,,F6,,,5 W,15,
5 VA,,,,,7,23.80.70.11.14,,1.08893,,,1,,250 lm/W,120 V/1-5 VA,0' - 0",,,,,By Type,,Default,,Recessed Lamp - Linear - LED,Recessed Lamp - Linear - LED: 36'',,30lTfUtJX63AIL0NSDmYYv,1 fc,,3200 K,,LED,,,,,,1250 lm,99 cd,,591,,P306,New Construction,None,,,,1,36'',,,1wejEoruvD5hQq7iipxx0E,,F6,,,5 W,15,
5 VA,,,,,12,23.80.70.11.14,,1.089137,,,1,,250 lm/W,120 V/1-5 VA,0' - 0",,,,,By Type,,Default,,Recessed Lamp - Linear - LED,Recessed Lamp - Linear - LED: 36'',,30lTfUtJX63AIL0NSDmYY_,1 fc,,3200 K,,LED,,,,,,1250 lm,99 cd,,592,,P407,New Construction,None,,,,1,36'',,,1wejEoruvD5hQq7iipxx0E,,F6,,,5 W,15,
5 VA,,,,,14,23.80.70.11.14,,1.058698,,,1,,250 lm/W,120 V/1-5 VA,0' - 0",,,,,By Type,,Default,,Recessed Lamp - Linear - LED,Recessed Lamp - Linear - LED: 36'',,30lTfUtJX63AIL0NSDmYY$,1 fc,,3200 K,,LED,,,,,,1250 lm,99 cd,,593,,P304,New Construction,None,,,,1,36'',,,1wejEoruvD5hQq7iipxx0E,,F6,,,5 W,15,
5 VA,,,,,14,23.80.70.11.14,,1.058698,,,1,,250 lm/W,120 V/1-5 VA,0' - 0",,,,,By Type,,Default,,Recessed Lamp - Linear - LED,Recessed Lamp - Linear - LED: 36'',,30lTfUtJX63AIL0NSDmYYy,1 fc,,3200 K,,LED,,,,,,1250 lm,99 cd,,594,,P304,New Construction,None,,,,1,36'',,,1wejEoruvD5hQq7iipxx0E,,F6,,,5 W,15,
5 VA,,,,,11,23.80.70.11.14,,1.058698,,,1,,250 lm/W,120 V/1-5 VA,0' - 0",,,,,By Type,,Default,,Recessed Lamp - Linear - LED,Recessed Lamp - Linear - LED: 36'',,30lTfUtJX63AIL0NSDmYYz,1 fc,,3200 K,,LED,,,,,,1250 lm,99 cd,,595,,P203,New Construction,None,,,,1,36'',,,1wejEoruvD5hQq7iipxx0E,,F6,,,5 W,15,
5 VA,,,,,11,23.80.70.11.14,,1.058698,,,1,,250 lm/W,120 V/1-5 VA,0' - 0",,,,,By Type,,Default,,Recessed Lamp - Linear - LED,Recessed Lamp - Linear - LED: 36'',,30lTfUtJX63AIL0NSDmYYo,1 fc,,3200 K,,LED,,,,,,1250 lm,99 cd,,596,,P203,New Construction,None,,,,1,36'',,,1wejEoruvD5hQq7iipxx0E,,F6,,,5 W,15,
5 VA,,,,,13,23.80.70.11.14,,1.065996,,,1,,250 lm/W,120 V/1-5 VA,0' - 0",,,,,By Type,,Default,,Recessed Lamp - Linear - LED,Recessed Lamp - Linear - LED: 36'',,30lTfUtJX63AIL0NSDmYYp,1 fc,,3200 K,,LED,,,,,,1250 lm,99 cd,,597,,P410,New Construction,None,,,,1,36'',,,1wejEoruvD5hQq7iipxx0E,,F6,,,5 W,15,
5 VA,,,,,13,23.80.70.11.14,,1.065996,,,1,,250 lm/W,120 V/1-5 VA,0' - 0",,,,,By Type,,Default,,Recessed Lamp - Linear - LED,Recessed Lamp - Linear - LED: 36'',,30lTfUtJX63AIL0NSDmYYm,1 fc,,3200 K,,LED,,,,,,1250 lm,99 cd,,598,,P410,New Construction,None,,,,1,36'',,,1wejEoruvD5hQq7iipxx0E,,F6,,,5 W,15,
5 VA,,,,,10,23.80.70.11.14,,1.065819,,,1,,250 lm/W,120 V/1-5 VA,0' - 0",,,,,By Type,,Default,,Recessed Lamp - Linear - LED,Recessed Lamp - Linear - LED: 36'',,30lTfUtJX63AIL0NSDmYYn,1 fc,,3200 K,,LED,,,,,,1250 lm,99 cd,,599,,P309,New Construction,None,,,,1,36'',,,1wejEoruvD5hQq7iipxx0E,,F6,,,5 W,15,
5 VA,,,,,10,23.80.70.11.14,,1.065819,,,1,,250 lm/W,120 V/1-5 VA,0' - 0",,,,,By Type,,Default,,Recessed Lamp - Linear - LED,Recessed Lamp - Linear - LED: 36'',,30lTfUtJX63AIL0NSDmYYs,1 fc,,3200 K,,LED,,,,,,1250 lm,99 cd,,600,,P309,New Construction,None,,,,1,36'',,,1wejEoruvD5hQq7iipxx0E,,F6,,,5 W,15,
5 VA,,,,,13,23.80.70.11.14,,1.0637,,,1,,250 lm/W,120 V/1-5 VA,0' - 0",,,,,By Type,,Default,,Recessed Lamp - Linear - LED,Recessed Lamp - Linear - LED: 36'',,30lTfUtJX63AIL0NSDmYYt,1 fc,,3200 K,,LED,,,,,,1250 lm,99 cd,,601,,P507,New Construction,None,,,,1,36'',,,1wejEoruvD5hQq7iipxx0E,,F6,,,5 W,15,
5 VA,,,,,13,23.80.70.11.14,,1.0637,,,1,,250 lm/W,120 V/1-5 VA,0' - 0",,,,,By Type,,Default,,Recessed Lamp - Linear - LED,Recessed Lamp - Linear - LED: 36'',,30lTfUtJX63AIL0NSDmYYq,1 fc,,3200 K,,LED,,,,,,1250 lm,99 cd,,602,,P507,New Construction,None,,,,1,36'',,,1wejEoruvD5hQq7iipxx0E,,F6,,,5 W,15,
5 VA,,,,,13,23.80.70.11.14,,1.058698,,,1,,250 lm/W,120 V/1-5 VA,0' - 0",,,,,By Type,,Default,,Recessed Lamp - Linear - LED,Recessed Lamp - Linear - LED: 36'',,30lTfUtJX63AIL0NSDmYYr,1 fc,,3200 K,,LED,,,,,,1250 lm,99 cd,,603,,P404,New Construction,None,,,,1,36'',,,1wejEoruvD5hQq7iipxx0E,,F6,,,5 W,15,
5 VA,,,,,13,23.80.70.11.14,,1.058698,,,1,,250 lm/W,120 V/1-5 VA,0' - 0",,,,,By Type,,Default,,Recessed Lamp - Linear - LED,Recessed Lamp - Linear - LED: 36'',,30lTfUtJX63AIL0NSDmYYg,1 fc,,3200 K,,LED,,,,,,1250 lm,99 cd,,604,,P404,New Construction,None,,,,1,36'',,,1wejEoruvD5hQq7iipxx0E,,F6,,,5 W,15,
5 VA,,,,,6,23.80.70.11.14,,1.058698,,,1,,250 lm/W,120 V/1-5 VA,0' - 0",,,,,By Type,,Default,,Recessed Lamp - Linear - LED,Recessed Lamp - Linear - LED: 36'',,30lTfUtJX63AIL0NSDmYYh,1 fc,,3200 K,,LED,,,,,,1250 lm,99 cd,,605,,P504,New Construction,None,,,,1,36'',,,1wejEoruvD5hQq7iipxx0E,,F6,,,5 W,15,
5 VA,,,,,6,23.80.70.11.14,,1.058698,,,1,,250 lm/W,120 V/1-5 VA,0' - 0",,,,,By Type,,Default,,Recessed Lamp - Linear - LED,Recessed Lamp - Linear - LED: 36'',,30lTfUtJX63AIL0NSDmYYe,1 fc,,3200 K,,LED,,,,,,1250 lm,99 cd,,606,,P504,New Construction,None,,,,1,36'',,,1wejEoruvD5hQq7iipxx0E,,F6,,,5 W,15,
5 VA,,,,,,23.80.70.11.14,,1.047093,,,1,,250 lm/W,120 V/1-5 VA,5' - 9",,,,,By Type,,Default,,Recessed Lamp - Linear - LED,Recessed Lamp - Linear - LED: 36'',,30lTfUtJX63AIL0NSDmYYf,1 fc,,3200 K,,LED,,,,L2,,1250 lm,99 cd,,607,,,New Construction,None,,,,1,36'',,,1wejEoruvD5hQq7iipxx0E,,F6,,,5 W,15,
5 VA,,,,,,23.80.70.11.14,,1.047093,,,1,,250 lm/W,120 V/1-5 VA,5' - 9",,,,,By Type,,Default,,Recessed Lamp - Linear - LED,Recessed Lamp - Linear - LED: 36'',,30lTfUtJX63AIL0NSDmYYk,1 fc,,3200 K,,LED,,,,L2,,1250 lm,99 cd,,608,,,New Construction,None,,,,1,36'',,,1wejEoruvD5hQq7iipxx0E,,F6,,,5 W,15,
5 VA,,,,,21,23.80.70.11.14,,1.047081,,,1,,250 lm/W,120 V/1-5 VA,0' - 0",,,,,By Type,,Default,,Recessed Lamp - Linear - LED,Recessed Lamp - Linear - LED: 36'',,30lTfUtJX63AIL0NSDmYYl,1 fc,,3200 K,,LED,,,,,,1250 lm,99 cd,,609,,P406,New Construction,None,,,,1,36'',,,1wejEoruvD5hQq7iipxx0E,,F6,,,5 W,15,
5 VA,,,,,21,23.80.70.11.14,,1.047081,,,1,,250 lm/W,120 V/1-5 VA,0' - 0",,,,,By Type,,Default,,Recessed Lamp - Linear - LED,Recessed Lamp - Linear - LED: 36'',,30lTfUtJX63AIL0NSDmYYi,1 fc,,3200 K,,LED,,,,,,1250 lm,99 cd,,610,,P406,New Construction,None,,,,1,36'',,,1wejEoruvD5hQq7iipxx0E,,F6,,,5 W,15,
5 VA,,,,,9,23.80.70.11.14,,1.088897,,,1,,250 lm/W,120 V/1-5 VA,5' - 9",,,,,By Type,,Default,,Recessed Lamp - Linear - LED,Recessed Lamp - Linear - LED: 36'',,30lTfUtJX63AIL0NSDmYYj,1 fc,,3200 K,,LED,,,,L2,,1250 lm,99 cd,,611,,P205,New Construction,None,,,,1,36'',,,1wejEoruvD5hQq7iipxx0E,,F6,,,5 W,15,
5 VA,,,,,9,23.80.70.11.14,,1.088897,,,1,,250 lm/W,120 V/1-5 VA,5' - 9",,,,,By Type,,Default,,Recessed Lamp - Linear - LED,Recessed Lamp - Linear - LED: 36'',,30lTfUtJX63AIL0NSDmYYY,1 fc,,3200 K,,LED,,,,L2,,1250 lm,99 cd,,612,,P205,New Construction,None,,,,1,36'',,,1wejEoruvD5hQq7iipxx0E,,F6,,,5 W,15,
5 VA,,,,,9,23.80.70.11.14,,1.088897,,,1,,250 lm/W,120 V/1-5 VA,0' - 0",,,,,By Type,,Default,,Recessed Lamp - Linear - LED,Recessed Lamp - Linear - LED: 36'',,30lTfUtJX63AIL0NSDmYYZ,1 fc,,3200 K,,LED,,,,,,1250 lm,99 cd,,613,,P307,New Construction,None,,,,1,36'',,,1wejEoruvD5hQq7iipxx0E,,F6,,,5 W,15,
5 VA,,,,,9,23.80.70.11.14,,1.088897,,,1,,250 lm/W,120 V/1-5 VA,0' - 0",,,,,By Type,,Default,,Recessed Lamp - Linear - LED,Recessed Lamp - Linear - LED: 36'',,30lTfUtJX63AIL0NSDmYYW,1 fc,,3200 K,,LED,,,,,,1250 lm,99 cd,,614,,P307,New Construction,None,,,,1,36'',,,1wejEoruvD5hQq7iipxx0E,,F6,,,5 W,15,
5 VA,,,,,19,23.80.70.11.14,,1.088897,,,1,,250 lm/W,120 V/1-5 VA,0' - 0",,,,,By Type,,Default,,Recessed Lamp - Linear - LED,Recessed Lamp - Linear - LED: 36'',,30lTfUtJX63AIL0NSDmYYX,1 fc,,3200 K,,LED,,,,,,1250 lm,99 cd,,615,,P408,New Construction,None,,,,1,36'',,,1wejEoruvD5hQq7iipxx0E,,F6,,,5 W,15,
5 VA,,,,,19,23.80.70.11.14,,1.088897,,,1,,250 lm/W,120 V/1-5 VA,0' - 0",,,,,By Type,,Default,,Recessed Lamp - Linear - LED,Recessed Lamp - Linear - LED: 36'',,30lTfUtJX63AIL0NSDmYYc,1 fc,,3200 K,,LED,,,,,,1250 lm,99 cd,,616,,P408,New Construction,None,,,,1,36'',,,1wejEoruvD5hQq7iipxx0E,,F6,,,5 W,15,
5 VA,,,,,16,23.80.70.11.14,,1.088897,,,1,,250 lm/W,120 V/1-5 VA,0' - 0",,,,,By Type,,Default,,Recessed Lamp - Linear - LED,Recessed Lamp - Linear - LED: 36'',,30lTfUtJX63AIL0NSDmYYd,1 fc,,3200 K,,LED,,,,,,1250 lm,99 cd,,617,,P506,New Construction,None,,,,1,36'',,,1wejEoruvD5hQq7iipxx0E,,F6,,,5 W,15,
5 VA,,,,,16,23.80.70.11.14,,1.088897,,,1,,250 lm/W,120 V/1-5 VA,0' - 0",,,,,By Type,,Default,,Recessed Lamp - Linear - LED,Recessed Lamp - Linear - LED: 36'',,30lTfUtJX63AIL0NSDmYYa,1 fc,,3200 K,,LED,,,,,,1250 lm,99 cd,,618,,P506,New Construction,None,,,,1,36'',,,1wejEoruvD5hQq7iipxx0E,,F6,,,5 W,15,
5 VA,,,,,7,23.80.70.11.14,,1.046843,,,1,,250 lm/W,120 V/1-5 VA,5' - 9",,,,,By Type,,Default,,Recessed Lamp - Linear - LED,Recessed Lamp - Linear - LED: 36'',,30lTfUtJX63AIL0NSDmYYb,1 fc,,3200 K,,LED,,,,L3,,1250 lm,99 cd,,619,,P308,New Construction,None,,,,1,36'',,,1wejEoruvD5hQq7iipxx0E,,F6,,,5 W,15,
5 VA,,,,,7,23.80.70.11.14,,1.046843,,,1,,250 lm/W,120 V/1-5 VA,5' - 9",,,,,By Type,,Default,,Recessed Lamp - Linear - LED,Recessed Lamp - Linear - LED: 36'',,30lTfUtJX63AIL0NSDmYYQ,1 fc,,3200 K,,LED,,,,L3,,1250 lm,99 cd,,620,,P308,New Construction,None,,,,1,36'',,,1wejEoruvD5hQq7iipxx0E,,F6,,,5 W,15,
5 VA,,,,,11,23.80.70.11.14,,1.047915,,,1,,250 lm/W,120 V/1-5 VA,0' - 0",,,,,By Type,,Default,,Recessed Lamp - Linear - LED,Recessed Lamp - Linear - LED: 36'',,30lTfUtJX63AIL0NSDmYYR,1 fc,,3200 K,,LED,,,,,,1250 lm,99 cd,,621,,P409,New Construction,None,,,,1,36'',,,1wejEoruvD5hQq7iipxx0E,,F6,,,5 W,15,
5 VA,,,,,11,23.80.70.11.14,,1.047915,,,1,,250 lm/W,120 V/1-5 VA,0' - 0",,,,,By Type,,Default,,Recessed Lamp - Linear - LED,Recessed Lamp - Linear - LED: 36'',,30lTfUtJX63AIL0NSDmYYO,1 fc,,3200 K,,LED,,,,,,1250 lm,99 cd,,622,,P409,New Construction,None,,,,1,36'',,,1wejEoruvD5hQq7iipxx0E,,F6,,,5 W,15,
20 VA,,,,,7,23.80.70.11.14,,1.095311,,,1,,149 lm/W,120 V/1-20 VA,0' - 0",,,,,By Type,,Default,,Recessed Lamp - Round - LED,Recessed Lamp - Round - LED: 4" Trimmed Downlight,,30lTfUtJX63AIL0NSDmYYP,-14406 fc,,2700 K,,LED,,,,,,700 lm,-1440600 cd,,623,,P308,New Construction,None,,,,1,4" Trimmed Downlight,,,1wejEoruvD5hQq7iipxwYO,,F3,,,5 W,,
20 VA,,,,,7,23.80.70.11.14,,1.095311,,,1,,149 lm/W,120 V/1-20 VA,0' - 0",,,,,By Type,,Default,,Recessed Lamp - Round - LED,Recessed Lamp - Round - LED: 4" Trimmed Downlight,,30lTfUtJX63AIL0NSDmYYU,-14406 fc,,2700 K,,LED,,,,,,700 lm,-1440600 cd,,624,,P308,New Construction,None,,,,1,4" Trimmed Downlight,,,1wejEoruvD5hQq7iipxwYO,,F3,,,5 W,,
20 VA,,,,,7,23.80.70.11.14,,1.095311,,,1,,149 lm/W,120 V/1-20 VA,0' - 0",,,,,By Type,,Default,,Recessed Lamp - Round - LED,Recessed Lamp - Round - LED: 4" Trimmed Downlight,,30lTfUtJX63AIL0NSDmYYV,-14406 fc,,2700 K,,LED,,,,,,700 lm,-1440600 cd,,625,,P308,New Construction,None,,,,1,4" Trimmed Downlight,,,1wejEoruvD5hQq7iipxwYO,,F3,,,5 W,,
20 VA,,,,,7,23.80.70.11.14,,1.095311,,,1,,149 lm/W,120 V/1-20 VA,0' - 0",,,,,By Type,,Default,,Recessed Lamp - Round - LED,Recessed Lamp - Round - LED: 4" Trimmed Downlight,,30lTfUtJX63AIL0NSDmYYS,-14406 fc,,2700 K,,LED,,,,,,700 lm,-1440600 cd,,626,,P308,New Construction,None,,,,1,4" Trimmed Downlight,,,1wejEoruvD5hQq7iipxwYO,,F3,,,5 W,,
20 VA,,,,,10,23.80.70.11.14,,1.095958,,,1,,149 lm/W,120 V/1-20 VA,0' - 0",,,,,By Type,,Default,,Recessed Lamp - Round - LED,Recessed Lamp - Round - LED: 4" Trimmed Downlight,,30lTfUtJX63AIL0NSDmYYT,-14406 fc,,2700 K,,LED,,,,,,700 lm,-1440600 cd,,627,,P409,New Construction,None,,,,1,4" Trimmed Downlight,,,1wejEoruvD5hQq7iipxwYO,,F3,,,5 W,,
20 VA,,,,,11,23.80.70.11.14,,1.095958,,,1,,149 lm/W,120 V/1-20 VA,0' - 0",,,,,By Type,,Default,,Recessed Lamp - Round - LED,Recessed Lamp - Round - LED: 4" Trimmed Downlight,,30lTfUtJX63AIL0NSDmYYI,-14406 fc,,2700 K,,LED,,,,,,700 lm,-1440600 cd,,628,,P409,New Construction,None,,,,1,4" Trimmed Downlight,,,1wejEoruvD5hQq7iipxwYO,,F3,,,5 W,,
20 VA,,,,,11,23.80.70.11.14,,1.095958,,,1,,149 lm/W,120 V/1-20 VA,0' - 0",,,,,By Type,,Default,,Recessed Lamp - Round - LED,Recessed Lamp - Round - LED: 4" Trimmed Downlight,,30lTfUtJX63AIL0NSDmYYJ,-14406 fc,,2700 K,,LED,,,,,,700 lm,-1440600 cd,,629,,P409,New Construction,None,,,,1,4" Trimmed Downlight,,,1wejEoruvD5hQq7iipxwYO,,F3,,,5 W,,
20 VA,,,,,11,23.80.70.11.14,,1.095958,,,1,,149 lm/W,120 V/1-20 VA,0' - 0",,,,,By Type,,Default,,Recessed Lamp - Round - LED,Recessed Lamp - Round - LED: 4" Trimmed Downlight,,30lTfUtJX63AIL0NSDmYYG,-14406 fc,,2700 K,,LED,,,,,,700 lm,-1440600 cd,,630,,P409,New Construction,None,,,,1,4" Trimmed Downlight,,,1wejEoruvD5hQq7iipxwYO,,F3,,,5 W,,
20 VA,,,,,12,23.80.70.11.14,,1.114486,,,1,,149 lm/W,120 V/1-20 VA,8' - 0",,,,,By Type,,Default,,Recessed Lamp - Round - LED,Recessed Lamp - Round - LED: 4" Trimmed Downlight,,30lTfUtJX63AIL0NSDmYYH,-14406 fc,,2700 K,,LED,,,,L4,,700 lm,-1440600 cd,,631,,P405,New Construction,None,,,,1,4" Trimmed Downlight,,,1wejEoruvD5hQq7iipxwYO,,F3,,,5 W,,
20 VA,,,,,12,23.80.70.11.14,,1.114486,,,1,,149 lm/W,120 V/1-20 VA,8' - 0",,,,,By Type,,Default,,Recessed Lamp - Round - LED,Recessed Lamp - Round - LED: 4" Trimmed Downlight,,30lTfUtJX63AIL0NSDmYYM,-14406 fc,,2700 K,,LED,,,,L4,,700 lm,-1440600 cd,,632,,P405,New Construction,None,,,,1,4" Trimmed Downlight,,,1wejEoruvD5hQq7iipxwYO,,F3,,,5 W,,
20 VA,,,,,13,23.80.70.11.14,,1.114486,,,1,,149 lm/W,120 V/1-20 VA,8' - 0",,,,,By Type,,Default,,Recessed Lamp - Round - LED,Recessed Lamp - Round - LED: 4" Trimmed Downlight,,30lTfUtJX63AIL0NSDmYYN,-14406 fc,,2700 K,,LED,,,,L4,,700 lm,-1440600 cd,,633,,P405,New Construction,None,,,,1,4" Trimmed Downlight,,,1wejEoruvD5hQq7iipxwYO,,F3,,,5 W,,
20 VA,,,,,13,23.80.70.11.14,,1.114486,,,1,,149 lm/W,120 V/1-20 VA,8' - 0",,,,,By Type,,Default,,Recessed Lamp - Round - LED,Recessed Lamp - Round - LED: 4" Trimmed Downlight,,30lTfUtJX63AIL0NSDmYYK,-14406 fc,,2700 K,,LED,,,,L4,,700 lm,-1440600 cd,,634,,P405,New Construction,None,,,,1,4" Trimmed Downlight,,,1wejEoruvD5hQq7iipxwYO,,F3,,,5 W,,
5 VA,,,,,13,23.80.70.11.14,,1.078468,,,1,,250 lm/W,120 V/1-5 VA,8' - 0",,,,,By Type,,Default,,Recessed Lamp - Linear - LED,Recessed Lamp - Linear - LED: 36'',,30lTfUtJX63AIL0NSDmYYL,1 fc,,3200 K,,LED,,,,L4,,1250 lm,99 cd,,635,,P405,New Construction,None,,,,1,36'',,,1wejEoruvD5hQq7iipxx0E,,F6,,,5 W,15,
5 VA,,,,,13,23.80.70.11.14,,1.078468,,,1,,250 lm/W,120 V/1-5 VA,8' - 0",,,,,By Type,,Default,,Recessed Lamp - Linear - LED,Recessed Lamp - Linear - LED: 36'',,30lTfUtJX63AIL0NSDmYYA,1 fc,,3200 K,,LED,,,,L4,,1250 lm,99 cd,,636,,P405,New Construction,None,,,,1,36'',,,1wejEoruvD5hQq7iipxx0E,,F6,,,5 W,15,
8 VA,D5020210,Lighting - Fluorescent,,0.88,14,23.80.70.11.14.11,,0.548039,,,1,,50 lm/W,120 V/1-8 VA,0' - 0",,,,,By Type,,Default,,Downlight - Under Cabinet,Downlight - Under Cabinet: 18" 120V,,30lTfUtJX63AIL0NSDmYYB,0 fc,,4230 K,,T-8,1,1,,L4,1,400 lm,32 cd,,637,,P405,New Construction,None,1,,1,0.88,18" 120V,,,1wejEoruvD5hQq7iipxxm8,,F4,,1,8 W,8,
8 VA,D5020210,Lighting - Fluorescent,,0.88,14,23.80.70.11.14.11,,0.548039,,,1,,50 lm/W,120 V/1-8 VA,0' - 0",,,,,By Type,,Default,,Downlight - Under Cabinet,Downlight - Under Cabinet: 18" 120V,,30lTfUtJX63AIL0NSDmYY8,0 fc,,4230 K,,T-8,1,1,,L4,1,400 lm,32 cd,,638,,P405,New Construction,None,1,,1,0.88,18" 120V,,,1wejEoruvD5hQq7iipxxm8,,F4,,1,8 W,8,
8 VA,D5020210,Lighting - Fluorescent,,0.88,14,23.80.70.11.14.11,,0.548039,,,1,,50 lm/W,120 V/1-8 VA,1' - 0",,,,,By Type,,Default,,Downlight - Under Cabinet,Downlight - Under Cabinet: 24" 120V,,30lTfUtJX63AIL0NSDmYY9,0 fc,,4230 K,,T-8,1,1,,L4,1,400 lm,32 cd,,639,,P405,New Construction,None,1,,1,0.88,24" 120V,,,1wejEoruvD5hQq7iipxxmA,,F5,,1,8 W,8,
,,,,,12,,,,,,1,,149 lm/W,120 V/1-180 VA,12' - 10",,,,,By Type,,Default,,Pendant-Dome,Pendant-Dome: 18" D x 15" H,,0NDS9nrGD5YOJCGMuHd7G4,1 fc,,3200 K,,,,,1' - 6",L3,,1380 lm,110 cd,,640,,P204,New Construction,None,,,,1,18" D x 15" H,,,1wejEoruvD5hQq7iipxxg3,,F2,,,9 W,,1' - 6"
,,,,,12,,,,,,1,,149 lm/W,120 V/1-180 VA,12' - 10",,,,,By Type,,Default,,Pendant-Dome,Pendant-Dome: 18" D x 15" H,,0NDS9nrGD5YOJCGMuHd7Gy,1 fc,,3200 K,,,,,1' - 6",L3,,1380 lm,110 cd,,641,,P204,New Construction,None,,,,1,18" D x 15" H,,,1wejEoruvD5hQq7iipxxg3,,F2,,,9 W,,1' - 6"
,,,,,12,,,,,,1,,149 lm/W,120 V/1-180 VA,12' - 10",,,,,By Type,,Default,,Pendant-Dome,Pendant-Dome: 18" D x 15" H,,0NDS9nrGD5YOJCGMuHd7Nz,1 fc,,3200 K,,,,,1' - 6",L3,,1380 lm,110 cd,,642,,P204,New Construction,None,,,,1,18" D x 15" H,,,1wejEoruvD5hQq7iipxxg3,,F2,,,9 W,,1' - 6"
20 VA,,,,,14,23.80.70.11.14,,1.095462,,,1,,149 lm/W,120 V/1-20 VA,12' - 10",,,,,By Type,,Default,,Recessed Lamp - Round - LED,Recessed Lamp - Round - LED: 4" Trimmed Downlight,,0NDS9nrGD5YOJCGMuHd7Ue,-14406 fc,,2700 K,,LED,,,,L3,,700 lm,-1440600 cd,,643,,P204,New Construction,None,,,,1,4" Trimmed Downlight,,,1wejEoruvD5hQq7iipxwYO,,F3,,,5 W,,
20 VA,,,,,14,23.80.70.11.14,,1.095462,,,1,,149 lm/W,120 V/1-20 VA,12' - 10",,,,,By Type,,Default,,Recessed Lamp - Round - LED,Recessed Lamp - Round - LED: 4" Trimmed Downlight,,0NDS9nrGD5YOJCGMuHd7TV,-14406 fc,,2700 K,,LED,,,,L3,,700 lm,-1440600 cd,,644,,P204,New Construction,None,,,,1,4" Trimmed Downlight,,,1wejEoruvD5hQq7iipxwYO,,F3,,,5 W,,
20 VA,,,,,5,23.80.70.11.14,,0.744019,,,1,,149 lm/W,120 V/1-20 VA,9' - 0",,,,,By Type,,Default,,Recessed Lamp - Round - LED,Recessed Lamp - Round - LED: 4" Trimmed Downlight,,0QAJTyCyv6ERYA3EEQP98X,-14406 fc,,2700 K,,LED,,,,L1 - Block 43,,700 lm,-1440600 cd,,647,,P109,New Construction,None,,,,1,4" Trimmed Downlight,,,1wejEoruvD5hQq7iipxwYO,,F3,,,5 W,,
20 VA,,,,,5,23.80.70.11.14,,0.744019,,,1,,149 lm/W,120 V/1-20 VA,9' - 0",,,,,By Type,,Default,,Recessed Lamp - Round - LED,Recessed Lamp - Round - LED: 4" Trimmed Downlight,,0QAJTyCyv6ERYA3EEQP9Er,-14406 fc,,2700 K,,LED,,,,L1 - Block 43,,700 lm,-1440600 cd,,648,,P109,New Construction,None,,,,1,4" Trimmed Downlight,,,1wejEoruvD5hQq7iipxwYO,,F3,,,5 W,,
20 VA,,,,,5,23.80.70.11.14,,0.743932,,,1,,149 lm/W,120 V/1-20 VA,9' - 0",,,,,By Type,,Default,,Recessed Lamp - Round - LED,Recessed Lamp - Round - LED: 4" Trimmed Downlight,,0QAJTyCyv6ERYA3EEQP9Dh,-14406 fc,,2700 K,,LED,,,,L1 - Block 43,,700 lm,-1440600 cd,,649,,P109,New Construction,None,,,,1,4" Trimmed Downlight,,,1wejEoruvD5hQq7iipxwYO,,F3,,,5 W,,
20 VA,,,,,5,23.80.70.11.14,,0.743932,,,1,,149 lm/W,120 V/1-20 VA,9' - 0",,,,,By Type,,Default,,Recessed Lamp - Round - LED,Recessed Lamp - Round - LED: 4" Trimmed Downlight,,0QAJTyCyv6ERYA3EEQP9CV,-14406 fc,,2700 K,,LED,,,,L1 - Block 43,,700 lm,-1440600 cd,,650,,P109,New Construction,None,,,,1,4" Trimmed Downlight,,,1wejEoruvD5hQq7iipxwYO,,F3,,,5 W,,
40 VA,,,,0.88,5,23.80.70.11.11,,0.292037,,,1,,79 lm/W,120 V/1-40 VA,12' - 10",,,,,By Type,,Default,,Pendant Light - Linear - 1 Lamp,Pendant Light - Linear - 1 Lamp: 48" - 120V,,3oiFD0zBnAYAMt_v6KU9fR,3 fc,,4230 K,,T-12,1,1,,L3,1,3150 lm,251 cd,,651,,P301,New Construction,None,1,,1,0.88,48" - 120V,,,3oiFD0zBnAYAMt_v6KU9Nu,,,,1,40 W,,
8 VA,D5020210,Lighting - Fluorescent,,0.88,9,23.80.70.11.14.11,,0.528886,,,1,,50 lm/W,120 V/1-8 VA,0' - 0",,,,,By Type,,Default,,Downlight - Under Cabinet,Downlight - Under Cabinet: 18" 120V,,3fupdwaub2JhdjmCtztHFk,0 fc,,4230 K,,T-8,1,1,,L3,1,400 lm,32 cd,,652,,P308,New Construction,None,1,,1,0.88,18" 120V,,,1wejEoruvD5hQq7iipxxm8,,F4,,1,8 W,8,
8 VA,D5020210,Lighting - Fluorescent,,0.88,9,23.80.70.11.14.11,,0.528886,,,1,,50 lm/W,120 V/1-8 VA,0' - 0",,,,,By Type,,Default,,Downlight - Under Cabinet,Downlight - Under Cabinet: 18" 120V,,3fupdwaub2JhdjmCtztHFJ,0 fc,,4230 K,,T-8,1,1,,L3,1,400 lm,32 cd,,653,,P308,New Construction,None,1,,1,0.88,18" 120V,,,1wejEoruvD5hQq7iipxxm8,,F4,,1,8 W,8,
8 VA,D5020210,Lighting - Fluorescent,,0.88,9,23.80.70.11.14.11,,0.528886,,,1,,50 lm/W,120 V/1-8 VA,1' - 0",,,,,By Type,,Default,,Downlight - Under Cabinet,Downlight - Under Cabinet: 24" 120V,,3fupdwaub2JhdjmCtztHCD,0 fc,,4230 K,,T-8,1,1,,L3,1,400 lm,32 cd,,654,,P308,New Construction,None,1,,1,0.88,24" 120V,,,1wejEoruvD5hQq7iipxxmA,,F5,,1,8 W,8,
,,,,,10,,,,,,1,,149 lm/W,120 V/1-180 VA,12' - 10",,,,,By Type,,Default,,Pendant-Dome,Pendant-Dome: 18" D x 15" H,,3fupdwaub2JhdjmCtztH8v,1 fc,,3200 K,,,,,1' - 6",L3,,1380 lm,110 cd,,655,,P308,New Construction,None,,,,1,18" D x 15" H,,,1wejEoruvD5hQq7iipxxg3,,F2,,,9 W,,1' - 6"
,,,,,10,,,,,,1,,149 lm/W,120 V/1-180 VA,12' - 10",,,,,By Type,,Default,,Pendant-Dome,Pendant-Dome: 18" D x 15" H,,3fupdwaub2JhdjmCtztH9V,1 fc,,3200 K,,,,,1' - 6",L3,,1380 lm,110 cd,,656,,P308,New Construction,None,,,,1,18" D x 15" H,,,1wejEoruvD5hQq7iipxxg3,,F2,,,9 W,,1' - 6"
,,,,,10,,,,,,1,,149 lm/W,120 V/1-180 VA,12' - 10",,,,,By Type,,Default,,Pendant-Dome,Pendant-Dome: 18" D x 15" H,,3fupdwaub2JhdjmCtztGs7,1 fc,,3200 K,,,,,1' - 6",L3,,1380 lm,110 cd,,657,,P308,New Construction,None,,,,1,18" D x 15" H,,,1wejEoruvD5hQq7iipxxg3,,F2,,,9 W,,1' - 6"
,,,,,9,,,,,,1,,149 lm/W,120 V/1-180 VA,12' - 10",,,,,By Type,,Default,,Pendant-Dome,Pendant-Dome: 18" D x 15" H,,1VG2xJbrn0vwfqjav0Sv81,1 fc,,3200 K,,,,,1' - 6",L3,,1380 lm,110 cd,,658,,P306,New Construction,None,,,,1,18" D x 15" H,,,1wejEoruvD5hQq7iipxxg3,,F2,,,9 W,,1' - 6"
,,,,,9,,,,,,1,,149 lm/W,120 V/1-180 VA,12' - 10",,,,,By Type,,Default,,Pendant-Dome,Pendant-Dome: 18" D x 15" H,,1VG2xJbrn0vwfqjav0SvMq,1 fc,,3200 K,,,,,1' - 6",L3,,1380 lm,110 cd,,659,,P306,New Construction,None,,,,1,18" D x 15" H,,,1wejEoruvD5hQq7iipxxg3,,F2,,,9 W,,1' - 6"
,,,,,9,,,,,,1,,149 lm/W,120 V/1-180 VA,12' - 10",,,,,By Type,,Default,,Pendant-Dome,Pendant-Dome: 18" D x 15" H,,1VG2xJbrn0vwfqjav0SvLx,1 fc,,3200 K,,,,,1' - 6",L3,,1380 lm,110 cd,,660,,P306,New Construction,None,,,,1,18" D x 15" H,,,1wejEoruvD5hQq7iipxxg3,,F2,,,9 W,,1' - 6"
,,,,,9,,,,,,1,,149 lm/W,120 V/1-180 VA,12' - 10",,,,,By Type,,Default,,Pendant-Dome,Pendant-Dome: 18" D x 15" H,,1VG2xJbrn0vwfqjav0SvKY,1 fc,,3200 K,,,,,1' - 6",L3,,1380 lm,110 cd,,661,,P306,New Construction,None,,,,1,18" D x 15" H,,,1wejEoruvD5hQq7iipxxg3,,F2,,,9 W,,1' - 6"
,,,,,9,,,,,,1,,149 lm/W,120 V/1-180 VA,12' - 10",,,,,By Type,,Default,,Pendant-Dome,Pendant-Dome: 18" D x 15" H,,1VG2xJbrn0vwfqjav0SvIR,1 fc,,3200 K,,,,,1' - 6",L3,,1380 lm,110 cd,,662,,P306,New Construction,None,,,,1,18" D x 15" H,,,1wejEoruvD5hQq7iipxxg3,,F2,,,9 W,,1' - 6"
,,,,,9,,,,,,1,,149 lm/W,120 V/1-180 VA,12' - 10",,,,,By Type,,Default,,Pendant-Dome,Pendant-Dome: 18" D x 15" H,,1VG2xJbrn0vwfqjav0SvSg,1 fc,,3200 K,,,,,1' - 6",L3,,1380 lm,110 cd,,663,,P306,New Construction,None,,,,1,18" D x 15" H,,,1wejEoruvD5hQq7iipxxg3,,F2,,,9 W,,1' - 6"
,,,,,9,,,,,,1,,149 lm/W,120 V/1-180 VA,12' - 10",,,,,By Type,,Default,,Pendant-Dome,Pendant-Dome: 18" D x 15" H,,1VG2xJbrn0vwfqjav0SvQN,1 fc,,3200 K,,,,,1' - 6",L3,,1380 lm,110 cd,,664,,P306,New Construction,None,,,,1,18" D x 15" H,,,1wejEoruvD5hQq7iipxxg3,,F2,,,9 W,,1' - 6"
,,,,,9,,,,,,1,,149 lm/W,120 V/1-180 VA,12' - 10",,,,,By Type,,Default,,Pendant-Dome,Pendant-Dome: 18" D x 15" H,,1VG2xJbrn0vwfqjav0SvQX,1 fc,,3200 K,,,,,1' - 6",L3,,1380 lm,110 cd,,665,,P306,New Construction,None,,,,1,18" D x 15" H,,,1wejEoruvD5hQq7iipxxg3,,F2,,,9 W,,1' - 6"
,,,,,7,,,,,,1,,149 lm/W,120 V/1-180 VA,12' - 10",,,,,By Type,,Default,,Pendant-Dome,Pendant-Dome: 18" D x 15" H,,0rzmg19a1D78$yd4Pu_6xm,1 fc,,3200 K,,,,,1' - 6",L3,,1380 lm,110 cd,,666,,P309,New Construction,None,,,,1,18" D x 15" H,,,1wejEoruvD5hQq7iipxxg3,,F2,,,9 W,,1' - 6"
,,,,,7,,,,,,1,,149 lm/W,120 V/1-180 VA,12' - 10",,,,,By Type,,Default,,Pendant-Dome,Pendant-Dome: 18" D x 15" H,,0rzmg19a1D78$yd4Pu_6yh,1 fc,,3200 K,,,,,1' - 6",L3,,1380 lm,110 cd,,667,,P309,New Construction,None,,,,1,18" D x 15" H,,,1wejEoruvD5hQq7iipxxg3,,F2,,,9 W,,1' - 6"
,,,,,7,,,,,,1,,149 lm/W,120 V/1-180 VA,12' - 10",,,,,By Type,,Default,,Pendant-Dome,Pendant-Dome: 18" D x 15" H,,0rzmg19a1D78$yd4Pu_6zQ,1 fc,,3200 K,,,,,1' - 6",L3,,1380 lm,110 cd,,668,,P309,New Construction,None,,,,1,18" D x 15" H,,,1wejEoruvD5hQq7iipxxg3,,F2,,,9 W,,1' - 6"
,,,,,19,,,,,,1,,149 lm/W,120 V/1-180 VA,12' - 10",,,,,By Type,,Default,,Pendant-Dome,Pendant-Dome: 18" D x 15" H,,3teKBedNP8PxTye3XenEF$,1 fc,,3200 K,,,,,1' - 6",L5,,1380 lm,110 cd,,669,,P406,New Construction,None,,,,1,18" D x 15" H,,,1wejEoruvD5hQq7iipxxg3,,F2,,,9 W,,1' - 6"
,,,,,19,,,,,,1,,149 lm/W,120 V/1-180 VA,12' - 10",,,,,By Type,,Default,,Pendant-Dome,Pendant-Dome: 18" D x 15" H,,3teKBedNP8PxTye3XenE8R,1 fc,,3200 K,,,,,1' - 6",L5,,1380 lm,110 cd,,670,,P406,New Construction,None,,,,1,18" D x 15" H,,,1wejEoruvD5hQq7iipxxg3,,F2,,,9 W,,1' - 6"
,,,,,19,,,,,,1,,149 lm/W,120 V/1-180 VA,12' - 10",,,,,By Type,,Default,,Pendant-Dome,Pendant-Dome: 18" D x 15" H,,3teKBedNP8PxTye3XenE9M,1 fc,,3200 K,,,,,1' - 6",L5,,1380 lm,110 cd,,671,,P406,New Construction,None,,,,1,18" D x 15" H,,,1wejEoruvD5hQq7iipxxg3,,F2,,,9 W,,1' - 6"
,,,,,19,,,,,,1,,149 lm/W,120 V/1-180 VA,12' - 10",,,,,By Type,,Default,,Pendant-Dome,Pendant-Dome: 18" D x 15" H,,3teKBedNP8PxTye3XenEAd,1 fc,,3200 K,,,,,1' - 6",L5,,1380 lm,110 cd,,672,,P406,New Construction,None,,,,1,18" D x 15" H,,,1wejEoruvD5hQq7iipxxg3,,F2,,,9 W,,1' - 6"
,,,,,11,,,,,,1,,149 lm/W,120 V/1-180 VA,12' - 10",,,,,By Type,,Default,,Pendant-Dome,Pendant-Dome: 18" D x 15" H,,3teKBedNP8PxTye3XenF6z,1 fc,,3200 K,,,,,1' - 6",L5,,1380 lm,110 cd,,673,,P507,New Construction,None,,,,1,18" D x 15" H,,,1wejEoruvD5hQq7iipxxg3,,F2,,,9 W,,1' - 6"
,,,,,11,,,,,,1,,149 lm/W,120 V/1-180 VA,12' - 10",,,,,By Type,,Default,,Pendant-Dome,Pendant-Dome: 18" D x 15" H,,3teKBedNP8PxTye3XenF7y,1 fc,,3200 K,,,,,1' - 6",L5,,1380 lm,110 cd,,674,,P507,New Construction,None,,,,1,18" D x 15" H,,,1wejEoruvD5hQq7iipxxg3,,F2,,,9 W,,1' - 6"
,,,,,11,,,,,,1,,149 lm/W,120 V/1-180 VA,12' - 10",,,,,By Type,,Default,,Pendant-Dome,Pendant-Dome: 18" D x 15" H,,3teKBedNP8PxTye3XenF0v,1 fc,,3200 K,,,,,1' - 6",L5,,1380 lm,110 cd,,675,,P507,New Construction,None,,,,1,18" D x 15" H,,,1wejEoruvD5hQq7iipxxg3,,F2,,,9 W,,1' - 6"
,,,,,11,,,,,,1,,149 lm/W,120 V/1-180 VA,12' - 10",,,,,By Type,,Default,,Pendant-Dome,Pendant-Dome: 18" D x 15" H,,3teKBedNP8PxTye3XenFdz,1 fc,,3200 K,,,,,1' - 6",L4,,1380 lm,110 cd,,676,,P410,New Construction,None,,,,1,18" D x 15" H,,,1wejEoruvD5hQq7iipxxg3,,F2,,,9 W,,1' - 6"
,,,,,11,,,,,,1,,149 lm/W,120 V/1-180 VA,12' - 10",,,,,By Type,,Default,,Pendant-Dome,Pendant-Dome: 18" D x 15" H,,3teKBedNP8PxTye3XenFWz,1 fc,,3200 K,,,,,1' - 6",L4,,1380 lm,110 cd,,677,,P410,New Construction,None,,,,1,18" D x 15" H,,,1wejEoruvD5hQq7iipxxg3,,F2,,,9 W,,1' - 6"
,,,,,11,,,,,,1,,149 lm/W,120 V/1-180 VA,12' - 10",,,,,By Type,,Default,,Pendant-Dome,Pendant-Dome: 18" D x 15" H,,3teKBedNP8PxTye3XenFWD,1 fc,,3200 K,,,,,1' - 6",L4,,1380 lm,110 cd,,678,,P410,New Construction,None,,,,1,18" D x 15" H,,,1wejEoruvD5hQq7iipxxg3,,F2,,,9 W,,1' - 6"
5 VA,,,,,12,23.80.70.11.14,,1.078468,,,1,,250 lm/W,120 V/1-5 VA,5' - 9",,,,,By Type,,Default,,Recessed Lamp - Linear - LED,Recessed Lamp - Linear - LED: 36'',,3teKBedNP8PxTye3Xen8kd,1 fc,,3200 K,,LED,,,,L4,,1250 lm,99 cd,,680,,P405,New Construction,None,,,,1,36'',,,1wejEoruvD5hQq7iipxx0E,,F6,,,5 W,15,
5 VA,,,,,12,23.80.70.11.14,,1.078468,,,1,,250 lm/W,120 V/1-5 VA,5' - 9",,,,,By Type,,Default,,Recessed Lamp - Linear - LED,Recessed Lamp - Linear - LED: 36'',,3teKBedNP8PxTye3Xen8kB,1 fc,,3200 K,,LED,,,,L4,,1250 lm,99 cd,,681,,P405,New Construction,None,,,,1,36'',,,1wejEoruvD5hQq7iipxx0E,,F6,,,5 W,15,
,,,,,10,,,,,,1,,149 lm/W,120 V/1-180 VA,7' - 10 1/2",,,,,By Type,,Default,,Pendant-Dome,Pendant-Dome: 18" D x 15" H,,3teKBedNP8PxTye3Xen9MK,1 fc,,3200 K,,,,,1' - 6",L5,,1380 lm,110 cd,,682,,P405,New Construction,None,,,,1,18" D x 15" H,,,1wejEoruvD5hQq7iipxxg3,,F2,,,9 W,,1' - 6"
,,,,,10,,,,,,1,,149 lm/W,120 V/1-180 VA,7' - 10 1/2",,,,,By Type,,Default,,Pendant-Dome,Pendant-Dome: 18" D x 15" H,,3teKBedNP8PxTye3Xen9NK,1 fc,,3200 K,,,,,1' - 6",L5,,1380 lm,110 cd,,683,,P405,New Construction,None,,,,1,18" D x 15" H,,,1wejEoruvD5hQq7iipxxg3,,F2,,,9 W,,1' - 6"
,,,,,11,,,,,,1,,149 lm/W,120 V/1-180 VA,10' - 6",,,,,By Type,,Default,,Pendant-Dome,Pendant-Dome: 18" D x 15" H,,3teKBedNP8PxTye3Xen9Jj,1 fc,,3200 K,,,,,1' - 6",L4,,1380 lm,110 cd,,684,,P405,New Construction,None,,,,1,18" D x 15" H,,,1wejEoruvD5hQq7iipxxg3,,F2,,,9 W,,1' - 6"
,,,,,11,,,,,,1,,149 lm/W,120 V/1-180 VA,10' - 6",,,,,By Type,,Default,,Pendant-Dome,Pendant-Dome: 18" D x 15" H,,3teKBedNP8PxTye3Xen9U2,1 fc,,3200 K,,,,,1' - 6",L4,,1380 lm,110 cd,,685,,P405,New Construction,None,,,,1,18" D x 15" H,,,1wejEoruvD5hQq7iipxxg3,,F2,,,9 W,,1' - 6"
,,,,,11,,,,,,1,,149 lm/W,120 V/1-180 VA,10' - 6",,,,,By Type,,Default,,Pendant-Dome,Pendant-Dome: 18" D x 15" H,,3teKBedNP8PxTye3Xen9RU,1 fc,,3200 K,,,,,1' - 6",L4,,1380 lm,110 cd,,686,,P405,New Construction,None,,,,1,18" D x 15" H,,,1wejEoruvD5hQq7iipxxg3,,F2,,,9 W,,1' - 6"
,,,,,13,,,,,,1,,149 lm/W,120 V/1-180 VA,12' - 10",,,,,By Type,,Default,,Pendant-Dome,Pendant-Dome: 18" D x 15" H,,3VUD7k9SL2mPJdF7ayVALB,1 fc,,3200 K,,,,,1' - 6",L4,,1380 lm,110 cd,,687,,P407,New Construction,None,,,,1,18" D x 15" H,,,1wejEoruvD5hQq7iipxxg3,,F2,,,9 W,,1' - 6"
,,,,,13,,,,,,1,,149 lm/W,120 V/1-180 VA,12' - 10",,,,,By Type,,Default,,Pendant-Dome,Pendant-Dome: 18" D x 15" H,,3VUD7k9SL2mPJdF7ayVAKS,1 fc,,3200 K,,,,,1' - 6",L4,,1380 lm,110 cd,,688,,P407,New Construction,None,,,,1,18" D x 15" H,,,1wejEoruvD5hQq7iipxxg3,,F2,,,9 W,,1' - 6"
,,,,,13,,,,,,1,,149 lm/W,120 V/1-180 VA,12' - 10",,,,,By Type,,Default,,Pendant-Dome,Pendant-Dome: 18" D x 15" H,,3VUD7k9SL2mPJdF7ayVAJH,1 fc,,3200 K,,,,,1' - 6",L4,,1380 lm,110 cd,,689,,P407,New Construction,None,,,,1,18" D x 15" H,,,1wejEoruvD5hQq7iipxxg3,,F2,,,9 W,,1' - 6"
,,,,,13,,,,,,1,,149 lm/W,120 V/1-180 VA,12' - 10",,,,,By Type,,Default,,Pendant-Dome,Pendant-Dome: 18" D x 15" H,,3VUD7k9SL2mPJdF7ayVAIM,1 fc,,3200 K,,,,,1' - 6",L4,,1380 lm,110 cd,,690,,P407,New Construction,None,,,,1,18" D x 15" H,,,1wejEoruvD5hQq7iipxxg3,,F2,,,9 W,,1' - 6"
,,,,,11,,,,,,1,,149 lm/W,120 V/1-180 VA,12' - 10",,,,,By Type,,Default,,Pendant-Dome,Pendant-Dome: 18" D x 15" H,,3VUD7k9SL2mPJdF7ayVAFP,1 fc,,3200 K,,,,,1' - 6",L4,,1380 lm,110 cd,,691,,P407,New Construction,None,,,,1,18" D x 15" H,,,1wejEoruvD5hQq7iipxxg3,,F2,,,9 W,,1' - 6"
,,,,,11,,,,,,1,,149 lm/W,120 V/1-180 VA,12' - 10",,,,,By Type,,Default,,Pendant-Dome,Pendant-Dome: 18" D x 15" H,,3VUD7k9SL2mPJdF7ayVACk,1 fc,,3200 K,,,,,1' - 6",L4,,1380 lm,110 cd,,692,,P407,New Construction,None,,,,1,18" D x 15" H,,,1wejEoruvD5hQq7iipxxg3,,F2,,,9 W,,1' - 6"
,,,,,11,,,,,,1,,149 lm/W,120 V/1-180 VA,12' - 10",,,,,By Type,,Default,,Pendant-Dome,Pendant-Dome: 18" D x 15" H,,3VUD7k9SL2mPJdF7ayVABB,1 fc,,3200 K,,,,,1' - 6",L4,,1380 lm,110 cd,,693,,P407,New Construction,None,,,,1,18" D x 15" H,,,1wejEoruvD5hQq7iipxxg3,,F2,,,9 W,,1' - 6"
8 VA,D5020210,Lighting - Fluorescent,,0.88,13,23.80.70.11.14.11,,0.529525,,,1,,50 lm/W,120 V/1-8 VA,0' - 0",,,,,By Type,,Default,,Downlight - Under Cabinet,Downlight - Under Cabinet: 18" 120V,,3VUD7k9SL2mPJdF7ayV9e8,0 fc,,4230 K,,T-8,1,1,,L4,1,400 lm,32 cd,,694,,P409,New Construction,None,1,,1,0.88,18" 120V,,,1wejEoruvD5hQq7iipxxm8,,F4,,1,8 W,8,
8 VA,D5020210,Lighting - Fluorescent,,0.88,13,23.80.70.11.14.11,,0.529525,,,1,,50 lm/W,120 V/1-8 VA,0' - 0",,,,,By Type,,Default,,Downlight - Under Cabinet,Downlight - Under Cabinet: 18" 120V,,3VUD7k9SL2mPJdF7ayV9dl,0 fc,,4230 K,,T-8,1,1,,L4,1,400 lm,32 cd,,695,,P409,New Construction,None,1,,1,0.88,18" 120V,,,1wejEoruvD5hQq7iipxxm8,,F4,,1,8 W,8,
8 VA,D5020210,Lighting - Fluorescent,,0.88,13,23.80.70.11.14.11,,0.529525,,,1,,50 lm/W,120 V/1-8 VA,0' - 0",,,,,By Type,,Default,,Downlight - Under Cabinet,Downlight - Under Cabinet: 24" 120V,,3VUD7k9SL2mPJdF7ayV9d6,0 fc,,4230 K,,T-8,1,1,,L4,1,400 lm,32 cd,,696,,P409,New Construction,None,1,,1,0.88,24" 120V,,,1wejEoruvD5hQq7iipxxmA,,F5,,1,8 W,8,
,,,,,10,,,,,,1,,149 lm/W,120 V/1-180 VA,12' - 10",,,,,By Type,,Default,,Pendant-Dome,Pendant-Dome: 18" D x 15" H,,3VUD7k9SL2mPJdF7ayV9c8,1 fc,,3200 K,,,,,1' - 6",L4,,1380 lm,110 cd,,697,,P409,New Construction,None,,,,1,18" D x 15" H,,,1wejEoruvD5hQq7iipxxg3,,F2,,,9 W,,1' - 6"
,,,,,10,,,,,,1,,149 lm/W,120 V/1-180 VA,12' - 10",,,,,By Type,,Default,,Pendant-Dome,Pendant-Dome: 18" D x 15" H,,3VUD7k9SL2mPJdF7ayV9bD,1 fc,,3200 K,,,,,1' - 6",L4,,1380 lm,110 cd,,698,,P409,New Construction,None,,,,1,18" D x 15" H,,,1wejEoruvD5hQq7iipxxg3,,F2,,,9 W,,1' - 6"
,,,,,10,,,,,,1,,149 lm/W,120 V/1-180 VA,12' - 10",,,,,By Type,,Default,,Pendant-Dome,Pendant-Dome: 18" D x 15" H,,3VUD7k9SL2mPJdF7ayV9Zd,1 fc,,3200 K,,,,,1' - 6",L4,,1380 lm,110 cd,,699,,P409,New Construction,None,,,,1,18" D x 15" H,,,1wejEoruvD5hQq7iipxxg3,,F2,,,9 W,,1' - 6"
0 VA,,,,,2,23.80.70.11.14.11,,0.557373,,,1,,149 lm/W,120 V/1-0 VA,13' - 6",,,,,By Type,,Default,,Downlight - Rectangle - LED,Downlight - Rectangle - LED: 68W Rectangle,,3Pw0y4n$XAEO63ry1f0sW$,2 fc,,3200 K,,LED,,,,L1 - Block 35,,2674 lm,213 cd,,708,,P106/7,New Construction,None,,,,1,68W Rectangle,,,3Pw0y4n$XAEO63ry1f09JX,,F13,,,18 W,,
0 VA,,,,,2,23.80.70.11.14.11,,0.557373,,,1,,149 lm/W,120 V/1-0 VA,13' - 6",,,,,By Type,,Default,,Downlight - Rectangle - LED,Downlight - Rectangle - LED: 68W Rectangle,,3Pw0y4n$XAEO63ry1f0sW_,2 fc,,3200 K,,LED,,,,L1 - Block 35,,2674 lm,213 cd,,709,,P106/7,New Construction,None,,,,1,68W Rectangle,,,3Pw0y4n$XAEO63ry1f09JX,,F13,,,18 W,,
0 VA,,,,,2,23.80.70.11.14.11,,0.557373,,,1,,149 lm/W,120 V/1-0 VA,13' - 6",,,,,By Type,,Default,,Downlight - Rectangle - LED,Downlight - Rectangle - LED: 68W Rectangle,,3Pw0y4n$XAEO63ry1f0sWv,2 fc,,3200 K,,LED,,,,L1 - Block 35,,2674 lm,213 cd,,710,,P106/7,New Construction,None,,,,1,68W Rectangle,,,3Pw0y4n$XAEO63ry1f09JX,,F13,,,18 W,,
0 VA,,,,,2,23.80.70.11.14.11,,0.557373,,,1,,149 lm/W,120 V/1-0 VA,13' - 6",,,,,By Type,,Default,,Downlight - Rectangle - LED,Downlight - Rectangle - LED: 68W Rectangle,,3Pw0y4n$XAEO63ry1f0sWu,2 fc,,3200 K,,LED,,,,L1 - Block 35,,2674 lm,213 cd,,711,,P106/7,New Construction,None,,,,1,68W Rectangle,,,3Pw0y4n$XAEO63ry1f09JX,,F13,,,18 W,,
