Structural Framing Schedule 2,,,,,,,,,,,,,,,,,,,,,,,,,,,,,,,,,,,,,,,,,,,,,,,,,,,,,,,,,,,,,,,,,,,,,,,,,,,,,,
Assembly Code,Assembly Description,Assembly Mark,Assembly Name,Camber Size,Classification Number,Classification Title,Coating,Comments,Cost,Count,Cross-Section Rotation,Cut Length,Description,Elevation at Bottom,Elevation at Top,End Extension,End Join Cutback,End Level Offset,End y Justification,End y Offset Value,End z Justification,End z Offset Value,Estimated Reinforcement Volume,Exact Weight,Excavation Volume on Toposolid,Exchange Entity ID,Exchange ID,Export to IFC,Export to IFC As,Export Type to IFC,Export Type to IFC As,Family,Family and Type,Fire Rating,IFC Predefined Type,IfcGUID,Image,Join Status,Keynote,Level,Manufacturer,Mark,Model,Number of studs,Paint Area,Phase Created,Phase Demolished,Rebar Cover,Rebar Cover - Bottom Face,Rebar Cover - Other Faces,Rebar Cover - Top Face,Reference Level,Reference Level Elevation,Section Shape,Single Part Mark,Start Extension,Start Join Cutback,Start Level Offset,Start y Justification,Start y Offset Value,Start z Justification,Start z Offset Value,Structural Material,Structural Usage,System Length,Type,Type Comments,Type IFC Predefined Type,Type IfcGUID,Type Image,Type Mark,URL,Volume,Weight,y Justification,y Offset Value,z Justification,z Offset Value
,,,,,,,,,,,,,,,,,,,,,,,,,,,,,,,,,,,,,,,,,,,,,,,,,,,,,,,,,,,,,,,,,,,,,,,,,,,,,,
B10,Superstructure,,,,23.25.30.11.14.14,,,,,1,0.00°,7'-10",,-7'-11",-5'-11",,,0",,,,,,,,,,By Type,,Default,,Concrete-Rectangular Beam,Concrete-Rectangular Beam: CB24x24,,,3ZT5EhLQn6JfRlijT8hpjb,,Both joins enabled,,,,,,,,New Construction,None,,Interior (framing, columns) <0' - 1 1/2">,Interior (framing, columns) <0' - 1 1/2">,,L1_35_Low,-5'-11",Not Defined,,,,0",,,,,Concrete, Cast-in-Place gray,Girder,9'-4 1/2",CB24x24,,,13xWBrKJD88gLLobxhZBc3,,,,18.28 CF,,Origin,0",Top,0"
B10,Superstructure,,,,23.25.30.11.14.14,,,,,1,0.00°,18'-9",,-7'-11",-5'-11",,,0",,,,,,,,,,By Type,,Default,,Concrete-Rectangular Beam,Concrete-Rectangular Beam: CB24x24,,,3ZT5EhLQn6JfRlijT8hpjd,,Both joins enabled,,,,,,,,New Construction,None,,Interior (framing, columns) <0' - 1 1/2">,Interior (framing, columns) <0' - 1 1/2">,,L1_35_Low,-5'-11",Not Defined,,,,0",,,,,Concrete, Cast-in-Place gray,Girder,20'-6",CB24x24,,,13xWBrKJD88gLLobxhZBc3,,,,43.75 CF,,Origin,0",Top,0"
B10,Superstructure,,,,23.25.30.11.14.14,,,,,1,0.00°,18'-4",,-5'-5 1/2",-3'-5 1/2",,,0",,,,,,,,,,By Type,,Default,,Concrete-Rectangular Beam,Concrete-Rectangular Beam: CB24x24,,,3ZT5EhLQn6JfRlijT8hpjX,,One or two joins disabled,,,,,,,,New Construction,None,,Interior (framing, columns) <0' - 1 1/2">,Interior (framing, columns) <0' - 1 1/2">,,L1_37_Med,-3'-5 1/2",Not Defined,,,,0",,,,,Concrete, Cast-in-Place gray,Girder,19'-8",CB24x24,,,13xWBrKJD88gLLobxhZBc3,,,,42.78 CF,,Origin,0",Top,0"
B10,Superstructure,,,,23.25.30.11.14.14,,,,,1,0.00°,15'-4",,-5'-5 1/2",-3'-5 1/2",,,0",,,,,,,,,,By Type,,Default,,Concrete-Rectangular Beam,Concrete-Rectangular Beam: CB24x24,,,3ZT5EhLQn6JfRlijT8hpjZ,,Both joins enabled,,,,,,,,New Construction,None,,Interior (framing, columns) <0' - 1 1/2">,Interior (framing, columns) <0' - 1 1/2">,,L1_37_Med,-3'-5 1/2",Not Defined,,,,0",,,,,Concrete, Cast-in-Place gray,Girder,17'-4",CB24x24,,,13xWBrKJD88gLLobxhZBc3,,,,35.78 CF,,Origin,0",Top,0"
B10,Superstructure,,,,23.25.30.11.14.14,,,,,1,0.00°,21'-8 159/256",,-2'-0",0",,,0",,,,,,,,,,By Type,,Default,,Concrete-Rectangular Beam,Concrete-Rectangular Beam: CB24x24,,,3ZT5EhLQn6JfRlijT8hpjT,,Both joins enabled,,,,,,,,New Construction,None,,Interior (framing, columns) <0' - 1 1/2">,Interior (framing, columns) <0' - 1 1/2">,,L1_43_High,0",Not Defined,,,,0",,,,,Concrete, Cast-in-Place gray,Girder,23'-7 37/256",CB24x24,,,13xWBrKJD88gLLobxhZBc3,,,,50.37 CF,,Origin,0",Top,0"
B10,Superstructure,,,,23.25.30.11.14.14,,,,,1,0.00°,17'-8 1/2",,-7'-11",-5'-11",,,0",,,,,,,,,,By Type,,Default,,Concrete-Rectangular Beam,Concrete-Rectangular Beam: CB24x24,,,3ZT5EhLQn6JfRlijT8hpjV,,Both joins enabled,,,,,,,,New Construction,None,,Interior (framing, columns) <0' - 1 1/2">,Interior (framing, columns) <0' - 1 1/2">,,L1_35_Low,-5'-11",Not Defined,,,,0",,,,,Concrete, Cast-in-Place gray,Girder,19'-9",CB24x24,,,13xWBrKJD88gLLobxhZBc3,,,,41.32 CF,,Origin,0",Top,0"
B10,Superstructure,,,,23.25.30.11.14.14,,,,,1,0.00°,20'-5 1/2",,-8'-5",-5'-11",,,0",,,,,,,,,,By Type,,Default,,Concrete-Rectangular Beam,Concrete-Rectangular Beam: CB24x30,,,3ZT5EhLQn6JfRlijT8hpjP,,Both joins enabled,,,,,,,,New Construction,None,,Interior (framing, columns) <0' - 1 1/2">,Interior (framing, columns) <0' - 1 1/2">,,L1_35_Low,-5'-11",Not Defined,,,,0",,,,,Concrete, Cast-in-Place gray,Girder,21'-11 1/2",CB24x30,,,0KlFU7lovDsB3F7ixU5fvU,,,,68.19 CF,,Origin,0",Top,0"
B10,Superstructure,,,,23.25.30.11.14.14,,,,,1,0.00°,23'-0",,-8'-5",-5'-11",,,0",,,,,,,,,,By Type,,Default,,Concrete-Rectangular Beam,Concrete-Rectangular Beam: CB24x30,,,3ZT5EhLQn6JfRlijT8hpjL,,Both joins enabled,,,,,,,,New Construction,None,,Interior (framing, columns) <0' - 1 1/2">,Interior (framing, columns) <0' - 1 1/2">,,L1_35_Low,-5'-11",Not Defined,,,,0",,,,,Concrete, Cast-in-Place gray,Girder,25'-6",CB24x30,,,0KlFU7lovDsB3F7ixU5fvU,,,,76.67 CF,,Origin,0",Top,0"
B10,Superstructure,,,,23.25.30.11.14.14,,,,,1,0.00°,5'-0",,-8'-5",-5'-11",,,0",,,,,,,,,,By Type,,Default,,Concrete-Rectangular Beam,Concrete-Rectangular Beam: CB24x30,,,3ZT5EhLQn6JfRlijT8hpjN,,Both joins enabled,,,,,,,,New Construction,None,,Interior (framing, columns) <0' - 1 1/2">,Interior (framing, columns) <0' - 1 1/2">,,L1_35_Low,-5'-11",Not Defined,,,,0",,,,,Concrete, Cast-in-Place gray,Girder,5'-11",CB24x30,,,0KlFU7lovDsB3F7ixU5fvU,,,,16.67 CF,,Origin,0",Top,0"
B10,Superstructure,,,,23.25.30.11.14.14,,,,,1,0.00°,20'-5 1/2",,-8'-5",-5'-11",,,0",,,,,1782.17 in³,,,,,By Type,,Default,,Concrete-Rectangular Beam,Concrete-Rectangular Beam: CB24x30,,,3ZT5EhLQn6JfRlijT8hpjH,,Both joins enabled,,,,,,,,New Construction,None,,Interior (framing, columns) <0' - 1 1/2">,Interior (framing, columns) <0' - 1 1/2">,,L1_35_Low,-5'-11",Not Defined,,,,0",,,,,Concrete, Cast-in-Place gray,Girder,21'-11 1/2",CB24x30,,,0KlFU7lovDsB3F7ixU5fvU,,,,68.19 CF,,Origin,0",Top,0"
B10,Superstructure,,,,23.25.30.11.14.14,,,,,1,0.00°,23'-0",,-8'-5",-5'-11",,,0",,,,,1077.08 in³,,,,,By Type,,Default,,Concrete-Rectangular Beam,Concrete-Rectangular Beam: CB24x30,,,3ZT5EhLQn6JfRlijT8hpjJ,,Both joins enabled,,,,,,,,New Construction,None,,Interior (framing, columns) <0' - 1 1/2">,Interior (framing, columns) <0' - 1 1/2">,,L1_35_Low,-5'-11",Not Defined,,,,0",,,,,Concrete, Cast-in-Place gray,Girder,25'-0",CB24x30,,,0KlFU7lovDsB3F7ixU5fvU,,,,76.67 CF,,Origin,0",Top,0"
B10,Superstructure,,,,23.25.30.11.14.14,,,,,1,0.00°,20'-6 1/2",,-7'-11",-5'-11",,,0",,,,,,,,,,By Type,,Default,,Concrete-Rectangular Beam,Concrete-Rectangular Beam: CB18x24,,,3ZT5EhLQn6JfRlijT8hpjC,,Both joins enabled,,,,,,,,New Construction,None,,Interior (framing, columns) <0' - 1 1/2">,Interior (framing, columns) <0' - 1 1/2">,,L1_35_Low,-5'-11",Not Defined,,,,0",,,,,Concrete, Cast-in-Place gray,Girder,22'-0 1/2",CB18x24,,,13xWBrKJD88gLLobxhZBvz,,,,35.95 CF,,Origin,0",Top,0"
B10,Superstructure,,,,23.25.30.11.14.14,,,,,1,0.00°,20'-5 1/2",,-6'-9",-3'-5 1/2",,,0",,,,,,,,,,By Type,,Default,,Concrete-Rectangular Beam,Concrete-Rectangular Beam: CB24x39,,,3ZT5EhLQn6JfRlijT8hpjD,,Both joins enabled,,,,,,,,New Construction,None,,Interior (framing, columns) <0' - 1 1/2">,Interior (framing, columns) <0' - 1 1/2">,Interior (framing, columns) <0' - 1 1/2">,L1_37_Med,-3'-5 1/2",Not Defined,,,,0",,,,,Concrete, Cast-in-Place gray,Girder,21'-5 1/2",CB24x39,,,2tZpX4cejCPhJiuSC30zdn,,,,100.59 CF,,Origin,0",Top,0"
B10,Superstructure,,,,23.25.30.11.14.14,,,,,1,0.00°,23'-0",,-6'-9",-3'-5 1/2",,,0",,,,,,,,,,By Type,,Default,,Concrete-Rectangular Beam,Concrete-Rectangular Beam: CB24x39,,,3ZT5EhLQn6JfRlijT8hpjF,,Both joins enabled,,,,,,,,New Construction,None,,Interior (framing, columns) <0' - 1 1/2">,Interior (framing, columns) <0' - 1 1/2">,Interior (framing, columns) <0' - 1 1/2">,L1_37_Med,-3'-5 1/2",Not Defined,,,,0",,,,,Concrete, Cast-in-Place gray,Girder,24'-0",CB24x39,,,2tZpX4cejCPhJiuSC30zdn,,,,113.08 CF,,Origin,0",Top,0"
B10,Superstructure,,,,23.25.30.11.14.14,,,,,1,0.00°,20'-5 1/2",,-5'-11 1/2",-3'-5 1/2",,,0",,,,,,,,,,By Type,,Default,,Concrete-Rectangular Beam,Concrete-Rectangular Beam: CB24x30,,,3ZT5EhLQn6JfRlijT8hpj9,,Both joins enabled,,,,,,,,New Construction,None,,Interior (framing, columns) <0' - 1 1/2">,Interior (framing, columns) <0' - 1 1/2">,,L1_37_Med,-3'-5 1/2",Not Defined,,,,0",,,,,Concrete, Cast-in-Place gray,Girder,22'-5 1/2",CB24x30,,,0KlFU7lovDsB3F7ixU5fvU,,,,68.19 CF,,Origin,0",Top,0"
B10,Superstructure,,,,23.25.30.11.14.14,,,,,1,0.00°,23'-0",,-5'-11 1/2",-3'-5 1/2",,,0",,,,,,,,,,By Type,,Default,,Concrete-Rectangular Beam,Concrete-Rectangular Beam: CB24x30,,,3ZT5EhLQn6JfRlijT8hpjB,,Both joins enabled,,,,,,,,New Construction,None,,Interior (framing, columns) <0' - 1 1/2">,Interior (framing, columns) <0' - 1 1/2">,,L1_37_Med,-3'-5 1/2",Not Defined,,,,0",,,,,Concrete, Cast-in-Place gray,Girder,25'-0",CB24x30,,,0KlFU7lovDsB3F7ixU5fvU,,,,76.67 CF,,Origin,0",Top,0"
B10,Superstructure,,,,23.25.30.11.14.14,,,,,1,0.00°,20'-6 1/2",,-5'-11 1/2",-3'-5 1/2",,,0",,,,,,,,,,By Type,,Default,,Concrete-Rectangular Beam,Concrete-Rectangular Beam: CB24x30,,,3ZT5EhLQn6JfRlijT8hpj4,,Both joins enabled,,,,,,,,New Construction,None,,Interior (framing, columns) <0' - 1 1/2">,Interior (framing, columns) <0' - 1 1/2">,,L1_37_Med,-3'-5 1/2",Not Defined,,,,0",,,,,Concrete, Cast-in-Place gray,Girder,22'-6 1/2",CB24x30,,,0KlFU7lovDsB3F7ixU5fvU,,,,68.47 CF,,Origin,0",Top,0"
B10,Superstructure,,,,23.25.30.11.14.14,,,,,1,0.00°,22'-9",,-5'-11 1/2",-3'-5 1/2",,,0",,,,,,,,,,By Type,,Default,,Concrete-Rectangular Beam,Concrete-Rectangular Beam: CB24x30,,,3ZT5EhLQn6JfRlijT8hpj5,,Both joins enabled,,,,,,,,New Construction,None,,Interior (framing, columns) <0' - 1 1/2">,Interior (framing, columns) <0' - 1 1/2">,,L1_37_Med,-3'-5 1/2",Not Defined,,,,0",,,,,Concrete, Cast-in-Place gray,Girder,24'-9",CB24x30,,,0KlFU7lovDsB3F7ixU5fvU,,,,69.17 CF,,Origin,0",Top,0"
B10,Superstructure,,,,23.25.30.11.14.14,,,,,1,0.00°,23'-0",,-5'-11 1/2",-3'-5 1/2",,,0",,,,,,,,,,By Type,,Default,,Concrete-Rectangular Beam,Concrete-Rectangular Beam: CB24x30,,,3ZT5EhLQn6JfRlijT8hpj0,,One or two joins disabled,,,,,,,,New Construction,None,,Interior (framing, columns) <0' - 1 1/2">,Interior (framing, columns) <0' - 1 1/2">,,L1_37_Med,-3'-5 1/2",Not Defined,,,,0",,,,,Concrete, Cast-in-Place gray,Girder,24'-6",CB24x30,,,0KlFU7lovDsB3F7ixU5fvU,,,,76.67 CF,,Origin,0",Top,0"
B10,Superstructure,,,,23.25.30.11.14.14,,,,,1,0.00°,12'-9 1/2",,-5'-11 1/2",-3'-5 1/2",,,0",,,,,,,,,,By Type,,Default,,Concrete-Rectangular Beam,Concrete-Rectangular Beam: CB24x30,,,3ZT5EhLQn6JfRlijT8hpj1,,Both joins enabled,,,,,,,,New Construction,None,,Interior (framing, columns) <0' - 1 1/2">,Interior (framing, columns) <0' - 1 1/2">,,L1_37_Med,-3'-5 1/2",Not Defined,,,,0",,,,,Concrete, Cast-in-Place gray,Girder,14'-2 1/2",CB24x30,,,0KlFU7lovDsB3F7ixU5fvU,,,,42.64 CF,,Origin,0",Top,0"
B10,Superstructure,,,,23.25.30.11.14.14,,,,,1,0.00°,22'-9",,-5'-11 1/2",-3'-5 1/2",,,0",,,,,,,,,,By Type,,Default,,Concrete-Rectangular Beam,Concrete-Rectangular Beam: CB24x30,,,3ZT5EhLQn6JfRlijT8hpj2,,Both joins enabled,,,,,,,,New Construction,None,,Interior (framing, columns) <0' - 1 1/2">,Interior (framing, columns) <0' - 1 1/2">,,L1_37_Med,-3'-5 1/2",Not Defined,,,,0",,,,,Concrete, Cast-in-Place gray,Girder,24'-7 35/128",CB24x30,,,0KlFU7lovDsB3F7ixU5fvU,,,,69.17 CF,,Origin,0",Top,0"
B10,Superstructure,,,,23.25.30.11.14.14,,,,,1,0.00°,23'-0",,-5'-11 1/2",-3'-5 1/2",,,0",,,,,,,,,,By Type,,Default,,Concrete-Rectangular Beam,Concrete-Rectangular Beam: CB24x30,,,3ZT5EhLQn6JfRlijT8hpiy,,Both joins enabled,,,,,,,,New Construction,None,,Interior (framing, columns) <0' - 1 1/2">,Interior (framing, columns) <0' - 1 1/2">,,L1_37_Med,-3'-5 1/2",Not Defined,,,,0",,,,,Concrete, Cast-in-Place gray,Girder,25'-0",CB24x30,,,0KlFU7lovDsB3F7ixU5fvU,,,,76.67 CF,,Origin,0",Top,0"
B10,Superstructure,,,,23.25.30.11.14.14,,,,,1,0.00°,20'-6 1/2",,-5'-11 1/2",-3'-5 1/2",,,0",,,,,,,,,,By Type,,Default,,Concrete-Rectangular Beam,Concrete-Rectangular Beam: CB24x30,,,3ZT5EhLQn6JfRlijT8hpiz,,Both joins enabled,,,,,,,,New Construction,None,,Interior (framing, columns) <0' - 1 1/2">,Interior (framing, columns) <0' - 1 1/2">,,L1_37_Med,-3'-5 1/2",Not Defined,,,,0",,,,,Concrete, Cast-in-Place gray,Girder,22'-4 83/128",CB24x30,,,0KlFU7lovDsB3F7ixU5fvU,,,,68.47 CF,,Origin,0",Top,0"
B10,Superstructure,,,,23.25.30.11.14.14,,,,,1,0.00°,15'-4",,-4'-3 1/2",0",,,0",,,,,,,,,,By Type,,Default,,Concrete-Rectangular Beam,Concrete-Rectangular Beam: CB24 x51,,,3ZT5EhLQn6JfRlijT8hpiu,,Both joins enabled,,,,,,,,New Construction,None,,Interior (framing, columns) <0' - 1 1/2">,Interior (framing, columns) <0' - 1 1/2">,,L1_43_High,0",Not Defined,,,,0",,,,,Concrete, Cast-in-Place gray,Girder,16'-10",CB24 x51,,,2tZpX4cejCPhJiuSC30zbx,,,,106.06 CF,,Origin,0",Top,0"
B10,Superstructure,,,,23.25.30.11.14.14,,,,,1,0.00°,20'-6 1/2",,-4'-3 1/2",0",,,0",,,,,,,,,,By Type,,Default,,Concrete-Rectangular Beam,Concrete-Rectangular Beam: CB24 x51,,,3ZT5EhLQn6JfRlijT8hpiv,,One or two joins disabled,,,,,,,,New Construction,None,,Interior (framing, columns) <0' - 1 1/2">,Interior (framing, columns) <0' - 1 1/2">,,L1_43_High,0",Not Defined,,,,0",,,,,Concrete, Cast-in-Place gray,Girder,26'-8 19/32",CB24 x51,,,2tZpX4cejCPhJiuSC30zbx,,,,142.08 CF,,Origin,0",Top,0"
B10,Superstructure,,,,23.25.30.11.14.14,,,,,1,0.00°,18'-1 1/2",,-5'-5 1/2",-3'-5 1/2",,,0",,,,,,,,,,By Type,,Default,,Concrete-Rectangular Beam,Concrete-Rectangular Beam: CB24x24,,,3ZT5EhLQn6JfRlijT8hpjd,,Both joins enabled,,,,,,,,New Construction,None,,Interior (framing, columns) <0' - 1 1/2">,Interior (framing, columns) <0' - 1 1/2">,,L1_37_Med,-3'-5 1/2",Not Defined,,,,0",,,,,Concrete, Cast-in-Place gray,Girder,19'-7 1/2",CB24x24,,,13xWBrKJD88gLLobxhZBc3,,,,42.29 CF,,Origin,0",Top,0"
B10,Superstructure,,,,23.25.30.11.14.14,,,,,1,0.00°,18'-9 1/2",,-7'-11",-5'-11",,,0",,,,,,,,,,By Type,,Default,,Concrete-Rectangular Beam,Concrete-Rectangular Beam: CB24x24,,,3ZT5EhLQn6JfRlijT8hpjb,,Both joins enabled,,,,,,,,New Construction,None,,Interior (framing, columns) <0' - 1 1/2">,Interior (framing, columns) <0' - 1 1/2">,,L1_35_Low,-5'-11",Not Defined,,,,0",,,,,Concrete, Cast-in-Place gray,Girder,20'-9",CB24x24,,,13xWBrKJD88gLLobxhZBc3,,,,43.85 CF,,Origin,0",Top,0"
B10,Superstructure,,,,23.25.30.11.14.14,,,,,1,0.00°,13'-2",,-5'-5 1/2",-3'-5 1/2",,,0",,,,,,,,,,By Type,,Default,,Concrete-Rectangular Beam,Concrete-Rectangular Beam: CB24x24,,,3ZT5EhLQn6JfRlijT8hpmY,,Both joins enabled,,,,,,,,New Construction,None,,Interior (framing, columns) <0' - 1 1/2">,Interior (framing, columns) <0' - 1 1/2">,,L1_37_Med,-3'-5 1/2",Not Defined,,,,0",,,,,Concrete, Cast-in-Place gray,Girder,14'-7",CB24x24,,,13xWBrKJD88gLLobxhZBc3,,,,30.72 CF,,Origin,0",Top,0"
B10,Superstructure,,,,23.25.30.11.14.14,,,,,1,0.00°,18'-9 1/2",,-7'-11",-5'-11",,,0",,,,,812.89 in³,,,,,By Type,,Default,,Concrete-Rectangular Beam,Concrete-Rectangular Beam: CB24x24,,,3ZT5EhLQn6JfRlijT8hp$X,,Both joins enabled,,,,,,,,New Construction,None,,Interior (framing, columns) <0' - 1 1/2">,Interior (framing, columns) <0' - 1 1/2">,,L1_35_Low,-5'-11",Not Defined,,,,0",,,,,Concrete, Cast-in-Place gray,Girder,20'-9",CB24x24,,,13xWBrKJD88gLLobxhZBc3,,,,43.85 CF,,Origin,0",Top,0"
B10,Superstructure,,,,23.25.30.11.14.14,,,,,1,0.00°,18'-9",,-7'-11",-5'-11",,,0",,,,,812.89 in³,,,,,By Type,,Default,,Concrete-Rectangular Beam,Concrete-Rectangular Beam: CB24x24,,,3ZT5EhLQn6JfRlijT8hp$D,,Both joins enabled,,,,,,,,New Construction,None,,Interior (framing, columns) <0' - 1 1/2">,Interior (framing, columns) <0' - 1 1/2">,,L1_35_Low,-5'-11",Not Defined,,,,0",,,,,Concrete, Cast-in-Place gray,Girder,20'-9",CB24x24,,,13xWBrKJD88gLLobxhZBc3,,,,43.75 CF,,Origin,0",Top,0"
B10,Superstructure,,,,23.25.30.11.14.14,,,,,1,0.00°,27'-0",,-5'-5 1/2",-3'-5 1/2",,,0",,,,,,,,,,By Type,,Default,,Concrete-Rectangular Beam,Concrete-Rectangular Beam: CB24x24,,,3ZT5EhLQn6JfRlijT8hp_x,,Both joins enabled,,,,,,,,New Construction,None,,Interior (framing, columns) <0' - 1 1/2">,Interior (framing, columns) <0' - 1 1/2">,,L1_37_Med,-3'-5 1/2",Not Defined,,,,0",,,,,Concrete, Cast-in-Place gray,Girder,29'-0",CB24x24,,,13xWBrKJD88gLLobxhZBc3,,,,63.00 CF,,Origin,0",Top,0"
B10,Superstructure,,,,23.25.30.11.14.14,,,,,1,0.00°,21'-10",,-5'-5 1/2",-3'-5 1/2",,,0",,,,,,,,,,By Type,,Default,,Concrete-Rectangular Beam,Concrete-Rectangular Beam: CB24x24,,,3ZT5EhLQn6JfRlijT8hp_c,,Both joins enabled,,,,,,,,New Construction,None,,Interior (framing, columns) <0' - 1 1/2">,Interior (framing, columns) <0' - 1 1/2">,,L1_37_Med,-3'-5 1/2",Not Defined,,,,0",,,,,Concrete, Cast-in-Place gray,Girder,23'-6",CB24x24,,,13xWBrKJD88gLLobxhZBc3,,,,50.94 CF,,Origin,0",Top,0"
B10,Superstructure,,,,23.25.30.11.14.14,,,,,1,0.00°,18'-4",,-5'-5 1/2",-3'-5 1/2",,,0",,,,,,,,,,By Type,,Default,,Concrete-Rectangular Beam,Concrete-Rectangular Beam: CB24x24,,,3ZT5EhLQn6JfRlijT8hpzO,,Both joins enabled,,,,,,,,New Construction,None,,Interior (framing, columns) <0' - 1 1/2">,Interior (framing, columns) <0' - 1 1/2">,,L1_37_Med,-3'-5 1/2",Not Defined,,,,0",,,,,Concrete, Cast-in-Place gray,Girder,20'-2",CB24x24,,,13xWBrKJD88gLLobxhZBc3,,,,42.78 CF,,Origin,0",Top,0"
B10,Superstructure,,,,23.25.30.11.14.14,,,,,1,0.00°,15'-4",,-5'-5 1/2",-3'-5 1/2",,,0",,,,,,,,,,By Type,,Default,,Concrete-Rectangular Beam,Concrete-Rectangular Beam: CB24x24,,,3ZT5EhLQn6JfRlijT8hpz1,,Both joins enabled,,,,,,,,New Construction,None,,Interior (framing, columns) <0' - 1 1/2">,Interior (framing, columns) <0' - 1 1/2">,,L1_37_Med,-3'-5 1/2",Not Defined,,,,0",,,,,Concrete, Cast-in-Place gray,Girder,17'-1",CB24x24,,,13xWBrKJD88gLLobxhZBc3,,,,35.78 CF,,Origin,0",Top,0"
B10,Superstructure,,,,23.25.30.11.14.14,,,,,1,0.00°,16'-1 79/128",,-2'-0",0",,,0",,,,,,,,,,By Type,,Default,,Concrete-Rectangular Beam,Concrete-Rectangular Beam: CB24x24,,,3ZT5EhLQn6JfRlijT8hpxt,,Both joins enabled,,,,,,,,New Construction,None,,Interior (framing, columns) <0' - 1 1/2">,Interior (framing, columns) <0' - 1 1/2">,,L1_43_High,0",Not Defined,,,,0",,,,,Concrete, Cast-in-Place gray,Girder,17'-6 9/64",CB24x24,,,13xWBrKJD88gLLobxhZBc3,,,,37.34 CF,,Origin,0",Top,0"
B10,Superstructure,,,,23.25.30.11.14.14,,,,,1,0.00°,16'-5",,5'-10 51/128",7'-4 1/2",0",1/2",0",,,,,,919.56 lbm,,,,By Type,,Default,,W Shapes,W Shapes: W18x55,,,3ZT5EhLQn6JfRlijT8hp5_,,Both joins enabled,,,,,,,856 SF,New Construction,None,,,,,L2 TOS,7'-7",I-shape Parallel Flange,,0",1/2",0",,,,,Steel,Girder,17'-4",W18x55,,,1_y_hNQfD4N8RbeJZCV0vP,,,,1.88 CF,904.97 lbm,Origin,0",Top,-2 1/2"
B10,Superstructure,,,,23.25.30.11.14.14,,,,,1,0.00°,16'-0 51/128",,5'-10 51/128",7'-4 1/2",0",1/2",0",,,,,,898.09 lbm,,,,By Type,,Default,,W Shapes,W Shapes: W18x55,,,3ZT5EhLQn6JfRlijT8hp52,,Both joins enabled,,,,,,,856 SF,New Construction,None,,,,,L2 TOS,7'-7",I-shape Parallel Flange,,0",1/2",0",,,,,Steel,Girder,17'-4",W18x55,,,1_y_hNQfD4N8RbeJZCV0vP,,,,1.83 CF,883.84 lbm,Origin,0",Top,-2 1/2"
B1010350,Joists - Steel,,,,23.25.30.21.14.11,,,,,1,0.00°,22'-3",,6'-5 1/2",7'-9 1/2",0",1/2",0",,,,,,183.60 lbm,,,,By Type,,Default,,K-Series Bar Joist-Angle Web,K-Series Bar Joist-Angle Web: 16K6,,,3ZT5EhLQn6JfRlijT8hoYQ,,Both joins enabled,,,,,,,0 SF,New Construction,None,,,,,L2 TOS,7'-7",Not Defined,,0",1/2",0",,,,,Steel,Joist,22'-3",16K6,,,3ZT5EhLQn6JfRlijT8hoc2,,,,0.37 CF,0.00 lbm,Origin,0",Top,2 1/2"
B1010350,Joists - Steel,,,,23.25.30.21.14.11,,,,,1,0.00°,22'-3",,6'-3",7'-7",0",1/2",0",,,,,,183.60 lbm,,,,By Type,,Default,,K-Series Bar Joist-Angle Web,K-Series Bar Joist-Angle Web: 16K6,,,3ZT5EhLQn6JfRlijT8hoYR,,Both joins enabled,,,,,,,0 SF,New Construction,None,,,,,L2 TOS,7'-7",Not Defined,,0",1/2",0",,,,,Steel,Joist,22'-3",16K6,,,3ZT5EhLQn6JfRlijT8hoc2,,,,0.37 CF,0.00 lbm,Origin,0",Top,0"
B1010350,Joists - Steel,,,,23.25.30.21.14.11,,,,,1,0.00°,22'-3",,6'-3",7'-7",0",1/2",0",,,,,,183.60 lbm,,,,By Type,,Default,,K-Series Bar Joist-Angle Web,K-Series Bar Joist-Angle Web: 16K6,,,3ZT5EhLQn6JfRlijT8hoYK,,Both joins enabled,,,,,,,0 SF,New Construction,None,,,,,L2 TOS,7'-7",Not Defined,,0",1/2",0",,,,,Steel,Joist,22'-3",16K6,,,3ZT5EhLQn6JfRlijT8hoc2,,,,0.37 CF,0.00 lbm,Origin,0",Top,0"
B1010350,Joists - Steel,,,,23.25.30.21.14.11,,,,,1,0.00°,22'-3",,6'-3",7'-7",0",1/2",0",,,,,,183.60 lbm,,,,By Type,,Default,,K-Series Bar Joist-Angle Web,K-Series Bar Joist-Angle Web: 16K6,,,3ZT5EhLQn6JfRlijT8hoYL,,Both joins enabled,,,,,,,0 SF,New Construction,None,,,,,L2 TOS,7'-7",Not Defined,,0",1/2",0",,,,,Steel,Joist,22'-3",16K6,,,3ZT5EhLQn6JfRlijT8hoc2,,,,0.37 CF,0.00 lbm,Origin,0",Top,0"
B1010350,Joists - Steel,,,,23.25.30.21.14.11,,,,,1,0.00°,22'-3",,6'-3",7'-7",0",1/2",0",,,,,,183.60 lbm,,,,By Type,,Default,,K-Series Bar Joist-Angle Web,K-Series Bar Joist-Angle Web: 16K6,,,3ZT5EhLQn6JfRlijT8hoYM,,Both joins enabled,,,,,,,0 SF,New Construction,None,,,,,L2 TOS,7'-7",Not Defined,,0",1/2",0",,,,,Steel,Joist,22'-3",16K6,,,3ZT5EhLQn6JfRlijT8hoc2,,,,0.37 CF,0.00 lbm,Origin,0",Top,0"
B10,Superstructure,,,,23.25.30.11.14.14,,,,,1,0.00°,15'-10",,6'-0 115/128",7'-7",0",1/2",0",,,,,,886.88 lbm,,,,By Type,,Default,,W Shapes,W Shapes: W18x55,,,3ZT5EhLQn6JfRlijT8hoWH,,Both joins enabled,,,,,,,832 SF,New Construction,None,,,,,L2 TOS,7'-7",I-shape Parallel Flange,,0",1/2",0",,,,,Steel,Girder,16'-10",W18x55,,,1_y_hNQfD4N8RbeJZCV0vP,,,,1.81 CF,872.81 lbm,Origin,0",Top,0"
B10,Superstructure,,,,23.25.30.11.14.14,,,,,1,0.00°,16'-6 15/64",,5'-10 51/128",7'-4 1/2",0",1/2",0",,,,,,925.32 lbm,,,,By Type,,Default,,W Shapes,W Shapes: W18x55,,,3ZT5EhLQn6JfRlijT8holw,,Both joins enabled,,,,,,,856 SF,New Construction,None,,,,,L2 TOS,7'-7",I-shape Parallel Flange,,0",1/2",0",,,,,Steel,Girder,17'-4",W18x55,,,1_y_hNQfD4N8RbeJZCV0vP,,,,1.89 CF,910.64 lbm,Origin,0",Top,-2 1/2"
B10,Superstructure,,,,23.25.30.11.14.14,,,,,1,0.00°,8'-4",,3'-5 115/128",5'-0",0",1/2",0",,,,,,466.95 lbm,,,,By Type,,Default,,W Shapes,W Shapes: W18x55,,,3ZT5EhLQn6JfRlijT8hotq,,Both joins enabled,,,,,,,461 SF,New Construction,None,,,,,M1 TOS,5'-0",I-shape Parallel Flange,,0",1/2",0",,,,,Steel,Girder,9'-4",W18x55,,,1_y_hNQfD4N8RbeJZCV0vP,,,,0.95 CF,459.37 lbm,Origin,0",Top,0"
B10,Superstructure,,,,23.25.30.11.14.14,,,,,1,0.00°,19'-10 1/2",,3'-0 115/128",4'-7",0",1/2",0",,,,,,1113.66 lbm,,,,By Type,,Default,,W Shapes,W Shapes: W18x55,,,3ZT5EhLQn6JfRlijT8hotr,,Both joins enabled,,,,,,,1,027 SF,New Construction,None,,,,,M1 TOS,5'-0",I-shape Parallel Flange,,0",1/2",0",,,,,Steel,Girder,20'-9 1/2",W18x55,,,1_y_hNQfD4N8RbeJZCV0vP,,,,2.27 CF,1095.61 lbm,Origin,0",Top,-5"
B10,Superstructure,,,,23.25.30.11.14.14,,,,,1,0.00°,20'-0 1/2",,3'-0 115/128",4'-7",0",-5",0",,,,,,1122.61 lbm,,,,By Type,,Default,,W Shapes,W Shapes: W18x55,,,3ZT5EhLQn6JfRlijT8hots,,Both joins enabled,,,,,,,1,017 SF,New Construction,None,,,,,M1 TOS,5'-0",I-shape Parallel Flange,,0",1/2",0",,,,,Steel,Girder,20'-7",W18x55,,,1_y_hNQfD4N8RbeJZCV0vP,,,,2.29 CF,1104.80 lbm,Origin,0",Top,-5"
B10,Superstructure,,,,23.25.30.11.14.14,,,,,1,0.00°,18'-11",,5'-10 51/128",7'-4 1/2",0",1/2",0",,,,,,1059.59 lbm,,,,By Type,,Default,,W Shapes,W Shapes: W18x55,,,3ZT5EhLQn6JfRlijT8hott,,Both joins enabled,,,,,,,969 SF,New Construction,None,,,,,L2 TOS,7'-7",I-shape Parallel Flange,,0",-3",0",,,,,Steel,Girder,19'-7 1/2",W18x55,,,1_y_hNQfD4N8RbeJZCV0vP,,,,2.16 CF,1042.78 lbm,Origin,0",Top,-2 1/2"
B10,Superstructure,,,,23.25.30.11.14.14,,,,,1,0.00°,13'-8 1/2",,5'-10 51/128",7'-4 1/2",0",,0",,,,,,767.86 lbm,,,,By Type,,Default,,W Shapes,W Shapes: W18x55,,,3ZT5EhLQn6JfRlijT8hotm,,Both joins enabled,,,,,,,700 SF,New Construction,None,,,,,L2 TOS,7'-7",I-shape Parallel Flange,,0",1/2",0",,,,,Steel,Girder,14'-2",W18x55,,,1_y_hNQfD4N8RbeJZCV0vP,,,,1.57 CF,755.67 lbm,Origin,0",Top,-2 1/2"
B10,Superstructure,,,,23.25.30.11.14.14,,,,,1,0.00°,19'-6",,5'-10 51/128",7'-4 1/2",0",1/2",0",,,,,,1092.65 lbm,,,,By Type,,Default,,W Shapes,W Shapes: W18x55,,,3ZT5EhLQn6JfRlijT8hotn,,Both joins enabled,,,,,,,1,009 SF,New Construction,None,,,,,L2 TOS,7'-7",I-shape Parallel Flange,,0",1/2",0",,,,,Steel,Girder,20'-5",W18x55,,,1_y_hNQfD4N8RbeJZCV0vP,,,,2.23 CF,1074.94 lbm,Origin,0",Top,-2 1/2"
B10,Superstructure,,,,23.25.30.11.14.14,,,,,1,0.00°,27'-8 1/2",,5'-10 51/128",7'-4 1/2",0",1/2",0",,,,,,1552.05 lbm,,,,By Type,,Default,,W Shapes,W Shapes: W18x55,,,3ZT5EhLQn6JfRlijT8hotk,,Both joins enabled,,,,,,,1,433 SF,New Construction,None,,,,,L2 TOS,7'-7",I-shape Parallel Flange,,0",1/2",0",,,,,Steel,Girder,29'-0",W18x55,,,1_y_hNQfD4N8RbeJZCV0vP,,,,3.17 CF,1527.42 lbm,Origin,0",Top,-2 1/2"
B10,Superstructure,,,,23.25.30.11.14.14,,,,,1,0.00°,22'-11",,5'-10 51/128",7'-4 1/2",0",1/2",0",,,,,,1283.65 lbm,,,,By Type,,Default,,W Shapes,W Shapes: W18x55,,,3ZT5EhLQn6JfRlijT8hotl,,Both joins enabled,,,,,,,1,186 SF,New Construction,None,,,,,L2 TOS,7'-7",I-shape Parallel Flange,,0",1/2",0",,,,,Steel,Girder,24'-0",W18x55,,,1_y_hNQfD4N8RbeJZCV0vP,,,,2.62 CF,1263.28 lbm,Origin,0",Top,-2 1/2"
B10,Superstructure,,,,23.25.30.11.14.14,,,,,1,0.00°,19'-5",,5'-10 51/128",7'-4 1/2",0",1/2",0",,,,,,1087.60 lbm,,,,By Type,,Default,,W Shapes,W Shapes: W18x55,,,3ZT5EhLQn6JfRlijT8hote,,Both joins enabled,,,,,,,996 SF,New Construction,None,,,,,L2 TOS,7'-7",I-shape Parallel Flange,,0",1/2",0",,,,,Steel,Girder,20'-2",W18x55,,,1_y_hNQfD4N8RbeJZCV0vP,,,,2.22 CF,1070.34 lbm,Origin,0",Top,-2 1/2"
B10,Superstructure,,,,23.25.30.11.14.14,,,,,1,0.00°,8'-5 51/256",,3'-5 115/128",5'-0",0",1/2",0",,,,,,472.38 lbm,,,,By Type,,Default,,W Shapes,W Shapes: W18x55,,,3ZT5EhLQn6JfRlijT8hos2,,Both joins enabled,,,,,,,463 SF,New Construction,None,,,,,M1 TOS,5'-0",I-shape Parallel Flange,,0",-3",0",,,,,Steel,Girder,9'-4 1/2",W18x55,,,1_y_hNQfD4N8RbeJZCV0vP,,,,0.96 CF,464.89 lbm,Origin,0",Top,0"
B10,Superstructure,,,,23.25.30.11.14.14,,,,,1,0.00°,19'-5 115/128",,3'-0 115/128",4'-7",0",1/2",0",,,,,,1091.80 lbm,,,,By Type,,Default,,W Shapes,W Shapes: W18x55,,,3ZT5EhLQn6JfRlijT8hos3,,Both joins enabled,,,,,,,1,023 SF,New Construction,None,,,,,M1 TOS,5'-0",I-shape Parallel Flange,,0",1/2",0",,,,,Steel,Girder,20'-8 1/2",W18x55,,,1_y_hNQfD4N8RbeJZCV0vP,,,,2.23 CF,1074.48 lbm,Origin,0",Top,-5"
B10,Superstructure,,,,23.25.30.11.14.14,,,,,1,0.00°,18'-8 179/256",,5'-10 51/128",7'-4 1/2",0",1/2",0",,,,,,1048.86 lbm,,,,By Type,,Default,,W Shapes,W Shapes: W18x55,,,3ZT5EhLQn6JfRlijT8horz,,Both joins enabled,,,,,,,969 SF,New Construction,None,,,,,L2 TOS,7'-7",I-shape Parallel Flange,,0",-3",0",,,,,Steel,Girder,19'-7 1/2",W18x55,,,1_y_hNQfD4N8RbeJZCV0vP,,,,2.14 CF,1032.22 lbm,Origin,0",Top,-2 1/2"
B10,Superstructure,,,,23.25.30.11.14.14,,,,,1,0.00°,22'-6 51/128",,5'-10 51/128",7'-4 1/2",0",1/2",0",,,,,,1262.18 lbm,,,,By Type,,Default,,W Shapes,W Shapes: W18x55,,,3ZT5EhLQn6JfRlijT8hor$,,Both joins enabled,,,,,,,1,186 SF,New Construction,None,,,,,L2 TOS,7'-7",I-shape Parallel Flange,,0",1/2",0",,,,,Steel,Girder,24'-0",W18x55,,,1_y_hNQfD4N8RbeJZCV0vP,,,,2.58 CF,1242.15 lbm,Origin,0",Top,-2 1/2"
B10,Superstructure,,,,23.25.30.11.14.14,,,,,1,0.00°,19'-0 51/128",,5'-10 51/128",7'-4 1/2",0",1/2",0",,,,,,1066.13 lbm,,,,By Type,,Default,,W Shapes,W Shapes: W18x55,,,3ZT5EhLQn6JfRlijT8horv,,Both joins enabled,,,,,,,996 SF,New Construction,None,,,,,L2 TOS,7'-7",I-shape Parallel Flange,,0",1/2",0",,,,,Steel,Girder,20'-2",W18x55,,,1_y_hNQfD4N8RbeJZCV0vP,,,,2.18 CF,1049.21 lbm,Origin,0",Top,-2 1/2"
B10,Superstructure,,,,23.25.30.11.14.14,,,,,1,0.00°,12'-9 109/128",,6'-0 115/128",7'-7",0",1/2",0",,,,,,718.14 lbm,,,,By Type,,Default,,W Shapes,W Shapes: W18x55,,,2_8myfWZbC58tgSwk4aSMr,,Both joins enabled,,,,,,,696 SF,New Construction,None,,,,,L2 TOS,7'-7",I-shape Parallel Flange,,0",1/2",0",,,,,Steel,Girder,14'-1",W18x55,,,1_y_hNQfD4N8RbeJZCV0vP,,,,1.47 CF,706.75 lbm,Origin,0",Top,0"
B1010350,Joists - Steel,,,,23.25.30.21.14.11,,,,,1,0.00°,22'-3",,6'-3",7'-7",0",1/2",0",,,,,,183.60 lbm,,,,By Type,,Default,,K-Series Bar Joist-Angle Web,K-Series Bar Joist-Angle Web: 16K6,,,2_8myfWZbC58tgSwk4aSPw,,Both joins enabled,,,,,,,0 SF,New Construction,None,,,,,L2 TOS,7'-7",Not Defined,,0",1/2",0",,,,,Steel,Joist,22'-3",16K6,,,3ZT5EhLQn6JfRlijT8hoc2,,,,0.37 CF,0.00 lbm,Origin,0",Top,0"
B1010350,Joists - Steel,,,,23.25.30.21.14.11,,,,,1,0.00°,22'-3",,6'-3",7'-7",0",1/2",0",,,,,,183.60 lbm,,,,By Type,,Default,,K-Series Bar Joist-Angle Web,K-Series Bar Joist-Angle Web: 16K6,,,2_8myfWZbC58tgSwk4aSPv,,Both joins enabled,,,,,,,0 SF,New Construction,None,,,,,L2 TOS,7'-7",Not Defined,,0",1/2",0",,,,,Steel,Joist,22'-3",16K6,,,3ZT5EhLQn6JfRlijT8hoc2,,,,0.37 CF,0.00 lbm,Origin,0",Top,0"
B1010350,Joists - Steel,,,,23.25.30.21.14.11,,,,,1,0.00°,22'-3",,6'-3",7'-7",0",1/2",0",,,,,,183.60 lbm,,,,By Type,,Default,,K-Series Bar Joist-Angle Web,K-Series Bar Joist-Angle Web: 16K6,,,2_8myfWZbC58tgSwk4aSPu,,Both joins enabled,,,,,,,0 SF,New Construction,None,,,,,L2 TOS,7'-7",Not Defined,,0",1/2",0",,,,,Steel,Joist,22'-3",16K6,,,3ZT5EhLQn6JfRlijT8hoc2,,,,0.37 CF,0.00 lbm,Origin,0",Top,0"
B1010350,Joists - Steel,,,,23.25.30.21.14.11,,,,,1,0.00°,22'-3",,6'-3",7'-7",0",1/2",0",,,,,,183.60 lbm,,,,By Type,,Default,,K-Series Bar Joist-Angle Web,K-Series Bar Joist-Angle Web: 16K6,,,2_8myfWZbC58tgSwk4aSP7,,Both joins enabled,,,,,,,0 SF,New Construction,None,,,,,L2 TOS,7'-7",Not Defined,,0",1/2",0",,,,,Steel,Joist,22'-3",16K6,,,3ZT5EhLQn6JfRlijT8hoc2,,,,0.37 CF,0.00 lbm,Origin,0",Top,0"
B10,Superstructure,,,,23.25.30.11.14.14,,,,,1,0.00°,21'-1 109/128",,6'-0 115/128",7'-7",0",1/2",0",,,,,,1185.34 lbm,,,,By Type,,Default,,W Shapes,W Shapes: W18x55,,,2_8myfWZbC58tgSwk4aS3V,,Both joins enabled,,,,,,,1,107 SF,New Construction,None,,,,,L2 TOS,7'-7",I-shape Parallel Flange,,0",1/2",0",,,,,Steel,Girder,22'-5",W18x55,,,1_y_hNQfD4N8RbeJZCV0vP,,,,2.42 CF,1166.12 lbm,Origin,0",Top,0"
B10,Superstructure,,,,23.25.30.11.14.14,,,,,1,0.00°,15'-10",,6'-0 115/128",7'-7",0",1/2",0",,,,,,886.88 lbm,,,,By Type,,Default,,W Shapes,W Shapes: W18x55,,,2_8myfWZbC58tgSwk4aSFr,,Both joins enabled,,,,,,,832 SF,New Construction,None,,,,,L2 TOS,7'-7",I-shape Parallel Flange,,0",1/2",0",,,,,Steel,Girder,16'-10",W18x55,,,1_y_hNQfD4N8RbeJZCV0vP,,,,1.81 CF,872.81 lbm,Origin,0",Top,0"
B10,Superstructure,,,,23.25.30.11.14.14,,,,,1,0.00°,15'-11 45/128",,6'-0 115/128",7'-7",0",-3",0",,,,,,893.19 lbm,,,,By Type,,Default,,W Shapes,W Shapes: W18x55,,,1_y_hNQfD4N8RbeJZCV0q5,,Both joins enabled,,,,,,,825 SF,New Construction,None,,,,,L2 TOS,7'-7",I-shape Parallel Flange,,0",1/2",0",,,,,Steel,Girder,16'-8 1/2",W18x55,,,1_y_hNQfD4N8RbeJZCV0vP,,,,1.82 CF,879.01 lbm,Origin,0",Top,0"
B10,Superstructure,,,,23.25.30.11.14.14,,,,,1,0.00°,8'-11 15/64",,6'-11 7/64",7'-7",0",0",0",,,,,,100.13 lbm,,,,By Type,,Default,,W Shapes,W Shapes: W8x10,,,1_y_hNQfD4N8RbeJZCV0iw,,Both joins enabled,,,,,,,471 SF,New Construction,None,,,,,L2 TOS,7'-7",I-shape Parallel Flange,,0",1/2",0",,,,,Steel,Girder,9'-6 1/2",W8x10,,,2GjH11r995hxaZhII5NFtk,,,,0.20 CF,90.01 lbm,Origin,0",Top,0"
B10,Superstructure,,,,23.25.30.11.14.14,,,,,1,0.00°,5'-8 3/4",,6'-11 7/64",7'-7",0",0",0",,,,,,64.19 lbm,,,,By Type,,Default,,W Shapes,W Shapes: W8x10,,,1_y_hNQfD4N8RbeJZCV0i3,,Both joins enabled,,,,,,,327 SF,New Construction,None,,,,,L2 TOS,7'-7",I-shape Parallel Flange,,0",1/2",0",,,,,Steel,Girder,6'-7 1/2",W8x10,,,2GjH11r995hxaZhII5NFtk,,,,0.13 CF,57.71 lbm,Origin,0",Top,0"
B10,Superstructure,,,,23.25.30.11.14.14,,,,,1,0.00°,18'-11",,16'-7 51/128",18'-1 1/2",0",1/2",0",,,,,,1059.59 lbm,,,,By Type,,Default,,W Shapes,W Shapes: W18x55,,,1o6VL_Pu52oBCxrUxXY07U,,Both joins enabled,,,,,,,969 SF,New Construction,None,,,,,L3 TOS,18'-4",I-shape Parallel Flange,,0",-3",0",,,,,Steel,Girder,19'-7 1/2",W18x55,,,1_y_hNQfD4N8RbeJZCV0vP,,,,2.16 CF,1042.78 lbm,Origin,0",Top,-2 1/2"
B10,Superstructure,,,,23.25.30.11.14.14,,,,,1,0.00°,19'-6",,16'-7 51/128",18'-1 1/2",0",1/2",0",,,,,,1092.65 lbm,,,,By Type,,Default,,W Shapes,W Shapes: W18x55,,,1o6VL_Pu52oBCxrUxXY01a,,Both joins enabled,,,,,,,1,009 SF,New Construction,None,,,,,L3 TOS,18'-4",I-shape Parallel Flange,,0",1/2",0",,,,,Steel,Girder,20'-5",W18x55,,,1_y_hNQfD4N8RbeJZCV0vP,,,,2.23 CF,1074.94 lbm,Origin,0",Top,-2 1/2"
B10,Superstructure,,,,23.25.30.11.14.14,,,,,1,0.00°,16'-5",,16'-7 51/128",18'-1 1/2",0",1/2",0",,,,,,919.56 lbm,,,,By Type,,Default,,W Shapes,W Shapes: W18x55,,,1o6VL_Pu52oBCxrUxXY01t,,Both joins enabled,,,,,,,856 SF,New Construction,None,,,,,L3 TOS,18'-4",I-shape Parallel Flange,,0",1/2",0",,,,,Steel,Girder,17'-4",W18x55,,,1_y_hNQfD4N8RbeJZCV0vP,,,,1.88 CF,904.97 lbm,Origin,0",Top,-2 1/2"
B10,Superstructure,,,,23.25.30.11.14.14,,,,,1,0.00°,22'-4 63/64",,16'-7 51/128",18'-1 1/2",0",1/2",0",,,,,,1255.57 lbm,,,,By Type,,Default,,W Shapes,W Shapes: W18x55,,,1o6VL_Pu52oBCxrUxXY002,,Both joins enabled,,,,,,,1,191 SF,New Construction,None,,,,,L3 TOS,18'-4",I-shape Parallel Flange,,0",1/2",0",,,,,Steel,Girder,24'-1 25/128",W18x55,,,1_y_hNQfD4N8RbeJZCV0vP,,,,2.56 CF,1235.65 lbm,Origin,0",Top,-2 1/2"
B10,Superstructure,,,,23.25.30.11.14.14,,,,,1,0.00°,27'-8 1/2",,16'-7 51/128",18'-1 1/2",0",1/2",0",,,,,,1552.05 lbm,,,,By Type,,Default,,W Shapes,W Shapes: W18x55,,,1o6VL_Pu52oBCxrUxXY0CW,,Both joins enabled,,,,,,,1,433 SF,New Construction,None,,,,,L3 TOS,18'-4",I-shape Parallel Flange,,0",1/2",0",,,,,Steel,Girder,29'-0",W18x55,,,1_y_hNQfD4N8RbeJZCV0vP,,,,3.17 CF,1527.42 lbm,Origin,0",Top,-2 1/2"
B10,Superstructure,,,,23.25.30.11.14.14,,,,,1,0.00°,22'-11",,16'-7 51/128",18'-1 1/2",0",1/2",0",,,,,,1283.65 lbm,,,,By Type,,Default,,W Shapes,W Shapes: W18x55,,,1o6VL_Pu52oBCxrUxXY0Cp,,Both joins enabled,,,,,,,1,186 SF,New Construction,None,,,,,L3 TOS,18'-4",I-shape Parallel Flange,,0",1/2",0",,,,,Steel,Girder,24'-0",W18x55,,,1_y_hNQfD4N8RbeJZCV0vP,,,,2.62 CF,1263.28 lbm,Origin,0",Top,-2 1/2"
B10,Superstructure,,,,23.25.30.11.14.14,,,,,1,0.00°,19'-5",,16'-7 51/128",18'-1 1/2",0",1/2",0",,,,,,1087.60 lbm,,,,By Type,,Default,,W Shapes,W Shapes: W18x55,,,1o6VL_Pu52oBCxrUxXY0FO,,Both joins enabled,,,,,,,996 SF,New Construction,None,,,,,L3 TOS,18'-4",I-shape Parallel Flange,,0",1/2",0",,,,,Steel,Girder,20'-2",W18x55,,,1_y_hNQfD4N8RbeJZCV0vP,,,,2.22 CF,1070.34 lbm,Origin,0",Top,-2 1/2"
B10,Superstructure,,,,23.25.30.11.14.14,,,,,1,0.00°,16'-4 1/2",,16'-7 51/128",18'-1 1/2",0",,0",,,,,,917.23 lbm,,,,By Type,,Default,,W Shapes,W Shapes: W18x55,,,1o6VL_Pu52oBCxrUxXY0Fb,,Both joins enabled,,,,,,,832 SF,New Construction,None,,,,,L3 TOS,18'-4",I-shape Parallel Flange,,0",1/2",0",,,,,Steel,Girder,16'-10",W18x55,,,1_y_hNQfD4N8RbeJZCV0vP,,,,1.87 CF,902.67 lbm,Origin,0",Top,-2 1/2"
B10,Superstructure,,,,23.25.30.11.14.14,,,,,1,0.00°,15'-2 49/128",,16'-7 51/128",18'-1 1/2",0",1/2",0",,,,,,851.32 lbm,,,,By Type,,Default,,W Shapes,W Shapes: W18x55,,,1o6VL_Pu52oBCxrUxXY08V,,Both joins enabled,,,,,,,811 SF,New Construction,None,,,,,L3 TOS,18'-4",I-shape Parallel Flange,,0",,0",,,,,Steel,Girder,16'-5 3/32",W18x55,,,1_y_hNQfD4N8RbeJZCV0vP,,,,1.74 CF,837.81 lbm,Origin,0",Top,-2 1/2"
B10,Superstructure,,,,23.25.30.11.14.14,,,,,1,0.00°,15'-11 45/128",,16'-9 115/128",18'-4",0",1/2",0",,,,,,893.19 lbm,,,,By Type,,Default,,W Shapes,W Shapes: W18x55,,,1o6VL_Pu52oBCxrUxXY0By,,Both joins enabled,,,,,,,825 SF,New Construction,None,,,,,L3 TOS,18'-4",I-shape Parallel Flange,,0",-3",0",,,,,Steel,Girder,16'-8 1/2",W18x55,,,1_y_hNQfD4N8RbeJZCV0vP,,,,1.82 CF,879.01 lbm,Origin,0",Top,0"
B10,Superstructure,,,,23.25.30.11.14.14,,,,,1,0.00°,14'-1 13/256",,16'-9 77/128",18'-4",0",0",0",,,,,,1226.82 lbm,,,,By Type,,Default,,W Shapes,W Shapes: W18x86,,,1o6VL_Pu52oBCxrUxXY0AF,,Both joins enabled,,,,,,,751 SF,New Construction,None,,,,,L3 TOS,18'-4",I-shape Parallel Flange,,0",1/2",0",,,,,Steel,Girder,15'-2 1/2",W18x86,,,1r4KDlPfX65ey959abbF2i,,,,2.50 CF,1212.80 lbm,Origin,0",Top,0"
B10,Superstructure,,,,23.25.30.11.14.14,,,,,1,0.00°,27'-8 141/256",,16'-7 51/128",18'-1 1/2",0",1/2",0",,,,,,1552.28 lbm,,,,By Type,,Default,,W Shapes,W Shapes: W18x55,,,1o6VL_Pu52oBCxrUxXY0AK,,Both joins enabled,,,,,,,1,433 SF,New Construction,None,,,,,L3 TOS,18'-4",I-shape Parallel Flange,,0",1/2",0",,,,,Steel,Girder,29'-0",W18x55,,,1_y_hNQfD4N8RbeJZCV0vP,,,,3.17 CF,1527.65 lbm,Origin,0",Top,-2 1/2"
B10,Superstructure,,,,23.25.30.11.14.14,,,,,1,0.00°,19'-0 51/128",,16'-7 51/128",18'-1 1/2",0",1/2",0",,,,,,1066.13 lbm,,,,By Type,,Default,,W Shapes,W Shapes: W18x55,,,1o6VL_Pu52oBCxrUxXY0Aq,,Both joins enabled,,,,,,,996 SF,New Construction,None,,,,,L3 TOS,18'-4",I-shape Parallel Flange,,0",1/2",0",,,,,Steel,Girder,20'-2",W18x55,,,1_y_hNQfD4N8RbeJZCV0vP,,,,2.18 CF,1049.21 lbm,Origin,0",Top,-2 1/2"
B10,Superstructure,,,,23.25.30.11.14.14,,,,,1,0.00°,16'-0 51/128",,16'-7 51/128",18'-1 1/2",0",1/2",0",,,,,,898.09 lbm,,,,By Type,,Default,,W Shapes,W Shapes: W18x55,,,1o6VL_Pu52oBCxrUxXY0L0,,Both joins enabled,,,,,,,856 SF,New Construction,None,,,,,L3 TOS,18'-4",I-shape Parallel Flange,,0",1/2",0",,,,,Steel,Girder,17'-4",W18x55,,,1_y_hNQfD4N8RbeJZCV0vP,,,,1.83 CF,883.84 lbm,Origin,0",Top,-2 1/2"
B10,Superstructure,,,,23.25.30.11.14.14,,,,,1,0.00°,28'-1 97/128",,16'-7 51/128",18'-1 1/2",0",1/2",0",,,,,,1576.60 lbm,,,,By Type,,Default,,W Shapes,W Shapes: W18x55,,,1o6VL_Pu52oBCxrUxXY0LG,,Both joins enabled,,,,,,,1,485 SF,New Construction,None,,,,,L3 TOS,18'-4",I-shape Parallel Flange,,0",1/2",0",,,,,Steel,Girder,30'-0 201/256",W18x55,,,1_y_hNQfD4N8RbeJZCV0vP,,,,3.22 CF,1551.58 lbm,Origin,0",Top,-2 1/2"
B10,Superstructure,,,,23.25.30.11.14.14,,,,,1,0.00°,21'-0 75/128",,16'-9 115/128",18'-4",0",1/2",0",,,,,,1179.03 lbm,,,,By Type,,Default,,W Shapes,W Shapes: W18x55,,,1o6VL_Pu52oBCxrUxXY0NM,,Both joins enabled,,,,,,,1,117 SF,New Construction,None,,,,,L3 TOS,18'-4",I-shape Parallel Flange,,0",1/2",0",,,,,Steel,Girder,22'-7 41/128",W18x55,,,1_y_hNQfD4N8RbeJZCV0vP,,,,2.41 CF,1160.32 lbm,Origin,0",Top,0"
B10,Superstructure,,,,23.25.30.11.14.14,,,,,1,0.00°,15'-5 131/256",,16'-9 115/128",18'-4",0",1/2",0",,,,,,865.94 lbm,,,,By Type,,Default,,W Shapes,W Shapes: W18x55,,,1o6VL_Pu52oBCxrUxXY0NX,,Both joins enabled,,,,,,,833 SF,New Construction,None,,,,,L3 TOS,18'-4",I-shape Parallel Flange,,0",1/2",0",,,,,Steel,Girder,16'-10 59/256",W18x55,,,1_y_hNQfD4N8RbeJZCV0vP,,,,1.77 CF,852.20 lbm,Origin,0",Top,0"
B10,Superstructure,,,,23.25.30.11.14.14,,,,,1,0.00°,13'-11 23/64",,16'-9 115/128",18'-4",0",1/2",0",,,,,,781.47 lbm,,,,By Type,,Default,,W Shapes,W Shapes: W18x55,,,1o6VL_Pu52oBCxrUxXY0MC,,Both joins enabled,,,,,,,758 SF,New Construction,None,,,,,L3 TOS,18'-4",I-shape Parallel Flange,,0",1/2",0",,,,,Steel,Girder,15'-4 19/256",W18x55,,,1_y_hNQfD4N8RbeJZCV0vP,,,,1.59 CF,768.80 lbm,Origin,0",Top,0"
B10,Superstructure,,,,23.25.30.11.14.14,,,,,1,0.00°,11'-9 177/256",,16'-9 115/128",18'-4",0",1/2",0",,,,,,661.38 lbm,,,,By Type,,Default,,W Shapes,W Shapes: W18x55,,,1o6VL_Pu52oBCxrUxXY0MV,,Both joins enabled,,,,,,,646 SF,New Construction,None,,,,,L3 TOS,18'-4",I-shape Parallel Flange,,0",1/2",0",,,,,Steel,Girder,13'-0 237/256",W18x55,,,1_y_hNQfD4N8RbeJZCV0vP,,,,1.35 CF,650.89 lbm,Origin,0",Top,0"
B10,Superstructure,,,,23.25.30.11.14.14,,,,,1,0.00°,17'-1 29/32",,16'-7 51/128",18'-1 1/2",0",1/2",0",,,,,,961.14 lbm,,,,By Type,,Default,,W Shapes,W Shapes: W18x55,,,1o6VL_Pu52oBCxrUxXY0M_,,Both joins enabled,,,,,,,935 SF,New Construction,None,,,,,L3 TOS,18'-4",I-shape Parallel Flange,,0",1/2",0",,,,,Steel,Girder,18'-11 15/128",W18x55,,,1_y_hNQfD4N8RbeJZCV0vP,,,,1.96 CF,945.89 lbm,Origin,0",Top,-2 1/2"
B10,Superstructure,,,,23.25.30.11.14.14,,,,,1,0.00°,18'-8 179/256",,16'-7 51/128",18'-1 1/2",0",1/2",0",,,,,,1048.86 lbm,,,,By Type,,Default,,W Shapes,W Shapes: W18x55,,,1o6VL_Pu52oBCxrUxXY0Gi,,Both joins enabled,,,,,,,969 SF,New Construction,None,,,,,L3 TOS,18'-4",I-shape Parallel Flange,,0",-3",0",,,,,Steel,Girder,19'-7 1/2",W18x55,,,1_y_hNQfD4N8RbeJZCV0vP,,,,2.14 CF,1032.22 lbm,Origin,0",Top,-2 1/2"
B10,Superstructure,,,,23.25.30.11.14.14,,,,,1,0.00°,22'-6 51/128",,16'-9 115/128",18'-4",0",1/2",0",,,,,,1262.18 lbm,,,,By Type,,Default,,W Shapes,W Shapes: W18x55,,,1o6VL_Pu52oBCxrUxXY0Gy,,Both joins enabled,,,,,,,1,186 SF,New Construction,None,,,,,L3 TOS,18'-4",I-shape Parallel Flange,,0",1/2",0",,,,,Steel,Girder,24'-0",W18x55,,,1_y_hNQfD4N8RbeJZCV0vP,,,,2.58 CF,1242.15 lbm,Origin,0",Top,0"
B10,Superstructure,,,,23.25.30.11.14.14,,,,,1,0.00°,19'-0 51/128",,16'-7 51/128",18'-1 1/2",0",1/2",0",,,,,,1066.13 lbm,,,,By Type,,Default,,W Shapes,W Shapes: W18x55,,,1o6VL_Pu52oBCxrUxXY0JE,,Both joins enabled,,,,,,,996 SF,New Construction,None,,,,,L3 TOS,18'-4",I-shape Parallel Flange,,0",1/2",0",,,,,Steel,Girder,20'-2",W18x55,,,1_y_hNQfD4N8RbeJZCV0vP,,,,2.18 CF,1049.21 lbm,Origin,0",Top,-2 1/2"
B10,Superstructure,,,,23.25.30.11.14.14,,,,,1,0.00°,16'-0 51/128",,16'-7 51/128",18'-1 1/2",0",1/2",0",,,,,,898.09 lbm,,,,By Type,,Default,,W Shapes,W Shapes: W18x55,,,1o6VL_Pu52oBCxrUxXY0JQ,,Both joins enabled,,,,,,,856 SF,New Construction,None,,,,,L3 TOS,18'-4",I-shape Parallel Flange,,0",1/2",0",,,,,Steel,Girder,17'-4",W18x55,,,1_y_hNQfD4N8RbeJZCV0vP,,,,1.83 CF,883.84 lbm,Origin,0",Top,-2 1/2"
B10,Superstructure,,,,23.25.30.11.14.14,,,,,1,0.00°,19'-3 137/256",,16'-7 51/128",18'-1 1/2",0",1/2",0",,,,,,1080.76 lbm,,,,By Type,,Default,,W Shapes,W Shapes: W18x55,,,1o6VL_Pu52oBCxrUxXY0Jg,,Both joins enabled,,,,,,,1,045 SF,New Construction,None,,,,,L3 TOS,18'-4",I-shape Parallel Flange,,0",1/2",0",,,,,Steel,Girder,21'-1 25/32",W18x55,,,1_y_hNQfD4N8RbeJZCV0vP,,,,2.21 CF,1063.61 lbm,Origin,0",Top,-2 1/2"
B10,Superstructure,,,,23.25.30.11.14.14,,,,,1,0.00°,14'-4",,16'-9 115/128",18'-4",0",0",0",,,,,,802.86 lbm,,,,By Type,,Default,,W Shapes,W Shapes: W18x55,,,34kHrmtfTBuxHt3tZbWr3g,,Both joins enabled,,,,,,,751 SF,New Construction,None,,,,,L3 TOS,18'-4",I-shape Parallel Flange,,0",1/2",0",,,,,Steel,Girder,15'-2 1/2",W18x55,,,1_y_hNQfD4N8RbeJZCV0vP,,,,1.64 CF,790.12 lbm,Origin,0",Top,0"
B10,Superstructure,,,,23.25.30.11.14.14,,,,,1,0.00°,14'-4",,16'-9 115/128",18'-4",0",0",0",,,,,,802.86 lbm,,,,By Type,,Default,,W Shapes,W Shapes: W18x55,,,34kHrmtfTBuxHt3tZbWr29,,Both joins enabled,,,,,,,751 SF,New Construction,None,,,,,L3 TOS,18'-4",I-shape Parallel Flange,,0",1/2",0",,,,,Steel,Girder,15'-2 1/2",W18x55,,,1_y_hNQfD4N8RbeJZCV0vP,,,,1.64 CF,790.12 lbm,Origin,0",Top,0"
B10,Superstructure,,,,23.25.30.11.14.14,,,,,1,0.00°,5'-10 97/128",,16'-9 115/128",18'-4",0",1/2",0",,,,,,330.28 lbm,,,,By Type,,Default,,W Shapes,W Shapes: W18x55,,,34kHrmtfTBuxHt3tZbWrV_,,Both joins enabled,,,,,,,337 SF,New Construction,None,,,,,L3 TOS,18'-4",I-shape Parallel Flange,,0",1/2",0",,,,,Steel,Girder,6'-9 197/256",W18x55,,,1_y_hNQfD4N8RbeJZCV0vP,,,,0.67 CF,325.04 lbm,Origin,0",Top,0"
B10,Superstructure,,,,23.25.30.11.14.14,,,,,1,0.00°,13'-6 115/128",,16'-9 115/128",18'-4",0",1/2",0",,,,,,760.39 lbm,,,,By Type,,Default,,W Shapes,W Shapes: W18x55,,,1o6VL_Pu52oBCxrUxXY0AF,,Both joins enabled,,,,,,,755 SF,New Construction,None,,,,,L3 TOS,18'-4",I-shape Parallel Flange,,0",0",0",,,,,Steel,Girder,15'-3 1/2",W18x55,,,1_y_hNQfD4N8RbeJZCV0vP,,,,1.55 CF,748.32 lbm,Origin,0",Top,0"
B10,Superstructure,,,,23.25.30.11.14.14,,,,,1,0.00°,13'-9 45/128",,16'-9 115/128",18'-4",0",1/2",0",,,,,,771.82 lbm,,,,By Type,,Default,,W Shapes,W Shapes: W18x55,,,34kHrmtfTBuxHt3tZbWr3g,,Both joins enabled,,,,,,,755 SF,New Construction,None,,,,,L3 TOS,18'-4",I-shape Parallel Flange,,0",0",0",,,,,Steel,Girder,15'-3 1/2",W18x55,,,1_y_hNQfD4N8RbeJZCV0vP,,,,1.58 CF,759.58 lbm,Origin,0",Top,0"
B10,Superstructure,,,,23.25.30.11.14.14,,,,,1,0.00°,13'-9 45/128",,16'-9 115/128",18'-4",0",1/2",0",,,,,,771.82 lbm,,,,By Type,,Default,,W Shapes,W Shapes: W18x55,,,34kHrmtfTBuxHt3tZbWr29,,Both joins enabled,,,,,,,755 SF,New Construction,None,,,,,L3 TOS,18'-4",I-shape Parallel Flange,,0",0",0",,,,,Steel,Girder,15'-3 1/2",W18x55,,,1_y_hNQfD4N8RbeJZCV0vP,,,,1.58 CF,759.58 lbm,Origin,0",Top,0"
B10,Superstructure,,,,23.25.30.11.14.14,,,,,1,0.00°,27'-10 109/128",,16'-7 51/128",18'-1 1/2",0",1/2",0",,,,,,1563.57 lbm,,,,By Type,,Default,,W Shapes,W Shapes: W18x55,,,34kHrmtfTBuxHt3tZbWrIt,,Both joins enabled,,,,,,,1,433 SF,New Construction,None,,,,,L3 TOS,18'-4",I-shape Parallel Flange,,0",1/2",0",,,,,Steel,Girder,29'-0",W18x55,,,1_y_hNQfD4N8RbeJZCV0vP,,,,3.19 CF,1538.22 lbm,Origin,0",Top,-2 1/2"
B10,Superstructure,,,,23.25.30.11.14.14,,,,,1,0.00°,19'-5",,16'-7 51/128",18'-1 1/2",0",1/2",0",,,,,,1087.60 lbm,,,,By Type,,Default,,W Shapes,W Shapes: W18x55,,,34kHrmtfTBuxHt3tZbWrHI,,Both joins enabled,,,,,,,996 SF,New Construction,None,,,,,L3 TOS,18'-4",I-shape Parallel Flange,,0",1/2",0",,,,,Steel,Girder,20'-2",W18x55,,,1_y_hNQfD4N8RbeJZCV0vP,,,,2.22 CF,1070.34 lbm,Origin,0",Top,-2 1/2"
B10,Superstructure,,,,23.25.30.11.14.14,,,,,1,0.00°,16'-4",,16'-7 51/128",18'-1 1/2",0",1/2",0",,,,,,914.89 lbm,,,,By Type,,Default,,W Shapes,W Shapes: W18x55,,,34kHrmtfTBuxHt3tZbWrH_,,Both joins enabled,,,,,,,856 SF,New Construction,None,,,,,L3 TOS,18'-4",I-shape Parallel Flange,,0",1/2",0",,,,,Steel,Girder,17'-4",W18x55,,,1_y_hNQfD4N8RbeJZCV0vP,,,,1.87 CF,900.37 lbm,Origin,0",Top,-2 1/2"
B10,Superstructure,,,,23.25.30.11.14.14,,,,,1,0.00°,6'-2 109/128",,16'-9 115/128",18'-4",0",1/2",0",,,,,,349.39 lbm,,,,By Type,,Default,,W Shapes,W Shapes: W18x55,,,34kHrmtfTBuxHt3tZbWrG7,,Both joins enabled,,,,,,,389 SF,New Construction,None,,,,,L3 TOS,18'-4",I-shape Parallel Flange,,0",1/2",0",,,,,Steel,Girder,7'-10 1/2",W18x55,,,1_y_hNQfD4N8RbeJZCV0vP,,,,0.71 CF,343.84 lbm,Origin,0",Top,0"
B1010350,Joists - Steel,,,,23.25.30.21.14.11,,,,,1,0.00°,15'-2 1/2",,17'-0",18'-4",0",1/2",0",,,,,,118.75 lbm,,,,By Type,,Default,,K-Series Bar Joist-Angle Web,K-Series Bar Joist-Angle Web: 16K6,,,34kHrmtfTBuxHt3tZbWrGh,,Both joins enabled,,,,,,,0 SF,New Construction,None,,,,,L3 TOS,18'-4",Not Defined,,0",1/2",0",,,,,Steel,Joist,15'-2 1/2",16K6,,,3ZT5EhLQn6JfRlijT8hoc2,,,,0.24 CF,0.00 lbm,Origin,0",Top,0"
B1010350,Joists - Steel,,,,23.25.30.21.14.11,,,,,1,0.00°,15'-2 1/2",,17'-0",18'-4",0",1/2",0",,,,,,118.75 lbm,,,,By Type,,Default,,K-Series Bar Joist-Angle Web,K-Series Bar Joist-Angle Web: 16K6,,,34kHrmtfTBuxHt3tZbWrGe,,Both joins enabled,,,,,,,0 SF,New Construction,None,,,,,L3 TOS,18'-4",Not Defined,,0",1/2",0",,,,,Steel,Joist,15'-2 1/2",16K6,,,3ZT5EhLQn6JfRlijT8hoc2,,,,0.24 CF,0.00 lbm,Origin,0",Top,0"
B1010350,Joists - Steel,,,,23.25.30.21.14.11,,,,,1,0.00°,15'-2 1/2",,17'-0",18'-4",0",1/2",0",,,,,,118.75 lbm,,,,By Type,,Default,,K-Series Bar Joist-Angle Web,K-Series Bar Joist-Angle Web: 16K6,,,34kHrmtfTBuxHt3tZbWrGf,,Both joins enabled,,,,,,,0 SF,New Construction,None,,,,,L3 TOS,18'-4",Not Defined,,0",1/2",0",,,,,Steel,Joist,15'-2 1/2",16K6,,,3ZT5EhLQn6JfRlijT8hoc2,,,,0.24 CF,0.00 lbm,Origin,0",Top,0"
B1010350,Joists - Steel,,,,23.25.30.21.14.11,,,,,1,0.00°,15'-2 1/2",,17'-0",18'-4",0",1/2",0",,,,,,118.75 lbm,,,,By Type,,Default,,K-Series Bar Joist-Angle Web,K-Series Bar Joist-Angle Web: 16K6,,,34kHrmtfTBuxHt3tZbWrGc,,Both joins enabled,,,,,,,0 SF,New Construction,None,,,,,L3 TOS,18'-4",Not Defined,,0",1/2",0",,,,,Steel,Joist,15'-2 1/2",16K6,,,3ZT5EhLQn6JfRlijT8hoc2,,,,0.24 CF,0.00 lbm,Origin,0",Top,0"
B1010350,Joists - Steel,,,,23.25.30.21.14.11,,,,,1,0.00°,15'-2 1/2",,17'-0",18'-4",0",1/2",0",,,,,,118.75 lbm,,,,By Type,,Default,,K-Series Bar Joist-Angle Web,K-Series Bar Joist-Angle Web: 16K6,,,34kHrmtfTBuxHt3tZbWrGd,,Both joins enabled,,,,,,,0 SF,New Construction,None,,,,,L3 TOS,18'-4",Not Defined,,0",1/2",0",,,,,Steel,Joist,15'-2 1/2",16K6,,,3ZT5EhLQn6JfRlijT8hoc2,,,,0.24 CF,0.00 lbm,Origin,0",Top,0"
B1010350,Joists - Steel,,,,23.25.30.21.14.11,,,,,1,0.00°,15'-2 1/2",,17'-0",18'-4",0",1/2",0",,,,,,118.75 lbm,,,,By Type,,Default,,K-Series Bar Joist-Angle Web,K-Series Bar Joist-Angle Web: 16K6,,,34kHrmtfTBuxHt3tZbWrGa,,Both joins enabled,,,,,,,0 SF,New Construction,None,,,,,L3 TOS,18'-4",Not Defined,,0",1/2",0",,,,,Steel,Joist,15'-2 1/2",16K6,,,3ZT5EhLQn6JfRlijT8hoc2,,,,0.24 CF,0.00 lbm,Origin,0",Top,0"
B1010350,Joists - Steel,,,,23.25.30.21.14.11,,,,,1,0.00°,15'-2 1/2",,17'-0",18'-4",0",1/2",0",,,,,,118.75 lbm,,,,By Type,,Default,,K-Series Bar Joist-Angle Web,K-Series Bar Joist-Angle Web: 16K6,,,34kHrmtfTBuxHt3tZbWrGb,,Both joins enabled,,,,,,,0 SF,New Construction,None,,,,,L3 TOS,18'-4",Not Defined,,0",1/2",0",,,,,Steel,Joist,15'-2 1/2",16K6,,,3ZT5EhLQn6JfRlijT8hoc2,,,,0.24 CF,0.00 lbm,Origin,0",Top,0"
B1010350,Joists - Steel,,,,23.25.30.21.14.11,,,,,1,0.00°,14'-10",,17'-0",18'-4",0",1/2",0",,,,,,115.72 lbm,,,,By Type,,Default,,K-Series Bar Joist-Angle Web,K-Series Bar Joist-Angle Web: 16K6,,,34kHrmtfTBuxHt3tZbWskM,,Both joins enabled,,,,,,,0 SF,New Construction,None,,,,,L3 TOS,18'-4",Not Defined,,0",1/2",0",,,,,Steel,Joist,14'-10",16K6,,,3ZT5EhLQn6JfRlijT8hoc2,,,,0.24 CF,0.00 lbm,Origin,0",Top,0"
B1010350,Joists - Steel,,,,23.25.30.21.14.11,,,,,1,0.00°,14'-10",,17'-0",18'-4",0",1/2",0",,,,,,115.72 lbm,,,,By Type,,Default,,K-Series Bar Joist-Angle Web,K-Series Bar Joist-Angle Web: 16K6,,,34kHrmtfTBuxHt3tZbWskN,,Both joins enabled,,,,,,,0 SF,New Construction,None,,,,,L3 TOS,18'-4",Not Defined,,0",1/2",0",,,,,Steel,Joist,14'-10",16K6,,,3ZT5EhLQn6JfRlijT8hoc2,,,,0.24 CF,0.00 lbm,Origin,0",Top,0"
B1010350,Joists - Steel,,,,23.25.30.21.14.11,,,,,1,0.00°,14'-10",,17'-0",18'-4",0",1/2",0",,,,,,115.72 lbm,,,,By Type,,Default,,K-Series Bar Joist-Angle Web,K-Series Bar Joist-Angle Web: 16K6,,,34kHrmtfTBuxHt3tZbWskK,,Both joins enabled,,,,,,,0 SF,New Construction,None,,,,,L3 TOS,18'-4",Not Defined,,0",1/2",0",,,,,Steel,Joist,14'-10",16K6,,,3ZT5EhLQn6JfRlijT8hoc2,,,,0.24 CF,0.00 lbm,Origin,0",Top,0"
B1010350,Joists - Steel,,,,23.25.30.21.14.11,,,,,1,0.00°,14'-10",,17'-0",18'-4",0",1/2",0",,,,,,115.72 lbm,,,,By Type,,Default,,K-Series Bar Joist-Angle Web,K-Series Bar Joist-Angle Web: 16K6,,,34kHrmtfTBuxHt3tZbWskL,,Both joins enabled,,,,,,,0 SF,New Construction,None,,,,,L3 TOS,18'-4",Not Defined,,0",1/2",0",,,,,Steel,Joist,14'-10",16K6,,,3ZT5EhLQn6JfRlijT8hoc2,,,,0.24 CF,0.00 lbm,Origin,0",Top,0"
B1010350,Joists - Steel,,,,23.25.30.21.14.11,,,,,1,0.00°,14'-10",,17'-0",18'-4",0",1/2",0",,,,,,115.72 lbm,,,,By Type,,Default,,K-Series Bar Joist-Angle Web,K-Series Bar Joist-Angle Web: 16K6,,,34kHrmtfTBuxHt3tZbWskI,,Both joins enabled,,,,,,,0 SF,New Construction,None,,,,,L3 TOS,18'-4",Not Defined,,0",1/2",0",,,,,Steel,Joist,14'-10",16K6,,,3ZT5EhLQn6JfRlijT8hoc2,,,,0.24 CF,0.00 lbm,Origin,0",Top,0"
B1010350,Joists - Steel,,,,23.25.30.21.14.11,,,,,1,0.00°,14'-10",,17'-0",18'-4",0",1/2",0",,,,,,115.72 lbm,,,,By Type,,Default,,K-Series Bar Joist-Angle Web,K-Series Bar Joist-Angle Web: 16K6,,,34kHrmtfTBuxHt3tZbWskJ,,Both joins enabled,,,,,,,0 SF,New Construction,None,,,,,L3 TOS,18'-4",Not Defined,,0",1/2",0",,,,,Steel,Joist,14'-10",16K6,,,3ZT5EhLQn6JfRlijT8hoc2,,,,0.24 CF,0.00 lbm,Origin,0",Top,0"
B1010350,Joists - Steel,,,,23.25.30.21.14.11,,,,,1,0.00°,14'-10",,17'-0",18'-4",0",1/2",0",,,,,,115.72 lbm,,,,By Type,,Default,,K-Series Bar Joist-Angle Web,K-Series Bar Joist-Angle Web: 16K6,,,34kHrmtfTBuxHt3tZbWskG,,Both joins enabled,,,,,,,0 SF,New Construction,None,,,,,L3 TOS,18'-4",Not Defined,,0",1/2",0",,,,,Steel,Joist,14'-10",16K6,,,3ZT5EhLQn6JfRlijT8hoc2,,,,0.24 CF,0.00 lbm,Origin,0",Top,0"
B1010350,Joists - Steel,,,,23.25.30.21.14.11,,,,,1,0.00°,14'-10",,17'-0",18'-4",0",1/2",0",,,,,,115.72 lbm,,,,By Type,,Default,,K-Series Bar Joist-Angle Web,K-Series Bar Joist-Angle Web: 16K6,,,34kHrmtfTBuxHt3tZbWsj$,,Both joins enabled,,,,,,,0 SF,New Construction,None,,,,,L3 TOS,18'-4",Not Defined,,0",1/2",0",,,,,Steel,Joist,14'-10",16K6,,,3ZT5EhLQn6JfRlijT8hoc2,,,,0.24 CF,0.00 lbm,Origin,0",Top,0"
B1010350,Joists - Steel,,,,23.25.30.21.14.11,,,,,1,0.00°,14'-10",,17'-0",18'-4",0",1/2",0",,,,,,115.72 lbm,,,,By Type,,Default,,K-Series Bar Joist-Angle Web,K-Series Bar Joist-Angle Web: 16K6,,,34kHrmtfTBuxHt3tZbWsjy,,Both joins enabled,,,,,,,0 SF,New Construction,None,,,,,L3 TOS,18'-4",Not Defined,,0",1/2",0",,,,,Steel,Joist,14'-10",16K6,,,3ZT5EhLQn6JfRlijT8hoc2,,,,0.24 CF,0.00 lbm,Origin,0",Top,0"
B1010350,Joists - Steel,,,,23.25.30.21.14.11,,,,,1,0.00°,14'-10",,17'-0",18'-4",0",1/2",0",,,,,,115.72 lbm,,,,By Type,,Default,,K-Series Bar Joist-Angle Web,K-Series Bar Joist-Angle Web: 16K6,,,34kHrmtfTBuxHt3tZbWsjz,,Both joins enabled,,,,,,,0 SF,New Construction,None,,,,,L3 TOS,18'-4",Not Defined,,0",1/2",0",,,,,Steel,Joist,14'-10",16K6,,,3ZT5EhLQn6JfRlijT8hoc2,,,,0.24 CF,0.00 lbm,Origin,0",Top,0"
B1010350,Joists - Steel,,,,23.25.30.21.14.11,,,,,1,0.00°,14'-10",,17'-0",18'-4",0",1/2",0",,,,,,115.72 lbm,,,,By Type,,Default,,K-Series Bar Joist-Angle Web,K-Series Bar Joist-Angle Web: 16K6,,,34kHrmtfTBuxHt3tZbWsjw,,Both joins enabled,,,,,,,0 SF,New Construction,None,,,,,L3 TOS,18'-4",Not Defined,,0",1/2",0",,,,,Steel,Joist,14'-10",16K6,,,3ZT5EhLQn6JfRlijT8hoc2,,,,0.24 CF,0.00 lbm,Origin,0",Top,0"
B1010350,Joists - Steel,,,,23.25.30.21.14.11,,,,,1,0.00°,14'-10",,17'-0",18'-4",0",1/2",0",,,,,,115.72 lbm,,,,By Type,,Default,,K-Series Bar Joist-Angle Web,K-Series Bar Joist-Angle Web: 16K6,,,34kHrmtfTBuxHt3tZbWsjx,,Both joins enabled,,,,,,,0 SF,New Construction,None,,,,,L3 TOS,18'-4",Not Defined,,0",1/2",0",,,,,Steel,Joist,14'-10",16K6,,,3ZT5EhLQn6JfRlijT8hoc2,,,,0.24 CF,0.00 lbm,Origin,0",Top,0"
B1010350,Joists - Steel,,,,23.25.30.21.14.11,,,,,1,0.00°,14'-10",,17'-0",18'-4",0",1/2",0",,,,,,115.72 lbm,,,,By Type,,Default,,K-Series Bar Joist-Angle Web,K-Series Bar Joist-Angle Web: 16K6,,,34kHrmtfTBuxHt3tZbWsju,,Both joins enabled,,,,,,,0 SF,New Construction,None,,,,,L3 TOS,18'-4",Not Defined,,0",1/2",0",,,,,Steel,Joist,14'-10",16K6,,,3ZT5EhLQn6JfRlijT8hoc2,,,,0.24 CF,0.00 lbm,Origin,0",Top,0"
B1010350,Joists - Steel,,,,23.25.30.21.14.11,,,,,1,0.00°,14'-10",,17'-0",18'-4",0",1/2",0",,,,,,115.72 lbm,,,,By Type,,Default,,K-Series Bar Joist-Angle Web,K-Series Bar Joist-Angle Web: 16K6,,,34kHrmtfTBuxHt3tZbWsjv,,Both joins enabled,,,,,,,0 SF,New Construction,None,,,,,L3 TOS,18'-4",Not Defined,,0",1/2",0",,,,,Steel,Joist,14'-10",16K6,,,3ZT5EhLQn6JfRlijT8hoc2,,,,0.24 CF,0.00 lbm,Origin,0",Top,0"
B1010350,Joists - Steel,,,,23.25.30.21.14.11,,,,,1,0.00°,14'-10",,17'-0",18'-4",0",1/2",0",,,,,,115.72 lbm,,,,By Type,,Default,,K-Series Bar Joist-Angle Web,K-Series Bar Joist-Angle Web: 16K6,,,34kHrmtfTBuxHt3tZbWsjs,,Both joins enabled,,,,,,,0 SF,New Construction,None,,,,,L3 TOS,18'-4",Not Defined,,0",1/2",0",,,,,Steel,Joist,14'-10",16K6,,,3ZT5EhLQn6JfRlijT8hoc2,,,,0.24 CF,0.00 lbm,Origin,0",Top,0"
B1010350,Joists - Steel,,,,23.25.30.21.14.11,,,,,1,0.00°,14'-10",,17'-0",18'-4",0",1/2",0",,,,,,115.72 lbm,,,,By Type,,Default,,K-Series Bar Joist-Angle Web,K-Series Bar Joist-Angle Web: 16K6,,,34kHrmtfTBuxHt3tZbWsjt,,Both joins enabled,,,,,,,0 SF,New Construction,None,,,,,L3 TOS,18'-4",Not Defined,,0",1/2",0",,,,,Steel,Joist,14'-10",16K6,,,3ZT5EhLQn6JfRlijT8hoc2,,,,0.24 CF,0.00 lbm,Origin,0",Top,0"
B1010350,Joists - Steel,,,,23.25.30.21.14.11,,,,,1,0.00°,13'-1 7/8",,17'-0",18'-4",0",1/2",0",,,,,,100.58 lbm,,,,By Type,,Default,,K-Series Bar Joist-Angle Web,K-Series Bar Joist-Angle Web: 16K6,,,34kHrmtfTBuxHt3tZbWsgn,,Both joins enabled,,,,,,,0 SF,New Construction,None,,,,,L3 TOS,18'-4",Not Defined,,0",1/2",0",,,,,Steel,Joist,13'-1 7/8",16K6,,,3ZT5EhLQn6JfRlijT8hoc2,,,,0.21 CF,0.00 lbm,Origin,0",Top,0"
B1010350,Joists - Steel,,,,23.25.30.21.14.11,,,,,1,0.00°,13'-4 7/16",,17'-0",18'-4",0",1/2",0",,,,,,102.31 lbm,,,,By Type,,Default,,K-Series Bar Joist-Angle Web,K-Series Bar Joist-Angle Web: 16K6,,,34kHrmtfTBuxHt3tZbWsgk,,Both joins enabled,,,,,,,0 SF,New Construction,None,,,,,L3 TOS,18'-4",Not Defined,,0",1/2",0",,,,,Steel,Joist,13'-4 7/16",16K6,,,3ZT5EhLQn6JfRlijT8hoc2,,,,0.21 CF,0.00 lbm,Origin,0",Top,0"
B1010350,Joists - Steel,,,,23.25.30.21.14.11,,,,,1,0.00°,13'-7 1/16",,17'-0",18'-4",0",1/2",0",,,,,,104.08 lbm,,,,By Type,,Default,,K-Series Bar Joist-Angle Web,K-Series Bar Joist-Angle Web: 16K6,,,34kHrmtfTBuxHt3tZbWsgl,,Both joins enabled,,,,,,,0 SF,New Construction,None,,,,,L3 TOS,18'-4",Not Defined,,0",1/2",0",,,,,Steel,Joist,13'-7 1/16",16K6,,,3ZT5EhLQn6JfRlijT8hoc2,,,,0.21 CF,0.00 lbm,Origin,0",Top,0"
B1010350,Joists - Steel,,,,23.25.30.21.14.11,,,,,1,0.00°,13'-9 5/8",,17'-0",18'-4",0",1/2",0",,,,,,105.81 lbm,,,,By Type,,Default,,K-Series Bar Joist-Angle Web,K-Series Bar Joist-Angle Web: 16K6,,,34kHrmtfTBuxHt3tZbWsgi,,Both joins enabled,,,,,,,0 SF,New Construction,None,,,,,L3 TOS,18'-4",Not Defined,,0",1/2",0",,,,,Steel,Joist,13'-9 5/8",16K6,,,3ZT5EhLQn6JfRlijT8hoc2,,,,0.22 CF,0.00 lbm,Origin,0",Top,0"
B1010350,Joists - Steel,,,,23.25.30.21.14.11,,,,,1,0.00°,14'-0 3/16",,17'-0",18'-4",0",1/2",0",,,,,,109.12 lbm,,,,By Type,,Default,,K-Series Bar Joist-Angle Web,K-Series Bar Joist-Angle Web: 16K6,,,34kHrmtfTBuxHt3tZbWsgj,,Both joins enabled,,,,,,,0 SF,New Construction,None,,,,,L3 TOS,18'-4",Not Defined,,0",1/2",0",,,,,Steel,Joist,14'-0 3/16",16K6,,,3ZT5EhLQn6JfRlijT8hoc2,,,,0.22 CF,0.00 lbm,Origin,0",Top,0"
B1010350,Joists - Steel,,,,23.25.30.21.14.11,,,,,1,0.00°,15'-2 1/2",,17'-0",18'-4",0",1/2",0",,,,,,118.75 lbm,,,,By Type,,Default,,K-Series Bar Joist-Angle Web,K-Series Bar Joist-Angle Web: 16K6,,,34kHrmtfTBuxHt3tZbWseJ,,Both joins enabled,,,,,,,0 SF,New Construction,None,,,,,L3 TOS,18'-4",Not Defined,,0",1/2",0",,,,,Steel,Joist,15'-2 1/2",16K6,,,3ZT5EhLQn6JfRlijT8hoc2,,,,0.24 CF,0.00 lbm,Origin,0",Top,0"
B1010350,Joists - Steel,,,,23.25.30.21.14.11,,,,,1,0.00°,15'-2 1/2",,17'-0",18'-4",0",1/2",0",,,,,,118.75 lbm,,,,By Type,,Default,,K-Series Bar Joist-Angle Web,K-Series Bar Joist-Angle Web: 16K6,,,34kHrmtfTBuxHt3tZbWseG,,Both joins enabled,,,,,,,0 SF,New Construction,None,,,,,L3 TOS,18'-4",Not Defined,,0",1/2",0",,,,,Steel,Joist,15'-2 1/2",16K6,,,3ZT5EhLQn6JfRlijT8hoc2,,,,0.24 CF,0.00 lbm,Origin,0",Top,0"
B1010350,Joists - Steel,,,,23.25.30.21.14.11,,,,,1,0.00°,15'-2 1/2",,17'-0",18'-4",0",1/2",0",,,,,,118.75 lbm,,,,By Type,,Default,,K-Series Bar Joist-Angle Web,K-Series Bar Joist-Angle Web: 16K6,,,34kHrmtfTBuxHt3tZbWseH,,Both joins enabled,,,,,,,0 SF,New Construction,None,,,,,L3 TOS,18'-4",Not Defined,,0",1/2",0",,,,,Steel,Joist,15'-2 1/2",16K6,,,3ZT5EhLQn6JfRlijT8hoc2,,,,0.24 CF,0.00 lbm,Origin,0",Top,0"
B1010350,Joists - Steel,,,,23.25.30.21.14.11,,,,,1,0.00°,15'-2 1/2",,17'-0",18'-4",0",1/2",0",,,,,,118.75 lbm,,,,By Type,,Default,,K-Series Bar Joist-Angle Web,K-Series Bar Joist-Angle Web: 16K6,,,34kHrmtfTBuxHt3tZbWseE,,Both joins enabled,,,,,,,0 SF,New Construction,None,,,,,L3 TOS,18'-4",Not Defined,,0",1/2",0",,,,,Steel,Joist,15'-2 1/2",16K6,,,3ZT5EhLQn6JfRlijT8hoc2,,,,0.24 CF,0.00 lbm,Origin,0",Top,0"
B10,Superstructure,,,,23.25.30.11.14.14,,,,,1,0.00°,19'-10 51/256",,3'-0 115/128",4'-7",0",-3",0",,,,,,1111.87 lbm,,,,By Type,,Default,,W Shapes,W Shapes: W18x55,,,2WFRX9DQn5xBZqD2CckULQ,,Both joins enabled,,,,,,,1,025 SF,New Construction,None,,,,,M1 TOS,5'-0",I-shape Parallel Flange,,0",1/2",0",,,,,Steel,Girder,20'-9",W18x55,,,1_y_hNQfD4N8RbeJZCV0vP,,,,2.27 CF,1094.23 lbm,Origin,0",Top,-5"
B10,Superstructure,,,,23.25.30.11.14.14,,,,,1,0.00°,21'-1 109/128",,16'-9 115/128",18'-4",0",1/2",0",,,,,,1184.92 lbm,,,,By Type,,Default,,W Shapes,W Shapes: W18x55,,,3uAF7SyDTErwg507_0FMHm,,Both joins enabled,,,,,,,1,107 SF,New Construction,None,,,,,L3 TOS,18'-4",I-shape Parallel Flange,,0",1/2",0",,,,,Steel,Girder,22'-5",W18x55,,,1_y_hNQfD4N8RbeJZCV0vP,,,,2.42 CF,1166.12 lbm,Origin,0",Top,0"
B10,Superstructure,,,,23.25.30.11.14.14,,,,,1,0.00°,13'-9 15/64",,16'-9 115/128",18'-4",0",1/2",0",,,,,,771.29 lbm,,,,By Type,,Default,,W Shapes,W Shapes: W18x55,,,3uAF7SyDTErwg507_0FMGS,,Both joins enabled,,,,,,,720 SF,New Construction,None,,,,,L3 TOS,18'-4",I-shape Parallel Flange,,0",1/2",0",,,,,Steel,Girder,14'-7",W18x55,,,1_y_hNQfD4N8RbeJZCV0vP,,,,1.57 CF,759.05 lbm,Origin,0",Top,0"
B10,Superstructure,,,,23.25.30.11.14.14,,,,,1,0.00°,15'-9 1/2",,16'-9 115/128",18'-4",0",1/2",0",,,,,,884.86 lbm,,,,By Type,,Default,,W Shapes,W Shapes: W18x55,,,3uAF7SyDTErwg507_0FMGr,,Both joins enabled,,,,,,,825 SF,New Construction,None,,,,,L3 TOS,18'-4",I-shape Parallel Flange,,0",1/2",0",,,,,Steel,Girder,16'-8 1/2",W18x55,,,1_y_hNQfD4N8RbeJZCV0vP,,,,1.81 CF,870.52 lbm,Origin,0",Top,0"
B1010350,Joists - Steel,,,,23.25.30.21.14.11,,,,,1,0.00°,15'-2 1/2",,17'-0",18'-4",0",1/2",0",,,,,,118.75 lbm,,,,By Type,,Default,,K-Series Bar Joist-Angle Web,K-Series Bar Joist-Angle Web: 16K6,,,3uAF7SyDTErwg507_0FMMR,,Both joins enabled,,,,,,,0 SF,New Construction,None,,,,,L3 TOS,18'-4",Not Defined,,0",1/2",0",,,,,Steel,Joist,15'-2 1/2",16K6,,,3ZT5EhLQn6JfRlijT8hoc2,,,,0.24 CF,0.00 lbm,Origin,0",Top,0"
B1010350,Joists - Steel,,,,23.25.30.21.14.11,,,,,1,0.00°,15'-2 1/2",,17'-0",18'-4",0",1/2",0",,,,,,118.75 lbm,,,,By Type,,Default,,K-Series Bar Joist-Angle Web,K-Series Bar Joist-Angle Web: 16K6,,,3uAF7SyDTErwg507_0FMMQ,,Both joins enabled,,,,,,,0 SF,New Construction,None,,,,,L3 TOS,18'-4",Not Defined,,0",1/2",0",,,,,Steel,Joist,15'-2 1/2",16K6,,,3ZT5EhLQn6JfRlijT8hoc2,,,,0.24 CF,0.00 lbm,Origin,0",Top,0"
B1010350,Joists - Steel,,,,23.25.30.21.14.11,,,,,1,0.00°,15'-2 1/2",,17'-0",18'-4",0",1/2",0",,,,,,118.75 lbm,,,,By Type,,Default,,K-Series Bar Joist-Angle Web,K-Series Bar Joist-Angle Web: 16K6,,,3uAF7SyDTErwg507_0FMMT,,Both joins enabled,,,,,,,0 SF,New Construction,None,,,,,L3 TOS,18'-4",Not Defined,,0",1/2",0",,,,,Steel,Joist,15'-2 1/2",16K6,,,3ZT5EhLQn6JfRlijT8hoc2,,,,0.24 CF,0.00 lbm,Origin,0",Top,0"
B1010350,Joists - Steel,,,,23.25.30.21.14.11,,,,,1,0.00°,15'-2 1/2",,17'-0",18'-4",0",1/2",0",,,,,,118.75 lbm,,,,By Type,,Default,,K-Series Bar Joist-Angle Web,K-Series Bar Joist-Angle Web: 16K6,,,3uAF7SyDTErwg507_0FMMS,,Both joins enabled,,,,,,,0 SF,New Construction,None,,,,,L3 TOS,18'-4",Not Defined,,0",1/2",0",,,,,Steel,Joist,15'-2 1/2",16K6,,,3ZT5EhLQn6JfRlijT8hoc2,,,,0.24 CF,0.00 lbm,Origin,0",Top,0"
B1010350,Joists - Steel,,,,23.25.30.21.14.11,,,,,1,0.00°,15'-2 1/2",,17'-0",18'-4",0",1/2",0",,,,,,118.75 lbm,,,,By Type,,Default,,K-Series Bar Joist-Angle Web,K-Series Bar Joist-Angle Web: 16K6,,,3uAF7SyDTErwg507_0FMMV,,Both joins enabled,,,,,,,0 SF,New Construction,None,,,,,L3 TOS,18'-4",Not Defined,,0",1/2",0",,,,,Steel,Joist,15'-2 1/2",16K6,,,3ZT5EhLQn6JfRlijT8hoc2,,,,0.24 CF,0.00 lbm,Origin,0",Top,0"
B1010350,Joists - Steel,,,,23.25.30.21.14.11,,,,,1,0.00°,15'-2 1/2",,17'-0",18'-4",0",1/2",0",,,,,,118.75 lbm,,,,By Type,,Default,,K-Series Bar Joist-Angle Web,K-Series Bar Joist-Angle Web: 16K6,,,3uAF7SyDTErwg507_0FMMU,,Both joins enabled,,,,,,,0 SF,New Construction,None,,,,,L3 TOS,18'-4",Not Defined,,0",1/2",0",,,,,Steel,Joist,15'-2 1/2",16K6,,,3ZT5EhLQn6JfRlijT8hoc2,,,,0.24 CF,0.00 lbm,Origin,0",Top,0"
B1010350,Joists - Steel,,,,23.25.30.21.14.11,,,,,1,0.00°,15'-2 1/2",,17'-0",18'-4",0",1/2",0",,,,,,118.75 lbm,,,,By Type,,Default,,K-Series Bar Joist-Angle Web,K-Series Bar Joist-Angle Web: 16K6,,,3uAF7SyDTErwg507_0FMMH,,Both joins enabled,,,,,,,0 SF,New Construction,None,,,,,L3 TOS,18'-4",Not Defined,,0",1/2",0",,,,,Steel,Joist,15'-2 1/2",16K6,,,3ZT5EhLQn6JfRlijT8hoc2,,,,0.24 CF,0.00 lbm,Origin,0",Top,0"
B1010350,Joists - Steel,,,,23.25.30.21.14.11,,,,,1,0.00°,15'-2 1/2",,17'-0",18'-4",0",1/2",0",,,,,,118.75 lbm,,,,By Type,,Default,,K-Series Bar Joist-Angle Web,K-Series Bar Joist-Angle Web: 16K6,,,3uAF7SyDTErwg507_0FMMG,,Both joins enabled,,,,,,,0 SF,New Construction,None,,,,,L3 TOS,18'-4",Not Defined,,0",1/2",0",,,,,Steel,Joist,15'-2 1/2",16K6,,,3ZT5EhLQn6JfRlijT8hoc2,,,,0.24 CF,0.00 lbm,Origin,0",Top,0"
B1010350,Joists - Steel,,,,23.25.30.21.14.11,,,,,1,0.00°,15'-2 1/2",,17'-0",18'-4",0",1/2",0",,,,,,118.75 lbm,,,,By Type,,Default,,K-Series Bar Joist-Angle Web,K-Series Bar Joist-Angle Web: 16K6,,,3uAF7SyDTErwg507_0FMMJ,,Both joins enabled,,,,,,,0 SF,New Construction,None,,,,,L3 TOS,18'-4",Not Defined,,0",1/2",0",,,,,Steel,Joist,15'-2 1/2",16K6,,,3ZT5EhLQn6JfRlijT8hoc2,,,,0.24 CF,0.00 lbm,Origin,0",Top,0"
B1010350,Joists - Steel,,,,23.25.30.21.14.11,,,,,1,0.00°,22'-3",,17'-0",18'-4",0",1/2",0",,,,,,183.60 lbm,,,,By Type,,Default,,K-Series Bar Joist-Angle Web,K-Series Bar Joist-Angle Web: 16K6,,,3uAF7SyDTErwg507_0FMdf,,Both joins enabled,,,,,,,0 SF,New Construction,None,,,,,L3 TOS,18'-4",Not Defined,,0",1/2",0",,,,,Steel,Joist,22'-3",16K6,,,3ZT5EhLQn6JfRlijT8hoc2,,,,0.37 CF,0.00 lbm,Origin,0",Top,0"
B1010350,Joists - Steel,,,,23.25.30.21.14.11,,,,,1,0.00°,22'-3",,17'-0",18'-4",0",1/2",0",,,,,,183.60 lbm,,,,By Type,,Default,,K-Series Bar Joist-Angle Web,K-Series Bar Joist-Angle Web: 16K6,,,3uAF7SyDTErwg507_0FMde,,Both joins enabled,,,,,,,0 SF,New Construction,None,,,,,L3 TOS,18'-4",Not Defined,,0",1/2",0",,,,,Steel,Joist,22'-3",16K6,,,3ZT5EhLQn6JfRlijT8hoc2,,,,0.37 CF,0.00 lbm,Origin,0",Top,0"
B1010350,Joists - Steel,,,,23.25.30.21.14.11,,,,,1,0.00°,22'-3",,17'-0",18'-4",0",1/2",0",,,,,,183.60 lbm,,,,By Type,,Default,,K-Series Bar Joist-Angle Web,K-Series Bar Joist-Angle Web: 16K6,,,3uAF7SyDTErwg507_0FMdh,,Both joins enabled,,,,,,,0 SF,New Construction,None,,,,,L3 TOS,18'-4",Not Defined,,0",1/2",0",,,,,Steel,Joist,22'-3",16K6,,,3ZT5EhLQn6JfRlijT8hoc2,,,,0.37 CF,0.00 lbm,Origin,0",Top,0"
B1010350,Joists - Steel,,,,23.25.30.21.14.11,,,,,1,0.00°,22'-3",,17'-0",18'-4",0",1/2",0",,,,,,183.60 lbm,,,,By Type,,Default,,K-Series Bar Joist-Angle Web,K-Series Bar Joist-Angle Web: 16K6,,,3uAF7SyDTErwg507_0FMdg,,Both joins enabled,,,,,,,0 SF,New Construction,None,,,,,L3 TOS,18'-4",Not Defined,,0",1/2",0",,,,,Steel,Joist,22'-3",16K6,,,3ZT5EhLQn6JfRlijT8hoc2,,,,0.37 CF,0.00 lbm,Origin,0",Top,0"
B10,Superstructure,,,,23.25.30.11.14.14,,,,,1,0.00°,13'-8 1/2",,16'-7 51/128",18'-1 1/2",0",0",0",,,,,,768.12 lbm,,,,By Type,,Default,,W Shapes,W Shapes: W18x55,,,3_9b1Vyc11euaTFcWfi7xH,,Both joins enabled,,,,,,,720 SF,New Construction,None,,,,,L3 TOS,18'-4",I-shape Parallel Flange,,0",1/2",0",,,,,Steel,Girder,14'-7",W18x55,,,1_y_hNQfD4N8RbeJZCV0vP,,,,1.57 CF,755.67 lbm,Origin,0",Top,-2 1/2"
B10,Superstructure,,,,23.25.30.11.14.14,,,,,1,0.00°,59'-7",,13'-8 51/64",16'-9 115/128",0",1/2",0",,,,,,13775.77 lbm,,,,By Type,,Default,,W Shapes,W Shapes: W36x232,,,2qPn_u$C57ueQiO7doE9Qp,,Both joins enabled,,,,,,,3,050 SF,New Construction,None,,,,,L3 TOS,18'-4",I-shape Parallel Flange,,0",1/2",0",,,,,Steel,Girder,61'-9",W36x232,,,11pIc11mbBx9FNya7LPaiN,,,,28.11 CF,13807.20 lbm,Origin,0",Top,-1'-6 13/128"
B10,Superstructure,,,,23.25.30.11.14.14,,,,,1,0.00°,9'-7",,7'-1",7'-4 1/2",0",,0",,,,,,51.17 lbm,,,,By Type,,Default,,SF_Steel L Angle,SF_Steel L Angle: _Size,,,0Zas40lvjEVunrJVAhu7nG,,Both joins enabled,,,,,,,0 SF,New Construction,None,,,,,L2 TOS,7'-7",L-angle,,0",-3 49/64",0",,,,,<By Category>,Purlin,9'-7",_Size,,,0Zas40lvjEVunrJVAhu7tn,,,,0.10 CF,51.52 lbm,Origin,0",Top,-2 1/2"
B10,Superstructure,,,,23.25.30.11.14.14,,,,,1,0.00°,5'-10 9/32",,6'-11 7/64",7'-7",0",0",0",,,,,,65.62 lbm,,,,By Type,,Default,,W Shapes,W Shapes: W8x10,,,2czaqEQOL8DeTImixjMtiV,,Both joins enabled,,,,,,,322 SF,New Construction,None,,,,,L2 TOS,7'-7",I-shape Parallel Flange,,0",0",0",,,,,Steel,Joist,6'-6 1/4",W8x10,,,2GjH11r995hxaZhII5NFtk,,,,0.13 CF,58.99 lbm,Origin,0",Top,0"
B10,Superstructure,,,,23.25.30.11.14.14,,,,,1,0.00°,35'-1 93/128",,16'-9 77/128",18'-4",0",1/2",0",,,,,,3060.53 lbm,,,,By Type,,Default,,W Shapes,W Shapes: W18x86,,,2czaqEQOL8DeTImixjMtjt,,Both joins enabled,,,,,,,1,799 SF,New Construction,None,,,,,L3 TOS,18'-4",I-shape Parallel Flange,,0",1/2",0",,,,,Steel,Girder,36'-4 29/32",W18x86,,,1r4KDlPfX65ey959abbF2i,,,,6.25 CF,3025.54 lbm,Origin,0",Top,0"
B10,Superstructure,,,,23.25.30.11.14.14,,,,,1,0.00°,8'-9",,16'-9 77/128",18'-4",0",0",0",,,,,,762.00 lbm,,,,By Type,,Default,,W Shapes,W Shapes: W18x86,,,2czaqEQOL8DeTImixjMtgZ,,One or two joins disabled,,,,,,,455 SF,New Construction,None,,,,,L3 TOS,18'-4",I-shape Parallel Flange,,0",,0",,,,,Steel,Girder,9'-2 1/2",W18x86,,,1r4KDlPfX65ey959abbF2i,,,,1.56 CF,753.29 lbm,Origin,0",Top,0"
B10,Superstructure,,,,23.25.30.11.14.14,,,,,1,0.00°,19'-10",,16'-9 77/128",18'-4",0",0",0",,,,,,1727.20 lbm,,,,By Type,,Default,,W Shapes,W Shapes: W18x86,,,2czaqEQOL8DeTImixjMtgL,,Both joins enabled,,,,,,,1,025 SF,New Construction,None,,,,,L3 TOS,18'-4",I-shape Parallel Flange,,0",0",0",,,,,Steel,Girder,20'-9",W18x86,,,1r4KDlPfX65ey959abbF2i,,,,3.52 CF,1707.46 lbm,Origin,0",Top,0"
B10,Superstructure,,,,23.25.30.11.14.14,,,,,1,0.00°,28'-7 87/256",,16'-9 77/128",18'-4",0",1/2",0",,,,,,2492.24 lbm,,,,By Type,,Default,,W Shapes,W Shapes: W18x86,,,3bszpbp2L05fCqJyo1CKvD,,Both joins enabled,,,,,,,1,476 SF,New Construction,None,,,,,L3 TOS,18'-4",I-shape Parallel Flange,,0",1/2",0",,,,,Steel,Girder,29'-10 133/256",W18x86,,,1r4KDlPfX65ey959abbF2i,,,,5.09 CF,2463.20 lbm,Origin,0",Top,0"
B10,Superstructure,,,,23.25.30.11.14.14,,,,,1,0.00°,16'-0 109/128",,16'-9 115/128",18'-4",0",,0",,,,,,900.19 lbm,,,,By Type,,Default,,W Shapes,W Shapes: W18x55,,,3bszpbp2L05fCqJyo1CL5v,,One or two joins disabled,,,,,,,817 SF,New Construction,None,,,,,L3 TOS,18'-4",I-shape Parallel Flange,,0",0",0",,,,,Steel,Girder,16'-6 1/2",W18x55,,,1_y_hNQfD4N8RbeJZCV0vP,,,,1.84 CF,885.90 lbm,Origin,0",Top,0"
B10,Superstructure,,,,23.25.30.11.14.14,,,,,1,0.00°,8'-2 247/256",,17'-8 7/64",18'-4",0",1/2",0",,,,,,92.41 lbm,,,,By Type,,Default,,W Shapes,W Shapes: W8x10,,,3bszpbp2L05fCqJyo1CL4d,,Both joins enabled,,,,,,,453 SF,New Construction,None,,,,,L3 TOS,18'-4",I-shape Parallel Flange,,0",0",0",,,,,Steel,Joist,9'-2 13/256",W8x10,,,2GjH11r995hxaZhII5NFtk,,,,0.19 CF,83.07 lbm,Origin,0",Top,0"
B10,Superstructure,,,,23.25.30.11.14.14,,,,,1,0.00°,15'-3 13/128",,16'-9 77/128",18'-4",0",,0",,,,,,1328.79 lbm,,,,By Type,,Default,,W Shapes,W Shapes: W18x86,,,3bszpbp2L05fCqJyo1CL28,,Both joins enabled,,,,,,,708 SF,New Construction,None,,,,,L3 TOS,18'-4",I-shape Parallel Flange,,0",,0",,,,,Steel,Girder,14'-4",W18x86,,,1r4KDlPfX65ey959abbF2i,,,,2.71 CF,1313.59 lbm,Origin,0",Top,0"
B10,Superstructure,,,,23.25.30.11.14.14,,,,,1,0.00°,9'-5 179/256",,17'-8 7/64",18'-4",0",0",0",,,,,,106.16 lbm,,,,By Type,,Default,,W Shapes,W Shapes: W8x10,,,3bszpbp2L05fCqJyo1CL1Q,,Both joins enabled,,,,,,,564 SF,New Construction,None,,,,,L3 TOS,18'-4",I-shape Parallel Flange,,0",0",0",,,,,Steel,Joist,11'-4 245/256",W8x10,,,2GjH11r995hxaZhII5NFtk,,,,0.22 CF,95.44 lbm,Origin,0",Top,0"
B10,Superstructure,,,,23.25.30.11.14.14,,,,,1,0.00°,13'-4 115/128",,17'-8 7/64",18'-4",0",0",0",,,,,,150.24 lbm,,,,By Type,,Default,,W Shapes,W Shapes: W8x10,,,3bszpbp2L05fCqJyo1CL1O,,Both joins enabled,,,,,,,708 SF,New Construction,None,,,,,L3 TOS,18'-4",I-shape Parallel Flange,,0",0",0",,,,,Steel,Joist,14'-4",W8x10,,,2GjH11r995hxaZhII5NFtk,,,,0.31 CF,135.05 lbm,Origin,0",Top,0"
B10,Superstructure,,,,23.25.30.11.14.14,,,,,1,0.00°,13'-4 115/128",,17'-8 7/64",18'-4",0",0",0",,,,,,150.24 lbm,,,,By Type,,Default,,W Shapes,W Shapes: W8x10,,,3bszpbp2L05fCqJyo1CL16,,Both joins enabled,,,,,,,708 SF,New Construction,None,,,,,L3 TOS,18'-4",I-shape Parallel Flange,,0",0",0",,,,,Steel,Joist,14'-4",W8x10,,,2GjH11r995hxaZhII5NFtk,,,,0.31 CF,135.05 lbm,Origin,0",Top,0"
B10,Superstructure,,,,23.25.30.11.14.14,,,,,1,0.00°,13'-4 115/128",,17'-8 7/64",18'-4",0",0",0",,,,,,150.24 lbm,,,,By Type,,Default,,W Shapes,W Shapes: W8x10,,,3bszpbp2L05fCqJyo1CL14,,Both joins enabled,,,,,,,708 SF,New Construction,None,,,,,L3 TOS,18'-4",I-shape Parallel Flange,,0",0",0",,,,,Steel,Joist,14'-4",W8x10,,,2GjH11r995hxaZhII5NFtk,,,,0.31 CF,135.05 lbm,Origin,0",Top,0"
B10,Superstructure,,,,23.25.30.11.14.14,,,,,1,0.00°,13'-4 115/128",,17'-8 7/64",18'-4",0",0",0",,,,,,150.24 lbm,,,,By Type,,Default,,W Shapes,W Shapes: W8x10,,,3bszpbp2L05fCqJyo1CL12,,Both joins enabled,,,,,,,708 SF,New Construction,None,,,,,L3 TOS,18'-4",I-shape Parallel Flange,,0",0",0",,,,,Steel,Joist,14'-4",W8x10,,,2GjH11r995hxaZhII5NFtk,,,,0.31 CF,135.05 lbm,Origin,0",Top,0"
B10,Superstructure,,,,23.25.30.11.14.14,,,,,1,0.00°,13'-4 115/128",,17'-8 7/64",18'-4",0",0",0",,,,,,150.24 lbm,,,,By Type,,Default,,W Shapes,W Shapes: W8x10,,,3bszpbp2L05fCqJyo1CL10,,Both joins enabled,,,,,,,708 SF,New Construction,None,,,,,L3 TOS,18'-4",I-shape Parallel Flange,,0",0",0",,,,,Steel,Joist,14'-4",W8x10,,,2GjH11r995hxaZhII5NFtk,,,,0.31 CF,135.05 lbm,Origin,0",Top,0"
B10,Superstructure,,,,23.25.30.11.14.14,,,,,1,0.00°,35'-0 35/128",,16'-9 77/128",18'-4",0",1/2",0",,,,,,3050.68 lbm,,,,By Type,,Default,,W Shapes,W Shapes: W18x86,,,3bszpbp2L05fCqJyo1CL0M,,Both joins enabled,,,,,,,1,793 SF,New Construction,None,,,,,L3 TOS,18'-4",I-shape Parallel Flange,,0",1/2",0",,,,,Steel,Girder,36'-3 29/64",W18x86,,,1r4KDlPfX65ey959abbF2i,,,,6.23 CF,3015.12 lbm,Origin,0",Top,0"
B10,Superstructure,,,,23.25.30.11.14.14,,,,,1,0.00°,28'-6 11/32",,16'-9 77/128",18'-4",0",1/2",0",,,,,,2485.01 lbm,,,,By Type,,Default,,W Shapes,W Shapes: W18x86,,,3bszpbp2L05fCqJyo1CL0L,,Both joins enabled,,,,,,,1,472 SF,New Construction,None,,,,,L3 TOS,18'-4",I-shape Parallel Flange,,0",1/2",0",,,,,Steel,Girder,29'-9 67/128",W18x86,,,1r4KDlPfX65ey959abbF2i,,,,5.07 CF,2456.04 lbm,Origin,0",Top,0"
B10,Superstructure,,,,23.25.30.11.14.14,,,,,1,0.00°,15'-2 13/128",,16'-9 77/128",18'-4",0",,0",,,,,,1321.83 lbm,,,,By Type,,Default,,W Shapes,W Shapes: W18x86,,,3bszpbp2L05fCqJyo1CL0K,,Both joins enabled,,,,,,,704 SF,New Construction,None,,,,,L3 TOS,18'-4",I-shape Parallel Flange,,0",,0",,,,,Steel,Girder,14'-3",W18x86,,,1r4KDlPfX65ey959abbF2i,,,,2.70 CF,1306.42 lbm,Origin,0",Top,0"
B10,Superstructure,,,,23.25.30.11.14.14,,,,,1,0.00°,9'-5 63/256",,17'-8 7/64",18'-4",0",0",0",,,,,,105.93 lbm,,,,By Type,,Default,,W Shapes,W Shapes: W8x10,,,3bszpbp2L05fCqJyo1CL0S,,Both joins enabled,,,,,,,562 SF,New Construction,None,,,,,L3 TOS,18'-4",I-shape Parallel Flange,,0",0",0",,,,,Steel,Joist,11'-4 1/2",W8x10,,,2GjH11r995hxaZhII5NFtk,,,,0.22 CF,95.05 lbm,Origin,0",Top,0"
B10,Superstructure,,,,23.25.30.11.14.14,,,,,1,0.00°,13'-3 115/128",,17'-8 7/64",18'-4",0",0",0",,,,,,149.56 lbm,,,,By Type,,Default,,W Shapes,W Shapes: W8x10,,,3bszpbp2L05fCqJyo1CL0R,,Both joins enabled,,,,,,,704 SF,New Construction,None,,,,,L3 TOS,18'-4",I-shape Parallel Flange,,0",0",0",,,,,Steel,Joist,14'-3",W8x10,,,2GjH11r995hxaZhII5NFtk,,,,0.31 CF,134.21 lbm,Origin,0",Top,0"
B10,Superstructure,,,,23.25.30.11.14.14,,,,,1,0.00°,13'-3 115/128",,17'-8 7/64",18'-4",0",0",0",,,,,,149.56 lbm,,,,By Type,,Default,,W Shapes,W Shapes: W8x10,,,3bszpbp2L05fCqJyo1CL0Q,,Both joins enabled,,,,,,,704 SF,New Construction,None,,,,,L3 TOS,18'-4",I-shape Parallel Flange,,0",0",0",,,,,Steel,Joist,14'-3",W8x10,,,2GjH11r995hxaZhII5NFtk,,,,0.31 CF,134.21 lbm,Origin,0",Top,0"
B10,Superstructure,,,,23.25.30.11.14.14,,,,,1,0.00°,13'-3 115/128",,17'-8 7/64",18'-4",0",0",0",,,,,,149.56 lbm,,,,By Type,,Default,,W Shapes,W Shapes: W8x10,,,3bszpbp2L05fCqJyo1CL0P,,Both joins enabled,,,,,,,704 SF,New Construction,None,,,,,L3 TOS,18'-4",I-shape Parallel Flange,,0",0",0",,,,,Steel,Joist,14'-3",W8x10,,,2GjH11r995hxaZhII5NFtk,,,,0.31 CF,134.21 lbm,Origin,0",Top,0"
B10,Superstructure,,,,23.25.30.11.14.14,,,,,1,0.00°,13'-3 115/128",,17'-8 7/64",18'-4",0",0",0",,,,,,149.56 lbm,,,,By Type,,Default,,W Shapes,W Shapes: W8x10,,,3bszpbp2L05fCqJyo1CL0O,,Both joins enabled,,,,,,,704 SF,New Construction,None,,,,,L3 TOS,18'-4",I-shape Parallel Flange,,0",0",0",,,,,Steel,Joist,14'-3",W8x10,,,2GjH11r995hxaZhII5NFtk,,,,0.31 CF,134.21 lbm,Origin,0",Top,0"
B10,Superstructure,,,,23.25.30.11.14.14,,,,,1,0.00°,13'-3 115/128",,17'-8 7/64",18'-4",0",0",0",,,,,,149.56 lbm,,,,By Type,,Default,,W Shapes,W Shapes: W8x10,,,3bszpbp2L05fCqJyo1CL07,,Both joins enabled,,,,,,,704 SF,New Construction,None,,,,,L3 TOS,18'-4",I-shape Parallel Flange,,0",0",0",,,,,Steel,Joist,14'-3",W8x10,,,2GjH11r995hxaZhII5NFtk,,,,0.31 CF,134.21 lbm,Origin,0",Top,0"
B10,Superstructure,,,,23.25.30.11.14.14,,,,,1,0.00°,6'-1 3/256",,16'-9 77/128",18'-4",0",1/2",0",,,,,,529.85 lbm,,,,By Type,,Default,,W Shapes,W Shapes: W18x86,,,2ziRO9h6vBfhCjIcMi1m2w,,Both joins enabled,,,,,,,433 SF,New Construction,None,,,,,L3 TOS,18'-4",I-shape Parallel Flange,,0",1/2",0",,,,,Steel,Girder,8'-9 31/256",W18x86,,,1r4KDlPfX65ey959abbF2i,,,,1.08 CF,523.79 lbm,Origin,0",Top,0"
B10,Superstructure,,,,23.25.30.11.14.14,,,,,1,0.00°,28'-6 89/256",,16'-9 77/128",18'-4",0",1/2",0",,,,,,2485.03 lbm,,,,By Type,,Default,,W Shapes,W Shapes: W18x86,,,2ziRO9h6vBfhCjIcMi1m2v,,Both joins enabled,,,,,,,1,472 SF,New Construction,None,,,,,L3 TOS,18'-4",I-shape Parallel Flange,,0",1/2",0",,,,,Steel,Girder,29'-9 135/256",W18x86,,,1r4KDlPfX65ey959abbF2i,,,,5.07 CF,2456.07 lbm,Origin,0",Top,0"
B10,Superstructure,,,,23.25.30.11.14.14,,,,,1,0.00°,15'-5 13/128",,16'-9 77/128",18'-4",0",,0",,,,,,1343.60 lbm,,,,By Type,,Default,,W Shapes,W Shapes: W18x86,,,2ziRO9h6vBfhCjIcMi1m2u,,Both joins enabled,,,,,,,716 SF,New Construction,None,,,,,L3 TOS,18'-4",I-shape Parallel Flange,,0",,0",,,,,Steel,Girder,14'-6",W18x86,,,1r4KDlPfX65ey959abbF2i,,,,2.74 CF,1327.94 lbm,Origin,0",Top,0"
B10,Superstructure,,,,23.25.30.11.14.14,,,,,1,0.00°,4'-5 85/128",,17'-8 7/64",18'-4",0",0",0",,,,,,50.11 lbm,,,,By Type,,Default,,W Shapes,W Shapes: W8x10,,,2ziRO9h6vBfhCjIcMi1m00,,Both joins enabled,,,,,,,314 SF,New Construction,None,,,,,L3 TOS,18'-4",I-shape Parallel Flange,,0",0",0",,,,,Steel,Joist,6'-4 41/256",W8x10,,,2GjH11r995hxaZhII5NFtk,,,,0.10 CF,45.04 lbm,Origin,0",Top,0"
B10,Superstructure,,,,23.25.30.11.14.14,,,,,1,0.00°,4'-5 51/128",,17'-8 7/64",18'-4",0",0",0",,,,,,49.95 lbm,,,,By Type,,Default,,W Shapes,W Shapes: W8x10,,,2ziRO9h6vBfhCjIcMi1m6K,,Both joins enabled,,,,,,,266 SF,New Construction,None,,,,,L3 TOS,18'-4",I-shape Parallel Flange,,0",0",0",,,,,Steel,Girder,5'-4 1/2",W8x10,,,2GjH11r995hxaZhII5NFtk,,,,0.10 CF,44.82 lbm,Origin,0",Top,0"
B10,Superstructure,,,,23.25.30.11.14.14,,,,,1,0.00°,4'-6 51/128",,17'-8 7/64",18'-4",0",0",0",,,,,,50.88 lbm,,,,By Type,,Default,,W Shapes,W Shapes: W8x10,,,2ziRO9h6vBfhCjIcMi1m7N,,Both joins enabled,,,,,,,270 SF,New Construction,None,,,,,L3 TOS,18'-4",I-shape Parallel Flange,,0",0",0",,,,,Steel,Girder,5'-5 1/2",W8x10,,,2GjH11r995hxaZhII5NFtk,,,,0.10 CF,45.66 lbm,Origin,0",Top,0"
B10,Superstructure,,,,23.25.30.11.14.14,,,,,1,0.00°,5'-10 43/64",,3'-5 115/128",5'-0",0",,0",,,,,,329.99 lbm,,,,By Type,,Default,,W Shapes,W Shapes: W18x55,,,2ziRO9h6vBfhCjIcMi1DLu,,Both joins enabled,,,,,,,314 SF,New Construction,None,,,,,M1 TOS,5'-0",I-shape Parallel Flange,,0",1/2",0",,,,,Steel,Girder,6'-4 11/64",W18x55,,,1_y_hNQfD4N8RbeJZCV0vP,,,,0.67 CF,324.64 lbm,Origin,0",Top,0"
B1010350,Joists - Steel,,,,23.25.30.21.14.11,,,,,1,0.00°,22'-3",,3'-5 113/256",5'-0",0",1/2",0",,,,,,868.37 lbm,,,,By Type,,Default,,LH-Series Bar Joist,LH-Series Bar Joist: 18LH04,,,2ziRO9h6vBfhCjIcMi1DRz,,Both joins enabled,,,,,,,0 SF,New Construction,None,,,,,M1 TOS,5'-0",Not Defined,,0",1/2",0",,,,,Steel,Joist,22'-3",18LH04,,,2ziRO9h6vBfhCjIcMi1EQA,,,,1.77 CF,0.00 lbm,Origin,0",Top,0"
B1010350,Joists - Steel,,,,23.25.30.21.14.11,,,,,1,0.00°,22'-3",,3'-5 113/256",5'-0",0",1/2",0",,,,,,868.37 lbm,,,,By Type,,Default,,LH-Series Bar Joist,LH-Series Bar Joist: 18LH04,,,2ziRO9h6vBfhCjIcMi1DRy,,Both joins enabled,,,,,,,0 SF,New Construction,None,,,,,M1 TOS,5'-0",Not Defined,,0",1/2",0",,,,,Steel,Joist,22'-3",18LH04,,,2ziRO9h6vBfhCjIcMi1EQA,,,,1.77 CF,0.00 lbm,Origin,0",Top,0"
B1010350,Joists - Steel,,,,23.25.30.21.14.11,,,,,1,0.00°,22'-3",,3'-5 113/256",5'-0",0",1/2",0",,,,,,868.37 lbm,,,,By Type,,Default,,LH-Series Bar Joist,LH-Series Bar Joist: 18LH04,,,2ziRO9h6vBfhCjIcMi1DRp,,Both joins enabled,,,,,,,0 SF,New Construction,None,,,,,M1 TOS,5'-0",Not Defined,,0",1/2",0",,,,,Steel,Joist,22'-3",18LH04,,,2ziRO9h6vBfhCjIcMi1EQA,,,,1.77 CF,0.00 lbm,Origin,0",Top,0"
B1010350,Joists - Steel,,,,23.25.30.21.14.11,,,,,1,0.00°,22'-3",,3'-5 113/256",5'-0",0",1/2",0",,,,,,868.37 lbm,,,,By Type,,Default,,LH-Series Bar Joist,LH-Series Bar Joist: 18LH04,,,2ziRO9h6vBfhCjIcMi1DRo,,Both joins enabled,,,,,,,0 SF,New Construction,None,,,,,M1 TOS,5'-0",Not Defined,,0",1/2",0",,,,,Steel,Joist,22'-3",18LH04,,,2ziRO9h6vBfhCjIcMi1EQA,,,,1.77 CF,0.00 lbm,Origin,0",Top,0"
B1010350,Joists - Steel,,,,23.25.30.21.14.11,,,,,1,0.00°,22'-3",,3'-5 113/256",5'-0",0",1/2",0",,,,,,868.37 lbm,,,,By Type,,Default,,LH-Series Bar Joist,LH-Series Bar Joist: 18LH04,,,2ziRO9h6vBfhCjIcMi1DRn,,Both joins enabled,,,,,,,0 SF,New Construction,None,,,,,M1 TOS,5'-0",Not Defined,,0",1/2",0",,,,,Steel,Joist,22'-3",18LH04,,,2ziRO9h6vBfhCjIcMi1EQA,,,,1.77 CF,0.00 lbm,Origin,0",Top,0"
B1010350,Joists - Steel,,,,23.25.30.21.14.11,,,,,1,0.00°,22'-3",,3'-5 113/256",5'-0",0",1/2",0",,,,,,868.37 lbm,,,,By Type,,Default,,LH-Series Bar Joist,LH-Series Bar Joist: 18LH04,,,2ziRO9h6vBfhCjIcMi1DRm,,Both joins enabled,,,,,,,0 SF,New Construction,None,,,,,M1 TOS,5'-0",Not Defined,,0",1/2",0",,,,,Steel,Joist,22'-3",18LH04,,,2ziRO9h6vBfhCjIcMi1EQA,,,,1.77 CF,0.00 lbm,Origin,0",Top,0"
B1010350,Joists - Steel,,,,23.25.30.21.14.11,,,,,1,0.00°,22'-3",,3'-5 113/256",5'-0",0",1/2",0",,,,,,868.37 lbm,,,,By Type,,Default,,LH-Series Bar Joist,LH-Series Bar Joist: 18LH04,,,2ziRO9h6vBfhCjIcMi1DRt,,Both joins enabled,,,,,,,0 SF,New Construction,None,,,,,M1 TOS,5'-0",Not Defined,,0",1/2",0",,,,,Steel,Joist,22'-3",18LH04,,,2ziRO9h6vBfhCjIcMi1EQA,,,,1.77 CF,0.00 lbm,Origin,0",Top,0"
B1010350,Joists - Steel,,,,23.25.30.21.14.11,,,,,1,0.00°,22'-3",,3'-5 113/256",5'-0",0",1/2",0",,,,,,868.37 lbm,,,,By Type,,Default,,LH-Series Bar Joist,LH-Series Bar Joist: 18LH04,,,2ziRO9h6vBfhCjIcMi1DRs,,Both joins enabled,,,,,,,0 SF,New Construction,None,,,,,M1 TOS,5'-0",Not Defined,,0",1/2",0",,,,,Steel,Joist,22'-3",18LH04,,,2ziRO9h6vBfhCjIcMi1EQA,,,,1.77 CF,0.00 lbm,Origin,0",Top,0"
B10,Superstructure,,,,23.25.30.11.14.14,,,,,1,0.00°,19'-5 115/128",,16'-9 115/128",18'-4",0",1/2",0",,,,,,1091.80 lbm,,,,By Type,,Default,,W Shapes,W Shapes: W18x55,,,2ziRO9h6vBfhCjIcMi1DUM,,Both joins enabled,,,,,,,1,023 SF,New Construction,None,,,,,L3 TOS,18'-4",I-shape Parallel Flange,,0",1/2",0",,,,,Steel,Girder,20'-8 1/2",W18x55,,,1_y_hNQfD4N8RbeJZCV0vP,,,,2.23 CF,1074.48 lbm,Origin,0",Top,0"
B10,Superstructure,,,,23.25.30.11.14.14,,,,,1,0.00°,19'-10 51/256",,16'-9 115/128",18'-4",0",-3",0",,,,,,1111.87 lbm,,,,By Type,,Default,,W Shapes,W Shapes: W18x55,,,2ziRO9h6vBfhCjIcMi1DUK,,Both joins enabled,,,,,,,1,025 SF,New Construction,None,,,,,L3 TOS,18'-4",I-shape Parallel Flange,,0",1/2",0",,,,,Steel,Girder,20'-9",W18x55,,,1_y_hNQfD4N8RbeJZCV0vP,,,,2.27 CF,1094.23 lbm,Origin,0",Top,0"
B10,Superstructure,,,,23.25.30.11.14.14,,,,,1,0.00°,19'-11 1/2",,16'-9 77/128",18'-4",0",0",0",,,,,,1738.09 lbm,,,,By Type,,Default,,W Shapes,W Shapes: W18x86,,,2czaqEQOL8DeTImixjMtgZ,,Both joins enabled,,,,,,,1,025 SF,New Construction,None,,,,,L3 TOS,18'-4",I-shape Parallel Flange,,0",0",0",,,,,Steel,Girder,20'-9",W18x86,,,1r4KDlPfX65ey959abbF2i,,,,3.55 CF,1718.22 lbm,Origin,0",Top,0"
B10,Superstructure,,,,23.25.30.11.14.14,,,,,1,0.00°,5'-9 11/64",,16'-9 115/128",18'-4",0",,0",,,,,,322.87 lbm,,,,By Type,,Default,,W Shapes,W Shapes: W18x55,,,2ziRO9h6vBfhCjIcMi1D3T,,Both joins enabled,,,,,,,305 SF,New Construction,None,,,,,L3 TOS,18'-4",I-shape Parallel Flange,,0",0",0",,,,,Steel,Girder,6'-2 11/64",W18x55,,,1_y_hNQfD4N8RbeJZCV0vP,,,,0.66 CF,317.75 lbm,Origin,0",Top,0"
B10,Superstructure,,,,23.25.30.11.14.14,,,,,1,0.00°,6'-6 109/128",,16'-9 115/128",18'-4",0",0",0",,,,,,368.06 lbm,,,,By Type,,Default,,W Shapes,W Shapes: W18x55,,,2ziRO9h6vBfhCjIcMi1D0s,,Both joins enabled,,,,,,,375 SF,New Construction,None,,,,,L3 TOS,18'-4",I-shape Parallel Flange,,0",0",0",,,,,Steel,Girder,7'-7",W18x55,,,1_y_hNQfD4N8RbeJZCV0vP,,,,0.75 CF,362.22 lbm,Origin,0",Top,0"
B10,Superstructure,,,,23.25.30.11.14.14,,,,,1,0.00°,8'-6 179/256",,16'-9 115/128",18'-4",0",0",0",,,,,,479.38 lbm,,,,By Type,,Default,,W Shapes,W Shapes: W18x55,,,2ziRO9h6vBfhCjIcMi1D1d,,One or two joins disabled,,,,,,,455 SF,New Construction,None,,,,,L3 TOS,18'-4",I-shape Parallel Flange,,0",,0",,,,,Steel,Girder,9'-2 1/2",W18x55,,,1_y_hNQfD4N8RbeJZCV0vP,,,,0.98 CF,471.78 lbm,Origin,0",Top,0"
B10,Superstructure,,,,23.25.30.11.14.14,,,,,1,0.00°,5'-8 115/256",,16'-9 115/128",18'-4",0",,0",,,,,,319.51 lbm,,,,By Type,,Default,,W Shapes,W Shapes: W18x55,,,2ziRO9h6vBfhCjIcMi1D6o,,One or two joins disabled,,,,,,,305 SF,New Construction,None,,,,,L3 TOS,18'-4",I-shape Parallel Flange,,0",0",0",,,,,Steel,Joist,6'-2",W18x55,,,1_y_hNQfD4N8RbeJZCV0vP,,,,0.65 CF,314.44 lbm,Origin,0",Top,0"
B10,Superstructure,,,,23.25.30.11.14.14,,,,,1,0.00°,7'-0 15/64",,16'-9 115/128",18'-4",0",,0",,,,,,393.19 lbm,,,,By Type,,Default,,W Shapes,W Shapes: W18x55,,,2ziRO9h6vBfhCjIcMi1D6n,,One or two joins disabled,,,,,,,362 SF,New Construction,None,,,,,L3 TOS,18'-4",I-shape Parallel Flange,,0",0",0",,,,,Steel,Joist,7'-4",W18x55,,,1_y_hNQfD4N8RbeJZCV0vP,,,,0.80 CF,386.95 lbm,Origin,0",Top,0"
B10,Superstructure,,,,23.25.30.11.14.14,,,,,1,0.00°,5'-8 15/64",,3'-5 115/128",5'-0",0",0",0",,,,,,318.51 lbm,,,,By Type,,Default,,W Shapes,W Shapes: W18x55,,,2ziRO9h6vBfhCjIcMi1D6K,,Both joins enabled,,,,,,,317 SF,New Construction,None,,,,,M1 TOS,5'-0",I-shape Parallel Flange,,0",0",0",,,,,Steel,Girder,6'-5",W18x55,,,1_y_hNQfD4N8RbeJZCV0vP,,,,0.65 CF,313.45 lbm,Origin,0",Top,0"
B10,Superstructure,,,,23.25.30.11.14.14,,,,,1,0.00°,7'-1 15/64",,3'-5 115/128",5'-0",0",-3",0",,,,,,397.86 lbm,,,,By Type,,Default,,W Shapes,W Shapes: W18x55,,,2ziRO9h6vBfhCjIcMi1D7h,,Both joins enabled,,,,,,,375 SF,New Construction,None,,,,,M1 TOS,5'-0",I-shape Parallel Flange,,0",0",0",,,,,Steel,Girder,7'-7",W18x55,,,1_y_hNQfD4N8RbeJZCV0vP,,,,0.81 CF,391.55 lbm,Origin,0",Top,0"
B10,Superstructure,,,,23.25.30.11.14.14,,,,,1,0.00°,6'-9 109/128",,3'-5 115/128",5'-0",5",,0",,,,,,382.06 lbm,,,,By Type,,Default,,W Shapes,W Shapes: W18x55,,,2ziRO9h6vBfhCjIcMi1DBK,,Both joins enabled,,,,,,,346 SF,New Construction,None,,,,,M1 TOS,5'-0",I-shape Parallel Flange,,0",0",0",,,,,Steel,Girder,7'-0",W18x55,,,1_y_hNQfD4N8RbeJZCV0vP,,,,0.78 CF,376.00 lbm,Origin,0",Top,0"
B10,Superstructure,,,,23.25.30.11.14.14,,,,,1,0.00°,5'-7 3/32",,17'-8 7/64",18'-4",0",0",0",,,,,,62.65 lbm,,,,By Type,,Default,,W Shapes,W Shapes: W8x10,,,15a_Ns8av909wsjdLi5SDP,,Both joins enabled,,,,,,,320 SF,New Construction,None,,,,,L3 TOS,18'-4",I-shape Parallel Flange,,0",0",0",,,,,Steel,Joist,6'-5 87/128",W8x10,,,2GjH11r995hxaZhII5NFtk,,,,0.13 CF,56.31 lbm,Origin,0",Top,0"
B10,Superstructure,,,,23.25.30.11.14.14,,,,,1,0.00°,7'-11 15/16",,17'-8 7/64",18'-4",0",0",0",,,,,,89.74 lbm,,,,By Type,,Default,,W Shapes,W Shapes: W8x10,,,15a_Ns8av909wsjdLi5SDQ,,Both joins enabled,,,,,,,439 SF,New Construction,None,,,,,L3 TOS,18'-4",I-shape Parallel Flange,,0",0",0",,,,,Steel,Joist,8'-10 67/128",W8x10,,,2GjH11r995hxaZhII5NFtk,,,,0.18 CF,80.53 lbm,Origin,0",Top,0"
B10,Superstructure,,,,23.25.30.11.14.14,,,,,1,0.00°,9'-10 123/256",,17'-8 7/64",18'-4",0",0",0",,,,,,110.63 lbm,,,,By Type,,Default,,W Shapes,W Shapes: W8x10,,,15a_Ns8av909wsjdLi5SDR,,Both joins enabled,,,,,,,543 SF,New Construction,None,,,,,L3 TOS,18'-4",I-shape Parallel Flange,,0",0",0",,,,,Steel,Joist,10'-11 125/128",W8x10,,,2GjH11r995hxaZhII5NFtk,,,,0.23 CF,99.45 lbm,Origin,0",Top,0"
B10,Superstructure,,,,23.25.30.11.14.14,,,,,1,0.00°,12'-7 171/256",,17'-8 7/64",18'-4",0",0",0",,,,,,141.62 lbm,,,,By Type,,Default,,W Shapes,W Shapes: W8x10,,,15a_Ns8av909wsjdLi5SDS,,Both joins enabled,,,,,,,676 SF,New Construction,None,,,,,L3 TOS,18'-4",I-shape Parallel Flange,,0",0",0",,,,,Steel,Joist,13'-8 55/256",W8x10,,,2GjH11r995hxaZhII5NFtk,,,,0.29 CF,127.30 lbm,Origin,0",Top,0"
B10,Superstructure,,,,23.25.30.11.14.14,,,,,1,0.00°,13'-6 115/128",,17'-8 7/64",18'-4",0",0",0",,,,,,152.10 lbm,,,,By Type,,Default,,W Shapes,W Shapes: W8x10,,,15a_Ns8av909wsjdLi5SDT,,Both joins enabled,,,,,,,716 SF,New Construction,None,,,,,L3 TOS,18'-4",I-shape Parallel Flange,,0",0",0",,,,,Steel,Joist,14'-6",W8x10,,,2GjH11r995hxaZhII5NFtk,,,,0.31 CF,136.73 lbm,Origin,0",Top,0"
B10,Superstructure,,,,23.25.30.11.14.14,,,,,1,0.00°,10'-11 199/256",,17'-8 7/64",18'-4",0",1/2",0",,,,,,123.26 lbm,,,,By Type,,Default,,W Shapes,W Shapes: W8x10,,,1FWqTXRCL4tAqoaSqBE0P0,,Both joins enabled,,,,,,,588 SF,New Construction,None,,,,,L3 TOS,18'-4",I-shape Parallel Flange,,0",0",0",,,,,Steel,Joist,11'-10 221/256",W8x10,,,2GjH11r995hxaZhII5NFtk,,,,0.25 CF,110.61 lbm,Origin,0",Top,0"
B10,Superstructure,,,,23.25.30.11.14.14,,,,,1,0.00°,6'-3 129/256",,17'-5 39/64",18'-1 1/2",0",0",0",,,,,,70.50 lbm,,,,By Type,,Default,,W Shapes,W Shapes: W8x10,,,1qzXoatUj7QO5bGAHpUK3L,,Both joins enabled,,,,,,,352 SF,New Construction,None,,,,,L3 TOS,18'-4",I-shape Parallel Flange,,0",0",0",,,,,Steel,Joist,7'-1 103/256",W8x10,,,2GjH11r995hxaZhII5NFtk,,,,0.14 CF,63.38 lbm,Origin,0",Top,-2 1/2"
B10,Superstructure,,,,23.25.30.11.14.14,,,,,1,0.00°,12'-9 109/128",,16'-9 115/128",18'-4",0",1/2",0",,,,,,718.40 lbm,,,,By Type,,Default,,W Shapes,W Shapes: W18x55,,,0QQBK0bvT13AG6ilREGMLF,,Both joins enabled,,,,,,,696 SF,New Construction,None,,,,,L3 TOS,18'-4",I-shape Parallel Flange,,0",1/2",0",,,,,Steel,Girder,14'-1",W18x55,,,1_y_hNQfD4N8RbeJZCV0vP,,,,1.47 CF,706.75 lbm,Origin,0",Top,0"
B10,Superstructure,,,,23.25.30.11.14.14,,,,,1,0.00°,7'-9 15/32",,17'-5 39/64",18'-1 1/2",0",0",0",,,,,,87.27 lbm,,,,By Type,,Default,,W Shapes,W Shapes: W8x10,,,0QQBK0bvT13AG6ilREGM1v,,Both joins enabled,,,,,,,416 SF,New Construction,None,,,,,L3 TOS,18'-4",I-shape Parallel Flange,,0",0",0",,,,,Steel,Joist,8'-5",W8x10,,,2GjH11r995hxaZhII5NFtk,,,,0.18 CF,78.45 lbm,Origin,0",Top,-2 1/2"
B10,Superstructure,,,,23.25.30.11.14.14,,,,,1,0.00°,7'-9 15/32",,17'-5 39/64",18'-1 1/2",0",0",0",,,,,,87.27 lbm,,,,By Type,,Default,,W Shapes,W Shapes: W8x10,,,0QQBK0bvT13AG6ilREGM1s,,Both joins enabled,,,,,,,416 SF,New Construction,None,,,,,L3 TOS,18'-4",I-shape Parallel Flange,,0",0",0",,,,,Steel,Joist,8'-5",W8x10,,,2GjH11r995hxaZhII5NFtk,,,,0.18 CF,78.45 lbm,Origin,0",Top,-2 1/2"
B10,Superstructure,,,,23.25.30.11.14.14,,,,,1,0.00°,7'-9 15/32",,17'-5 39/64",18'-1 1/2",0",0",0",,,,,,87.27 lbm,,,,By Type,,Default,,W Shapes,W Shapes: W8x10,,,0QQBK0bvT13AG6ilREGM1t,,Both joins enabled,,,,,,,416 SF,New Construction,None,,,,,L3 TOS,18'-4",I-shape Parallel Flange,,0",0",0",,,,,Steel,Joist,8'-5",W8x10,,,2GjH11r995hxaZhII5NFtk,,,,0.18 CF,78.45 lbm,Origin,0",Top,-2 1/2"
B10,Superstructure,,,,23.25.30.11.14.14,,,,,1,0.00°,2'-11 125/128",,17'-8 7/64",18'-4",0",,0",,,,,,33.59 lbm,,,,By Type,,Default,,W Shapes,W Shapes: W8x10,,,3cAkMOq190E9GN56ah2JFS,,Both joins enabled,,,,,,,164 SF,New Construction,None,,,,,L3 TOS,18'-4",I-shape Parallel Flange,,0",0",0",,,,,Steel,Joist,3'-3 189/256",W8x10,,,2GjH11r995hxaZhII5NFtk,,,,0.07 CF,30.20 lbm,Left,0",Top,0"
B10,Superstructure,,,,23.25.30.11.14.14,,,,,1,0.00°,2'-11 15/64",,17'-8 7/64",18'-4",0",,0",,,,,,32.96 lbm,,,,By Type,,Default,,W Shapes,W Shapes: W8x10,,,3cAkMOq190E9GN56ah2JDH,,Both joins enabled,,,,,,,161 SF,New Construction,None,,,,,L3 TOS,18'-4",I-shape Parallel Flange,,0",0",0",,,,,Steel,Joist,3'-3",W8x10,,,2GjH11r995hxaZhII5NFtk,,,,0.07 CF,29.57 lbm,Origin,0",Top,0"
B10,Superstructure,,,,23.25.30.11.14.14,,,,,1,0.00°,2'-5 49/128",,17'-8 7/64",18'-4",0",0",0",,,,,,27.43 lbm,,,,By Type,,Default,,W Shapes,W Shapes: W8x10,,,3cAkMOq190E9GN56ah2JBJ,,Both joins enabled,,,,,,,148 SF,New Construction,None,,,,,L3 TOS,18'-4",I-shape Parallel Flange,,0",0",0",,,,,Steel,Joist,2'-11 239/256",W8x10,,,2GjH11r995hxaZhII5NFtk,,,,0.06 CF,24.66 lbm,Origin,0",Top,0"
B10,Superstructure,,,,23.25.30.11.14.14,,,,,1,0.00°,1'-8 29/128",,17'-8",18'-4",0",0",0",,,,,,18.32 lbm,,,,By Type,,Default,,C Shapes,C Shapes: C8X11.5,,,3cAkMOq190E9GN56ah2JB5,,Both joins enabled,,,,,,,6 SF,New Construction,None,,,,,L3 TOS,18'-4",C-channel Sloped Flange,,0",,0",,,,,Steel,Joist,1'-11 127/128",C8X11.5,,,0gDRbcW$T68hD6zeHEr$AI,,,,0.04 CF,19.33 lbm,Left,0",Top,0"
B10,Superstructure,,,,23.25.30.11.14.14,,,,,1,0.00°,7'-8 181/256",,17'-8",18'-4",0",,0",,,,,,87.62 lbm,,,,By Type,,Default,,C Shapes,C Shapes: C8X11.5,,,3cAkMOq190E9GN56ah2J7U,,Both joins enabled,,,,,,,23 SF,New Construction,None,,,,,L3 TOS,18'-4",C-channel Sloped Flange,,0",,0",,,,,Steel,Joist,7'-9 47/128",C8X11.5,,,0gDRbcW$T68hD6zeHEr$AI,,,,0.18 CF,88.59 lbm,Left,0",Top,0"
B10,Superstructure,,,,23.25.30.11.14.14,,,,,1,0.00°,2'-10 253/256",,17'-8",18'-4",0",,0",,,,,,33.58 lbm,,,,By Type,,Default,,C Shapes,C Shapes: C8X11.5,,,3cAkMOq190E9GN56ah2J0d,,Both joins enabled,,,,,,,9 SF,New Construction,None,,,,,L3 TOS,18'-4",C-channel Sloped Flange,,0",,0",,,,,Steel,Joist,2'-10 253/256",C8X11.5,,,0gDRbcW$T68hD6zeHEr$AI,,,,0.07 CF,33.44 lbm,Left,0",Top,0"
B10,Superstructure,,,,23.25.30.11.14.14,,,,,1,0.00°,18'-5 51/256",,56'-7 51/128",58'-1 1/2",0",1/2",0",,,,,,1032.52 lbm,,,,By Type,,Default,,W Shapes,W Shapes: W18x55,,,36aDi$wHf3684aH4hCHEpQ,,Both joins enabled,,,,,,,969 SF,New Construction,None,,,,,R2 TOS,58'-4",I-shape Parallel Flange,,0",1/2",0",,,,,Steel,Girder,19'-7 1/2",W18x55,,,1_y_hNQfD4N8RbeJZCV0vP,,,,2.11 CF,1016.14 lbm,Origin,0",Top,-2 1/2"
B10,Superstructure,,,,23.25.30.11.14.14,,,,,1,0.00°,22'-6 51/128",,56'-7 51/128",58'-1 1/2",0",1/2",0",,,,,,1262.18 lbm,,,,By Type,,Default,,W Shapes,W Shapes: W18x55,,,36aDi$wHf3684aH4hCHEpP,,Both joins enabled,,,,,,,1,186 SF,New Construction,None,,,,,R2 TOS,58'-4",I-shape Parallel Flange,,0",1/2",0",,,,,Steel,Girder,24'-0",W18x55,,,1_y_hNQfD4N8RbeJZCV0vP,,,,2.58 CF,1242.15 lbm,Origin,0",Top,-2 1/2"
B10,Superstructure,,,,23.25.30.11.14.14,,,,,1,0.00°,19'-0 51/128",,56'-7 51/128",58'-1 1/2",0",1/2",0",,,,,,1066.13 lbm,,,,By Type,,Default,,W Shapes,W Shapes: W18x55,,,36aDi$wHf3684aH4hCHEpO,,Both joins enabled,,,,,,,996 SF,New Construction,None,,,,,R2 TOS,58'-4",I-shape Parallel Flange,,0",1/2",0",,,,,Steel,Girder,20'-2",W18x55,,,1_y_hNQfD4N8RbeJZCV0vP,,,,2.18 CF,1049.21 lbm,Origin,0",Top,-2 1/2"
B10,Superstructure,,,,23.25.30.11.14.14,,,,,1,0.00°,16'-0 51/128",,56'-7 51/128",58'-1 1/2",0",1/2",0",,,,,,898.09 lbm,,,,By Type,,Default,,W Shapes,W Shapes: W18x55,,,36aDi$wHf3684aH4hCHEpV,,Both joins enabled,,,,,,,856 SF,New Construction,None,,,,,R2 TOS,58'-4",I-shape Parallel Flange,,0",1/2",0",,,,,Steel,Girder,17'-4",W18x55,,,1_y_hNQfD4N8RbeJZCV0vP,,,,1.83 CF,883.84 lbm,Origin,0",Top,-2 1/2"
B10,Superstructure,,,,23.25.30.11.14.14,,,,,1,0.00°,19'-3 137/256",,56'-7 51/128",58'-1 1/2",0",1/2",0",,,,,,1080.76 lbm,,,,By Type,,Default,,W Shapes,W Shapes: W18x55,,,36aDi$wHf3684aH4hCHEpU,,Both joins enabled,,,,,,,1,045 SF,New Construction,None,,,,,R2 TOS,58'-4",I-shape Parallel Flange,,0",1/2",0",,,,,Steel,Girder,21'-1 25/32",W18x55,,,1_y_hNQfD4N8RbeJZCV0vP,,,,2.21 CF,1063.61 lbm,Origin,0",Top,-2 1/2"
B10,Superstructure,,,,23.25.30.11.14.14,,,,,1,0.00°,19'-5 115/128",,56'-7 51/128",58'-1 1/2",0",1/2",0",,,,,,1091.80 lbm,,,,By Type,,Default,,W Shapes,W Shapes: W18x55,,,36aDi$wHf3684aH4hCHEpT,,Both joins enabled,,,,,,,1,023 SF,New Construction,None,,,,,R2 TOS,58'-4",I-shape Parallel Flange,,0",1/2",0",,,,,Steel,Girder,20'-8 1/2",W18x55,,,1_y_hNQfD4N8RbeJZCV0vP,,,,2.23 CF,1074.48 lbm,Origin,0",Top,-2 1/2"
B10,Superstructure,,,,23.25.30.11.14.14,,,,,1,0.00°,19'-6 179/256",,56'-7 51/128",58'-1 1/2",0",1/2",0",,,,,,1095.54 lbm,,,,By Type,,Default,,W Shapes,W Shapes: W18x55,,,36aDi$wHf3684aH4hCHEpS,,Both joins enabled,,,,,,,1,025 SF,New Construction,None,,,,,R2 TOS,58'-4",I-shape Parallel Flange,,0",1/2",0",,,,,Steel,Girder,20'-9",W18x55,,,1_y_hNQfD4N8RbeJZCV0vP,,,,2.24 CF,1078.15 lbm,Origin,0",Top,-2 1/2"
B10,Superstructure,,,,23.25.30.11.14.14,,,,,1,0.00°,8'-6 179/256",,56'-7 51/128",58'-1 1/2",0",0",0",,,,,,479.38 lbm,,,,By Type,,Default,,W Shapes,W Shapes: W18x55,,,36aDi$wHf3684aH4hCHEpZ,,One or two joins disabled,,,,,,,455 SF,New Construction,None,,,,,R2 TOS,58'-4",I-shape Parallel Flange,,0",,0",,,,,Steel,Girder,9'-2 1/2",W18x55,,,1_y_hNQfD4N8RbeJZCV0vP,,,,0.98 CF,471.78 lbm,Origin,0",Top,-2 1/2"
B10,Superstructure,,,,23.25.30.11.14.14,,,,,1,0.00°,18'-7 1/2",,56'-7 51/128",58'-1 1/2",0",1/2",0",,,,,,1043.26 lbm,,,,By Type,,Default,,W Shapes,W Shapes: W18x55,,,36aDi$wHf3684aH4hCHEmi,,Both joins enabled,,,,,,,969 SF,New Construction,None,,,,,R2 TOS,58'-4",I-shape Parallel Flange,,0",1/2",0",,,,,Steel,Girder,19'-7 1/2",W18x55,,,1_y_hNQfD4N8RbeJZCV0vP,,,,2.13 CF,1026.70 lbm,Origin,0",Top,-2 1/2"
B10,Superstructure,,,,23.25.30.11.14.14,,,,,1,0.00°,19'-4 1/2",,56'-7 51/128",58'-1 1/2",0",1/2",0",,,,,,1085.27 lbm,,,,By Type,,Default,,W Shapes,W Shapes: W18x55,,,36aDi$wHf3684aH4hCHEmp,,Both joins enabled,,,,,,,980 SF,New Construction,None,,,,,R2 TOS,58'-4",I-shape Parallel Flange,,0",,0",,,,,Steel,Girder,19'-10",W18x55,,,1_y_hNQfD4N8RbeJZCV0vP,,,,2.21 CF,1068.05 lbm,Origin,0",Top,-2 1/2"
B10,Superstructure,,,,23.25.30.11.14.14,,,,,1,0.00°,16'-5",,56'-7 51/128",58'-1 1/2",0",1/2",0",,,,,,919.56 lbm,,,,By Type,,Default,,W Shapes,W Shapes: W18x55,,,36aDi$wHf3684aH4hCHEmo,,Both joins enabled,,,,,,,856 SF,New Construction,None,,,,,R2 TOS,58'-4",I-shape Parallel Flange,,0",1/2",0",,,,,Steel,Girder,17'-4",W18x55,,,1_y_hNQfD4N8RbeJZCV0vP,,,,1.88 CF,904.97 lbm,Origin,0",Top,-2 1/2"
B10,Superstructure,,,,23.25.30.11.14.14,,,,,1,0.00°,22'-4 63/64",,56'-7 51/128",58'-1 1/2",0",1/2",0",,,,,,1255.57 lbm,,,,By Type,,Default,,W Shapes,W Shapes: W18x55,,,36aDi$wHf3684aH4hCHEmn,,Both joins enabled,,,,,,,1,191 SF,New Construction,None,,,,,R2 TOS,58'-4",I-shape Parallel Flange,,0",1/2",0",,,,,Steel,Girder,24'-1 25/128",W18x55,,,1_y_hNQfD4N8RbeJZCV0vP,,,,2.56 CF,1235.65 lbm,Origin,0",Top,-2 1/2"
B10,Superstructure,,,,23.25.30.11.14.14,,,,,1,0.00°,14'-2",,56'-7 51/128",58'-1 1/2",0",0",0",,,,,,793.53 lbm,,,,By Type,,Default,,W Shapes,W Shapes: W18x55,,,36aDi$wHf3684aH4hCHEmt,,Both joins enabled,,,,,,,720 SF,New Construction,None,,,,,R2 TOS,58'-4",I-shape Parallel Flange,,0",,0",,,,,Steel,Girder,14'-7",W18x55,,,1_y_hNQfD4N8RbeJZCV0vP,,,,1.62 CF,780.94 lbm,Origin,0",Top,-2 1/2"
B10,Superstructure,,,,23.25.30.11.14.14,,,,,1,0.00°,19'-10",,56'-7 13/128",58'-1 1/2",0",0",0",,,,,,1727.20 lbm,,,,By Type,,Default,,W Shapes,W Shapes: W18x86,,,36aDi$wHf3684aH4hCHEms,,Both joins enabled,,,,,,,1,025 SF,New Construction,None,,,,,R2 TOS,58'-4",I-shape Parallel Flange,,0",0",0",,,,,Steel,Girder,20'-9",W18x86,,,1r4KDlPfX65ey959abbF2i,,,,3.52 CF,1707.46 lbm,Origin,0",Top,-2 1/2"
B10,Superstructure,,,,23.25.30.11.14.14,,,,,1,0.00°,19'-11 1/2",,56'-7 13/128",58'-1 1/2",0",0",0",,,,,,1738.09 lbm,,,,By Type,,Default,,W Shapes,W Shapes: W18x86,,,36aDi$wHf3684aH4hCHEmr,,Both joins enabled,,,,,,,1,025 SF,New Construction,None,,,,,R2 TOS,58'-4",I-shape Parallel Flange,,0",0",0",,,,,Steel,Girder,20'-9",W18x86,,,1r4KDlPfX65ey959abbF2i,,,,3.55 CF,1718.22 lbm,Origin,0",Top,-2 1/2"
B10,Superstructure,,,,23.25.30.11.14.14,,,,,1,0.00°,8'-9",,56'-7 13/128",58'-1 1/2",0",0",0",,,,,,762.00 lbm,,,,By Type,,Default,,W Shapes,W Shapes: W18x86,,,36aDi$wHf3684aH4hCHEf7,,One or two joins disabled,,,,,,,455 SF,New Construction,None,,,,,R2 TOS,58'-4",I-shape Parallel Flange,,0",,0",,,,,Steel,Girder,9'-2 1/2",W18x86,,,1r4KDlPfX65ey959abbF2i,,,,1.56 CF,753.29 lbm,Origin,0",Top,-2 1/2"
B10,Superstructure,,,,23.25.30.11.14.14,,,,,1,0.00°,15'-8 1/2",,56'-9 115/128",58'-4",0",1/2",0",,,,,,880.19 lbm,,,,By Type,,Default,,W Shapes,W Shapes: W18x55,,,36aDi$wHf3684aH4hCHEZI,,Both joins enabled,,,,,,,825 SF,New Construction,None,,,,,R2 TOS,58'-4",I-shape Parallel Flange,,0",1/2",0",,,,,Steel,Girder,16'-8 1/2",W18x55,,,1_y_hNQfD4N8RbeJZCV0vP,,,,1.80 CF,865.92 lbm,Origin,0",Top,0"
B10,Superstructure,,,,23.25.30.11.14.14,,,,,1,0.00°,60'-4",,55'-6 51/256",58'-1 1/2",0",1/2",0",,,,,,14205.75 lbm,,,,By Type,,Default,,W Shapes,W Shapes: W30x235,,,36aDi$wHf3684aH4hCHEZN,,Both joins enabled,,,,,,,3,050 SF,New Construction,None,,,,,R2 TOS,58'-4",I-shape Parallel Flange,,0",1/2",0",,,,,<By Category>,Girder,61'-9",W30x235,,,0lyEh4MQj5dfRBgL_Q5RQi,,,,28.99 CF,14206.82 lbm,Origin,0",Top,-2 1/2"
B10,Superstructure,,,,23.25.30.11.14.14,,,,,1,0.00°,9'-7 33/128",,57'-3 205/256",58'-4",0",1/2",0",,,,,,249.73 lbm,,,,By Type,,Default,,W Shapes,W Shapes: W12X26,,,36aDi$wHf3684aH4hCHEZM,,Both joins enabled,,,,,,,44 SF,New Construction,None,,,,,R2 TOS,58'-4",I-shape Parallel Flange,,0",1/2",0",,,,,Steel,Girder,10'-9 9/32",W12X26,,,3s7FV_Vjn0EQQBzZuxFow2,,,,0.51 CF,250.03 lbm,Origin,0",Top,0"
B10,Superstructure,,,,23.25.30.11.14.14,,,,,1,0.00°,3'-0 107/256",,57'-3 205/256",58'-4",0",1/2",0",,,,,,78.92 lbm,,,,By Type,,Default,,W Shapes,W Shapes: W12X26,,,36aDi$wHf3684aH4hCHEZL,,Both joins enabled,,,,,,,17 SF,New Construction,None,,,,,R2 TOS,58'-4",I-shape Parallel Flange,,0",1/2",0",,,,,Steel,Girder,4'-2 113/256",W12X26,,,3s7FV_Vjn0EQQBzZuxFow2,,,,0.16 CF,79.00 lbm,Origin,0",Top,0"
B10,Superstructure,,,,23.25.30.11.14.14,,,,,1,0.00°,16'-1 1/2",,56'-9 115/128",58'-4",0",,0",,,,,,903.22 lbm,,,,By Type,,Default,,W Shapes,W Shapes: W18x55,,,36aDi$wHf3684aH4hCHEZK,,One or two joins disabled,,,,,,,817 SF,New Construction,None,,,,,R2 TOS,58'-4",I-shape Parallel Flange,,0",0",0",,,,,Steel,Girder,16'-6 1/2",W18x55,,,1_y_hNQfD4N8RbeJZCV0vP,,,,1.84 CF,888.89 lbm,Origin,0",Top,0"
B10,Superstructure,,,,23.25.30.11.14.14,,,,,1,0.00°,14'-11 125/256",,57'-3 205/256",58'-4",0",,0",,,,,,388.90 lbm,,,,By Type,,Default,,W Shapes,W Shapes: W12X26,,,36aDi$wHf3684aH4hCHEZQ,,Both joins enabled,,,,,,,59 SF,New Construction,None,,,,,R2 TOS,58'-4",I-shape Parallel Flange,,0",,0",,,,,Steel,Girder,14'-5",W12X26,,,3s7FV_Vjn0EQQBzZuxFow2,,,,0.79 CF,389.36 lbm,Origin,0",Top,0"
B10,Superstructure,,,,23.25.30.11.14.14,,,,,1,0.00°,4'-9 91/128",,57'-8 7/64",58'-4",0",0",0",,,,,,53.89 lbm,,,,By Type,,Default,,W Shapes,W Shapes: W8x10,,,36aDi$wHf3684aH4hCHESL,,Both joins enabled,,,,,,,289 SF,New Construction,None,,,,,R2 TOS,58'-4",I-shape Parallel Flange,,0",0",0",,,,,Steel,Joist,5'-10 19/128",W8x10,,,2GjH11r995hxaZhII5NFtk,,,,0.11 CF,48.44 lbm,Origin,0",Top,0"
B10,Superstructure,,,,23.25.30.11.14.14,,,,,1,0.00°,6'-5 27/64",,57'-8 7/64",58'-4",0",0",0",,,,,,72.42 lbm,,,,By Type,,Default,,W Shapes,W Shapes: W8x10,,,36aDi$wHf3684aH4hCHESK,,Both joins enabled,,,,,,,370 SF,New Construction,None,,,,,R2 TOS,58'-4",I-shape Parallel Flange,,0",0",0",,,,,Steel,Joist,7'-5 55/64",W8x10,,,2GjH11r995hxaZhII5NFtk,,,,0.15 CF,64.98 lbm,Origin,0",Top,0"
B10,Superstructure,,,,23.25.30.11.14.14,,,,,1,0.00°,8'-1 33/256",,57'-8 7/64",58'-4",0",0",0",,,,,,90.85 lbm,,,,By Type,,Default,,W Shapes,W Shapes: W8x10,,,36aDi$wHf3684aH4hCHESR,,Both joins enabled,,,,,,,451 SF,New Construction,None,,,,,R2 TOS,58'-4",I-shape Parallel Flange,,0",0",0",,,,,Steel,Joist,9'-1 73/128",W8x10,,,2GjH11r995hxaZhII5NFtk,,,,0.19 CF,81.53 lbm,Origin,0",Top,0"
B10,Superstructure,,,,23.25.30.11.14.14,,,,,1,0.00°,28'-1",,56'-7 51/128",58'-1 1/2",0",1/2",0",,,,,,1573.61 lbm,,,,By Type,,Default,,W Shapes,W Shapes: W18x55,,,36aDi$wHf3684aH4hCHEPt,,Both joins enabled,,,,,,,1,433 SF,New Construction,None,,,,,R2 TOS,58'-4",I-shape Parallel Flange,,0",1/2",0",,,,,Steel,Girder,29'-0",W18x55,,,1_y_hNQfD4N8RbeJZCV0vP,,,,3.21 CF,1548.09 lbm,Origin,0",Top,-2 1/2"
B10,Superstructure,,,,23.25.30.11.14.14,,,,,1,0.00°,9'-10",,57'-3 205/256",58'-4",0",1/2",0",,,,,,255.70 lbm,,,,By Type,,Default,,W Shapes,W Shapes: W12X26,,,36aDi$wHf3684aH4hCHEJZ,,Both joins enabled,,,,,,,45 SF,New Construction,None,,,,,R2 TOS,58'-4",I-shape Parallel Flange,,0",1/2",0",,,,,Steel,Girder,11'-0 5/256",W12X26,,,3s7FV_Vjn0EQQBzZuxFow2,,,,0.52 CF,255.97 lbm,Origin,0",Top,0"
B10,Superstructure,,,,23.25.30.11.14.14,,,,,1,0.00°,3'-3 41/256",,57'-3 205/256",58'-4",0",1/2",0",,,,,,84.86 lbm,,,,By Type,,Default,,W Shapes,W Shapes: W12X26,,,36aDi$wHf3684aH4hCHEJY,,Both joins enabled,,,,,,,18 SF,New Construction,None,,,,,R2 TOS,58'-4",I-shape Parallel Flange,,0",1/2",0",,,,,Steel,Girder,4'-5 23/128",W12X26,,,3s7FV_Vjn0EQQBzZuxFow2,,,,0.17 CF,84.95 lbm,Origin,0",Top,0"
B10,Superstructure,,,,23.25.30.11.14.14,,,,,1,0.00°,14'-11 125/256",,57'-3 205/256",58'-4",0",,0",,,,,,388.90 lbm,,,,By Type,,Default,,W Shapes,W Shapes: W12X26,,,36aDi$wHf3684aH4hCHEJX,,Both joins enabled,,,,,,,59 SF,New Construction,None,,,,,R2 TOS,58'-4",I-shape Parallel Flange,,0",,0",,,,,Steel,Girder,14'-5",W12X26,,,3s7FV_Vjn0EQQBzZuxFow2,,,,0.79 CF,389.36 lbm,Origin,0",Top,0"
B10,Superstructure,,,,23.25.30.11.14.14,,,,,1,0.00°,9'-9 201/256",,57'-3 205/256",58'-4",0",1/2",0",,,,,,255.20 lbm,,,,By Type,,Default,,W Shapes,W Shapes: W12X26,,,36aDi$wHf3684aH4hCHEI6,,Both joins enabled,,,,,,,44 SF,New Construction,None,,,,,R2 TOS,58'-4",I-shape Parallel Flange,,0",1/2",0",,,,,Steel,Girder,10'-8 55/128",W12X26,,,3s7FV_Vjn0EQQBzZuxFow2,,,,0.52 CF,255.51 lbm,Origin,0",Top,0"
B10,Superstructure,,,,23.25.30.11.14.14,,,,,1,0.00°,2'-11 69/128",,57'-3 205/256",58'-4",0",1/2",0",,,,,,77.01 lbm,,,,By Type,,Default,,W Shapes,W Shapes: W12X26,,,36aDi$wHf3684aH4hCHEI5,,Both joins enabled,,,,,,,17 SF,New Construction,None,,,,,R2 TOS,58'-4",I-shape Parallel Flange,,0",1/2",0",,,,,Steel,Girder,4'-1 143/256",W12X26,,,3s7FV_Vjn0EQQBzZuxFow2,,,,0.16 CF,77.09 lbm,Origin,0",Top,0"
B10,Superstructure,,,,23.25.30.11.14.14,,,,,1,0.00°,14'-3 11/16",,57'-3 205/256",58'-4",0",1/2",0",,,,,,371.99 lbm,,,,By Type,,Default,,W Shapes,W Shapes: W12X26,,,36aDi$wHf3684aH4hCHEI4,,Both joins enabled,,,,,,,59 SF,New Construction,None,,,,,R2 TOS,58'-4",I-shape Parallel Flange,,0",,0",,,,,Steel,Girder,14'-5 1/16",W12X26,,,3s7FV_Vjn0EQQBzZuxFow2,,,,0.76 CF,372.43 lbm,Origin,0",Top,0"
B10,Superstructure,,,,23.25.30.11.14.14,,,,,1,0.00°,9'-10 13/32",,57'-3 205/256",58'-4",0",1/2",0",,,,,,256.55 lbm,,,,By Type,,Default,,W Shapes,W Shapes: W12X26,,,0lyEh4MQj5dfRBgL_Q5RGw,,Both joins enabled,,,,,,,44 SF,New Construction,None,,,,,R2 TOS,58'-4",I-shape Parallel Flange,,0",1/2",0",,,,,Steel,Girder,10'-9 5/256",W12X26,,,3s7FV_Vjn0EQQBzZuxFow2,,,,0.52 CF,256.85 lbm,Origin,0",Top,0"
B10,Superstructure,,,,23.25.30.11.14.14,,,,,1,0.00°,3'-4 41/128",,57'-3 205/256",58'-4",0",1/2",0",,,,,,87.36 lbm,,,,By Type,,Default,,W Shapes,W Shapes: W12X26,,,0lyEh4MQj5dfRBgL_Q5RGv,,Both joins enabled,,,,,,,17 SF,New Construction,None,,,,,R2 TOS,58'-4",I-shape Parallel Flange,,0",1/2",0",,,,,Steel,Girder,4'-2 23/128",W12X26,,,3s7FV_Vjn0EQQBzZuxFow2,,,,0.18 CF,87.46 lbm,Origin,0",Top,0"
B10,Superstructure,,,,23.25.30.11.14.14,,,,,1,0.00°,14'-3 191/256",,57'-3 205/256",58'-4",0",1/2",0",,,,,,372.12 lbm,,,,By Type,,Default,,W Shapes,W Shapes: W12X26,,,0lyEh4MQj5dfRBgL_Q5RGu,,Both joins enabled,,,,,,,59 SF,New Construction,None,,,,,R2 TOS,58'-4",I-shape Parallel Flange,,0",,0",,,,,Steel,Girder,14'-5",W12X26,,,3s7FV_Vjn0EQQBzZuxFow2,,,,0.76 CF,372.56 lbm,Origin,0",Top,0"
B10,Superstructure,,,,23.25.30.11.14.14,,,,,1,0.00°,5'-1 39/64",,57'-8 7/64",58'-4",0",0",0",,,,,,57.53 lbm,,,,By Type,,Default,,W Shapes,W Shapes: W8x10,,,0lyEh4MQj5dfRBgL_Q5RGW,,Both joins enabled,,,,,,,288 SF,New Construction,None,,,,,R2 TOS,58'-4",I-shape Parallel Flange,,0",0",0",,,,,Steel,Joist,5'-9 57/64",W8x10,,,2GjH11r995hxaZhII5NFtk,,,,0.12 CF,51.71 lbm,Origin,0",Top,0"
B10,Superstructure,,,,23.25.30.11.14.14,,,,,1,0.00°,6'-9 41/128",,57'-8 7/64",58'-4",0",0",0",,,,,,76.06 lbm,,,,By Type,,Default,,W Shapes,W Shapes: W8x10,,,0lyEh4MQj5dfRBgL_Q5RGd,,Both joins enabled,,,,,,,369 SF,New Construction,None,,,,,R2 TOS,58'-4",I-shape Parallel Flange,,0",0",0",,,,,Steel,Joist,7'-5 77/128",W8x10,,,2GjH11r995hxaZhII5NFtk,,,,0.16 CF,68.26 lbm,Origin,0",Top,0"
B10,Superstructure,,,,23.25.30.11.14.14,,,,,1,0.00°,8'-5 1/32",,57'-8 7/64",58'-4",0",0",0",,,,,,94.50 lbm,,,,By Type,,Default,,W Shapes,W Shapes: W8x10,,,0lyEh4MQj5dfRBgL_Q5RGc,,Both joins enabled,,,,,,,450 SF,New Construction,None,,,,,R2 TOS,58'-4",I-shape Parallel Flange,,0",0",0",,,,,Steel,Joist,9'-1 5/16",W8x10,,,2GjH11r995hxaZhII5NFtk,,,,0.19 CF,84.80 lbm,Origin,0",Top,0"
B10,Superstructure,,,,23.25.30.11.14.14,,,,,1,0.00°,19'-5",,56'-7 51/128",58'-1 1/2",0",1/2",0",,,,,,1087.60 lbm,,,,By Type,,Default,,W Shapes,W Shapes: W18x55,,,0lyEh4MQj5dfRBgL_Q5Sgu,,Both joins enabled,,,,,,,996 SF,New Construction,None,,,,,R2 TOS,58'-4",I-shape Parallel Flange,,0",1/2",0",,,,,Steel,Girder,20'-2",W18x55,,,1_y_hNQfD4N8RbeJZCV0vP,,,,2.22 CF,1070.34 lbm,Origin,0",Top,-2 1/2"
B10,Superstructure,,,,23.25.30.11.14.14,,,,,1,0.00°,16'-4 1/2",,56'-7 51/128",58'-1 1/2",0",,0",,,,,,917.23 lbm,,,,By Type,,Default,,W Shapes,W Shapes: W18x55,,,0lyEh4MQj5dfRBgL_Q5SgG,,Both joins enabled,,,,,,,832 SF,New Construction,None,,,,,R2 TOS,58'-4",I-shape Parallel Flange,,0",1/2",0",,,,,Steel,Girder,16'-10",W18x55,,,1_y_hNQfD4N8RbeJZCV0vP,,,,1.87 CF,902.67 lbm,Origin,0",Top,-2 1/2"
B10,Superstructure,,,,23.25.30.11.14.14,,,,,1,0.00°,6'-1 1/64",,57'-3 205/256",58'-4",0",1/2",0",,,,,,158.20 lbm,,,,By Type,,Default,,W Shapes,W Shapes: W12X26,,,0lyEh4MQj5dfRBgL_Q5Sj9,,Both joins enabled,,,,,,,29 SF,New Construction,None,,,,,R2 TOS,58'-4",I-shape Parallel Flange,,0",1/2",0",,,,,Steel,Girder,6'-11 27/256",W12X26,,,3s7FV_Vjn0EQQBzZuxFow2,,,,0.32 CF,158.39 lbm,Origin,0",Top,0"
B10,Superstructure,,,,23.25.30.11.14.14,,,,,1,0.00°,3'-8 99/256",,57'-3 205/256",58'-4",0",1/2",0",,,,,,96.17 lbm,,,,By Type,,Default,,W Shapes,W Shapes: W12X26,,,0lyEh4MQj5dfRBgL_Q5Sj8,,Both joins enabled,,,,,,,19 SF,New Construction,None,,,,,R2 TOS,58'-4",I-shape Parallel Flange,,0",1/2",0",,,,,Steel,Girder,4'-8 3/64",W12X26,,,3s7FV_Vjn0EQQBzZuxFow2,,,,0.20 CF,96.28 lbm,Origin,0",Top,0"
B10,Superstructure,,,,23.25.30.11.14.14,,,,,1,0.00°,12'-4 65/256",,57'-3 205/256",58'-4",0",1/2",0",,,,,,321.22 lbm,,,,By Type,,Default,,W Shapes,W Shapes: W12X26,,,0lyEh4MQj5dfRBgL_Q5SjF,,Both joins enabled,,,,,,,54 SF,New Construction,None,,,,,R2 TOS,58'-4",I-shape Parallel Flange,,0",0",0",,,,,Steel,Girder,13'-0",W12X26,,,3s7FV_Vjn0EQQBzZuxFow2,,,,0.66 CF,321.61 lbm,Origin,0",Top,0"
B10,Superstructure,,,,23.25.30.11.14.14,,,,,1,0.00°,1'-9 65/128",,57'-8 7/64",58'-4",0",0",0",,,,,,20.12 lbm,,,,By Type,,Default,,W Shapes,W Shapes: W8x10,,,0lyEh4MQj5dfRBgL_Q5Sit,,Both joins enabled,,,,,,,123 SF,New Construction,None,,,,,R2 TOS,58'-4",I-shape Parallel Flange,,0",0",0",,,,,Steel,Joist,2'-5 101/128",W8x10,,,2GjH11r995hxaZhII5NFtk,,,,0.04 CF,18.05 lbm,Origin,0",Top,0"
B10,Superstructure,,,,23.25.30.11.14.14,,,,,1,0.00°,3'-3 9/32",,57'-8 7/64",58'-4",0",0",0",,,,,,36.74 lbm,,,,By Type,,Default,,W Shapes,W Shapes: W8x10,,,0lyEh4MQj5dfRBgL_Q5Sis,,Both joins enabled,,,,,,,196 SF,New Construction,None,,,,,R2 TOS,58'-4",I-shape Parallel Flange,,0",0",0",,,,,Steel,Joist,3'-11 9/16",W8x10,,,2GjH11r995hxaZhII5NFtk,,,,0.07 CF,32.97 lbm,Origin,0",Top,0"
B10,Superstructure,,,,23.25.30.11.14.14,,,,,1,0.00°,4'-9 7/128",,57'-8 7/64",58'-4",0",0",0",,,,,,53.37 lbm,,,,By Type,,Default,,W Shapes,W Shapes: W8x10,,,0lyEh4MQj5dfRBgL_Q5SXz,,Both joins enabled,,,,,,,269 SF,New Construction,None,,,,,R2 TOS,58'-4",I-shape Parallel Flange,,0",0",0",,,,,Steel,Joist,5'-5 85/256",W8x10,,,2GjH11r995hxaZhII5NFtk,,,,0.11 CF,47.89 lbm,Origin,0",Top,0"
B10,Superstructure,,,,23.25.30.11.14.14,,,,,1,0.00°,3'-10 43/64",,57'-3 205/256",58'-4",0",,0",,,,,,101.12 lbm,,,,By Type,,Default,,W Shapes,W Shapes: W12X26,,,0lyEh4MQj5dfRBgL_Q5SZw,,Both joins enabled,,,,,,,15 SF,New Construction,None,,,,,R2 TOS,58'-4",I-shape Parallel Flange,,0",0",0",,,,,Steel,Girder,3'-7 161/256",W12X26,,,3s7FV_Vjn0EQQBzZuxFow2,,,,0.21 CF,101.25 lbm,Origin,0",Top,0"
B10,Superstructure,,,,23.25.30.11.14.14,,,,,1,0.00°,5'-5 241/256",,57'-3 205/256",58'-4",0",1/2",0",,,,,,142.87 lbm,,,,By Type,,Default,,W Shapes,W Shapes: W12X26,,,0lyEh4MQj5dfRBgL_Q5Saa,,Both joins enabled,,,,,,,32 SF,New Construction,None,,,,,R2 TOS,58'-4",I-shape Parallel Flange,,0",1/2",0",,,,,Steel,Girder,7'-8 17/32",W12X26,,,3s7FV_Vjn0EQQBzZuxFow2,,,,0.29 CF,143.04 lbm,Origin,0",Top,0"
B10,Superstructure,,,,23.25.30.11.14.14,,,,,1,0.00°,3'-8 127/128",,57'-3 205/256",58'-4",0",1/2",0",,,,,,97.48 lbm,,,,By Type,,Default,,W Shapes,W Shapes: W12X26,,,0lyEh4MQj5dfRBgL_Q5Sah,,Both joins enabled,,,,,,,16 SF,New Construction,None,,,,,R2 TOS,58'-4",I-shape Parallel Flange,,0",,0",,,,,Steel,Girder,3'-11 221/256",W12X26,,,3s7FV_Vjn0EQQBzZuxFow2,,,,0.20 CF,97.60 lbm,Origin,0",Top,0"
B10,Superstructure,,,,23.25.30.11.14.14,,,,,1,0.00°,11'-4 65/256",,57'-3 205/256",58'-4",0",1/2",0",,,,,,295.26 lbm,,,,By Type,,Default,,W Shapes,W Shapes: W12X26,,,0lyEh4MQj5dfRBgL_Q5Sag,,Both joins enabled,,,,,,,49 SF,New Construction,None,,,,,R2 TOS,58'-4",I-shape Parallel Flange,,0",0",0",,,,,Steel,Girder,12'-0",W12X26,,,3s7FV_Vjn0EQQBzZuxFow2,,,,0.60 CF,295.57 lbm,Origin,0",Top,0"
B10,Superstructure,,,,23.25.30.11.14.14,,,,,1,0.00°,4'-7 127/128",,57'-8 7/64",58'-4",0",0",0",,,,,,52.37 lbm,,,,By Type,,Default,,W Shapes,W Shapes: W8x10,,,0lyEh4MQj5dfRBgL_Q5SaJ,,Both joins enabled,,,,,,,265 SF,New Construction,None,,,,,R2 TOS,58'-4",I-shape Parallel Flange,,0",0",0",,,,,Steel,Joist,5'-4 69/256",W8x10,,,2GjH11r995hxaZhII5NFtk,,,,0.11 CF,47.00 lbm,Origin,0",Top,0"
B10,Superstructure,,,,23.25.30.11.14.14,,,,,1,0.00°,6'-0 51/128",,57'-8 7/64",58'-4",0",0",0",,,,,,67.72 lbm,,,,By Type,,Default,,W Shapes,W Shapes: W8x10,,,0lyEh4MQj5dfRBgL_Q5SaI,,Both joins enabled,,,,,,,332 SF,New Construction,None,,,,,R2 TOS,58'-4",I-shape Parallel Flange,,0",0",0",,,,,Steel,Joist,6'-8 87/128",W8x10,,,2GjH11r995hxaZhII5NFtk,,,,0.14 CF,60.77 lbm,Origin,0",Top,0"
B10,Superstructure,,,,23.25.30.11.14.14,,,,,1,0.00°,15'-9 1/2",,56'-9 115/128",58'-4",0",1/2",0",,,,,,884.86 lbm,,,,By Type,,Default,,W Shapes,W Shapes: W18x55,,,0lyEh4MQj5dfRBgL_Q5SzI,,Both joins enabled,,,,,,,825 SF,New Construction,None,,,,,R2 TOS,58'-4",I-shape Parallel Flange,,0",1/2",0",,,,,Steel,Girder,16'-8 1/2",W18x55,,,1_y_hNQfD4N8RbeJZCV0vP,,,,1.81 CF,870.52 lbm,Origin,0",Top,0"
B10,Superstructure,,,,23.25.30.11.14.14,,,,,1,0.00°,15'-11",,56'-9 115/128",58'-4",0",,0",,,,,,891.87 lbm,,,,By Type,,Default,,W Shapes,W Shapes: W18x55,,,0lyEh4MQj5dfRBgL_Q5Syt,,Both joins enabled,,,,,,,809 SF,New Construction,None,,,,,R2 TOS,58'-4",I-shape Parallel Flange,,0",1/2",0",,,,,Steel,Girder,16'-4 1/2",W18x55,,,1_y_hNQfD4N8RbeJZCV0vP,,,,1.82 CF,877.41 lbm,Origin,0",Top,0"
B10,Superstructure,,,,23.25.30.11.14.14,,,,,1,0.00°,23'-1 15/32",,56'-7 51/128",58'-1 1/2",0",1/2",0",,,,,,1295.63 lbm,,,,By Type,,Default,,W Shapes,W Shapes: W18x55,,,0lyEh4MQj5dfRBgL_Q5S$t,,Both joins enabled,,,,,,,1,177 SF,New Construction,None,,,,,R2 TOS,58'-4",I-shape Parallel Flange,,0",1/2",0",,,,,Steel,Girder,23'-10",W18x55,,,1_y_hNQfD4N8RbeJZCV0vP,,,,2.64 CF,1274.63 lbm,Origin,0",Top,-2 1/2"
B10,Superstructure,,,,23.25.30.11.14.14,,,,,1,0.00°,15'-1 113/128",,56'-7 51/128",58'-1 1/2",0",,0",,,,,,848.99 lbm,,,,By Type,,Default,,W Shapes,W Shapes: W18x55,,,2qnTDeT9H7OQ9l5C6GT9tR,,Both joins enabled,,,,,,,780 SF,New Construction,None,,,,,R2 TOS,58'-4",I-shape Parallel Flange,,0",1/2",0",,,,,Steel,Girder,15'-9 17/32",W18x55,,,1_y_hNQfD4N8RbeJZCV0vP,,,,1.73 CF,835.52 lbm,Origin,0",Top,-2 1/2"
B10,Superstructure,,,,23.25.30.11.14.14,,,,,1,0.00°,2'-5 183/256",,57'-3 205/256",58'-4",0",1/2",0",,,,,,64.38 lbm,,,,By Type,,Default,,W Shapes,W Shapes: W12X26,,,2qnTDeT9H7OQ9l5C6GT9zv,,Both joins enabled,,,,,,,14 SF,New Construction,None,,,,,R2 TOS,58'-4",I-shape Parallel Flange,,0",1/2",0",,,,,Steel,Girder,3'-3 15/32",W12X26,,,3s7FV_Vjn0EQQBzZuxFow2,,,,0.13 CF,64.46 lbm,Origin,0",Top,0"
B10,Superstructure,,,,23.25.30.11.14.14,,,,,1,0.00°,14'-4 115/128",,57'-3 205/256",58'-4",0",,0",,,,,,374.61 lbm,,,,By Type,,Default,,W Shapes,W Shapes: W12X26,,,2qnTDeT9H7OQ9l5C6GT9zu,,Both joins enabled,,,,,,,58 SF,New Construction,None,,,,,R2 TOS,58'-4",I-shape Parallel Flange,,0",,0",,,,,Steel,Girder,14'-1 167/256",W12X26,,,3s7FV_Vjn0EQQBzZuxFow2,,,,0.76 CF,375.06 lbm,Origin,0",Top,0"
B10,Superstructure,,,,23.25.30.11.14.14,,,,,1,0.00°,6'-11 65/256",,56'-9 115/128",58'-4",0",0",0",,,,,,388.61 lbm,,,,By Type,,Default,,W Shapes,W Shapes: W18x55,,,2qnTDeT9H7OQ9l5C6GT9$Z,,Both joins enabled,,,,,,,394 SF,New Construction,None,,,,,R2 TOS,58'-4",I-shape Parallel Flange,,0",1/2",0",,,,,Steel,Girder,7'-11 39/64",W18x55,,,1_y_hNQfD4N8RbeJZCV0vP,,,,0.79 CF,382.44 lbm,Origin,0",Top,0"
B10,Superstructure,,,,23.25.30.11.14.14,,,,,1,0.00°,6'-7 35/128",,57'-8 7/64",58'-4",0",0",0",,,,,,74.15 lbm,,,,By Type,,Default,,W Shapes,W Shapes: W8x10,,,2qnTDeT9H7OQ9l5C6GT9$P,,Both joins enabled,,,,,,,360 SF,New Construction,None,,,,,R2 TOS,58'-4",I-shape Parallel Flange,,0",0",0",,,,,Steel,Joist,7'-3 71/128",W8x10,,,2GjH11r995hxaZhII5NFtk,,,,0.15 CF,66.54 lbm,Origin,0",Top,0"
B10,Superstructure,,,,23.25.30.11.14.14,,,,,1,0.00°,8'-1 31/32",,57'-8 7/64",58'-4",0",0",0",,,,,,91.64 lbm,,,,By Type,,Default,,W Shapes,W Shapes: W8x10,,,2qnTDeT9H7OQ9l5C6GT9$N,,Both joins enabled,,,,,,,437 SF,New Construction,None,,,,,R2 TOS,58'-4",I-shape Parallel Flange,,0",0",0",,,,,Steel,Joist,8'-10 1/4",W8x10,,,2GjH11r995hxaZhII5NFtk,,,,0.19 CF,82.23 lbm,Origin,0",Top,0"
B10,Superstructure,,,,23.25.30.11.14.14,,,,,1,0.00°,7'-7 159/256",,57'-8 7/64",58'-4",0",0",0",,,,,,85.55 lbm,,,,By Type,,Default,,W Shapes,W Shapes: W8x10,,,2qnTDeT9H7OQ9l5C6GT9$L,,Both joins enabled,,,,,,,433 SF,New Construction,None,,,,,R2 TOS,58'-4",I-shape Parallel Flange,,0",0",0",,,,,Steel,Joist,8'-9 1/8",W8x10,,,2GjH11r995hxaZhII5NFtk,,,,0.17 CF,76.90 lbm,Origin,0",Top,0"
B10,Superstructure,,,,23.25.30.11.14.14,,,,,1,0.00°,4'-10 255/256",,57'-3 205/256",58'-4",0",1/2",0",,,,,,127.84 lbm,,,,By Type,,Default,,W Shapes,W Shapes: W12X26,,,2qnTDeT9H7OQ9l5C6GT97D,,Both joins enabled,,,,,,,24 SF,New Construction,None,,,,,R2 TOS,58'-4",I-shape Parallel Flange,,0",1/2",0",,,,,Steel,Girder,5'-8 219/256",W12X26,,,3s7FV_Vjn0EQQBzZuxFow2,,,,0.26 CF,127.98 lbm,Origin,0",Top,0"
B10,Superstructure,,,,23.25.30.11.14.14,,,,,1,0.00°,5'-9 11/64",,56'-9 115/128",58'-4",0",,0",,,,,,322.87 lbm,,,,By Type,,Default,,W Shapes,W Shapes: W18x55,,,2qnTDeT9H7OQ9l5C6GT9Aa,,Both joins enabled,,,,,,,305 SF,New Construction,None,,,,,R2 TOS,58'-4",I-shape Parallel Flange,,0",0",0",,,,,Steel,Girder,6'-2 11/64",W18x55,,,1_y_hNQfD4N8RbeJZCV0vP,,,,0.66 CF,317.75 lbm,Origin,0",Top,0"
B10,Superstructure,,,,23.25.30.11.14.14,,,,,1,0.00°,6'-6 109/128",,56'-9 115/128",58'-4",0",0",0",,,,,,368.06 lbm,,,,By Type,,Default,,W Shapes,W Shapes: W18x55,,,2qnTDeT9H7OQ9l5C6GT9AZ,,Both joins enabled,,,,,,,375 SF,New Construction,None,,,,,R2 TOS,58'-4",I-shape Parallel Flange,,0",0",0",,,,,Steel,Girder,7'-7",W18x55,,,1_y_hNQfD4N8RbeJZCV0vP,,,,0.75 CF,362.22 lbm,Origin,0",Top,0"
B10,Superstructure,,,,23.25.30.11.14.14,,,,,1,0.00°,5'-8 115/256",,56'-7 51/128",58'-1 1/2",0",,0",,,,,,319.51 lbm,,,,By Type,,Default,,W Shapes,W Shapes: W18x55,,,2qnTDeT9H7OQ9l5C6GT9AY,,One or two joins disabled,,,,,,,305 SF,New Construction,None,,,,,R2 TOS,58'-4",I-shape Parallel Flange,,0",0",0",,,,,Steel,Other,6'-2",W18x55,,,1_y_hNQfD4N8RbeJZCV0vP,,,,0.65 CF,314.44 lbm,Origin,0",Top,-2 1/2"
B10,Superstructure,,,,23.25.30.11.14.14,,,,,1,0.00°,7'-0 15/64",,56'-7 51/128",58'-1 1/2",0",,0",,,,,,393.19 lbm,,,,By Type,,Default,,W Shapes,W Shapes: W18x55,,,2qnTDeT9H7OQ9l5C6GT9AX,,One or two joins disabled,,,,,,,362 SF,New Construction,None,,,,,R2 TOS,58'-4",I-shape Parallel Flange,,0",0",0",,,,,Steel,Other,7'-4",W18x55,,,1_y_hNQfD4N8RbeJZCV0vP,,,,0.80 CF,386.95 lbm,Origin,0",Top,-2 1/2"
B1010350,Joists - Steel,,,,23.25.30.21.14.11,,,,,1,0.00°,22'-3",,56'-8",58'-4",0",1/2",0",,,,,,177.85 lbm,,,,By Type,,Default,,K-Series Bar Joist-Angle Web,K-Series Bar Joist-Angle Web: 20K6,,,2qnTDeT9H7OQ9l5C6GT9Ew,,Both joins enabled,,,,,,,0 SF,New Construction,None,,,,,R2 TOS,58'-4",Not Defined,,0",1/2",0",,,,,Steel,Joist,22'-3",20K6,,,0lyEh4MQj5dfRBgL_Q5RLE,,,,0.36 CF,0.00 lbm,Origin,0",Top,0"
B1010350,Joists - Steel,,,,23.25.30.21.14.11,,,,,1,0.00°,22'-3",,56'-8",58'-4",0",1/2",0",,,,,,177.85 lbm,,,,By Type,,Default,,K-Series Bar Joist-Angle Web,K-Series Bar Joist-Angle Web: 20K6,,,2qnTDeT9H7OQ9l5C6GT9Eu,,Both joins enabled,,,,,,,0 SF,New Construction,None,,,,,R2 TOS,58'-4",Not Defined,,0",1/2",0",,,,,Steel,Joist,22'-3",20K6,,,0lyEh4MQj5dfRBgL_Q5RLE,,,,0.36 CF,0.00 lbm,Origin,0",Top,0"
B1010350,Joists - Steel,,,,23.25.30.21.14.11,,,,,1,0.00°,22'-3",,56'-8",58'-4",0",1/2",0",,,,,,177.85 lbm,,,,By Type,,Default,,K-Series Bar Joist-Angle Web,K-Series Bar Joist-Angle Web: 20K6,,,2qnTDeT9H7OQ9l5C6GT9Es,,Both joins enabled,,,,,,,0 SF,New Construction,None,,,,,R2 TOS,58'-4",Not Defined,,0",1/2",0",,,,,Steel,Joist,22'-3",20K6,,,0lyEh4MQj5dfRBgL_Q5RLE,,,,0.36 CF,0.00 lbm,Origin,0",Top,0"
B1010350,Joists - Steel,,,,23.25.30.21.14.11,,,,,1,0.00°,22'-3",,56'-8",58'-4",0",1/2",0",,,,,,177.85 lbm,,,,By Type,,Default,,K-Series Bar Joist-Angle Web,K-Series Bar Joist-Angle Web: 20K6,,,2qnTDeT9H7OQ9l5C6GT9Eq,,Both joins enabled,,,,,,,0 SF,New Construction,None,,,,,R2 TOS,58'-4",Not Defined,,0",1/2",0",,,,,Steel,Joist,22'-3",20K6,,,0lyEh4MQj5dfRBgL_Q5RLE,,,,0.36 CF,0.00 lbm,Origin,0",Top,0"
B1010350,Joists - Steel,,,,23.25.30.21.14.11,,,,,1,0.00°,22'-3",,56'-8",58'-4",0",1/2",0",,,,,,177.85 lbm,,,,By Type,,Default,,K-Series Bar Joist-Angle Web,K-Series Bar Joist-Angle Web: 20K6,,,2qnTDeT9H7OQ9l5C6GT9Eo,,Both joins enabled,,,,,,,0 SF,New Construction,None,,,,,R2 TOS,58'-4",Not Defined,,0",1/2",0",,,,,Steel,Joist,22'-3",20K6,,,0lyEh4MQj5dfRBgL_Q5RLE,,,,0.36 CF,0.00 lbm,Origin,0",Top,0"
B1010350,Joists - Steel,,,,23.25.30.21.14.11,,,,,1,0.00°,22'-3",,56'-8",58'-4",0",1/2",0",,,,,,177.85 lbm,,,,By Type,,Default,,K-Series Bar Joist-Angle Web,K-Series Bar Joist-Angle Web: 20K6,,,2qnTDeT9H7OQ9l5C6GT9Em,,Both joins enabled,,,,,,,0 SF,New Construction,None,,,,,R2 TOS,58'-4",Not Defined,,0",1/2",0",,,,,Steel,Joist,22'-3",20K6,,,0lyEh4MQj5dfRBgL_Q5RLE,,,,0.36 CF,0.00 lbm,Origin,0",Top,0"
B1010350,Joists - Steel,,,,23.25.30.21.14.11,,,,,1,0.00°,22'-3",,56'-8",58'-4",0",1/2",0",,,,,,177.85 lbm,,,,By Type,,Default,,K-Series Bar Joist-Angle Web,K-Series Bar Joist-Angle Web: 20K6,,,2qnTDeT9H7OQ9l5C6GT9EE,,Both joins enabled,,,,,,,0 SF,New Construction,None,,,,,R2 TOS,58'-4",Not Defined,,0",1/2",0",,,,,Steel,Joist,22'-3",20K6,,,0lyEh4MQj5dfRBgL_Q5RLE,,,,0.36 CF,0.00 lbm,Origin,0",Top,0"
B1010350,Joists - Steel,,,,23.25.30.21.14.11,,,,,1,0.00°,22'-3",,56'-8",58'-4",0",1/2",0",,,,,,177.85 lbm,,,,By Type,,Default,,K-Series Bar Joist-Angle Web,K-Series Bar Joist-Angle Web: 20K6,,,2qnTDeT9H7OQ9l5C6GT9EC,,Both joins enabled,,,,,,,0 SF,New Construction,None,,,,,R2 TOS,58'-4",Not Defined,,0",1/2",0",,,,,Steel,Joist,22'-3",20K6,,,0lyEh4MQj5dfRBgL_Q5RLE,,,,0.36 CF,0.00 lbm,Origin,0",Top,0"
B1010350,Joists - Steel,,,,23.25.30.21.14.11,,,,,1,0.00°,22'-3",,56'-8",58'-4",0",1/2",0",,,,,,177.85 lbm,,,,By Type,,Default,,K-Series Bar Joist-Angle Web,K-Series Bar Joist-Angle Web: 20K6,,,2qnTDeT9H7OQ9l5C6GT9EA,,Both joins enabled,,,,,,,0 SF,New Construction,None,,,,,R2 TOS,58'-4",Not Defined,,0",1/2",0",,,,,Steel,Joist,22'-3",20K6,,,0lyEh4MQj5dfRBgL_Q5RLE,,,,0.36 CF,0.00 lbm,Origin,0",Top,0"
B1010350,Joists - Steel,,,,23.25.30.21.14.11,,,,,1,0.00°,22'-3",,56'-8",58'-4",0",1/2",0",,,,,,177.85 lbm,,,,By Type,,Default,,K-Series Bar Joist-Angle Web,K-Series Bar Joist-Angle Web: 20K6,,,2qnTDeT9H7OQ9l5C6GT9E8,,Both joins enabled,,,,,,,0 SF,New Construction,None,,,,,R2 TOS,58'-4",Not Defined,,0",1/2",0",,,,,Steel,Joist,22'-3",20K6,,,0lyEh4MQj5dfRBgL_Q5RLE,,,,0.36 CF,0.00 lbm,Origin,0",Top,0"
B10,Superstructure,,,,23.25.30.11.14.14,,,,,1,0.00°,28'-11 45/128",,51'-7 115/128",53'-2",0",1/2",0",,,,,,1621.37 lbm,,,,By Type,,Default,,W Shapes,W Shapes: W18x55,,,2qnTDeT9H7OQ9l5C6GT9NC,,Both joins enabled,,,,,,,1,484 SF,New Construction,None,,,,,R2 TOS,58'-4",I-shape Parallel Flange,,0",1/2",0",,,,,Steel,Girder,30'-0 1/2",W18x55,,,1_y_hNQfD4N8RbeJZCV0vP,,,,3.31 CF,1595.64 lbm,Origin,0",Top,-5'-2"
B10,Superstructure,,,,23.25.30.11.14.14,,,,,1,0.00°,28'-11 45/128",,51'-7 115/128",53'-2",0",1/2",0",,,,,,1621.37 lbm,,,,By Type,,Default,,W Shapes,W Shapes: W18x55,,,2qnTDeT9H7OQ9l5C6GT9NL,,Both joins enabled,,,,,,,1,484 SF,New Construction,None,,,,,R2 TOS,58'-4",I-shape Parallel Flange,,0",1/2",0",,,,,Steel,Girder,30'-0 1/2",W18x55,,,1_y_hNQfD4N8RbeJZCV0vP,,,,3.31 CF,1595.64 lbm,Origin,0",Top,-5'-2"
B10,Superstructure,,,,23.25.30.11.14.14,,,,,1,0.00°,22'-6 51/128",,51'-10 51/128",53'-4 1/2",0",1/2",0",,,,,,1262.62 lbm,,,,By Type,,Default,,W Shapes,W Shapes: W18x55,,,2qnTDeT9H7OQ9l5C6GT9Qa,,Both joins enabled,,,,,,,1,177 SF,New Construction,None,,,,,R2 TOS,58'-4",I-shape Parallel Flange,,0",1/2",0",,,,,Steel,Girder,23'-10",W18x55,,,1_y_hNQfD4N8RbeJZCV0vP,,,,2.58 CF,1242.15 lbm,Origin,0",Top,-4'-11 1/2"
B1010350,Joists - Steel,,,,23.25.30.21.14.11,,,,,1,0.00°,23'-10",,51'-8 1/2",53'-4 1/2",0",1/2",0",,,,,,192.68 lbm,,,,By Type,,Default,,K-Series Bar Joist-Angle Web,K-Series Bar Joist-Angle Web: 20K6,,,2qnTDeT9H7OQ9l5C6GT9Rx,,Both joins enabled,,,,,,,0 SF,New Construction,None,,,,,R2 TOS,58'-4",Not Defined,,0",1/2",0",,,,,Steel,Joist,23'-10",20K6,,,0lyEh4MQj5dfRBgL_Q5RLE,,,,0.39 CF,0.00 lbm,Origin,0",Top,-4'-11 1/2"
B1010350,Joists - Steel,,,,23.25.30.21.14.11,,,,,1,0.00°,23'-10",,51'-8 1/2",53'-4 1/2",0",1/2",0",,,,,,192.68 lbm,,,,By Type,,Default,,K-Series Bar Joist-Angle Web,K-Series Bar Joist-Angle Web: 20K6,,,2qnTDeT9H7OQ9l5C6GT9Rw,,Both joins enabled,,,,,,,0 SF,New Construction,None,,,,,R2 TOS,58'-4",Not Defined,,0",1/2",0",,,,,Steel,Joist,23'-10",20K6,,,0lyEh4MQj5dfRBgL_Q5RLE,,,,0.39 CF,0.00 lbm,Origin,0",Top,-4'-11 1/2"
B1010350,Joists - Steel,,,,23.25.30.21.14.11,,,,,1,0.00°,23'-10",,51'-8 1/2",53'-4 1/2",0",1/2",0",,,,,,192.68 lbm,,,,By Type,,Default,,K-Series Bar Joist-Angle Web,K-Series Bar Joist-Angle Web: 20K6,,,2qnTDeT9H7OQ9l5C6GT9Rv,,Both joins enabled,,,,,,,0 SF,New Construction,None,,,,,R2 TOS,58'-4",Not Defined,,0",1/2",0",,,,,Steel,Joist,23'-10",20K6,,,0lyEh4MQj5dfRBgL_Q5RLE,,,,0.39 CF,0.00 lbm,Origin,0",Top,-4'-11 1/2"
B1010350,Joists - Steel,,,,23.25.30.21.14.11,,,,,1,0.00°,23'-10",,51'-8 1/2",53'-4 1/2",0",1/2",0",,,,,,192.68 lbm,,,,By Type,,Default,,K-Series Bar Joist-Angle Web,K-Series Bar Joist-Angle Web: 20K6,,,2qnTDeT9H7OQ9l5C6GT9Ru,,Both joins enabled,,,,,,,0 SF,New Construction,None,,,,,R2 TOS,58'-4",Not Defined,,0",1/2",0",,,,,Steel,Joist,23'-10",20K6,,,0lyEh4MQj5dfRBgL_Q5RLE,,,,0.39 CF,0.00 lbm,Origin,0",Top,-4'-11 1/2"
B1010350,Joists - Steel,,,,23.25.30.21.14.11,,,,,1,0.00°,23'-10",,51'-8 1/2",53'-4 1/2",0",1/2",0",,,,,,192.68 lbm,,,,By Type,,Default,,K-Series Bar Joist-Angle Web,K-Series Bar Joist-Angle Web: 20K6,,,2qnTDeT9H7OQ9l5C6GT9Rt,,Both joins enabled,,,,,,,0 SF,New Construction,None,,,,,R2 TOS,58'-4",Not Defined,,0",1/2",0",,,,,Steel,Joist,23'-10",20K6,,,0lyEh4MQj5dfRBgL_Q5RLE,,,,0.39 CF,0.00 lbm,Origin,0",Top,-4'-11 1/2"
B1010350,Joists - Steel,,,,23.25.30.21.14.11,,,,,1,0.00°,23'-10",,51'-8 1/2",53'-4 1/2",0",1/2",0",,,,,,192.68 lbm,,,,By Type,,Default,,K-Series Bar Joist-Angle Web,K-Series Bar Joist-Angle Web: 20K6,,,2qnTDeT9H7OQ9l5C6GT9Rs,,Both joins enabled,,,,,,,0 SF,New Construction,None,,,,,R2 TOS,58'-4",Not Defined,,0",1/2",0",,,,,Steel,Joist,23'-10",20K6,,,0lyEh4MQj5dfRBgL_Q5RLE,,,,0.39 CF,0.00 lbm,Origin,0",Top,-4'-11 1/2"
B1010350,Joists - Steel,,,,23.25.30.21.14.11,,,,,1,0.00°,23'-10",,51'-8 1/2",53'-4 1/2",0",1/2",0",,,,,,192.68 lbm,,,,By Type,,Default,,K-Series Bar Joist-Angle Web,K-Series Bar Joist-Angle Web: 20K6,,,2qnTDeT9H7OQ9l5C6GT9Rr,,Both joins enabled,,,,,,,0 SF,New Construction,None,,,,,R2 TOS,58'-4",Not Defined,,0",1/2",0",,,,,Steel,Joist,23'-10",20K6,,,0lyEh4MQj5dfRBgL_Q5RLE,,,,0.39 CF,0.00 lbm,Origin,0",Top,-4'-11 1/2"
B1010350,Joists - Steel,,,,23.25.30.21.14.11,,,,,1,0.00°,9'-7",,17'-0",18'-4",0",1/2",0",,,,,,68.51 lbm,,,,By Type,,Default,,K-Series Bar Joist-Angle Web,K-Series Bar Joist-Angle Web: 16K6,,,2qnTDeT9H7OQ9l5C6GT8bf,,Both joins enabled,,,,,,,0 SF,New Construction,None,,,,,L3 TOS,18'-4",Not Defined,,0",1/2",0",,,,,Steel,Joist,9'-7",16K6,,,3ZT5EhLQn6JfRlijT8hoc2,,,,0.14 CF,0.00 lbm,Origin,0",Top,0"
B1010350,Joists - Steel,,,,23.25.30.21.14.11,,,,,1,0.00°,22'-3",,17'-0",18'-4",0",1/2",0",,,,,,183.60 lbm,,,,By Type,,Default,,K-Series Bar Joist-Angle Web,K-Series Bar Joist-Angle Web: 16K6,,,2qnTDeT9H7OQ9l5C6GT8be,,Both joins enabled,,,,,,,0 SF,New Construction,None,,,,,L3 TOS,18'-4",Not Defined,,0",1/2",0",,,,,Steel,Joist,22'-3",16K6,,,3ZT5EhLQn6JfRlijT8hoc2,,,,0.37 CF,0.00 lbm,Origin,0",Top,0"
B1010350,Joists - Steel,,,,23.25.30.21.14.11,,,,,1,0.00°,22'-3",,17'-0",18'-4",0",1/2",0",,,,,,183.60 lbm,,,,By Type,,Default,,K-Series Bar Joist-Angle Web,K-Series Bar Joist-Angle Web: 16K6,,,2qnTDeT9H7OQ9l5C6GT8bd,,Both joins enabled,,,,,,,0 SF,New Construction,None,,,,,L3 TOS,18'-4",Not Defined,,0",1/2",0",,,,,Steel,Joist,22'-3",16K6,,,3ZT5EhLQn6JfRlijT8hoc2,,,,0.37 CF,0.00 lbm,Origin,0",Top,0"
B1010350,Joists - Steel,,,,23.25.30.21.14.11,,,,,1,0.00°,22'-3",,17'-0",18'-4",0",1/2",0",,,,,,183.60 lbm,,,,By Type,,Default,,K-Series Bar Joist-Angle Web,K-Series Bar Joist-Angle Web: 16K6,,,2qnTDeT9H7OQ9l5C6GT8bc,,Both joins enabled,,,,,,,0 SF,New Construction,None,,,,,L3 TOS,18'-4",Not Defined,,0",1/2",0",,,,,Steel,Joist,22'-3",16K6,,,3ZT5EhLQn6JfRlijT8hoc2,,,,0.37 CF,0.00 lbm,Origin,0",Top,0"
B1010350,Joists - Steel,,,,23.25.30.21.14.11,,,,,1,0.00°,22'-3",,17'-0",18'-4",0",1/2",0",,,,,,183.60 lbm,,,,By Type,,Default,,K-Series Bar Joist-Angle Web,K-Series Bar Joist-Angle Web: 16K6,,,2qnTDeT9H7OQ9l5C6GT8bb,,Both joins enabled,,,,,,,0 SF,New Construction,None,,,,,L3 TOS,18'-4",Not Defined,,0",1/2",0",,,,,Steel,Joist,22'-3",16K6,,,3ZT5EhLQn6JfRlijT8hoc2,,,,0.37 CF,0.00 lbm,Origin,0",Top,0"
B1010350,Joists - Steel,,,,23.25.30.21.14.11,,,,,1,0.00°,22'-3",,17'-0",18'-4",0",1/2",0",,,,,,183.60 lbm,,,,By Type,,Default,,K-Series Bar Joist-Angle Web,K-Series Bar Joist-Angle Web: 16K6,,,2qnTDeT9H7OQ9l5C6GT8ba,,Both joins enabled,,,,,,,0 SF,New Construction,None,,,,,L3 TOS,18'-4",Not Defined,,0",1/2",0",,,,,Steel,Joist,22'-3",16K6,,,3ZT5EhLQn6JfRlijT8hoc2,,,,0.37 CF,0.00 lbm,Origin,0",Top,0"
B1010350,Joists - Steel,,,,23.25.30.21.14.11,,,,,1,0.00°,22'-3",,17'-0",18'-4",0",1/2",0",,,,,,183.60 lbm,,,,By Type,,Default,,K-Series Bar Joist-Angle Web,K-Series Bar Joist-Angle Web: 16K6,,,2qnTDeT9H7OQ9l5C6GT8bZ,,Both joins enabled,,,,,,,0 SF,New Construction,None,,,,,L3 TOS,18'-4",Not Defined,,0",1/2",0",,,,,Steel,Joist,22'-3",16K6,,,3ZT5EhLQn6JfRlijT8hoc2,,,,0.37 CF,0.00 lbm,Origin,0",Top,0"
B1010350,Joists - Steel,,,,23.25.30.21.14.11,,,,,1,0.00°,22'-3",,17'-0",18'-4",0",1/2",0",,,,,,183.60 lbm,,,,By Type,,Default,,K-Series Bar Joist-Angle Web,K-Series Bar Joist-Angle Web: 16K6,,,2qnTDeT9H7OQ9l5C6GT8bY,,Both joins enabled,,,,,,,0 SF,New Construction,None,,,,,L3 TOS,18'-4",Not Defined,,0",1/2",0",,,,,Steel,Joist,22'-3",16K6,,,3ZT5EhLQn6JfRlijT8hoc2,,,,0.37 CF,0.00 lbm,Origin,0",Top,0"
B1010350,Joists - Steel,,,,23.25.30.21.14.11,,,,,1,0.00°,22'-3",,17'-0",18'-4",0",1/2",0",,,,,,183.60 lbm,,,,By Type,,Default,,K-Series Bar Joist-Angle Web,K-Series Bar Joist-Angle Web: 16K6,,,2qnTDeT9H7OQ9l5C6GT8bX,,Both joins enabled,,,,,,,0 SF,New Construction,None,,,,,L3 TOS,18'-4",Not Defined,,0",1/2",0",,,,,Steel,Joist,22'-3",16K6,,,3ZT5EhLQn6JfRlijT8hoc2,,,,0.37 CF,0.00 lbm,Origin,0",Top,0"
B1010350,Joists - Steel,,,,23.25.30.21.14.11,,,,,1,0.00°,22'-3",,17'-0",18'-4",0",1/2",0",,,,,,183.60 lbm,,,,By Type,,Default,,K-Series Bar Joist-Angle Web,K-Series Bar Joist-Angle Web: 16K6,,,2qnTDeT9H7OQ9l5C6GT8bW,,Both joins enabled,,,,,,,0 SF,New Construction,None,,,,,L3 TOS,18'-4",Not Defined,,0",1/2",0",,,,,Steel,Joist,22'-3",16K6,,,3ZT5EhLQn6JfRlijT8hoc2,,,,0.37 CF,0.00 lbm,Origin,0",Top,0"
B1010350,Joists - Steel,,,,23.25.30.21.14.11,,,,,1,0.00°,22'-3",,17'-0",18'-4",0",1/2",0",,,,,,183.60 lbm,,,,By Type,,Default,,K-Series Bar Joist-Angle Web,K-Series Bar Joist-Angle Web: 16K6,,,2qnTDeT9H7OQ9l5C6GT8b$,,Both joins enabled,,,,,,,0 SF,New Construction,None,,,,,L3 TOS,18'-4",Not Defined,,0",1/2",0",,,,,Steel,Joist,22'-3",16K6,,,3ZT5EhLQn6JfRlijT8hoc2,,,,0.37 CF,0.00 lbm,Origin,0",Top,0"
B1010350,Joists - Steel,,,,23.25.30.21.14.11,,,,,1,0.00°,22'-3",,17'-0",18'-4",0",1/2",0",,,,,,183.60 lbm,,,,By Type,,Default,,K-Series Bar Joist-Angle Web,K-Series Bar Joist-Angle Web: 16K6,,,2qnTDeT9H7OQ9l5C6GT8b_,,Both joins enabled,,,,,,,0 SF,New Construction,None,,,,,L3 TOS,18'-4",Not Defined,,0",1/2",0",,,,,Steel,Joist,22'-3",16K6,,,3ZT5EhLQn6JfRlijT8hoc2,,,,0.37 CF,0.00 lbm,Origin,0",Top,0"
B1010350,Joists - Steel,,,,23.25.30.21.14.11,,,,,1,0.00°,22'-3",,17'-0",18'-4",0",1/2",0",,,,,,183.60 lbm,,,,By Type,,Default,,K-Series Bar Joist-Angle Web,K-Series Bar Joist-Angle Web: 16K6,,,2qnTDeT9H7OQ9l5C6GT8bz,,Both joins enabled,,,,,,,0 SF,New Construction,None,,,,,L3 TOS,18'-4",Not Defined,,0",1/2",0",,,,,Steel,Joist,22'-3",16K6,,,3ZT5EhLQn6JfRlijT8hoc2,,,,0.37 CF,0.00 lbm,Origin,0",Top,0"
B1010350,Joists - Steel,,,,23.25.30.21.14.11,,,,,1,0.00°,22'-3",,17'-0",18'-4",0",1/2",0",,,,,,183.60 lbm,,,,By Type,,Default,,K-Series Bar Joist-Angle Web,K-Series Bar Joist-Angle Web: 16K6,,,2qnTDeT9H7OQ9l5C6GT8by,,Both joins enabled,,,,,,,0 SF,New Construction,None,,,,,L3 TOS,18'-4",Not Defined,,0",1/2",0",,,,,Steel,Joist,22'-3",16K6,,,3ZT5EhLQn6JfRlijT8hoc2,,,,0.37 CF,0.00 lbm,Origin,0",Top,0"
B1010350,Joists - Steel,,,,23.25.30.21.14.11,,,,,1,0.00°,22'-3",,17'-0",18'-4",0",1/2",0",,,,,,183.60 lbm,,,,By Type,,Default,,K-Series Bar Joist-Angle Web,K-Series Bar Joist-Angle Web: 16K6,,,2qnTDeT9H7OQ9l5C6GT8bx,,Both joins enabled,,,,,,,0 SF,New Construction,None,,,,,L3 TOS,18'-4",Not Defined,,0",1/2",0",,,,,Steel,Joist,22'-3",16K6,,,3ZT5EhLQn6JfRlijT8hoc2,,,,0.37 CF,0.00 lbm,Origin,0",Top,0"
B10,Superstructure,,,,23.25.30.11.14.14,,,,,1,0.00°,21'-0 75/128",,56'-9 115/128",58'-4",0",1/2",0",,,,,,1179.03 lbm,,,,By Type,,Default,,W Shapes,W Shapes: W18x55,,,2qnTDeT9H7OQ9l5C6GT8cJ,,Both joins enabled,,,,,,,1,117 SF,New Construction,None,,,,,R2 TOS,58'-4",I-shape Parallel Flange,,0",1/2",0",,,,,Steel,Girder,22'-7 41/128",W18x55,,,1_y_hNQfD4N8RbeJZCV0vP,,,,2.41 CF,1160.32 lbm,Origin,0",Top,0"
B10,Superstructure,,,,23.25.30.11.14.14,,,,,1,0.00°,15'-5 131/256",,56'-9 115/128",58'-4",0",1/2",0",,,,,,865.94 lbm,,,,By Type,,Default,,W Shapes,W Shapes: W18x55,,,2qnTDeT9H7OQ9l5C6GT8cI,,Both joins enabled,,,,,,,833 SF,New Construction,None,,,,,R2 TOS,58'-4",I-shape Parallel Flange,,0",1/2",0",,,,,Steel,Girder,16'-10 59/256",W18x55,,,1_y_hNQfD4N8RbeJZCV0vP,,,,1.77 CF,852.20 lbm,Origin,0",Top,0"
B1010350,Joists - Steel,,,,23.25.30.21.14.11,,,,,1,0.00°,16'-8 1/2",,57'-0",58'-4",0",1/2",0",,,,,,132.46 lbm,,,,By Type,,Default,,K-Series Bar Joist-Angle Web,K-Series Bar Joist-Angle Web: 16K2,,,2rMwxZWGHD5g$J4n7Y9oXL,,Both joins enabled,,,,,,,0 SF,New Construction,None,,,,,R2 TOS,58'-4",Not Defined,,0",1/2",0",,,,,Steel,Joist,16'-8 1/2",16K2,,,3ZT5EhLQn6JfRlijT8hocA,,,,0.27 CF,0.00 lbm,Origin,0",Top,0"
B1010350,Joists - Steel,,,,23.25.30.21.14.11,,,,,1,0.00°,16'-8 1/2",,57'-0",58'-4",0",1/2",0",,,,,,132.46 lbm,,,,By Type,,Default,,K-Series Bar Joist-Angle Web,K-Series Bar Joist-Angle Web: 16K2,,,2rMwxZWGHD5g$J4n7Y9oXJ,,Both joins enabled,,,,,,,0 SF,New Construction,None,,,,,R2 TOS,58'-4",Not Defined,,0",1/2",0",,,,,Steel,Joist,16'-8 1/2",16K2,,,3ZT5EhLQn6JfRlijT8hocA,,,,0.27 CF,0.00 lbm,Origin,0",Top,0"
B1010350,Joists - Steel,,,,23.25.30.21.14.11,,,,,1,0.00°,16'-8 1/2",,57'-0",58'-4",0",1/2",0",,,,,,132.46 lbm,,,,By Type,,Default,,K-Series Bar Joist-Angle Web,K-Series Bar Joist-Angle Web: 16K2,,,2rMwxZWGHD5g$J4n7Y9oXH,,Both joins enabled,,,,,,,0 SF,New Construction,None,,,,,R2 TOS,58'-4",Not Defined,,0",1/2",0",,,,,Steel,Joist,16'-8 1/2",16K2,,,3ZT5EhLQn6JfRlijT8hocA,,,,0.27 CF,0.00 lbm,Origin,0",Top,0"
B1010350,Joists - Steel,,,,23.25.30.21.14.11,,,,,1,0.00°,16'-8 1/2",,57'-0",58'-4",0",1/2",0",,,,,,132.46 lbm,,,,By Type,,Default,,K-Series Bar Joist-Angle Web,K-Series Bar Joist-Angle Web: 16K2,,,2rMwxZWGHD5g$J4n7Y9oXV,,Both joins enabled,,,,,,,0 SF,New Construction,None,,,,,R2 TOS,58'-4",Not Defined,,0",1/2",0",,,,,Steel,Joist,16'-8 1/2",16K2,,,3ZT5EhLQn6JfRlijT8hocA,,,,0.27 CF,0.00 lbm,Origin,0",Top,0"
B1010350,Joists - Steel,,,,23.25.30.21.14.11,,,,,1,0.00°,16'-8 1/2",,57'-0",58'-4",0",1/2",0",,,,,,132.46 lbm,,,,By Type,,Default,,K-Series Bar Joist-Angle Web,K-Series Bar Joist-Angle Web: 16K2,,,2rMwxZWGHD5g$J4n7Y9oXT,,Both joins enabled,,,,,,,0 SF,New Construction,None,,,,,R2 TOS,58'-4",Not Defined,,0",1/2",0",,,,,Steel,Joist,16'-8 1/2",16K2,,,3ZT5EhLQn6JfRlijT8hocA,,,,0.27 CF,0.00 lbm,Origin,0",Top,0"
B1010350,Joists - Steel,,,,23.25.30.21.14.11,,,,,1,0.00°,16'-8 1/2",,57'-0",58'-4",0",1/2",0",,,,,,132.46 lbm,,,,By Type,,Default,,K-Series Bar Joist-Angle Web,K-Series Bar Joist-Angle Web: 16K2,,,2rMwxZWGHD5g$J4n7Y9oXR,,Both joins enabled,,,,,,,0 SF,New Construction,None,,,,,R2 TOS,58'-4",Not Defined,,0",1/2",0",,,,,Steel,Joist,16'-8 1/2",16K2,,,3ZT5EhLQn6JfRlijT8hocA,,,,0.27 CF,0.00 lbm,Origin,0",Top,0"
B1010350,Joists - Steel,,,,23.25.30.21.14.11,,,,,1,0.00°,16'-8 1/2",,57'-0",58'-4",0",1/2",0",,,,,,132.46 lbm,,,,By Type,,Default,,K-Series Bar Joist-Angle Web,K-Series Bar Joist-Angle Web: 16K2,,,2rMwxZWGHD5g$J4n7Y9oXP,,Both joins enabled,,,,,,,0 SF,New Construction,None,,,,,R2 TOS,58'-4",Not Defined,,0",1/2",0",,,,,Steel,Joist,16'-8 1/2",16K2,,,3ZT5EhLQn6JfRlijT8hocA,,,,0.27 CF,0.00 lbm,Origin,0",Top,0"
B1010350,Joists - Steel,,,,23.25.30.21.14.11,,,,,1,0.00°,16'-8 1/2",,57'-0",58'-4",0",1/2",0",,,,,,132.46 lbm,,,,By Type,,Default,,K-Series Bar Joist-Angle Web,K-Series Bar Joist-Angle Web: 16K2,,,2rMwxZWGHD5g$J4n7Y9oX7,,Both joins enabled,,,,,,,0 SF,New Construction,None,,,,,R2 TOS,58'-4",Not Defined,,0",1/2",0",,,,,Steel,Joist,16'-8 1/2",16K2,,,3ZT5EhLQn6JfRlijT8hocA,,,,0.27 CF,0.00 lbm,Origin,0",Top,0"
B1010350,Joists - Steel,,,,23.25.30.21.14.11,,,,,1,0.00°,16'-8 1/2",,57'-0",58'-4",0",1/2",0",,,,,,132.46 lbm,,,,By Type,,Default,,K-Series Bar Joist-Angle Web,K-Series Bar Joist-Angle Web: 16K2,,,2rMwxZWGHD5g$J4n7Y9oX5,,Both joins enabled,,,,,,,0 SF,New Construction,None,,,,,R2 TOS,58'-4",Not Defined,,0",1/2",0",,,,,Steel,Joist,16'-8 1/2",16K2,,,3ZT5EhLQn6JfRlijT8hocA,,,,0.27 CF,0.00 lbm,Origin,0",Top,0"
B1010350,Joists - Steel,,,,23.25.30.21.14.11,,,,,1,0.00°,16'-10",,57'-0",58'-4",0",1/2",0",,,,,,133.47 lbm,,,,By Type,,Default,,K-Series Bar Joist-Angle Web,K-Series Bar Joist-Angle Web: 16K2,,,2rMwxZWGHD5g$J4n7Y9oX3,,Both joins enabled,,,,,,,0 SF,New Construction,None,,,,,R2 TOS,58'-4",Not Defined,,0",1/2",0",,,,,Steel,Joist,16'-10",16K2,,,3ZT5EhLQn6JfRlijT8hocA,,,,0.27 CF,0.00 lbm,Origin,0",Top,0"
B1010350,Joists - Steel,,,,23.25.30.21.14.11,,,,,1,0.00°,16'-10",,57'-0",58'-4",0",1/2",0",,,,,,133.47 lbm,,,,By Type,,Default,,K-Series Bar Joist-Angle Web,K-Series Bar Joist-Angle Web: 16K2,,,2rMwxZWGHD5g$J4n7Y9oX1,,Both joins enabled,,,,,,,0 SF,New Construction,None,,,,,R2 TOS,58'-4",Not Defined,,0",1/2",0",,,,,Steel,Joist,16'-10",16K2,,,3ZT5EhLQn6JfRlijT8hocA,,,,0.27 CF,0.00 lbm,Origin,0",Top,0"
B1010350,Joists - Steel,,,,23.25.30.21.14.11,,,,,1,0.00°,16'-8 1/2",,57'-0",58'-4",0",1/2",0",,,,,,132.46 lbm,,,,By Type,,Default,,K-Series Bar Joist-Angle Web,K-Series Bar Joist-Angle Web: 16K2,,,2rMwxZWGHD5g$J4n7Y9oXF,,Both joins enabled,,,,,,,0 SF,New Construction,None,,,,,R2 TOS,58'-4",Not Defined,,0",,0",,,,,Steel,Joist,16'-8 1/2",16K2,,,3ZT5EhLQn6JfRlijT8hocA,,,,0.27 CF,0.00 lbm,Origin,0",Top,0"
B1010350,Joists - Steel,,,,23.25.30.21.14.11,,,,,1,0.00°,16'-8 1/2",,57'-0",58'-4",0",1/2",0",,,,,,132.46 lbm,,,,By Type,,Default,,K-Series Bar Joist-Angle Web,K-Series Bar Joist-Angle Web: 16K2,,,2rMwxZWGHD5g$J4n7Y9oXD,,Both joins enabled,,,,,,,0 SF,New Construction,None,,,,,R2 TOS,58'-4",Not Defined,,0",1/2",0",,,,,Steel,Joist,16'-8 1/2",16K2,,,3ZT5EhLQn6JfRlijT8hocA,,,,0.27 CF,0.00 lbm,Origin,0",Top,0"
B1010350,Joists - Steel,,,,23.25.30.21.14.11,,,,,1,0.00°,16'-8 1/2",,57'-0",58'-4",0",1/2",0",,,,,,132.46 lbm,,,,By Type,,Default,,K-Series Bar Joist-Angle Web,K-Series Bar Joist-Angle Web: 16K2,,,2rMwxZWGHD5g$J4n7Y9oXB,,Both joins enabled,,,,,,,0 SF,New Construction,None,,,,,R2 TOS,58'-4",Not Defined,,0",1/2",0",,,,,Steel,Joist,16'-8 1/2",16K2,,,3ZT5EhLQn6JfRlijT8hocA,,,,0.27 CF,0.00 lbm,Origin,0",Top,0"
B1010350,Joists - Steel,,,,23.25.30.21.14.11,,,,,1,0.00°,16'-8 1/2",,57'-0",58'-4",0",1/2",0",,,,,,132.46 lbm,,,,By Type,,Default,,K-Series Bar Joist-Angle Web,K-Series Bar Joist-Angle Web: 16K2,,,2rMwxZWGHD5g$J4n7Y9oX9,,Both joins enabled,,,,,,,0 SF,New Construction,None,,,,,R2 TOS,58'-4",Not Defined,,0",1/2",0",,,,,Steel,Joist,16'-8 1/2",16K2,,,3ZT5EhLQn6JfRlijT8hocA,,,,0.27 CF,0.00 lbm,Origin,0",Top,0"
B1010350,Joists - Steel,,,,23.25.30.21.14.11,,,,,1,0.00°,13'-8 1/2",,57'-0",58'-4",0",1/2",0",,,,,,105.05 lbm,,,,By Type,,Default,,K-Series Bar Joist-Angle Web,K-Series Bar Joist-Angle Web: 16K2,,,2rMwxZWGHD5g$J4n7Y9okJ,,Both joins enabled,,,,,,,0 SF,New Construction,None,,,,,R2 TOS,58'-4",Not Defined,,0",1/2",0",,,,,Steel,Joist,13'-8 1/2",16K2,,,3ZT5EhLQn6JfRlijT8hocA,,,,0.21 CF,0.00 lbm,Origin,0",Top,0"
B1010350,Joists - Steel,,,,23.25.30.21.14.11,,,,,1,0.00°,13'-8 1/2",,57'-0",58'-4",0",1/2",0",,,,,,105.05 lbm,,,,By Type,,Default,,K-Series Bar Joist-Angle Web,K-Series Bar Joist-Angle Web: 16K2,,,2rMwxZWGHD5g$J4n7Y9okI,,Both joins enabled,,,,,,,0 SF,New Construction,None,,,,,R2 TOS,58'-4",Not Defined,,0",1/2",0",,,,,Steel,Joist,13'-8 1/2",16K2,,,3ZT5EhLQn6JfRlijT8hocA,,,,0.21 CF,0.00 lbm,Origin,0",Top,0"
B1010350,Joists - Steel,,,,23.25.30.21.14.11,,,,,1,0.00°,13'-8 1/2",,57'-0",58'-4",0",1/2",0",,,,,,105.05 lbm,,,,By Type,,Default,,K-Series Bar Joist-Angle Web,K-Series Bar Joist-Angle Web: 16K2,,,2rMwxZWGHD5g$J4n7Y9okH,,Both joins enabled,,,,,,,0 SF,New Construction,None,,,,,R2 TOS,58'-4",Not Defined,,0",1/2",0",,,,,Steel,Joist,13'-8 1/2",16K2,,,3ZT5EhLQn6JfRlijT8hocA,,,,0.21 CF,0.00 lbm,Origin,0",Top,0"
B1010350,Joists - Steel,,,,23.25.30.21.14.11,,,,,1,0.00°,13'-9 1/2",,57'-0",58'-4",0",1/2",0",,,,,,105.73 lbm,,,,By Type,,Default,,K-Series Bar Joist-Angle Web,K-Series Bar Joist-Angle Web: 16K2,,,2rMwxZWGHD5g$J4n7Y9okG,,Both joins enabled,,,,,,,0 SF,New Construction,None,,,,,R2 TOS,58'-4",Not Defined,,0",1/2",0",,,,,Steel,Joist,13'-9 1/2",16K2,,,3ZT5EhLQn6JfRlijT8hocA,,,,0.22 CF,0.00 lbm,Origin,0",Top,0"
B1010350,Joists - Steel,,,,23.25.30.21.14.11,,,,,1,0.00°,13'-9 1/2",,57'-0",58'-4",0",1/2",0",,,,,,105.73 lbm,,,,By Type,,Default,,K-Series Bar Joist-Angle Web,K-Series Bar Joist-Angle Web: 16K2,,,2rMwxZWGHD5g$J4n7Y9okV,,Both joins enabled,,,,,,,0 SF,New Construction,None,,,,,R2 TOS,58'-4",Not Defined,,0",1/2",0",,,,,Steel,Joist,13'-9 1/2",16K2,,,3ZT5EhLQn6JfRlijT8hocA,,,,0.22 CF,0.00 lbm,Origin,0",Top,0"
B1010350,Joists - Steel,,,,23.25.30.21.14.11,,,,,1,0.00°,9'-7",,57'-0",58'-4",0",1/2",0",,,,,,68.51 lbm,,,,By Type,,Default,,K-Series Bar Joist-Angle Web,K-Series Bar Joist-Angle Web: 16K2,,,0FD7lEIyvA7ei2jSdDGQe$,,Both joins enabled,,,,,,,0 SF,New Construction,None,,,,,R2 TOS,58'-4",Not Defined,,0",1/2",0",,,,,Steel,Joist,9'-7",16K2,,,3ZT5EhLQn6JfRlijT8hocA,,,,0.14 CF,0.00 lbm,Origin,0",Top,0"
B1010350,Joists - Steel,,,,23.25.30.21.14.11,,,,,1,0.00°,22'-3",,57'-0",58'-4",0",1/2",0",,,,,,183.60 lbm,,,,By Type,,Default,,K-Series Bar Joist-Angle Web,K-Series Bar Joist-Angle Web: 16K2,,,0FD7lEIyvA7ei2jSdDGQe_,,Both joins enabled,,,,,,,0 SF,New Construction,None,,,,,R2 TOS,58'-4",Not Defined,,0",1/2",0",,,,,Steel,Joist,22'-3",16K2,,,3ZT5EhLQn6JfRlijT8hocA,,,,0.37 CF,0.00 lbm,Origin,0",Top,0"
B1010350,Joists - Steel,,,,23.25.30.21.14.11,,,,,1,0.00°,22'-3",,57'-0",58'-4",0",1/2",0",,,,,,183.60 lbm,,,,By Type,,Default,,K-Series Bar Joist-Angle Web,K-Series Bar Joist-Angle Web: 16K2,,,0FD7lEIyvA7ei2jSdDGQez,,Both joins enabled,,,,,,,0 SF,New Construction,None,,,,,R2 TOS,58'-4",Not Defined,,0",1/2",0",,,,,Steel,Joist,22'-3",16K2,,,3ZT5EhLQn6JfRlijT8hocA,,,,0.37 CF,0.00 lbm,Origin,0",Top,0"
B1010350,Joists - Steel,,,,23.25.30.21.14.11,,,,,1,0.00°,22'-3",,57'-0",58'-4",0",1/2",0",,,,,,183.60 lbm,,,,By Type,,Default,,K-Series Bar Joist-Angle Web,K-Series Bar Joist-Angle Web: 16K2,,,0FD7lEIyvA7ei2jSdDGQey,,Both joins enabled,,,,,,,0 SF,New Construction,None,,,,,R2 TOS,58'-4",Not Defined,,0",1/2",0",,,,,Steel,Joist,22'-3",16K2,,,3ZT5EhLQn6JfRlijT8hocA,,,,0.37 CF,0.00 lbm,Origin,0",Top,0"
B1010350,Joists - Steel,,,,23.25.30.21.14.11,,,,,1,0.00°,22'-3",,57'-0",58'-4",0",1/2",0",,,,,,183.60 lbm,,,,By Type,,Default,,K-Series Bar Joist-Angle Web,K-Series Bar Joist-Angle Web: 16K2,,,0FD7lEIyvA7ei2jSdDGQex,,Both joins enabled,,,,,,,0 SF,New Construction,None,,,,,R2 TOS,58'-4",Not Defined,,0",1/2",0",,,,,Steel,Joist,22'-3",16K2,,,3ZT5EhLQn6JfRlijT8hocA,,,,0.37 CF,0.00 lbm,Origin,0",Top,0"
B1010350,Joists - Steel,,,,23.25.30.21.14.11,,,,,1,0.00°,22'-3",,57'-0",58'-4",0",1/2",0",,,,,,183.60 lbm,,,,By Type,,Default,,K-Series Bar Joist-Angle Web,K-Series Bar Joist-Angle Web: 16K2,,,0FD7lEIyvA7ei2jSdDGQew,,Both joins enabled,,,,,,,0 SF,New Construction,None,,,,,R2 TOS,58'-4",Not Defined,,0",1/2",0",,,,,Steel,Joist,22'-3",16K2,,,3ZT5EhLQn6JfRlijT8hocA,,,,0.37 CF,0.00 lbm,Origin,0",Top,0"
B1010350,Joists - Steel,,,,23.25.30.21.14.11,,,,,1,0.00°,22'-3",,57'-0",58'-4",0",1/2",0",,,,,,183.60 lbm,,,,By Type,,Default,,K-Series Bar Joist-Angle Web,K-Series Bar Joist-Angle Web: 16K2,,,0FD7lEIyvA7ei2jSdDGQev,,Both joins enabled,,,,,,,0 SF,New Construction,None,,,,,R2 TOS,58'-4",Not Defined,,0",1/2",0",,,,,Steel,Joist,22'-3",16K2,,,3ZT5EhLQn6JfRlijT8hocA,,,,0.37 CF,0.00 lbm,Origin,0",Top,0"
B1010350,Joists - Steel,,,,23.25.30.21.14.11,,,,,1,0.00°,22'-3",,57'-0",58'-4",0",1/2",0",,,,,,183.60 lbm,,,,By Type,,Default,,K-Series Bar Joist-Angle Web,K-Series Bar Joist-Angle Web: 16K2,,,0FD7lEIyvA7ei2jSdDGQeu,,Both joins enabled,,,,,,,0 SF,New Construction,None,,,,,R2 TOS,58'-4",Not Defined,,0",1/2",0",,,,,Steel,Joist,22'-3",16K2,,,3ZT5EhLQn6JfRlijT8hocA,,,,0.37 CF,0.00 lbm,Origin,0",Top,0"
B1010350,Joists - Steel,,,,23.25.30.21.14.11,,,,,1,0.00°,22'-3",,57'-0",58'-4",0",1/2",0",,,,,,183.60 lbm,,,,By Type,,Default,,K-Series Bar Joist-Angle Web,K-Series Bar Joist-Angle Web: 16K2,,,0FD7lEIyvA7ei2jSdDGQed,,Both joins enabled,,,,,,,0 SF,New Construction,None,,,,,R2 TOS,58'-4",Not Defined,,0",1/2",0",,,,,Steel,Joist,22'-3",16K2,,,3ZT5EhLQn6JfRlijT8hocA,,,,0.37 CF,0.00 lbm,Origin,0",Top,0"
B1010350,Joists - Steel,,,,23.25.30.21.14.11,,,,,1,0.00°,22'-3",,57'-0",58'-4",0",1/2",0",,,,,,183.60 lbm,,,,By Type,,Default,,K-Series Bar Joist-Angle Web,K-Series Bar Joist-Angle Web: 16K2,,,0FD7lEIyvA7ei2jSdDGQec,,Both joins enabled,,,,,,,0 SF,New Construction,None,,,,,R2 TOS,58'-4",Not Defined,,0",1/2",0",,,,,Steel,Joist,22'-3",16K2,,,3ZT5EhLQn6JfRlijT8hocA,,,,0.37 CF,0.00 lbm,Origin,0",Top,0"
B1010350,Joists - Steel,,,,23.25.30.21.14.11,,,,,1,0.00°,22'-3",,57'-0",58'-4",0",1/2",0",,,,,,183.60 lbm,,,,By Type,,Default,,K-Series Bar Joist-Angle Web,K-Series Bar Joist-Angle Web: 16K2,,,0FD7lEIyvA7ei2jSdDGQeb,,Both joins enabled,,,,,,,0 SF,New Construction,None,,,,,R2 TOS,58'-4",Not Defined,,0",1/2",0",,,,,Steel,Joist,22'-3",16K2,,,3ZT5EhLQn6JfRlijT8hocA,,,,0.37 CF,0.00 lbm,Origin,0",Top,0"
B1010350,Joists - Steel,,,,23.25.30.21.14.11,,,,,1,0.00°,22'-3",,57'-0",58'-4",0",1/2",0",,,,,,183.60 lbm,,,,By Type,,Default,,K-Series Bar Joist-Angle Web,K-Series Bar Joist-Angle Web: 16K2,,,0FD7lEIyvA7ei2jSdDGQea,,Both joins enabled,,,,,,,0 SF,New Construction,None,,,,,R2 TOS,58'-4",Not Defined,,0",1/2",0",,,,,Steel,Joist,22'-3",16K2,,,3ZT5EhLQn6JfRlijT8hocA,,,,0.37 CF,0.00 lbm,Origin,0",Top,0"
B1010350,Joists - Steel,,,,23.25.30.21.14.11,,,,,1,0.00°,22'-3",,57'-0",58'-4",0",1/2",0",,,,,,183.60 lbm,,,,By Type,,Default,,K-Series Bar Joist-Angle Web,K-Series Bar Joist-Angle Web: 16K2,,,0FD7lEIyvA7ei2jSdDGQeZ,,Both joins enabled,,,,,,,0 SF,New Construction,None,,,,,R2 TOS,58'-4",Not Defined,,0",1/2",0",,,,,Steel,Joist,22'-3",16K2,,,3ZT5EhLQn6JfRlijT8hocA,,,,0.37 CF,0.00 lbm,Origin,0",Top,0"
B1010350,Joists - Steel,,,,23.25.30.21.14.11,,,,,1,0.00°,22'-3",,57'-0",58'-4",0",1/2",0",,,,,,183.60 lbm,,,,By Type,,Default,,K-Series Bar Joist-Angle Web,K-Series Bar Joist-Angle Web: 16K2,,,0FD7lEIyvA7ei2jSdDGQeY,,Both joins enabled,,,,,,,0 SF,New Construction,None,,,,,R2 TOS,58'-4",Not Defined,,0",1/2",0",,,,,Steel,Joist,22'-3",16K2,,,3ZT5EhLQn6JfRlijT8hocA,,,,0.37 CF,0.00 lbm,Origin,0",Top,0"
B1010350,Joists - Steel,,,,23.25.30.21.14.11,,,,,1,0.00°,22'-3",,57'-0",58'-4",0",1/2",0",,,,,,183.60 lbm,,,,By Type,,Default,,K-Series Bar Joist-Angle Web,K-Series Bar Joist-Angle Web: 16K2,,,0FD7lEIyvA7ei2jSdDGQeX,,Both joins enabled,,,,,,,0 SF,New Construction,None,,,,,R2 TOS,58'-4",Not Defined,,0",1/2",0",,,,,Steel,Joist,22'-3",16K2,,,3ZT5EhLQn6JfRlijT8hocA,,,,0.37 CF,0.00 lbm,Origin,0",Top,0"
B1010350,Joists - Steel,,,,23.25.30.21.14.11,,,,,1,0.00°,13'-5",,57'-0",58'-4",0",,0",,,,,,102.69 lbm,,,,By Type,,Default,,K-Series Bar Joist-Angle Web,K-Series Bar Joist-Angle Web: 16K2,,,0FD7lEIyvA7ei2jSdDGQeW,,Both joins enabled,,,,,,,0 SF,New Construction,None,,,,,R2 TOS,58'-4",Not Defined,,0",1/2",0",,,,,Steel,Joist,13'-5",16K2,,,3ZT5EhLQn6JfRlijT8hocA,,,,0.21 CF,0.00 lbm,Origin,0",Top,0"
B1010350,Joists - Steel,,,,23.25.30.21.14.11,,,,,1,0.00°,13'-5",,57'-0",58'-4",0",,0",,,,,,102.69 lbm,,,,By Type,,Default,,K-Series Bar Joist-Angle Web,K-Series Bar Joist-Angle Web: 16K2,,,0FD7lEIyvA7ei2jSdDGQel,,Both joins enabled,,,,,,,0 SF,New Construction,None,,,,,R2 TOS,58'-4",Not Defined,,0",1/2",0",,,,,Steel,Joist,13'-5",16K2,,,3ZT5EhLQn6JfRlijT8hocA,,,,0.21 CF,0.00 lbm,Origin,0",Top,0"
B1010350,Joists - Steel,,,,23.25.30.21.14.11,,,,,1,0.00°,13'-5",,57'-0",58'-4",0",,0",,,,,,102.69 lbm,,,,By Type,,Default,,K-Series Bar Joist-Angle Web,K-Series Bar Joist-Angle Web: 16K2,,,0FD7lEIyvA7ei2jSdDGQek,,Both joins enabled,,,,,,,0 SF,New Construction,None,,,,,R2 TOS,58'-4",Not Defined,,0",1/2",0",,,,,Steel,Joist,13'-5",16K2,,,3ZT5EhLQn6JfRlijT8hocA,,,,0.21 CF,0.00 lbm,Origin,0",Top,0"
B1010350,Joists - Steel,,,,23.25.30.21.14.11,,,,,1,0.00°,22'-3",,57'-0",58'-4",0",1/2",0",,,,,,183.60 lbm,,,,By Type,,Default,,K-Series Bar Joist-Angle Web,K-Series Bar Joist-Angle Web: 16K2,,,0FD7lEIyvA7ei2jSdDGQej,,Both joins enabled,,,,,,,0 SF,New Construction,None,,,,,R2 TOS,58'-4",Not Defined,,0",1/2",0",,,,,Steel,Joist,22'-3",16K2,,,3ZT5EhLQn6JfRlijT8hocA,,,,0.37 CF,0.00 lbm,Origin,0",Top,0"
B1010350,Joists - Steel,,,,23.25.30.21.14.11,,,,,1,0.00°,22'-3",,57'-0",58'-4",0",1/2",0",,,,,,183.60 lbm,,,,By Type,,Default,,K-Series Bar Joist-Angle Web,K-Series Bar Joist-Angle Web: 16K2,,,0FD7lEIyvA7ei2jSdDGQei,,Both joins enabled,,,,,,,0 SF,New Construction,None,,,,,R2 TOS,58'-4",Not Defined,,0",1/2",0",,,,,Steel,Joist,22'-3",16K2,,,3ZT5EhLQn6JfRlijT8hocA,,,,0.37 CF,0.00 lbm,Origin,0",Top,0"
B1010350,Joists - Steel,,,,23.25.30.21.14.11,,,,,1,0.00°,22'-3",,57'-0",58'-4",0",1/2",0",,,,,,183.60 lbm,,,,By Type,,Default,,K-Series Bar Joist-Angle Web,K-Series Bar Joist-Angle Web: 16K2,,,0FD7lEIyvA7ei2jSdDGQeh,,Both joins enabled,,,,,,,0 SF,New Construction,None,,,,,R2 TOS,58'-4",Not Defined,,0",1/2",0",,,,,Steel,Joist,22'-3",16K2,,,3ZT5EhLQn6JfRlijT8hocA,,,,0.37 CF,0.00 lbm,Origin,0",Top,0"
B1010350,Joists - Steel,,,,23.25.30.21.14.11,,,,,1,0.00°,22'-3",,57'-0",58'-4",0",1/2",0",,,,,,183.60 lbm,,,,By Type,,Default,,K-Series Bar Joist-Angle Web,K-Series Bar Joist-Angle Web: 16K2,,,0FD7lEIyvA7ei2jSdDGQeg,,Both joins enabled,,,,,,,0 SF,New Construction,None,,,,,R2 TOS,58'-4",Not Defined,,0",1/2",0",,,,,Steel,Joist,22'-3",16K2,,,3ZT5EhLQn6JfRlijT8hocA,,,,0.37 CF,0.00 lbm,Origin,0",Top,0"
B1010350,Joists - Steel,,,,23.25.30.21.14.11,,,,,1,0.00°,22'-3",,57'-0",58'-4",0",1/2",0",,,,,,183.60 lbm,,,,By Type,,Default,,K-Series Bar Joist-Angle Web,K-Series Bar Joist-Angle Web: 16K2,,,0FD7lEIyvA7ei2jSdDGQef,,Both joins enabled,,,,,,,0 SF,New Construction,None,,,,,R2 TOS,58'-4",Not Defined,,0",1/2",0",,,,,Steel,Joist,22'-3",16K2,,,3ZT5EhLQn6JfRlijT8hocA,,,,0.37 CF,0.00 lbm,Origin,0",Top,0"
B1010350,Joists - Steel,,,,23.25.30.21.14.11,,,,,1,0.00°,22'-3",,57'-0",58'-4",0",1/2",0",,,,,,183.60 lbm,,,,By Type,,Default,,K-Series Bar Joist-Angle Web,K-Series Bar Joist-Angle Web: 16K2,,,0FD7lEIyvA7ei2jSdDGQee,,Both joins enabled,,,,,,,0 SF,New Construction,None,,,,,R2 TOS,58'-4",Not Defined,,0",1/2",0",,,,,Steel,Joist,22'-3",16K2,,,3ZT5EhLQn6JfRlijT8hocA,,,,0.37 CF,0.00 lbm,Origin,0",Top,0"
B1010350,Joists - Steel,,,,23.25.30.21.14.11,,,,,1,0.00°,22'-3",,57'-0",58'-4",0",1/2",0",,,,,,183.60 lbm,,,,By Type,,Default,,K-Series Bar Joist-Angle Web,K-Series Bar Joist-Angle Web: 16K2,,,0FD7lEIyvA7ei2jSdDGQeN,,Both joins enabled,,,,,,,0 SF,New Construction,None,,,,,R2 TOS,58'-4",Not Defined,,0",1/2",0",,,,,Steel,Joist,22'-3",16K2,,,3ZT5EhLQn6JfRlijT8hocA,,,,0.37 CF,0.00 lbm,Origin,0",Top,0"
B1010350,Joists - Steel,,,,23.25.30.21.14.11,,,,,1,0.00°,22'-3",,57'-0",58'-4",0",1/2",0",,,,,,183.60 lbm,,,,By Type,,Default,,K-Series Bar Joist-Angle Web,K-Series Bar Joist-Angle Web: 16K2,,,0FD7lEIyvA7ei2jSdDGQeM,,Both joins enabled,,,,,,,0 SF,New Construction,None,,,,,R2 TOS,58'-4",Not Defined,,0",1/2",0",,,,,Steel,Joist,22'-3",16K2,,,3ZT5EhLQn6JfRlijT8hocA,,,,0.37 CF,0.00 lbm,Origin,0",Top,0"
B10,Superstructure,,,,23.25.30.11.14.14,,,,,1,0.00°,22'-5 139/256",,<varies>,<varies>,0",1/2",-2'-5 5/32",,,,,,119.94 lbm,,,,By Type,,Default,,SF_Steel L Angle,SF_Steel L Angle: _Size,,,0FD7lEIyvA7ei2jSdDG5j6,,Both joins enabled,,,,,,,0 SF,New Construction,None,,,,,Parapet 2,70'-10",L-angle,,0",1/2",-1'-7 155/256",,,,,<By Category>,Purlin,23'-0 85/128",_Size,,,0Zas40lvjEVunrJVAhu7tn,,,,0.24 CF,120.76 lbm,Origin,0",Top,0"
B10,Superstructure,,,,23.25.30.11.14.14,,,,,1,0.00°,9'-3 1/2",,68'-1 11/32",68'-4 27/32",0",1/2",-2'-5 5/32",,,,,,49.61 lbm,,,,By Type,,Default,,SF_Steel L Angle,SF_Steel L Angle: _Size,,,0FD7lEIyvA7ei2jSdDG5is,,Both joins enabled,,,,,,,0 SF,New Construction,None,,,,,Parapet 2,70'-10",L-angle,,0",1/2",-2'-5 5/32",,,,,<By Category>,Purlin,9'-10 1/2",_Size,,,0Zas40lvjEVunrJVAhu7tn,,,,0.10 CF,49.96 lbm,Origin,0",Top,0"
B10,Superstructure,,,,23.25.30.11.14.14,,,,,1,0.00°,22'-5 139/256",,<varies>,<varies>,0",1/2",-1'-7 155/256",,,,,,119.94 lbm,,,,By Type,,Default,,SF_Steel L Angle,SF_Steel L Angle: _Size,,,0FD7lEIyvA7ei2jSdDG5iR,,Both joins enabled,,,,,,,0 SF,New Construction,None,,,,,Parapet 2,70'-10",L-angle,,0",1/2",-2'-5 5/32",,,,,<By Category>,Purlin,23'-0 85/128",_Size,,,0Zas40lvjEVunrJVAhu7tn,,,,0.24 CF,120.76 lbm,Origin,0",Top,0"
B10,Superstructure,,,,23.25.30.11.14.14,,,,,1,0.00°,9'-3 1/2",,68'-10 229/256",69'-2 101/256",0",1/2",-1'-7 155/256",,,,,,49.61 lbm,,,,By Type,,Default,,SF_Steel L Angle,SF_Steel L Angle: _Size,,,0FD7lEIyvA7ei2jSdDG5lr,,Both joins enabled,,,,,,,0 SF,New Construction,None,,,,,Parapet 2,70'-10",L-angle,,0",1/2",-1'-7 155/256",,,,,<By Category>,Purlin,9'-10 1/2",_Size,,,0Zas40lvjEVunrJVAhu7tn,,,,0.10 CF,49.96 lbm,Origin,0",Top,0"
B10,Superstructure,,,,23.25.30.11.14.14,,,,,1,0.00°,9'-8 1/2",,67'-10 35/64",68'-6 111/256",0",-2",-2'-3 145/256",,,,,,108.78 lbm,,,,By Type,,Default,,W Shapes,W Shapes: W8x10,,,0FD7lEIyvA7ei2jSdDG5kD,,Both joins enabled,,,,,,,488 SF,New Construction,None,,,,,Parapet 2,70'-10",I-shape Parallel Flange,,0",-2",-2'-3 145/256",,,,,Steel,Joist,9'-10 1/2",W8x10,,,2GjH11r995hxaZhII5NFtk,,,,0.22 CF,97.78 lbm,Origin,0",Top,0"
B10,Superstructure,,,,23.25.30.11.14.14,,,,,1,0.00°,9'-8 1/2",,68'-0 35/256",68'-8 7/256",0",-2",-2'-1 249/256",,,,,,108.78 lbm,,,,By Type,,Default,,W Shapes,W Shapes: W8x10,,,0FD7lEIyvA7ei2jSdDG5kB,,Both joins enabled,,,,,,,488 SF,New Construction,None,,,,,Parapet 2,70'-10",I-shape Parallel Flange,,0",-2",-2'-1 249/256",,,,,Steel,Joist,9'-10 1/2",W8x10,,,2GjH11r995hxaZhII5NFtk,,,,0.22 CF,97.78 lbm,Origin,0",Top,0"
B10,Superstructure,,,,23.25.30.11.14.14,,,,,1,0.00°,9'-8 1/2",,68'-1 187/256",68'-9 79/128",0",-2",-2'-0 49/128",,,,,,108.78 lbm,,,,By Type,,Default,,W Shapes,W Shapes: W8x10,,,0FD7lEIyvA7ei2jSdDG5k9,,Both joins enabled,,,,,,,488 SF,New Construction,None,,,,,Parapet 2,70'-10",I-shape Parallel Flange,,0",-2",-2'-0 49/128",,,,,Steel,Joist,9'-10 1/2",W8x10,,,2GjH11r995hxaZhII5NFtk,,,,0.22 CF,97.78 lbm,Origin,0",Top,0"
B10,Superstructure,,,,23.25.30.11.14.14,,,,,1,0.00°,9'-8 1/2",,68'-3 41/128",68'-11 27/128",0",-2",-1'-10 101/128",,,,,,108.78 lbm,,,,By Type,,Default,,W Shapes,W Shapes: W8x10,,,0FD7lEIyvA7ei2jSdDG5ft,,Both joins enabled,,,,,,,488 SF,New Construction,None,,,,,Parapet 2,70'-10",I-shape Parallel Flange,,0",-2",-1'-10 101/128",,,,,Steel,Joist,9'-10 1/2",W8x10,,,2GjH11r995hxaZhII5NFtk,,,,0.22 CF,97.78 lbm,Origin,0",Top,0"
B10,Superstructure,,,,23.25.30.11.14.14,,,,,1,0.00°,9'-8 1/2",,68'-4 117/128",69'-0 205/256",0",-2",-1'-9 51/256",,,,,,108.78 lbm,,,,By Type,,Default,,W Shapes,W Shapes: W8x10,,,0FD7lEIyvA7ei2jSdDG5fr,,Both joins enabled,,,,,,,488 SF,New Construction,None,,,,,Parapet 2,70'-10",I-shape Parallel Flange,,0",-2",-1'-9 51/256",,,,,Steel,Joist,9'-10 1/2",W8x10,,,2GjH11r995hxaZhII5NFtk,,,,0.22 CF,97.78 lbm,Origin,0",Top,0"
B10,Superstructure,,,,23.25.30.11.14.14,,,,,1,0.00°,9'-6 39/128",,17'-10",18'-1 1/2",0",,0",,,,,,50.86 lbm,,,,By Type,,Default,,SF_Steel L Angle,SF_Steel L Angle: _Size,,,2Dq6VPjsnBwQXTNQ8U3tA0,,Both joins enabled,,,,,,,0 SF,New Construction,None,,,,,L3 TOS,18'-4",L-angle,,0",-3 73/128",0",,,,,<By Category>,Purlin,9'-6 1/2",_Size,,,0Zas40lvjEVunrJVAhu7tn,,,,0.10 CF,51.21 lbm,Origin,0",Top,-2 1/2"
B1010350,Joists - Steel,,,,23.25.30.21.14.11,,,,,1,0.00°,16'-8 1/2",,17'-0",18'-4",0",1/2",0",,,,,,132.46 lbm,,,,By Type,,Default,,K-Series Bar Joist-Angle Web,K-Series Bar Joist-Angle Web: 16K6,,,2Dq6VPjsnBwQXTNQ8U3qzt,,Both joins enabled,,,,,,,0 SF,New Construction,None,,,,,L3 TOS,18'-4",Not Defined,,0",1/2",0",,,,,Steel,Joist,16'-8 1/2",16K6,,,3ZT5EhLQn6JfRlijT8hoc2,,,,0.27 CF,0.00 lbm,Origin,0",Top,0"
B1010350,Joists - Steel,,,,23.25.30.21.14.11,,,,,1,0.00°,16'-8 1/2",,17'-0",18'-4",0",1/2",0",,,,,,132.46 lbm,,,,By Type,,Default,,K-Series Bar Joist-Angle Web,K-Series Bar Joist-Angle Web: 16K6,,,2Dq6VPjsnBwQXTNQ8U3qzs,,Both joins enabled,,,,,,,0 SF,New Construction,None,,,,,L3 TOS,18'-4",Not Defined,,0",1/2",0",,,,,Steel,Joist,16'-8 1/2",16K6,,,3ZT5EhLQn6JfRlijT8hoc2,,,,0.27 CF,0.00 lbm,Origin,0",Top,0"
B1010350,Joists - Steel,,,,23.25.30.21.14.11,,,,,1,0.00°,16'-8 1/2",,17'-0",18'-4",0",1/2",0",,,,,,132.46 lbm,,,,By Type,,Default,,K-Series Bar Joist-Angle Web,K-Series Bar Joist-Angle Web: 16K6,,,2Dq6VPjsnBwQXTNQ8U3qzr,,Both joins enabled,,,,,,,0 SF,New Construction,None,,,,,L3 TOS,18'-4",Not Defined,,0",1/2",0",,,,,Steel,Joist,16'-8 1/2",16K6,,,3ZT5EhLQn6JfRlijT8hoc2,,,,0.27 CF,0.00 lbm,Origin,0",Top,0"
B1010350,Joists - Steel,,,,23.25.30.21.14.11,,,,,1,0.00°,16'-8 1/2",,17'-0",18'-4",0",1/2",0",,,,,,132.46 lbm,,,,By Type,,Default,,K-Series Bar Joist-Angle Web,K-Series Bar Joist-Angle Web: 16K6,,,2Dq6VPjsnBwQXTNQ8U3qzq,,Both joins enabled,,,,,,,0 SF,New Construction,None,,,,,L3 TOS,18'-4",Not Defined,,0",1/2",0",,,,,Steel,Joist,16'-8 1/2",16K6,,,3ZT5EhLQn6JfRlijT8hoc2,,,,0.27 CF,0.00 lbm,Origin,0",Top,0"
B1010350,Joists - Steel,,,,23.25.30.21.14.11,,,,,1,0.00°,16'-8 1/2",,17'-0",18'-4",0",1/2",0",,,,,,132.46 lbm,,,,By Type,,Default,,K-Series Bar Joist-Angle Web,K-Series Bar Joist-Angle Web: 16K6,,,2Dq6VPjsnBwQXTNQ8U3qzx,,Both joins enabled,,,,,,,0 SF,New Construction,None,,,,,L3 TOS,18'-4",Not Defined,,0",1/2",0",,,,,Steel,Joist,16'-8 1/2",16K6,,,3ZT5EhLQn6JfRlijT8hoc2,,,,0.27 CF,0.00 lbm,Origin,0",Top,0"
B1010350,Joists - Steel,,,,23.25.30.21.14.11,,,,,1,0.00°,16'-1 1/2",,17'-0",18'-4",0",1/2",0",,,,,,127.75 lbm,,,,By Type,,Default,,K-Series Bar Joist-Angle Web,K-Series Bar Joist-Angle Web: 16K6,,,2Dq6VPjsnBwQXTNQ8U3qzw,,Both joins enabled,,,,,,,0 SF,New Construction,None,,,,,L3 TOS,18'-4",Not Defined,,0",1/2",0",,,,,Steel,Joist,16'-1 1/2",16K6,,,3ZT5EhLQn6JfRlijT8hoc2,,,,0.26 CF,0.00 lbm,Origin,0",Top,0"
B1010350,Joists - Steel,,,,23.25.30.21.14.11,,,,,1,0.00°,16'-1 1/2",,17'-0",18'-4",0",1/2",0",,,,,,127.75 lbm,,,,By Type,,Default,,K-Series Bar Joist-Angle Web,K-Series Bar Joist-Angle Web: 16K6,,,2Dq6VPjsnBwQXTNQ8U3qzv,,Both joins enabled,,,,,,,0 SF,New Construction,None,,,,,L3 TOS,18'-4",Not Defined,,0",1/2",0",,,,,Steel,Joist,16'-1 1/2",16K6,,,3ZT5EhLQn6JfRlijT8hoc2,,,,0.26 CF,0.00 lbm,Origin,0",Top,0"
B10,Superstructure,,,,23.25.30.11.14.14,,,,,1,0.00°,7'-3 103/128",,57'-8 7/64",58'-4",0",1/2",0",,,,,,81.99 lbm,,,,By Type,,Default,,W Shapes,W Shapes: W8x10,,,0NqaTxAtrFavYG7P7WknHA,,Both joins enabled,,,,,,,400 SF,New Construction,None,,,,,R2 TOS,58'-4",I-shape Parallel Flange,,0",1/2",0",,,,,Steel,Joist,8'-1 11/128",W8x10,,,2GjH11r995hxaZhII5NFtk,,,,0.17 CF,73.70 lbm,Origin,0",Top,0"
B10,Superstructure,,,,23.25.30.11.14.14,,,,,1,0.00°,21'-6 15/32",,3'-0 115/128",4'-7",0",1/2",0",,,,,,1206.49 lbm,,,,By Type,,Default,,W Shapes,W Shapes: W18x55,,,1qPpFuYOvDTBOodvyXSyyJ,,Both joins enabled,,,,,,,1,099 SF,New Construction,None,,,,,M1 TOS,5'-0",I-shape Parallel Flange,,0",1/2",0",,,,,Steel,Girder,22'-3",W18x55,,,1_y_hNQfD4N8RbeJZCV0vP,,,,2.46 CF,1187.35 lbm,Origin,0",Top,-5"
B10,Superstructure,,,,23.25.30.11.14.14,,,,,1,0.00°,27'-8 141/256",,5'-10 51/128",7'-4 1/2",0",1/2",0",,,,,,1552.28 lbm,,,,By Type,,Default,,W Shapes,W Shapes: W18x55,,,2mAF7IlYfAuwSd7mGxhXhA,,Both joins enabled,,,,,,,1,433 SF,New Construction,None,,,,,L2 TOS,7'-7",I-shape Parallel Flange,,0",1/2",0",,,,,Steel,Girder,29'-0",W18x55,,,1_y_hNQfD4N8RbeJZCV0vP,,,,3.17 CF,1527.65 lbm,Origin,0",Top,-2 1/2"
B10,Superstructure,,,,23.25.30.11.14.14,,,,,1,0.00°,27'-10 109/128",,5'-10 51/128",7'-4 1/2",0",1/2",0",,,,,,1563.57 lbm,,,,By Type,,Default,,W Shapes,W Shapes: W18x55,,,2mAF7IlYfAuwSd7mGxhXh9,,Both joins enabled,,,,,,,1,433 SF,New Construction,None,,,,,L2 TOS,7'-7",I-shape Parallel Flange,,0",1/2",0",,,,,Steel,Girder,29'-0",W18x55,,,1_y_hNQfD4N8RbeJZCV0vP,,,,3.19 CF,1538.22 lbm,Origin,0",Top,-2 1/2"
B1010350,Joists - Steel,,,,23.25.30.21.14.11,,,,,1,0.00°,15'-2 1/2",,6'-3",7'-7",0",1/2",0",,,,,,118.75 lbm,,,,By Type,,Default,,K-Series Bar Joist-Angle Web,K-Series Bar Joist-Angle Web: 16K6,,,2mAF7IlYfAuwSd7mGxhXh1,,Both joins enabled,,,,,,,0 SF,New Construction,None,,,,,L2 TOS,7'-7",Not Defined,,0",1/2",0",,,,,Steel,Joist,15'-2 1/2",16K6,,,3ZT5EhLQn6JfRlijT8hoc2,,,,0.24 CF,0.00 lbm,Origin,0",Top,0"
B1010350,Joists - Steel,,,,23.25.30.21.14.11,,,,,1,0.00°,15'-2 1/2",,6'-3",7'-7",0",1/2",0",,,,,,118.75 lbm,,,,By Type,,Default,,K-Series Bar Joist-Angle Web,K-Series Bar Joist-Angle Web: 16K6,,,2mAF7IlYfAuwSd7mGxhXh0,,Both joins enabled,,,,,,,0 SF,New Construction,None,,,,,L2 TOS,7'-7",Not Defined,,0",1/2",0",,,,,Steel,Joist,15'-2 1/2",16K6,,,3ZT5EhLQn6JfRlijT8hoc2,,,,0.24 CF,0.00 lbm,Origin,0",Top,0"
B1010350,Joists - Steel,,,,23.25.30.21.14.11,,,,,1,0.00°,15'-2 1/2",,6'-3",7'-7",0",1/2",0",,,,,,118.75 lbm,,,,By Type,,Default,,K-Series Bar Joist-Angle Web,K-Series Bar Joist-Angle Web: 16K6,,,2mAF7IlYfAuwSd7mGxhXh7,,Both joins enabled,,,,,,,0 SF,New Construction,None,,,,,L2 TOS,7'-7",Not Defined,,0",1/2",0",,,,,Steel,Joist,15'-2 1/2",16K6,,,3ZT5EhLQn6JfRlijT8hoc2,,,,0.24 CF,0.00 lbm,Origin,0",Top,0"
B1010350,Joists - Steel,,,,23.25.30.21.14.11,,,,,1,0.00°,15'-2 1/2",,6'-3",7'-7",0",1/2",0",,,,,,118.75 lbm,,,,By Type,,Default,,K-Series Bar Joist-Angle Web,K-Series Bar Joist-Angle Web: 16K6,,,2mAF7IlYfAuwSd7mGxhXh6,,Both joins enabled,,,,,,,0 SF,New Construction,None,,,,,L2 TOS,7'-7",Not Defined,,0",1/2",0",,,,,Steel,Joist,15'-2 1/2",16K6,,,3ZT5EhLQn6JfRlijT8hoc2,,,,0.24 CF,0.00 lbm,Origin,0",Top,0"
B1010350,Joists - Steel,,,,23.25.30.21.14.11,,,,,1,0.00°,15'-2 1/2",,6'-3",7'-7",0",1/2",0",,,,,,118.75 lbm,,,,By Type,,Default,,K-Series Bar Joist-Angle Web,K-Series Bar Joist-Angle Web: 16K6,,,2mAF7IlYfAuwSd7mGxhXh5,,Both joins enabled,,,,,,,0 SF,New Construction,None,,,,,L2 TOS,7'-7",Not Defined,,0",1/2",0",,,,,Steel,Joist,15'-2 1/2",16K6,,,3ZT5EhLQn6JfRlijT8hoc2,,,,0.24 CF,0.00 lbm,Origin,0",Top,0"
B1010350,Joists - Steel,,,,23.25.30.21.14.11,,,,,1,0.00°,15'-2 1/2",,6'-3",7'-7",0",1/2",0",,,,,,118.75 lbm,,,,By Type,,Default,,K-Series Bar Joist-Angle Web,K-Series Bar Joist-Angle Web: 16K6,,,2mAF7IlYfAuwSd7mGxhXh4,,Both joins enabled,,,,,,,0 SF,New Construction,None,,,,,L2 TOS,7'-7",Not Defined,,0",1/2",0",,,,,Steel,Joist,15'-2 1/2",16K6,,,3ZT5EhLQn6JfRlijT8hoc2,,,,0.24 CF,0.00 lbm,Origin,0",Top,0"
B1010350,Joists - Steel,,,,23.25.30.21.14.11,,,,,1,0.00°,15'-2 1/2",,6'-3",7'-7",0",1/2",0",,,,,,118.75 lbm,,,,By Type,,Default,,K-Series Bar Joist-Angle Web,K-Series Bar Joist-Angle Web: 16K6,,,2mAF7IlYfAuwSd7mGxhXhR,,Both joins enabled,,,,,,,0 SF,New Construction,None,,,,,L2 TOS,7'-7",Not Defined,,0",1/2",0",,,,,Steel,Joist,15'-2 1/2",16K6,,,3ZT5EhLQn6JfRlijT8hoc2,,,,0.24 CF,0.00 lbm,Origin,0",Top,0"
B1010350,Joists - Steel,,,,23.25.30.21.14.11,,,,,1,0.00°,14'-10",,6'-3",7'-7",0",1/2",0",,,,,,115.72 lbm,,,,By Type,,Default,,K-Series Bar Joist-Angle Web,K-Series Bar Joist-Angle Web: 16K6,,,2mAF7IlYfAuwSd7mGxhXhJ,,Both joins enabled,,,,,,,0 SF,New Construction,None,,,,,L2 TOS,7'-7",Not Defined,,0",1/2",0",,,,,Steel,Joist,14'-10",16K6,,,3ZT5EhLQn6JfRlijT8hoc2,,,,0.24 CF,0.00 lbm,Origin,0",Top,0"
B1010350,Joists - Steel,,,,23.25.30.21.14.11,,,,,1,0.00°,14'-10",,6'-3",7'-7",0",1/2",0",,,,,,115.72 lbm,,,,By Type,,Default,,K-Series Bar Joist-Angle Web,K-Series Bar Joist-Angle Web: 16K6,,,2mAF7IlYfAuwSd7mGxhXhI,,Both joins enabled,,,,,,,0 SF,New Construction,None,,,,,L2 TOS,7'-7",Not Defined,,0",1/2",0",,,,,Steel,Joist,14'-10",16K6,,,3ZT5EhLQn6JfRlijT8hoc2,,,,0.24 CF,0.00 lbm,Origin,0",Top,0"
B1010350,Joists - Steel,,,,23.25.30.21.14.11,,,,,1,0.00°,14'-10",,6'-3",7'-7",0",1/2",0",,,,,,115.72 lbm,,,,By Type,,Default,,K-Series Bar Joist-Angle Web,K-Series Bar Joist-Angle Web: 16K6,,,2mAF7IlYfAuwSd7mGxhXhH,,Both joins enabled,,,,,,,0 SF,New Construction,None,,,,,L2 TOS,7'-7",Not Defined,,0",1/2",0",,,,,Steel,Joist,14'-10",16K6,,,3ZT5EhLQn6JfRlijT8hoc2,,,,0.24 CF,0.00 lbm,Origin,0",Top,0"
B1010350,Joists - Steel,,,,23.25.30.21.14.11,,,,,1,0.00°,14'-10",,6'-3",7'-7",0",1/2",0",,,,,,115.72 lbm,,,,By Type,,Default,,K-Series Bar Joist-Angle Web,K-Series Bar Joist-Angle Web: 16K6,,,2mAF7IlYfAuwSd7mGxhXhG,,Both joins enabled,,,,,,,0 SF,New Construction,None,,,,,L2 TOS,7'-7",Not Defined,,0",1/2",0",,,,,Steel,Joist,14'-10",16K6,,,3ZT5EhLQn6JfRlijT8hoc2,,,,0.24 CF,0.00 lbm,Origin,0",Top,0"
B1010350,Joists - Steel,,,,23.25.30.21.14.11,,,,,1,0.00°,14'-10",,6'-3",7'-7",0",1/2",0",,,,,,115.72 lbm,,,,By Type,,Default,,K-Series Bar Joist-Angle Web,K-Series Bar Joist-Angle Web: 16K6,,,2mAF7IlYfAuwSd7mGxhXhN,,Both joins enabled,,,,,,,0 SF,New Construction,None,,,,,L2 TOS,7'-7",Not Defined,,0",1/2",0",,,,,Steel,Joist,14'-10",16K6,,,3ZT5EhLQn6JfRlijT8hoc2,,,,0.24 CF,0.00 lbm,Origin,0",Top,0"
B1010350,Joists - Steel,,,,23.25.30.21.14.11,,,,,1,0.00°,14'-10",,6'-3",7'-7",0",1/2",0",,,,,,115.72 lbm,,,,By Type,,Default,,K-Series Bar Joist-Angle Web,K-Series Bar Joist-Angle Web: 16K6,,,2mAF7IlYfAuwSd7mGxhXhM,,Both joins enabled,,,,,,,0 SF,New Construction,None,,,,,L2 TOS,7'-7",Not Defined,,0",1/2",0",,,,,Steel,Joist,14'-10",16K6,,,3ZT5EhLQn6JfRlijT8hoc2,,,,0.24 CF,0.00 lbm,Origin,0",Top,0"
B1010350,Joists - Steel,,,,23.25.30.21.14.11,,,,,1,0.00°,14'-10",,6'-3",7'-7",0",1/2",0",,,,,,115.72 lbm,,,,By Type,,Default,,K-Series Bar Joist-Angle Web,K-Series Bar Joist-Angle Web: 16K6,,,2mAF7IlYfAuwSd7mGxhXhL,,Both joins enabled,,,,,,,0 SF,New Construction,None,,,,,L2 TOS,7'-7",Not Defined,,0",1/2",0",,,,,Steel,Joist,14'-10",16K6,,,3ZT5EhLQn6JfRlijT8hoc2,,,,0.24 CF,0.00 lbm,Origin,0",Top,0"
B10,Superstructure,,,,23.25.30.11.14.14,,,,,1,0.00°,14'-1 13/256",,6'-0 77/128",7'-7",0",0",0",,,,,,1226.82 lbm,,,,By Type,,Default,,W Shapes,W Shapes: W18x86,,,2mAF7IlYfAuwSd7mGxhcMC,,Both joins enabled,,,,,,,751 SF,New Construction,None,,,,,L2 TOS,7'-7",I-shape Parallel Flange,,0",1/2",0",,,,,Steel,Girder,15'-2 1/2",W18x86,,,1r4KDlPfX65ey959abbF2i,,,,2.50 CF,1212.80 lbm,Origin,0",Top,0"
B10,Superstructure,,,,23.25.30.11.14.14,,,,,1,0.00°,14'-4",,6'-0 115/128",7'-7",0",0",0",,,,,,802.86 lbm,,,,By Type,,Default,,W Shapes,W Shapes: W18x55,,,2mAF7IlYfAuwSd7mGxhcM3,,Both joins enabled,,,,,,,751 SF,New Construction,None,,,,,L2 TOS,7'-7",I-shape Parallel Flange,,0",1/2",0",,,,,Steel,Girder,15'-2 1/2",W18x55,,,1_y_hNQfD4N8RbeJZCV0vP,,,,1.64 CF,790.12 lbm,Origin,0",Top,0"
B10,Superstructure,,,,23.25.30.11.14.14,,,,,1,0.00°,13'-6 115/128",,6'-0 115/128",7'-7",0",1/2",0",,,,,,760.39 lbm,,,,By Type,,Default,,W Shapes,W Shapes: W18x55,,,2mAF7IlYfAuwSd7mGxhcM2,,Both joins enabled,,,,,,,755 SF,New Construction,None,,,,,L2 TOS,7'-7",I-shape Parallel Flange,,0",0",0",,,,,Steel,Girder,15'-3 1/2",W18x55,,,1_y_hNQfD4N8RbeJZCV0vP,,,,1.55 CF,748.32 lbm,Origin,0",Top,0"
B10,Superstructure,,,,23.25.30.11.14.14,,,,,1,0.00°,13'-9 45/128",,6'-0 115/128",7'-7",0",1/2",0",,,,,,771.82 lbm,,,,By Type,,Default,,W Shapes,W Shapes: W18x55,,,2mAF7IlYfAuwSd7mGxhcM1,,Both joins enabled,,,,,,,755 SF,New Construction,None,,,,,L2 TOS,7'-7",I-shape Parallel Flange,,0",0",0",,,,,Steel,Girder,15'-3 1/2",W18x55,,,1_y_hNQfD4N8RbeJZCV0vP,,,,1.58 CF,759.58 lbm,Origin,0",Top,0"
B10,Superstructure,,,,23.25.30.11.14.14,,,,,1,0.00°,5'-9 9/32",,6'-11 7/64",7'-7",0",1/2",0",,,,,,64.69 lbm,,,,By Type,,Default,,W Shapes,W Shapes: W8x10,,,2mAF7IlYfAuwSd7mGxhc4R,,Both joins enabled,,,,,,,322 SF,New Construction,None,,,,,L2 TOS,7'-7",I-shape Parallel Flange,,0",1/2",0",,,,,Steel,Joist,6'-6 1/4",W8x10,,,2GjH11r995hxaZhII5NFtk,,,,0.13 CF,58.15 lbm,Origin,0",Top,0"
B1010350,Joists - Steel,,,,23.25.30.21.14.11,,,,,1,0.00°,22'-3",,6'-3",7'-7",0",1/2",0",,,,,,183.60 lbm,,,,By Type,,Default,,K-Series Bar Joist-Angle Web,K-Series Bar Joist-Angle Web: 16K6,,,2mAF7IlYfAuwSd7mGxhc5E,,Both joins enabled,,,,,,,0 SF,New Construction,None,,,,,L2 TOS,7'-7",Not Defined,,0",1/2",0",,,,,Steel,Joist,22'-3",16K6,,,3ZT5EhLQn6JfRlijT8hoc2,,,,0.37 CF,0.00 lbm,Origin,0",Top,0"
B1010350,Joists - Steel,,,,23.25.30.21.14.11,,,,,1,0.00°,22'-3",,6'-3",7'-7",0",1/2",0",,,,,,183.60 lbm,,,,By Type,,Default,,K-Series Bar Joist-Angle Web,K-Series Bar Joist-Angle Web: 16K6,,,2mAF7IlYfAuwSd7mGxhc5C,,Both joins enabled,,,,,,,0 SF,New Construction,None,,,,,L2 TOS,7'-7",Not Defined,,0",1/2",0",,,,,Steel,Joist,22'-3",16K6,,,3ZT5EhLQn6JfRlijT8hoc2,,,,0.37 CF,0.00 lbm,Origin,0",Top,0"
B1010350,Joists - Steel,,,,23.25.30.21.14.11,,,,,1,0.00°,22'-3",,6'-3",7'-7",0",1/2",0",,,,,,183.60 lbm,,,,By Type,,Default,,K-Series Bar Joist-Angle Web,K-Series Bar Joist-Angle Web: 16K6,,,2mAF7IlYfAuwSd7mGxhc52,,Both joins enabled,,,,,,,0 SF,New Construction,None,,,,,L2 TOS,7'-7",Not Defined,,0",1/2",0",,,,,Steel,Joist,22'-3",16K6,,,3ZT5EhLQn6JfRlijT8hoc2,,,,0.37 CF,0.00 lbm,Origin,0",Top,0"
B1010350,Joists - Steel,,,,23.25.30.21.14.11,,,,,1,0.00°,22'-3",,6'-3",7'-7",0",1/2",0",,,,,,183.60 lbm,,,,By Type,,Default,,K-Series Bar Joist-Angle Web,K-Series Bar Joist-Angle Web: 16K6,,,2mAF7IlYfAuwSd7mGxhc50,,Both joins enabled,,,,,,,0 SF,New Construction,None,,,,,L2 TOS,7'-7",Not Defined,,0",1/2",0",,,,,Steel,Joist,22'-3",16K6,,,3ZT5EhLQn6JfRlijT8hoc2,,,,0.37 CF,0.00 lbm,Origin,0",Top,0"
B1010350,Joists - Steel,,,,23.25.30.21.14.11,,,,,1,0.00°,22'-3",,6'-3",7'-7",0",1/2",0",,,,,,183.60 lbm,,,,By Type,,Default,,K-Series Bar Joist-Angle Web,K-Series Bar Joist-Angle Web: 16K6,,,2mAF7IlYfAuwSd7mGxhc56,,Both joins enabled,,,,,,,0 SF,New Construction,None,,,,,L2 TOS,7'-7",Not Defined,,0",1/2",0",,,,,Steel,Joist,22'-3",16K6,,,3ZT5EhLQn6JfRlijT8hoc2,,,,0.37 CF,0.00 lbm,Origin,0",Top,0"
B1010350,Joists - Steel,,,,23.25.30.21.14.11,,,,,1,0.00°,22'-3",,6'-3",7'-7",0",1/2",0",,,,,,183.60 lbm,,,,By Type,,Default,,K-Series Bar Joist-Angle Web,K-Series Bar Joist-Angle Web: 16K6,,,2mAF7IlYfAuwSd7mGxhc54,,Both joins enabled,,,,,,,0 SF,New Construction,None,,,,,L2 TOS,7'-7",Not Defined,,0",1/2",0",,,,,Steel,Joist,22'-3",16K6,,,3ZT5EhLQn6JfRlijT8hoc2,,,,0.37 CF,0.00 lbm,Origin,0",Top,0"
B1010350,Joists - Steel,,,,23.25.30.21.14.11,,,,,1,0.00°,22'-3",,6'-3",7'-7",0",1/2",0",,,,,,183.60 lbm,,,,By Type,,Default,,K-Series Bar Joist-Angle Web,K-Series Bar Joist-Angle Web: 16K6,,,2mAF7IlYfAuwSd7mGxhc5Q,,Both joins enabled,,,,,,,0 SF,New Construction,None,,,,,L2 TOS,7'-7",Not Defined,,0",1/2",0",,,,,Steel,Joist,22'-3",16K6,,,3ZT5EhLQn6JfRlijT8hoc2,,,,0.37 CF,0.00 lbm,Origin,0",Top,0"
B1010350,Joists - Steel,,,,23.25.30.21.14.11,,,,,1,0.00°,22'-3",,6'-3",7'-7",0",1/2",0",,,,,,183.60 lbm,,,,By Type,,Default,,K-Series Bar Joist-Angle Web,K-Series Bar Joist-Angle Web: 16K6,,,2mAF7IlYfAuwSd7mGxhc5O,,Both joins enabled,,,,,,,0 SF,New Construction,None,,,,,L2 TOS,7'-7",Not Defined,,0",1/2",0",,,,,Steel,Joist,22'-3",16K6,,,3ZT5EhLQn6JfRlijT8hoc2,,,,0.37 CF,0.00 lbm,Origin,0",Top,0"
B1010350,Joists - Steel,,,,23.25.30.21.14.11,,,,,1,0.00°,13'-4",,6'-3",7'-7",0",1/2",0",,,,,,102.01 lbm,,,,By Type,,Default,,K-Series Bar Joist-Angle Web,K-Series Bar Joist-Angle Web: 16K6,,,2mAF7IlYfAuwSd7mGxhc5U,,Both joins enabled,,,,,,,0 SF,New Construction,None,,,,,L2 TOS,7'-7",Not Defined,,0",,0",,,,,Steel,Joist,13'-4",16K6,,,3ZT5EhLQn6JfRlijT8hoc2,,,,0.21 CF,0.00 lbm,Origin,0",Top,0"
B1010350,Joists - Steel,,,,23.25.30.21.14.11,,,,,1,0.00°,13'-4",,6'-3",7'-7",0",1/2",0",,,,,,102.01 lbm,,,,By Type,,Default,,K-Series Bar Joist-Angle Web,K-Series Bar Joist-Angle Web: 16K6,,,2mAF7IlYfAuwSd7mGxhc5S,,Both joins enabled,,,,,,,0 SF,New Construction,None,,,,,L2 TOS,7'-7",Not Defined,,0",,0",,,,,Steel,Joist,13'-4",16K6,,,3ZT5EhLQn6JfRlijT8hoc2,,,,0.21 CF,0.00 lbm,Origin,0",Top,0"
B1010350,Joists - Steel,,,,23.25.30.21.14.11,,,,,1,0.00°,16'-0 1/2",,6'-3",7'-7",0",,0",,,,,,127.07 lbm,,,,By Type,,Default,,K-Series Bar Joist-Angle Web,K-Series Bar Joist-Angle Web: 16K6,,,2mAF7IlYfAuwSd7mGxhc1l,,Both joins enabled,,,,,,,0 SF,New Construction,None,,,,,L2 TOS,7'-7",Not Defined,,0",1/2",0",,,,,Steel,Joist,16'-0 1/2",16K6,,,3ZT5EhLQn6JfRlijT8hoc2,,,,0.26 CF,0.00 lbm,Origin,0",Top,0"
B1010350,Joists - Steel,,,,23.25.30.21.14.11,,,,,1,0.00°,16'-0 1/2",,6'-3",7'-7",0",,0",,,,,,127.07 lbm,,,,By Type,,Default,,K-Series Bar Joist-Angle Web,K-Series Bar Joist-Angle Web: 16K6,,,2mAF7IlYfAuwSd7mGxhc1k,,Both joins enabled,,,,,,,0 SF,New Construction,None,,,,,L2 TOS,7'-7",Not Defined,,0",1/2",0",,,,,Steel,Joist,16'-0 1/2",16K6,,,3ZT5EhLQn6JfRlijT8hoc2,,,,0.26 CF,0.00 lbm,Origin,0",Top,0"
B1010350,Joists - Steel,,,,23.25.30.21.14.11,,,,,1,0.00°,16'-0 1/2",,6'-3",7'-7",0",,0",,,,,,127.07 lbm,,,,By Type,,Default,,K-Series Bar Joist-Angle Web,K-Series Bar Joist-Angle Web: 16K6,,,2mAF7IlYfAuwSd7mGxhc1j,,Both joins enabled,,,,,,,0 SF,New Construction,None,,,,,L2 TOS,7'-7",Not Defined,,0",1/2",0",,,,,Steel,Joist,16'-0 1/2",16K6,,,3ZT5EhLQn6JfRlijT8hoc2,,,,0.26 CF,0.00 lbm,Origin,0",Top,0"
B1010350,Joists - Steel,,,,23.25.30.21.14.11,,,,,1,0.00°,16'-8 1/2",,6'-3",7'-7",0",1/2",0",,,,,,132.46 lbm,,,,By Type,,Default,,K-Series Bar Joist-Angle Web,K-Series Bar Joist-Angle Web: 16K6,,,2mAF7IlYfAuwSd7mGxhc1i,,Both joins enabled,,,,,,,0 SF,New Construction,None,,,,,L2 TOS,7'-7",Not Defined,,0",1/2",0",,,,,Steel,Joist,16'-8 1/2",16K6,,,3ZT5EhLQn6JfRlijT8hoc2,,,,0.27 CF,0.00 lbm,Origin,0",Top,0"
B1010350,Joists - Steel,,,,23.25.30.21.14.11,,,,,1,0.00°,16'-8 1/2",,6'-3",7'-7",0",1/2",0",,,,,,132.46 lbm,,,,By Type,,Default,,K-Series Bar Joist-Angle Web,K-Series Bar Joist-Angle Web: 16K6,,,2mAF7IlYfAuwSd7mGxhc1Z,,Both joins enabled,,,,,,,0 SF,New Construction,None,,,,,L2 TOS,7'-7",Not Defined,,0",1/2",0",,,,,Steel,Joist,16'-8 1/2",16K6,,,3ZT5EhLQn6JfRlijT8hoc2,,,,0.27 CF,0.00 lbm,Origin,0",Top,0"
B1010350,Joists - Steel,,,,23.25.30.21.14.11,,,,,1,0.00°,16'-8 1/2",,6'-3",7'-7",0",1/2",0",,,,,,132.46 lbm,,,,By Type,,Default,,K-Series Bar Joist-Angle Web,K-Series Bar Joist-Angle Web: 16K6,,,2mAF7IlYfAuwSd7mGxhc1Y,,Both joins enabled,,,,,,,0 SF,New Construction,None,,,,,L2 TOS,7'-7",Not Defined,,0",1/2",0",,,,,Steel,Joist,16'-8 1/2",16K6,,,3ZT5EhLQn6JfRlijT8hoc2,,,,0.27 CF,0.00 lbm,Origin,0",Top,0"
B1010350,Joists - Steel,,,,23.25.30.21.14.11,,,,,1,0.00°,16'-8 1/2",,6'-3",7'-7",0",1/2",0",,,,,,132.46 lbm,,,,By Type,,Default,,K-Series Bar Joist-Angle Web,K-Series Bar Joist-Angle Web: 16K6,,,2mAF7IlYfAuwSd7mGxhc1X,,Both joins enabled,,,,,,,0 SF,New Construction,None,,,,,L2 TOS,7'-7",Not Defined,,0",1/2",0",,,,,Steel,Joist,16'-8 1/2",16K6,,,3ZT5EhLQn6JfRlijT8hoc2,,,,0.27 CF,0.00 lbm,Origin,0",Top,0"
B1010350,Joists - Steel,,,,23.25.30.21.14.11,,,,,1,0.00°,16'-8 1/2",,6'-3",7'-7",0",1/2",0",,,,,,132.46 lbm,,,,By Type,,Default,,K-Series Bar Joist-Angle Web,K-Series Bar Joist-Angle Web: 16K6,,,2mAF7IlYfAuwSd7mGxhc1W,,Both joins enabled,,,,,,,0 SF,New Construction,None,,,,,L2 TOS,7'-7",Not Defined,,0",1/2",0",,,,,Steel,Joist,16'-8 1/2",16K6,,,3ZT5EhLQn6JfRlijT8hoc2,,,,0.27 CF,0.00 lbm,Origin,0",Top,0"
B1010350,Joists - Steel,,,,23.25.30.21.14.11,,,,,1,0.00°,16'-8 1/2",,6'-3",7'-7",0",1/2",0",,,,,,132.46 lbm,,,,By Type,,Default,,K-Series Bar Joist-Angle Web,K-Series Bar Joist-Angle Web: 16K6,,,2mAF7IlYfAuwSd7mGxhc1d,,Both joins enabled,,,,,,,0 SF,New Construction,None,,,,,L2 TOS,7'-7",Not Defined,,0",1/2",0",,,,,Steel,Joist,16'-8 1/2",16K6,,,3ZT5EhLQn6JfRlijT8hoc2,,,,0.27 CF,0.00 lbm,Origin,0",Top,0"
B1010350,Joists - Steel,,,,23.25.30.21.14.11,,,,,1,0.00°,16'-8 1/2",,6'-3",7'-7",0",1/2",0",,,,,,132.46 lbm,,,,By Type,,Default,,K-Series Bar Joist-Angle Web,K-Series Bar Joist-Angle Web: 16K6,,,2mAF7IlYfAuwSd7mGxhc1c,,Both joins enabled,,,,,,,0 SF,New Construction,None,,,,,L2 TOS,7'-7",Not Defined,,0",1/2",0",,,,,Steel,Joist,16'-8 1/2",16K6,,,3ZT5EhLQn6JfRlijT8hoc2,,,,0.27 CF,0.00 lbm,Origin,0",Top,0"
B1010350,Joists - Steel,,,,23.25.30.21.14.11,,,,,1,0.00°,16'-8 1/2",,6'-3",7'-7",0",1/2",0",,,,,,132.46 lbm,,,,By Type,,Default,,K-Series Bar Joist-Angle Web,K-Series Bar Joist-Angle Web: 16K6,,,2mAF7IlYfAuwSd7mGxhc1b,,Both joins enabled,,,,,,,0 SF,New Construction,None,,,,,L2 TOS,7'-7",Not Defined,,0",1/2",0",,,,,Steel,Joist,16'-8 1/2",16K6,,,3ZT5EhLQn6JfRlijT8hoc2,,,,0.27 CF,0.00 lbm,Origin,0",Top,0"
B1010350,Joists - Steel,,,,23.25.30.21.14.11,,,,,1,0.00°,16'-3 1/2",,6'-3",7'-7",0",,0",,,,,,129.09 lbm,,,,By Type,,Default,,K-Series Bar Joist-Angle Web,K-Series Bar Joist-Angle Web: 16K6,,,2mAF7IlYfAuwSd7mGxhc1a,,Both joins enabled,,,,,,,0 SF,New Construction,None,,,,,L2 TOS,7'-7",Not Defined,,0",1/2",0",,,,,Steel,Joist,16'-3 1/2",16K6,,,3ZT5EhLQn6JfRlijT8hoc2,,,,0.26 CF,0.00 lbm,Origin,0",Top,0"
B1010350,Joists - Steel,,,,23.25.30.21.14.11,,,,,1,0.00°,16'-3 1/2",,6'-3",7'-7",0",,0",,,,,,129.09 lbm,,,,By Type,,Default,,K-Series Bar Joist-Angle Web,K-Series Bar Joist-Angle Web: 16K6,,,2mAF7IlYfAuwSd7mGxhc1x,,Both joins enabled,,,,,,,0 SF,New Construction,None,,,,,L2 TOS,7'-7",Not Defined,,0",1/2",0",,,,,Steel,Joist,16'-3 1/2",16K6,,,3ZT5EhLQn6JfRlijT8hoc2,,,,0.26 CF,0.00 lbm,Origin,0",Top,0"
B1010350,Joists - Steel,,,,23.25.30.21.14.11,,,,,1,0.00°,16'-8 1/2",,6'-3",7'-7",0",1/2",0",,,,,,132.46 lbm,,,,By Type,,Default,,K-Series Bar Joist-Angle Web,K-Series Bar Joist-Angle Web: 16K6,,,2mAF7IlYfAuwSd7mGxhc1w,,Both joins enabled,,,,,,,0 SF,New Construction,None,,,,,L2 TOS,7'-7",Not Defined,,0",1/2",0",,,,,Steel,Joist,16'-8 1/2",16K6,,,3ZT5EhLQn6JfRlijT8hoc2,,,,0.27 CF,0.00 lbm,Origin,0",Top,0"
B1010350,Joists - Steel,,,,23.25.30.21.14.11,,,,,1,0.00°,16'-8 1/2",,6'-3",7'-7",0",1/2",0",,,,,,132.46 lbm,,,,By Type,,Default,,K-Series Bar Joist-Angle Web,K-Series Bar Joist-Angle Web: 16K6,,,2mAF7IlYfAuwSd7mGxhc1v,,Both joins enabled,,,,,,,0 SF,New Construction,None,,,,,L2 TOS,7'-7",Not Defined,,0",1/2",0",,,,,Steel,Joist,16'-8 1/2",16K6,,,3ZT5EhLQn6JfRlijT8hoc2,,,,0.27 CF,0.00 lbm,Origin,0",Top,0"
B1010350,Joists - Steel,,,,23.25.30.21.14.11,,,,,1,0.00°,16'-8 1/2",,6'-3",7'-7",0",1/2",0",,,,,,132.46 lbm,,,,By Type,,Default,,K-Series Bar Joist-Angle Web,K-Series Bar Joist-Angle Web: 16K6,,,2mAF7IlYfAuwSd7mGxhc1u,,Both joins enabled,,,,,,,0 SF,New Construction,None,,,,,L2 TOS,7'-7",Not Defined,,0",1/2",0",,,,,Steel,Joist,16'-8 1/2",16K6,,,3ZT5EhLQn6JfRlijT8hoc2,,,,0.27 CF,0.00 lbm,Origin,0",Top,0"
B1010350,Joists - Steel,,,,23.25.30.21.14.11,,,,,1,0.00°,16'-8 1/2",,6'-3",7'-7",0",1/2",0",,,,,,132.46 lbm,,,,By Type,,Default,,K-Series Bar Joist-Angle Web,K-Series Bar Joist-Angle Web: 16K6,,,2mAF7IlYfAuwSd7mGxhc1$,,Both joins enabled,,,,,,,0 SF,New Construction,None,,,,,L2 TOS,7'-7",Not Defined,,0",1/2",0",,,,,Steel,Joist,16'-8 1/2",16K6,,,3ZT5EhLQn6JfRlijT8hoc2,,,,0.27 CF,0.00 lbm,Origin,0",Top,0"
B1010350,Joists - Steel,,,,23.25.30.21.14.11,,,,,1,0.00°,16'-8 1/2",,6'-3",7'-7",0",1/2",0",,,,,,132.46 lbm,,,,By Type,,Default,,K-Series Bar Joist-Angle Web,K-Series Bar Joist-Angle Web: 16K6,,,2mAF7IlYfAuwSd7mGxhc1_,,Both joins enabled,,,,,,,0 SF,New Construction,None,,,,,L2 TOS,7'-7",Not Defined,,0",1/2",0",,,,,Steel,Joist,16'-8 1/2",16K6,,,3ZT5EhLQn6JfRlijT8hoc2,,,,0.27 CF,0.00 lbm,Origin,0",Top,0"
B1010350,Joists - Steel,,,,23.25.30.21.14.11,,,,,1,0.00°,16'-8 1/2",,6'-3",7'-7",0",1/2",0",,,,,,132.46 lbm,,,,By Type,,Default,,K-Series Bar Joist-Angle Web,K-Series Bar Joist-Angle Web: 16K6,,,2mAF7IlYfAuwSd7mGxhc1z,,Both joins enabled,,,,,,,0 SF,New Construction,None,,,,,L2 TOS,7'-7",Not Defined,,0",1/2",0",,,,,Steel,Joist,16'-8 1/2",16K6,,,3ZT5EhLQn6JfRlijT8hoc2,,,,0.27 CF,0.00 lbm,Origin,0",Top,0"
B1010350,Joists - Steel,,,,23.25.30.21.14.11,,,,,1,0.00°,16'-8 1/2",,6'-3",7'-7",0",1/2",0",,,,,,132.46 lbm,,,,By Type,,Default,,K-Series Bar Joist-Angle Web,K-Series Bar Joist-Angle Web: 16K6,,,2mAF7IlYfAuwSd7mGxhc1y,,Both joins enabled,,,,,,,0 SF,New Construction,None,,,,,L2 TOS,7'-7",Not Defined,,0",1/2",0",,,,,Steel,Joist,16'-8 1/2",16K6,,,3ZT5EhLQn6JfRlijT8hoc2,,,,0.27 CF,0.00 lbm,Origin,0",Top,0"
B1010350,Joists - Steel,,,,23.25.30.21.14.11,,,,,1,0.00°,16'-8 1/2",,6'-3",7'-7",0",1/2",0",,,,,,132.46 lbm,,,,By Type,,Default,,K-Series Bar Joist-Angle Web,K-Series Bar Joist-Angle Web: 16K6,,,2mAF7IlYfAuwSd7mGxhc1p,,Both joins enabled,,,,,,,0 SF,New Construction,None,,,,,L2 TOS,7'-7",Not Defined,,0",1/2",0",,,,,Steel,Joist,16'-8 1/2",16K6,,,3ZT5EhLQn6JfRlijT8hoc2,,,,0.27 CF,0.00 lbm,Origin,0",Top,0"
B1010350,Joists - Steel,,,,23.25.30.21.14.11,,,,,1,0.00°,16'-8 1/2",,6'-3",7'-7",0",1/2",0",,,,,,132.46 lbm,,,,By Type,,Default,,K-Series Bar Joist-Angle Web,K-Series Bar Joist-Angle Web: 16K6,,,2mAF7IlYfAuwSd7mGxhc1o,,Both joins enabled,,,,,,,0 SF,New Construction,None,,,,,L2 TOS,7'-7",Not Defined,,0",1/2",0",,,,,Steel,Joist,16'-8 1/2",16K6,,,3ZT5EhLQn6JfRlijT8hoc2,,,,0.27 CF,0.00 lbm,Origin,0",Top,0"
B10,Superstructure,,,,23.25.30.11.14.14,,,,,1,0.00°,14'-4",,41'-1 115/128",42'-8",0",0",0",,,,,,802.86 lbm,,,,By Type,,Default,,W Shapes,W Shapes: W18x55,,,0t1FDzre58XBoThdviQO_o,,Both joins enabled,,,,,,,751 SF,New Construction,None,,,,,L5 TOS,45'-0",I-shape Parallel Flange,,0",1/2",0",,,,,Steel,Girder,15'-2 1/2",W18x55,,,1_y_hNQfD4N8RbeJZCV0vP,,,,1.64 CF,790.12 lbm,Origin,0",Top,-2'-4"
B10,Superstructure,,,,23.25.30.11.14.14,,,,,1,0.00°,14'-4",,41'-1 115/128",42'-8",0",0",0",,,,,,802.86 lbm,,,,By Type,,Default,,W Shapes,W Shapes: W18x55,,,0t1FDzre58XBoThdviQO_r,,Both joins enabled,,,,,,,751 SF,New Construction,None,,,,,L5 TOS,45'-0",I-shape Parallel Flange,,0",1/2",0",,,,,Steel,Girder,15'-2 1/2",W18x55,,,1_y_hNQfD4N8RbeJZCV0vP,,,,1.64 CF,790.12 lbm,Origin,0",Top,-2'-4"
B10,Superstructure,,,,23.25.30.11.14.14,,,,,1,0.00°,22'-11 1/2",,41'-1 115/128",42'-8",0",0",0",,,,,,1286.43 lbm,,,,By Type,,Default,,W Shapes,W Shapes: W18x55,,,0t1FDzre58XBoThdviQO$t,,Both joins enabled,,,,,,,1,177 SF,New Construction,None,,,,,L5 TOS,45'-0",I-shape Parallel Flange,,0",1/2",0",,,,,Steel,Girder,23'-10",W18x55,,,1_y_hNQfD4N8RbeJZCV0vP,,,,2.63 CF,1265.58 lbm,Origin,0",Top,-2'-4"
B10,Superstructure,,,,23.25.30.11.14.14,,,,,1,0.00°,22'-11",,41'-1 115/128",42'-8",0",1/2",0",,,,,,1284.10 lbm,,,,By Type,,Default,,W Shapes,W Shapes: W18x55,,,0t1FDzre58XBoThdviQOy0,,Both joins enabled,,,,,,,1,177 SF,New Construction,None,,,,,L5 TOS,45'-0",I-shape Parallel Flange,,0",1/2",0",,,,,Steel,Girder,23'-10",W18x55,,,1_y_hNQfD4N8RbeJZCV0vP,,,,2.62 CF,1263.28 lbm,Origin,0",Top,-2'-4"
B10,Superstructure,,,,23.25.30.11.14.14,,,,,1,0.00°,14'-5 31/32",,41'-7 25/32",42'-8",0",1/2",0",,,,,,392.88 lbm,,,,By Type,,Default,,W Shapes,W Shapes: W14X30,,,0t1FDzre58XBoThdviQOzi,,Both joins enabled,,,,,,,68 SF,New Construction,None,,,,,L5 TOS,45'-0",I-shape Parallel Flange,,0",1/2",0",,,,,Steel,Joist,15'-2 1/2",W14X30,,,0KlFU7lovDsB3F7ixU5fcW,,,,0.80 CF,355.19 lbm,Origin,0",Top,-2'-4"
B10,Superstructure,,,,23.25.30.11.14.14,,,,,1,0.00°,14'-5 31/32",,41'-7 25/32",42'-8",0",1/2",0",,,,,,392.88 lbm,,,,By Type,,Default,,W Shapes,W Shapes: W14X30,,,0t1FDzre58XBoThdviQOzl,,Both joins enabled,,,,,,,68 SF,New Construction,None,,,,,L5 TOS,45'-0",I-shape Parallel Flange,,0",1/2",0",,,,,Steel,Joist,15'-2 1/2",W14X30,,,0KlFU7lovDsB3F7ixU5fcW,,,,0.80 CF,355.19 lbm,Origin,0",Top,-2'-4"
B10,Superstructure,,,,23.25.30.11.14.14,,,,,1,0.00°,14'-5 31/32",,41'-7 25/32",42'-8",0",1/2",0",,,,,,392.88 lbm,,,,By Type,,Default,,W Shapes,W Shapes: W14X30,,,0t1FDzre58XBoThdviQOzk,,Both joins enabled,,,,,,,68 SF,New Construction,None,,,,,L5 TOS,45'-0",I-shape Parallel Flange,,0",1/2",0",,,,,Steel,Joist,15'-2 1/2",W14X30,,,0KlFU7lovDsB3F7ixU5fcW,,,,0.80 CF,355.19 lbm,Origin,0",Top,-2'-4"
B10,Superstructure,,,,23.25.30.11.14.14,,,,,1,0.00°,14'-5 31/32",,41'-7 25/32",42'-8",0",1/2",0",,,,,,392.88 lbm,,,,By Type,,Default,,W Shapes,W Shapes: W14X30,,,0t1FDzre58XBoThdviQOzX,,Both joins enabled,,,,,,,68 SF,New Construction,None,,,,,L5 TOS,45'-0",I-shape Parallel Flange,,0",1/2",0",,,,,Steel,Joist,15'-2 1/2",W14X30,,,0KlFU7lovDsB3F7ixU5fcW,,,,0.80 CF,355.19 lbm,Origin,0",Top,-2'-4"
B10,Superstructure,,,,23.25.30.11.14.14,,,,,1,0.00°,14'-5 31/32",,41'-7 25/32",42'-8",0",1/2",0",,,,,,392.88 lbm,,,,By Type,,Default,,W Shapes,W Shapes: W14X30,,,0t1FDzre58XBoThdviQOzW,,Both joins enabled,,,,,,,68 SF,New Construction,None,,,,,L5 TOS,45'-0",I-shape Parallel Flange,,0",1/2",0",,,,,Steel,Joist,15'-2 1/2",W14X30,,,0KlFU7lovDsB3F7ixU5fcW,,,,0.80 CF,355.19 lbm,Origin,0",Top,-2'-4"
B1010350,Joists - Steel,,,,23.25.30.21.14.11,,,,,1,0.00°,16'-8 1/2",,17'-0",18'-4",0",1/2",0",,,,,,132.46 lbm,,,,By Type,,Default,,K-Series Bar Joist-Angle Web,K-Series Bar Joist-Angle Web: 16K6,,,1FnIJeIrzAu9d9tVp8PhDx,,Both joins enabled,,,,,,,0 SF,New Construction,None,,,,,L3 TOS,18'-4",Not Defined,,0",1/2",0",,,,,Steel,Joist,16'-8 1/2",16K6,,,3ZT5EhLQn6JfRlijT8hoc2,,,,0.27 CF,0.00 lbm,Origin,0",Top,0"
B1010350,Joists - Steel,,,,23.25.30.21.14.11,,,,,1,0.00°,16'-8 1/2",,17'-0",18'-4",0",1/2",0",,,,,,132.46 lbm,,,,By Type,,Default,,K-Series Bar Joist-Angle Web,K-Series Bar Joist-Angle Web: 16K6,,,1FnIJeIrzAu9d9tVp8PhDw,,Both joins enabled,,,,,,,0 SF,New Construction,None,,,,,L3 TOS,18'-4",Not Defined,,0",1/2",0",,,,,Steel,Joist,16'-8 1/2",16K6,,,3ZT5EhLQn6JfRlijT8hoc2,,,,0.27 CF,0.00 lbm,Origin,0",Top,0"
B1010350,Joists - Steel,,,,23.25.30.21.14.11,,,,,1,0.00°,16'-8 1/2",,17'-0",18'-4",0",1/2",0",,,,,,132.46 lbm,,,,By Type,,Default,,K-Series Bar Joist-Angle Web,K-Series Bar Joist-Angle Web: 16K6,,,1FnIJeIrzAu9d9tVp8PhDv,,Both joins enabled,,,,,,,0 SF,New Construction,None,,,,,L3 TOS,18'-4",Not Defined,,0",1/2",0",,,,,Steel,Joist,16'-8 1/2",16K6,,,3ZT5EhLQn6JfRlijT8hoc2,,,,0.27 CF,0.00 lbm,Origin,0",Top,0"
B1010350,Joists - Steel,,,,23.25.30.21.14.11,,,,,1,0.00°,16'-8 1/2",,17'-0",18'-4",0",1/2",0",,,,,,132.46 lbm,,,,By Type,,Default,,K-Series Bar Joist-Angle Web,K-Series Bar Joist-Angle Web: 16K6,,,1FnIJeIrzAu9d9tVp8PhDu,,Both joins enabled,,,,,,,0 SF,New Construction,None,,,,,L3 TOS,18'-4",Not Defined,,0",1/2",0",,,,,Steel,Joist,16'-8 1/2",16K6,,,3ZT5EhLQn6JfRlijT8hoc2,,,,0.27 CF,0.00 lbm,Origin,0",Top,0"
B1010350,Joists - Steel,,,,23.25.30.21.14.11,,,,,1,0.00°,16'-3",,17'-0",18'-4",0",,0",,,,,,128.76 lbm,,,,By Type,,Default,,K-Series Bar Joist-Angle Web,K-Series Bar Joist-Angle Web: 16K6,,,1FnIJeIrzAu9d9tVp8PhD$,,Both joins enabled,,,,,,,0 SF,New Construction,None,,,,,L3 TOS,18'-4",Not Defined,,0",1/2",0",,,,,Steel,Joist,16'-3",16K6,,,3ZT5EhLQn6JfRlijT8hoc2,,,,0.26 CF,0.00 lbm,Origin,0",Top,0"
B1010350,Joists - Steel,,,,23.25.30.21.14.11,,,,,1,0.00°,16'-3",,17'-0",18'-4",0",,0",,,,,,128.76 lbm,,,,By Type,,Default,,K-Series Bar Joist-Angle Web,K-Series Bar Joist-Angle Web: 16K6,,,1FnIJeIrzAu9d9tVp8PhD_,,Both joins enabled,,,,,,,0 SF,New Construction,None,,,,,L3 TOS,18'-4",Not Defined,,0",1/2",0",,,,,Steel,Joist,16'-3",16K6,,,3ZT5EhLQn6JfRlijT8hoc2,,,,0.26 CF,0.00 lbm,Origin,0",Top,0"
B1010350,Joists - Steel,,,,23.25.30.21.14.11,,,,,1,0.00°,16'-8 1/2",,17'-0",18'-4",0",1/2",0",,,,,,132.46 lbm,,,,By Type,,Default,,K-Series Bar Joist-Angle Web,K-Series Bar Joist-Angle Web: 16K6,,,1FnIJeIrzAu9d9tVp8PhDz,,Both joins enabled,,,,,,,0 SF,New Construction,None,,,,,L3 TOS,18'-4",Not Defined,,0",1/2",0",,,,,Steel,Joist,16'-8 1/2",16K6,,,3ZT5EhLQn6JfRlijT8hoc2,,,,0.27 CF,0.00 lbm,Origin,0",Top,0"
B1010350,Joists - Steel,,,,23.25.30.21.14.11,,,,,1,0.00°,16'-8 1/2",,17'-0",18'-4",0",1/2",0",,,,,,132.46 lbm,,,,By Type,,Default,,K-Series Bar Joist-Angle Web,K-Series Bar Joist-Angle Web: 16K6,,,1FnIJeIrzAu9d9tVp8PhDy,,Both joins enabled,,,,,,,0 SF,New Construction,None,,,,,L3 TOS,18'-4",Not Defined,,0",1/2",0",,,,,Steel,Joist,16'-8 1/2",16K6,,,3ZT5EhLQn6JfRlijT8hoc2,,,,0.27 CF,0.00 lbm,Origin,0",Top,0"
B1010350,Joists - Steel,,,,23.25.30.21.14.11,,,,,1,0.00°,16'-8 1/2",,17'-0",18'-4",0",1/2",0",,,,,,132.46 lbm,,,,By Type,,Default,,K-Series Bar Joist-Angle Web,K-Series Bar Joist-Angle Web: 16K6,,,1FnIJeIrzAu9d9tVp8PhDZ,,Both joins enabled,,,,,,,0 SF,New Construction,None,,,,,L3 TOS,18'-4",Not Defined,,0",1/2",0",,,,,Steel,Joist,16'-8 1/2",16K6,,,3ZT5EhLQn6JfRlijT8hoc2,,,,0.27 CF,0.00 lbm,Origin,0",Top,0"
B1010350,Joists - Steel,,,,23.25.30.21.14.11,,,,,1,0.00°,16'-8 1/2",,17'-0",18'-4",0",1/2",0",,,,,,132.46 lbm,,,,By Type,,Default,,K-Series Bar Joist-Angle Web,K-Series Bar Joist-Angle Web: 16K6,,,1FnIJeIrzAu9d9tVp8PhDY,,Both joins enabled,,,,,,,0 SF,New Construction,None,,,,,L3 TOS,18'-4",Not Defined,,0",1/2",0",,,,,Steel,Joist,16'-8 1/2",16K6,,,3ZT5EhLQn6JfRlijT8hoc2,,,,0.27 CF,0.00 lbm,Origin,0",Top,0"
B1010350,Joists - Steel,,,,23.25.30.21.14.11,,,,,1,0.00°,16'-8 1/2",,17'-0",18'-4",0",1/2",0",,,,,,132.46 lbm,,,,By Type,,Default,,K-Series Bar Joist-Angle Web,K-Series Bar Joist-Angle Web: 16K6,,,1FnIJeIrzAu9d9tVp8PhDX,,Both joins enabled,,,,,,,0 SF,New Construction,None,,,,,L3 TOS,18'-4",Not Defined,,0",1/2",0",,,,,Steel,Joist,16'-8 1/2",16K6,,,3ZT5EhLQn6JfRlijT8hoc2,,,,0.27 CF,0.00 lbm,Origin,0",Top,0"
B1010350,Joists - Steel,,,,23.25.30.21.14.11,,,,,1,0.00°,16'-8 1/2",,17'-0",18'-4",0",1/2",0",,,,,,132.46 lbm,,,,By Type,,Default,,K-Series Bar Joist-Angle Web,K-Series Bar Joist-Angle Web: 16K6,,,1FnIJeIrzAu9d9tVp8PhDW,,Both joins enabled,,,,,,,0 SF,New Construction,None,,,,,L3 TOS,18'-4",Not Defined,,0",1/2",0",,,,,Steel,Joist,16'-8 1/2",16K6,,,3ZT5EhLQn6JfRlijT8hoc2,,,,0.27 CF,0.00 lbm,Origin,0",Top,0"
B1010350,Joists - Steel,,,,23.25.30.21.14.11,,,,,1,0.00°,16'-8 1/2",,17'-0",18'-4",0",1/2",0",,,,,,132.46 lbm,,,,By Type,,Default,,K-Series Bar Joist-Angle Web,K-Series Bar Joist-Angle Web: 16K6,,,1FnIJeIrzAu9d9tVp8PhDd,,Both joins enabled,,,,,,,0 SF,New Construction,None,,,,,L3 TOS,18'-4",Not Defined,,0",1/2",0",,,,,Steel,Joist,16'-8 1/2",16K6,,,3ZT5EhLQn6JfRlijT8hoc2,,,,0.27 CF,0.00 lbm,Origin,0",Top,0"
B1010350,Joists - Steel,,,,23.25.30.21.14.11,,,,,1,0.00°,16'-8 1/2",,17'-0",18'-4",0",1/2",0",,,,,,132.46 lbm,,,,By Type,,Default,,K-Series Bar Joist-Angle Web,K-Series Bar Joist-Angle Web: 16K6,,,1FnIJeIrzAu9d9tVp8PhDc,,Both joins enabled,,,,,,,0 SF,New Construction,None,,,,,L3 TOS,18'-4",Not Defined,,0",1/2",0",,,,,Steel,Joist,16'-8 1/2",16K6,,,3ZT5EhLQn6JfRlijT8hoc2,,,,0.27 CF,0.00 lbm,Origin,0",Top,0"
B1010350,Joists - Steel,,,,23.25.30.21.14.11,,,,,1,0.00°,16'-8 1/2",,17'-0",18'-4",0",1/2",0",,,,,,132.46 lbm,,,,By Type,,Default,,K-Series Bar Joist-Angle Web,K-Series Bar Joist-Angle Web: 16K6,,,1FnIJeIrzAu9d9tVp8PhDb,,Both joins enabled,,,,,,,0 SF,New Construction,None,,,,,L3 TOS,18'-4",Not Defined,,0",1/2",0",,,,,Steel,Joist,16'-8 1/2",16K6,,,3ZT5EhLQn6JfRlijT8hoc2,,,,0.27 CF,0.00 lbm,Origin,0",Top,0"
B1010350,Joists - Steel,,,,23.25.30.21.14.11,,,,,1,0.00°,16'-8 1/2",,17'-0",18'-4",0",1/2",0",,,,,,132.46 lbm,,,,By Type,,Default,,K-Series Bar Joist-Angle Web,K-Series Bar Joist-Angle Web: 16K6,,,1FnIJeIrzAu9d9tVp8PhDa,,Both joins enabled,,,,,,,0 SF,New Construction,None,,,,,L3 TOS,18'-4",Not Defined,,0",1/2",0",,,,,Steel,Joist,16'-8 1/2",16K6,,,3ZT5EhLQn6JfRlijT8hoc2,,,,0.27 CF,0.00 lbm,Origin,0",Top,0"
B1010350,Joists - Steel,,,,23.25.30.21.14.11,,,,,1,0.00°,16'-3 1/2",,17'-0",18'-4",0",1/2",0",,,,,,129.09 lbm,,,,By Type,,Default,,K-Series Bar Joist-Angle Web,K-Series Bar Joist-Angle Web: 16K6,,,1FnIJeIrzAu9d9tVp8PhDh,,Both joins enabled,,,,,,,0 SF,New Construction,None,,,,,L3 TOS,18'-4",Not Defined,,0",,0",,,,,Steel,Joist,16'-3 1/2",16K6,,,3ZT5EhLQn6JfRlijT8hoc2,,,,0.26 CF,0.00 lbm,Origin,0",Top,0"
B1010350,Joists - Steel,,,,23.25.30.21.14.11,,,,,1,0.00°,16'-3 1/2",,17'-0",18'-4",0",1/2",0",,,,,,129.09 lbm,,,,By Type,,Default,,K-Series Bar Joist-Angle Web,K-Series Bar Joist-Angle Web: 16K6,,,1FnIJeIrzAu9d9tVp8PhDg,,Both joins enabled,,,,,,,0 SF,New Construction,None,,,,,L3 TOS,18'-4",Not Defined,,0",,0",,,,,Steel,Joist,16'-3 1/2",16K6,,,3ZT5EhLQn6JfRlijT8hoc2,,,,0.26 CF,0.00 lbm,Origin,0",Top,0"
B1010350,Joists - Steel,,,,23.25.30.21.14.11,,,,,1,0.00°,16'-8 1/2",,17'-0",18'-4",0",1/2",0",,,,,,132.46 lbm,,,,By Type,,Default,,K-Series Bar Joist-Angle Web,K-Series Bar Joist-Angle Web: 16K6,,,1FnIJeIrzAu9d9tVp8PhDf,,Both joins enabled,,,,,,,0 SF,New Construction,None,,,,,L3 TOS,18'-4",Not Defined,,0",1/2",0",,,,,Steel,Joist,16'-8 1/2",16K6,,,3ZT5EhLQn6JfRlijT8hoc2,,,,0.27 CF,0.00 lbm,Origin,0",Top,0"
B1010350,Joists - Steel,,,,23.25.30.21.14.11,,,,,1,0.00°,16'-8 1/2",,17'-0",18'-4",0",1/2",0",,,,,,132.46 lbm,,,,By Type,,Default,,K-Series Bar Joist-Angle Web,K-Series Bar Joist-Angle Web: 16K6,,,1FnIJeIrzAu9d9tVp8PhDe,,Both joins enabled,,,,,,,0 SF,New Construction,None,,,,,L3 TOS,18'-4",Not Defined,,0",1/2",0",,,,,Steel,Joist,16'-8 1/2",16K6,,,3ZT5EhLQn6JfRlijT8hoc2,,,,0.27 CF,0.00 lbm,Origin,0",Top,0"
B1010350,Joists - Steel,,,,23.25.30.21.14.11,,,,,1,0.00°,16'-8 1/2",,17'-0",18'-4",0",1/2",0",,,,,,132.46 lbm,,,,By Type,,Default,,K-Series Bar Joist-Angle Web,K-Series Bar Joist-Angle Web: 16K6,,,1FnIJeIrzAu9d9tVp8PhDl,,Both joins enabled,,,,,,,0 SF,New Construction,None,,,,,L3 TOS,18'-4",Not Defined,,0",1/2",0",,,,,Steel,Joist,16'-8 1/2",16K6,,,3ZT5EhLQn6JfRlijT8hoc2,,,,0.27 CF,0.00 lbm,Origin,0",Top,0"
B10,Superstructure,,,,23.25.30.11.14.14,,,,,1,0.00°,4'-8 185/256",,57'-3 205/256",58'-4",0",1/2",0",,,,,,122.90 lbm,,,,By Type,,Default,,W Shapes,W Shapes: W12X26,,,1FnIJeIrzAu9d9tVp8PhSy,,Both joins enabled,,,,,,,22 SF,New Construction,None,,,,,R2 TOS,58'-4",I-shape Parallel Flange,,0",0",0",,,,,Steel,Girder,5'-4 17/64",W12X26,,,3s7FV_Vjn0EQQBzZuxFow2,,,,0.25 CF,123.05 lbm,Origin,0",Top,0"
B1010350,Joists - Steel,,,,23.25.30.21.14.11,,,,,1,0.00°,16'-1 1/2",,56'-8",58'-4",0",,0",,,,,,122.23 lbm,,,,By Type,,Default,,K-Series Bar Joist-Angle Web,K-Series Bar Joist-Angle Web: 20K6,,,2_g79w5j92kOU1shP_wJDE,,Both joins enabled,,,,,,,0 SF,New Construction,None,,,,,R2 TOS,58'-4",Not Defined,,0",1/2",0",,,,,Steel,Joist,16'-1 1/2",20K6,,,0lyEh4MQj5dfRBgL_Q5RLE,,,,0.25 CF,0.00 lbm,Origin,0",Top,0"
B1010350,Joists - Steel,,,,23.25.30.21.14.11,,,,,1,0.00°,16'-1 1/2",,56'-8",58'-4",0",,0",,,,,,122.23 lbm,,,,By Type,,Default,,K-Series Bar Joist-Angle Web,K-Series Bar Joist-Angle Web: 20K6,,,2_g79w5j92kOU1shP_wJD8,,Both joins enabled,,,,,,,0 SF,New Construction,None,,,,,R2 TOS,58'-4",Not Defined,,0",1/2",0",,,,,Steel,Joist,16'-1 1/2",20K6,,,0lyEh4MQj5dfRBgL_Q5RLE,,,,0.25 CF,0.00 lbm,Origin,0",Top,0"
B1010350,Joists - Steel,,,,23.25.30.21.14.11,,,,,1,0.00°,16'-8 1/2",,56'-8",58'-4",0",1/2",0",,,,,,126.95 lbm,,,,By Type,,Default,,K-Series Bar Joist-Angle Web,K-Series Bar Joist-Angle Web: 20K6,,,2_g79w5j92kOU1shP_wJDA,,Both joins enabled,,,,,,,0 SF,New Construction,None,,,,,R2 TOS,58'-4",Not Defined,,0",1/2",0",,,,,Steel,Joist,16'-8 1/2",20K6,,,0lyEh4MQj5dfRBgL_Q5RLE,,,,0.26 CF,0.00 lbm,Origin,0",Top,0"
B1010350,Joists - Steel,,,,23.25.30.21.14.11,,,,,1,0.00°,16'-8 1/2",,56'-8",58'-4",0",1/2",0",,,,,,126.95 lbm,,,,By Type,,Default,,K-Series Bar Joist-Angle Web,K-Series Bar Joist-Angle Web: 20K6,,,2_g79w5j92kOU1shP_wJCq,,Both joins enabled,,,,,,,0 SF,New Construction,None,,,,,R2 TOS,58'-4",Not Defined,,0",1/2",0",,,,,Steel,Joist,16'-8 1/2",20K6,,,0lyEh4MQj5dfRBgL_Q5RLE,,,,0.26 CF,0.00 lbm,Origin,0",Top,0"
B1010350,Joists - Steel,,,,23.25.30.21.14.11,,,,,1,0.00°,16'-8 1/2",,56'-8",58'-4",0",1/2",0",,,,,,126.95 lbm,,,,By Type,,Default,,K-Series Bar Joist-Angle Web,K-Series Bar Joist-Angle Web: 20K6,,,2_g79w5j92kOU1shP_wJCs,,Both joins enabled,,,,,,,0 SF,New Construction,None,,,,,R2 TOS,58'-4",Not Defined,,0",1/2",0",,,,,Steel,Joist,16'-8 1/2",20K6,,,0lyEh4MQj5dfRBgL_Q5RLE,,,,0.26 CF,0.00 lbm,Origin,0",Top,0"
B1010350,Joists - Steel,,,,23.25.30.21.14.11,,,,,1,0.00°,16'-8 1/2",,56'-8",58'-4",0",1/2",0",,,,,,126.95 lbm,,,,By Type,,Default,,K-Series Bar Joist-Angle Web,K-Series Bar Joist-Angle Web: 20K6,,,2_g79w5j92kOU1shP_wJCm,,Both joins enabled,,,,,,,0 SF,New Construction,None,,,,,R2 TOS,58'-4",Not Defined,,0",1/2",0",,,,,Steel,Joist,16'-8 1/2",20K6,,,0lyEh4MQj5dfRBgL_Q5RLE,,,,0.26 CF,0.00 lbm,Origin,0",Top,0"
B1010350,Joists - Steel,,,,23.25.30.21.14.11,,,,,1,0.00°,16'-8 1/2",,56'-8",58'-4",0",1/2",0",,,,,,126.95 lbm,,,,By Type,,Default,,K-Series Bar Joist-Angle Web,K-Series Bar Joist-Angle Web: 20K6,,,2_g79w5j92kOU1shP_wJCo,,Both joins enabled,,,,,,,0 SF,New Construction,None,,,,,R2 TOS,58'-4",Not Defined,,0",1/2",0",,,,,Steel,Joist,16'-8 1/2",20K6,,,0lyEh4MQj5dfRBgL_Q5RLE,,,,0.26 CF,0.00 lbm,Origin,0",Top,0"
B1010350,Joists - Steel,,,,23.25.30.21.14.11,,,,,1,0.00°,16'-8 1/2",,56'-8",58'-4",0",1/2",0",,,,,,126.95 lbm,,,,By Type,,Default,,K-Series Bar Joist-Angle Web,K-Series Bar Joist-Angle Web: 20K6,,,2_g79w5j92kOU1shP_wJCy,,Both joins enabled,,,,,,,0 SF,New Construction,None,,,,,R2 TOS,58'-4",Not Defined,,0",1/2",0",,,,,Steel,Joist,16'-8 1/2",20K6,,,0lyEh4MQj5dfRBgL_Q5RLE,,,,0.26 CF,0.00 lbm,Origin,0",Top,0"
B1010350,Joists - Steel,,,,23.25.30.21.14.11,,,,,1,0.00°,16'-8 1/2",,56'-8",58'-4",0",1/2",0",,,,,,126.95 lbm,,,,By Type,,Default,,K-Series Bar Joist-Angle Web,K-Series Bar Joist-Angle Web: 20K6,,,2_g79w5j92kOU1shP_wJC_,,Both joins enabled,,,,,,,0 SF,New Construction,None,,,,,R2 TOS,58'-4",Not Defined,,0",1/2",0",,,,,Steel,Joist,16'-8 1/2",20K6,,,0lyEh4MQj5dfRBgL_Q5RLE,,,,0.26 CF,0.00 lbm,Origin,0",Top,0"
B1010350,Joists - Steel,,,,23.25.30.21.14.11,,,,,1,0.00°,16'-8 1/2",,56'-8",58'-4",0",1/2",0",,,,,,126.95 lbm,,,,By Type,,Default,,K-Series Bar Joist-Angle Web,K-Series Bar Joist-Angle Web: 20K6,,,2_g79w5j92kOU1shP_wJCu,,Both joins enabled,,,,,,,0 SF,New Construction,None,,,,,R2 TOS,58'-4",Not Defined,,0",1/2",0",,,,,Steel,Joist,16'-8 1/2",20K6,,,0lyEh4MQj5dfRBgL_Q5RLE,,,,0.26 CF,0.00 lbm,Origin,0",Top,0"
B1010350,Joists - Steel,,,,23.25.30.21.14.11,,,,,1,0.00°,16'-8 1/2",,56'-8",58'-4",0",1/2",0",,,,,,126.95 lbm,,,,By Type,,Default,,K-Series Bar Joist-Angle Web,K-Series Bar Joist-Angle Web: 20K6,,,2_g79w5j92kOU1shP_wJCw,,Both joins enabled,,,,,,,0 SF,New Construction,None,,,,,R2 TOS,58'-4",Not Defined,,0",1/2",0",,,,,Steel,Joist,16'-8 1/2",20K6,,,0lyEh4MQj5dfRBgL_Q5RLE,,,,0.26 CF,0.00 lbm,Origin,0",Top,0"
B1010350,Joists - Steel,,,,23.25.30.21.14.11,,,,,1,0.00°,16'-8 1/2",,56'-8",58'-4",0",1/2",0",,,,,,126.95 lbm,,,,By Type,,Default,,K-Series Bar Joist-Angle Web,K-Series Bar Joist-Angle Web: 20K6,,,2_g79w5j92kOU1shP_wJCa,,Both joins enabled,,,,,,,0 SF,New Construction,None,,,,,R2 TOS,58'-4",Not Defined,,0",1/2",0",,,,,Steel,Joist,16'-8 1/2",20K6,,,0lyEh4MQj5dfRBgL_Q5RLE,,,,0.26 CF,0.00 lbm,Origin,0",Top,0"
B1010350,Joists - Steel,,,,23.25.30.21.14.11,,,,,1,0.00°,16'-8 1/2",,56'-8",58'-4",0",1/2",0",,,,,,126.95 lbm,,,,By Type,,Default,,K-Series Bar Joist-Angle Web,K-Series Bar Joist-Angle Web: 20K6,,,2_g79w5j92kOU1shP_wJCc,,Both joins enabled,,,,,,,0 SF,New Construction,None,,,,,R2 TOS,58'-4",Not Defined,,0",1/2",0",,,,,Steel,Joist,16'-8 1/2",20K6,,,0lyEh4MQj5dfRBgL_Q5RLE,,,,0.26 CF,0.00 lbm,Origin,0",Top,0"
B1010350,Joists - Steel,,,,23.25.30.21.14.11,,,,,1,0.00°,16'-8 1/2",,56'-8",58'-4",0",1/2",0",,,,,,126.95 lbm,,,,By Type,,Default,,K-Series Bar Joist-Angle Web,K-Series Bar Joist-Angle Web: 20K6,,,2_g79w5j92kOU1shP_wJCW,,Both joins enabled,,,,,,,0 SF,New Construction,None,,,,,R2 TOS,58'-4",Not Defined,,0",1/2",0",,,,,Steel,Joist,16'-8 1/2",20K6,,,0lyEh4MQj5dfRBgL_Q5RLE,,,,0.26 CF,0.00 lbm,Origin,0",Top,0"
B1010350,Joists - Steel,,,,23.25.30.21.14.11,,,,,1,0.00°,16'-8 1/2",,56'-8",58'-4",0",1/2",0",,,,,,126.95 lbm,,,,By Type,,Default,,K-Series Bar Joist-Angle Web,K-Series Bar Joist-Angle Web: 20K6,,,2_g79w5j92kOU1shP_wJCY,,Both joins enabled,,,,,,,0 SF,New Construction,None,,,,,R2 TOS,58'-4",Not Defined,,0",1/2",0",,,,,Steel,Joist,16'-8 1/2",20K6,,,0lyEh4MQj5dfRBgL_Q5RLE,,,,0.26 CF,0.00 lbm,Origin,0",Top,0"
B10,Superstructure,,,,23.25.30.11.14.14,,,,,1,0.00°,22'-5 139/256",,<varies>,<varies>,0",1/2",-2'-5 5/32",,,,,,119.94 lbm,,,,By Type,,Default,,SF_Steel L Angle,SF_Steel L Angle: _Size,,,2wdEBUGZL22h0NsocgP7_R,,Both joins enabled,,,,,,,0 SF,New Construction,None,,,,,Parapet 2,70'-10",L-angle,,0",1/2",-1'-7 155/256",,,,,<By Category>,Purlin,23'-0 85/128",_Size,,,0Zas40lvjEVunrJVAhu7tn,,,,0.24 CF,120.76 lbm,Origin,0",Top,0"
B10,Superstructure,,,,23.25.30.11.14.14,,,,,1,0.00°,7'-9 1/2",,68'-1 11/32",68'-4 27/32",0",1/2",-2'-5 5/32",,,,,,41.61 lbm,,,,By Type,,Default,,SF_Steel L Angle,SF_Steel L Angle: _Size,,,2wdEBUGZL22h0NsocgP7_Q,,Both joins enabled,,,,,,,0 SF,New Construction,None,,,,,Parapet 2,70'-10",L-angle,,0",1/2",-2'-5 5/32",,,,,<By Category>,Purlin,8'-4 1/2",_Size,,,0Zas40lvjEVunrJVAhu7tn,,,,0.08 CF,41.89 lbm,Origin,0",Top,0"
B10,Superstructure,,,,23.25.30.11.14.14,,,,,1,0.00°,22'-5 139/256",,<varies>,<varies>,0",1/2",-1'-7 155/256",,,,,,119.94 lbm,,,,By Type,,Default,,SF_Steel L Angle,SF_Steel L Angle: _Size,,,2wdEBUGZL22h0NsocgP7_P,,Both joins enabled,,,,,,,0 SF,New Construction,None,,,,,Parapet 2,70'-10",L-angle,,0",1/2",-2'-5 5/32",,,,,<By Category>,Purlin,23'-0 85/128",_Size,,,0Zas40lvjEVunrJVAhu7tn,,,,0.24 CF,120.76 lbm,Origin,0",Top,0"
B10,Superstructure,,,,23.25.30.11.14.14,,,,,1,0.00°,7'-9 1/2",,68'-10 229/256",69'-2 101/256",0",1/2",-1'-7 155/256",,,,,,41.61 lbm,,,,By Type,,Default,,SF_Steel L Angle,SF_Steel L Angle: _Size,,,2wdEBUGZL22h0NsocgP7_O,,Both joins enabled,,,,,,,0 SF,New Construction,None,,,,,Parapet 2,70'-10",L-angle,,0",1/2",-1'-7 155/256",,,,,<By Category>,Purlin,8'-4 1/2",_Size,,,0Zas40lvjEVunrJVAhu7tn,,,,0.08 CF,41.89 lbm,Origin,0",Top,0"
B10,Superstructure,,,,23.25.30.11.14.14,,,,,1,0.00°,8'-2 1/2",,67'-10 35/64",68'-6 111/256",0",-5",-2'-3 145/256",,,,,,91.97 lbm,,,,By Type,,Default,,W Shapes,W Shapes: W8x10,,,1KpZCW3Gn25x9tpICCoEc3,,Both joins enabled,,,,,,,414 SF,New Construction,None,,,,,Parapet 2,70'-10",I-shape Parallel Flange,,0",-5",-2'-3 145/256",,,,,Steel,Joist,8'-4 1/2",W8x10,,,2GjH11r995hxaZhII5NFtk,,,,0.19 CF,82.68 lbm,Origin,0",Top,0"
B10,Superstructure,,,,23.25.30.11.14.14,,,,,1,0.00°,8'-2 1/2",,68'-0 35/256",68'-8 7/256",0",-5",-2'-1 249/256",,,,,,91.97 lbm,,,,By Type,,Default,,W Shapes,W Shapes: W8x10,,,1KpZCW3Gn25x9tpICCoEc2,,Both joins enabled,,,,,,,414 SF,New Construction,None,,,,,Parapet 2,70'-10",I-shape Parallel Flange,,0",-5",-2'-1 249/256",,,,,Steel,Joist,8'-4 1/2",W8x10,,,2GjH11r995hxaZhII5NFtk,,,,0.19 CF,82.68 lbm,Origin,0",Top,0"
B10,Superstructure,,,,23.25.30.11.14.14,,,,,1,0.00°,8'-2 1/2",,68'-1 187/256",68'-9 79/128",0",-5",-2'-0 49/128",,,,,,91.97 lbm,,,,By Type,,Default,,W Shapes,W Shapes: W8x10,,,1KpZCW3Gn25x9tpICCoEc1,,Both joins enabled,,,,,,,414 SF,New Construction,None,,,,,Parapet 2,70'-10",I-shape Parallel Flange,,0",-5",-2'-0 49/128",,,,,Steel,Joist,8'-4 1/2",W8x10,,,2GjH11r995hxaZhII5NFtk,,,,0.19 CF,82.68 lbm,Origin,0",Top,0"
B10,Superstructure,,,,23.25.30.11.14.14,,,,,1,0.00°,8'-2 1/2",,68'-3 41/128",68'-11 27/128",0",-5",-1'-10 101/128",,,,,,91.97 lbm,,,,By Type,,Default,,W Shapes,W Shapes: W8x10,,,1KpZCW3Gn25x9tpICCoEc0,,Both joins enabled,,,,,,,414 SF,New Construction,None,,,,,Parapet 2,70'-10",I-shape Parallel Flange,,0",-5",-1'-10 101/128",,,,,Steel,Joist,8'-4 1/2",W8x10,,,2GjH11r995hxaZhII5NFtk,,,,0.19 CF,82.68 lbm,Origin,0",Top,0"
B10,Superstructure,,,,23.25.30.11.14.14,,,,,1,0.00°,8'-2 1/2",,68'-4 117/128",69'-0 205/256",0",-5",-1'-9 51/256",,,,,,91.97 lbm,,,,By Type,,Default,,W Shapes,W Shapes: W8x10,,,1KpZCW3Gn25x9tpICCoEc7,,Both joins enabled,,,,,,,414 SF,New Construction,None,,,,,Parapet 2,70'-10",I-shape Parallel Flange,,0",-5",-1'-9 51/256",,,,,Steel,Joist,8'-4 1/2",W8x10,,,2GjH11r995hxaZhII5NFtk,,,,0.19 CF,82.68 lbm,Origin,0",Top,0"
B10,Superstructure,,,,23.25.30.11.14.14,,,,,1,0.00°,20'-11 1/32",,<varies>,<varies>,0",1/2",-2'-4 131/256",,,,,,111.70 lbm,,,,By Type,,Default,,SF_Steel L Angle,SF_Steel L Angle: _Size,,,1KpZCW3Gn25x9tpICCoEgH,,Both joins enabled,,,,,,,0 SF,New Construction,None,,,,,Parapet 2,70'-10",L-angle,,0",1/2",-1'-7 155/256",,,,,<By Category>,Purlin,21'-6 39/256",_Size,,,0Zas40lvjEVunrJVAhu7tn,,,,0.23 CF,112.47 lbm,Origin,0",Top,0"
B10,Superstructure,,,,23.25.30.11.14.14,,,,,1,0.00°,7'-9 1/2",,68'-1 253/256",68'-5 125/256",-1'-2 115/256",1/2",-2'-4 131/256",,,,,,41.60 lbm,,,,By Type,,Default,,SF_Steel L Angle,SF_Steel L Angle: _Size,,,1KpZCW3Gn25x9tpICCoEgG,,Both joins enabled,,,,,,,0 SF,New Construction,None,,,,,Parapet 2,70'-10",L-angle,,0",1/2",-2'-4 131/256",,,,,<By Category>,Purlin,8'-4 1/2",_Size,,,0Zas40lvjEVunrJVAhu7tn,,,,0.08 CF,41.89 lbm,Origin,0",Top,0"
B10,Superstructure,,,,23.25.30.11.14.14,,,,,1,0.00°,20'-11 1/32",,<varies>,<varies>,4 19/64",1/2",-1'-7 155/256",,,,,,111.70 lbm,,,,By Type,,Default,,SF_Steel L Angle,SF_Steel L Angle: _Size,,,1KpZCW3Gn25x9tpICCoEgN,,Both joins enabled,,,,,,,0 SF,New Construction,None,,,,,Parapet 2,70'-10",L-angle,,0",1/2",-2'-4 131/256",,,,,<By Category>,Purlin,21'-6 39/256",_Size,,,0Zas40lvjEVunrJVAhu7tn,,,,0.23 CF,112.47 lbm,Origin,0",Top,0"
B10,Superstructure,,,,23.25.30.11.14.14,,,,,1,0.00°,7'-9 1/2",,68'-10 229/256",69'-2 101/256",0",1/2",-1'-7 155/256",,,,,,41.61 lbm,,,,By Type,,Default,,SF_Steel L Angle,SF_Steel L Angle: _Size,,,1KpZCW3Gn25x9tpICCoEgM,,Both joins enabled,,,,,,,0 SF,New Construction,None,,,,,Parapet 2,70'-10",L-angle,,0",1/2",-1'-7 155/256",,,,,<By Category>,Purlin,8'-4 1/2",_Size,,,0Zas40lvjEVunrJVAhu7tn,,,,0.08 CF,41.89 lbm,Origin,0",Top,0"
B10,Superstructure,,,,23.25.30.11.14.14,,,,,1,0.00°,7'-9",,68'-10 229/256",69'-2 101/256",0",1/2",-1'-7 155/256",,,,,,41.38 lbm,,,,By Type,,Default,,SF_Steel L Angle,SF_Steel L Angle: _Size,,,1KpZCW3Gn25x9tpICCoFJg,,Both joins enabled,,,,,,,0 SF,New Construction,None,,,,,Parapet 2,70'-10",L-angle,,0",1/2",-1'-7 155/256",,,,,<By Category>,Purlin,8'-4",_Size,,,0Zas40lvjEVunrJVAhu7tn,,,,0.08 CF,41.67 lbm,Origin,0",Top,0"
B10,Superstructure,,,,23.25.30.11.14.14,,,,,1,0.00°,6'-9 239/256",,<varies>,<varies>,0",1/2",-1'-10 39/64",,,,,,36.46 lbm,,,,By Type,,Default,,SF_Steel L Angle,SF_Steel L Angle: _Size,,,1KpZCW3Gn25x9tpICCoFJf,,Both joins enabled,,,,,,,0 SF,New Construction,None,,,,,Parapet 2,70'-10",L-angle,,0",1/2",-1'-7 155/256",,,,,<By Category>,Purlin,7'-5 13/256",_Size,,,0Zas40lvjEVunrJVAhu7tn,,,,0.07 CF,36.71 lbm,Origin,0",Top,0"
B10,Superstructure,,,,23.25.30.11.14.14,,,,,1,0.00°,7'-9",,68'-7 57/64",68'-11 25/64",0",1/2",-1'-10 39/64",,,,,,41.38 lbm,,,,By Type,,Default,,SF_Steel L Angle,SF_Steel L Angle: _Size,,,1KpZCW3Gn25x9tpICCoFJe,,Both joins enabled,,,,,,,0 SF,New Construction,None,,,,,Parapet 2,70'-10",L-angle,,0",1/2",-1'-10 39/64",,,,,<By Category>,Purlin,8'-4",_Size,,,0Zas40lvjEVunrJVAhu7tn,,,,0.08 CF,41.67 lbm,Origin,0",Top,0"
B10,Superstructure,,,,23.25.30.11.14.14,,,,,1,0.00°,18'-11",,29'-11 51/128",31'-5 1/2",0",1/2",0",,,,,,1059.59 lbm,,,,By Type,,Default,,W Shapes,W Shapes: W18x55,,,1KpZCW3Gn25x9tpICCoFBb,,Both joins enabled,,,,,,,969 SF,New Construction,None,,,,,L4 TOS,31'-8",I-shape Parallel Flange,,0",-3",0",,,,,Steel,Girder,19'-7 1/2",W18x55,,,1_y_hNQfD4N8RbeJZCV0vP,,,,2.16 CF,1042.78 lbm,Origin,0",Top,-2 1/2"
B10,Superstructure,,,,23.25.30.11.14.14,,,,,1,0.00°,19'-11 1/2",,29'-11 51/128",31'-5 1/2",0",1/2",0",,,,,,1118.33 lbm,,,,By Type,,Default,,W Shapes,W Shapes: W18x55,,,1KpZCW3Gn25x9tpICCoFBa,,Both joins enabled,,,,,,,1,009 SF,New Construction,None,,,,,L4 TOS,31'-8",I-shape Parallel Flange,,0",,0",,,,,Steel,Girder,20'-5",W18x55,,,1_y_hNQfD4N8RbeJZCV0vP,,,,2.28 CF,1100.20 lbm,Origin,0",Top,-2 1/2"
B10,Superstructure,,,,23.25.30.11.14.14,,,,,1,0.00°,16'-5",,29'-11 51/128",31'-5 1/2",0",1/2",0",,,,,,919.56 lbm,,,,By Type,,Default,,W Shapes,W Shapes: W18x55,,,1KpZCW3Gn25x9tpICCoFBx,,Both joins enabled,,,,,,,856 SF,New Construction,None,,,,,L4 TOS,31'-8",I-shape Parallel Flange,,0",1/2",0",,,,,Steel,Girder,17'-4",W18x55,,,1_y_hNQfD4N8RbeJZCV0vP,,,,1.88 CF,904.97 lbm,Origin,0",Top,-2 1/2"
B10,Superstructure,,,,23.25.30.11.14.14,,,,,1,0.00°,22'-4 63/64",,29'-11 51/128",31'-5 1/2",0",1/2",0",,,,,,1255.57 lbm,,,,By Type,,Default,,W Shapes,W Shapes: W18x55,,,1KpZCW3Gn25x9tpICCoFBw,,Both joins enabled,,,,,,,1,191 SF,New Construction,None,,,,,L4 TOS,31'-8",I-shape Parallel Flange,,0",1/2",0",,,,,Steel,Girder,24'-1 25/128",W18x55,,,1_y_hNQfD4N8RbeJZCV0vP,,,,2.56 CF,1235.65 lbm,Origin,0",Top,-2 1/2"
B10,Superstructure,,,,23.25.30.11.14.14,,,,,1,0.00°,28'-1",,29'-11 51/128",31'-5 1/2",0",1/2",0",,,,,,1573.61 lbm,,,,By Type,,Default,,W Shapes,W Shapes: W18x55,,,1KpZCW3Gn25x9tpICCoFB$,,Both joins enabled,,,,,,,1,433 SF,New Construction,None,,,,,L4 TOS,31'-8",I-shape Parallel Flange,,0",1/2",0",,,,,Steel,Girder,29'-0",W18x55,,,1_y_hNQfD4N8RbeJZCV0vP,,,,3.21 CF,1548.09 lbm,Origin,0",Top,-2 1/2"
B10,Superstructure,,,,23.25.30.11.14.14,,,,,1,0.00°,22'-11",,29'-11 51/128",31'-5 1/2",0",1/2",0",,,,,,1283.65 lbm,,,,By Type,,Default,,W Shapes,W Shapes: W18x55,,,1KpZCW3Gn25x9tpICCoFB_,,Both joins enabled,,,,,,,1,186 SF,New Construction,None,,,,,L4 TOS,31'-8",I-shape Parallel Flange,,0",1/2",0",,,,,Steel,Girder,24'-0",W18x55,,,1_y_hNQfD4N8RbeJZCV0vP,,,,2.62 CF,1263.28 lbm,Origin,0",Top,-2 1/2"
B10,Superstructure,,,,23.25.30.11.14.14,,,,,1,0.00°,19'-5",,29'-11 51/128",31'-5 1/2",0",1/2",0",,,,,,1087.60 lbm,,,,By Type,,Default,,W Shapes,W Shapes: W18x55,,,1KpZCW3Gn25x9tpICCoFBz,,Both joins enabled,,,,,,,996 SF,New Construction,None,,,,,L4 TOS,31'-8",I-shape Parallel Flange,,0",1/2",0",,,,,Steel,Girder,20'-2",W18x55,,,1_y_hNQfD4N8RbeJZCV0vP,,,,2.22 CF,1070.34 lbm,Origin,0",Top,-2 1/2"
B10,Superstructure,,,,23.25.30.11.14.14,,,,,1,0.00°,16'-4 1/2",,29'-11 51/128",31'-5 1/2",0",,0",,,,,,917.23 lbm,,,,By Type,,Default,,W Shapes,W Shapes: W18x55,,,1KpZCW3Gn25x9tpICCoFBy,,Both joins enabled,,,,,,,832 SF,New Construction,None,,,,,L4 TOS,31'-8",I-shape Parallel Flange,,0",1/2",0",,,,,Steel,Girder,16'-10",W18x55,,,1_y_hNQfD4N8RbeJZCV0vP,,,,1.87 CF,902.67 lbm,Origin,0",Top,-2 1/2"
B10,Superstructure,,,,23.25.30.11.14.14,,,,,1,0.00°,15'-2 49/128",,29'-11 51/128",31'-5 1/2",0",1/2",0",,,,,,851.32 lbm,,,,By Type,,Default,,W Shapes,W Shapes: W18x55,,,1KpZCW3Gn25x9tpICCoFBp,,Both joins enabled,,,,,,,811 SF,New Construction,None,,,,,L4 TOS,31'-8",I-shape Parallel Flange,,0",,0",,,,,Steel,Girder,16'-5 3/32",W18x55,,,1_y_hNQfD4N8RbeJZCV0vP,,,,1.74 CF,837.81 lbm,Origin,0",Top,-2 1/2"
B10,Superstructure,,,,23.25.30.11.14.14,,,,,1,0.00°,16'-0",,30'-1 115/128",31'-8",0",1/2",0",,,,,,896.53 lbm,,,,By Type,,Default,,W Shapes,W Shapes: W18x55,,,1KpZCW3Gn25x9tpICCoFBo,,Both joins enabled,,,,,,,825 SF,New Construction,None,,,,,L4 TOS,31'-8",I-shape Parallel Flange,,0",-3",0",,,,,Steel,Girder,16'-8 1/2",W18x55,,,1_y_hNQfD4N8RbeJZCV0vP,,,,1.83 CF,882.00 lbm,Origin,0",Top,0"
B10,Superstructure,,,,23.25.30.11.14.14,,,,,1,0.00°,14'-4",,30'-1 77/128",31'-8",0",0",0",,,,,,1248.23 lbm,,,,By Type,,Default,,W Shapes,W Shapes: W18x86,,,1KpZCW3Gn25x9tpICCoFBn,,Both joins enabled,,,,,,,751 SF,New Construction,None,,,,,L4 TOS,31'-8",I-shape Parallel Flange,,0",1/2",0",,,,,Steel,Girder,15'-2 1/2",W18x86,,,1r4KDlPfX65ey959abbF2i,,,,2.55 CF,1233.96 lbm,Origin,0",Top,0"
B10,Superstructure,,,,23.25.30.11.14.14,,,,,1,0.00°,27'-8 141/256",,29'-11 51/128",31'-5 1/2",0",1/2",0",,,,,,1552.28 lbm,,,,By Type,,Default,,W Shapes,W Shapes: W18x55,,,1KpZCW3Gn25x9tpICCoFBm,,Both joins enabled,,,,,,,1,433 SF,New Construction,None,,,,,L4 TOS,31'-8",I-shape Parallel Flange,,0",1/2",0",,,,,Steel,Girder,29'-0",W18x55,,,1_y_hNQfD4N8RbeJZCV0vP,,,,3.17 CF,1527.65 lbm,Origin,0",Top,-2 1/2"
B10,Superstructure,,,,23.25.30.11.14.14,,,,,1,0.00°,19'-0 51/128",,29'-11 51/128",31'-5 1/2",0",1/2",0",,,,,,1066.13 lbm,,,,By Type,,Default,,W Shapes,W Shapes: W18x55,,,1KpZCW3Gn25x9tpICCoFBt,,Both joins enabled,,,,,,,996 SF,New Construction,None,,,,,L4 TOS,31'-8",I-shape Parallel Flange,,0",1/2",0",,,,,Steel,Girder,20'-2",W18x55,,,1_y_hNQfD4N8RbeJZCV0vP,,,,2.18 CF,1049.21 lbm,Origin,0",Top,-2 1/2"
B10,Superstructure,,,,23.25.30.11.14.14,,,,,1,0.00°,16'-0 51/128",,29'-11 51/128",31'-5 1/2",0",1/2",0",,,,,,898.09 lbm,,,,By Type,,Default,,W Shapes,W Shapes: W18x55,,,1KpZCW3Gn25x9tpICCoFBs,,Both joins enabled,,,,,,,856 SF,New Construction,None,,,,,L4 TOS,31'-8",I-shape Parallel Flange,,0",1/2",0",,,,,Steel,Girder,17'-4",W18x55,,,1_y_hNQfD4N8RbeJZCV0vP,,,,1.83 CF,883.84 lbm,Origin,0",Top,-2 1/2"
B10,Superstructure,,,,23.25.30.11.14.14,,,,,1,0.00°,28'-1 97/128",,29'-11 51/128",31'-5 1/2",0",1/2",0",,,,,,1576.60 lbm,,,,By Type,,Default,,W Shapes,W Shapes: W18x55,,,1KpZCW3Gn25x9tpICCoFBr,,Both joins enabled,,,,,,,1,485 SF,New Construction,None,,,,,L4 TOS,31'-8",I-shape Parallel Flange,,0",1/2",0",,,,,Steel,Girder,30'-0 201/256",W18x55,,,1_y_hNQfD4N8RbeJZCV0vP,,,,3.22 CF,1551.58 lbm,Origin,0",Top,-2 1/2"
B10,Superstructure,,,,23.25.30.11.14.14,,,,,1,0.00°,21'-0 75/128",,30'-1 115/128",31'-8",0",1/2",0",,,,,,1179.03 lbm,,,,By Type,,Default,,W Shapes,W Shapes: W18x55,,,1KpZCW3Gn25x9tpICCoFBq,,Both joins enabled,,,,,,,1,117 SF,New Construction,None,,,,,L4 TOS,31'-8",I-shape Parallel Flange,,0",1/2",0",,,,,Steel,Girder,22'-7 41/128",W18x55,,,1_y_hNQfD4N8RbeJZCV0vP,,,,2.41 CF,1160.32 lbm,Origin,0",Top,0"
B10,Superstructure,,,,23.25.30.11.14.14,,,,,1,0.00°,15'-5 131/256",,30'-1 115/128",31'-8",0",1/2",0",,,,,,865.94 lbm,,,,By Type,,Default,,W Shapes,W Shapes: W18x55,,,1KpZCW3Gn25x9tpICCoFAB,,Both joins enabled,,,,,,,833 SF,New Construction,None,,,,,L4 TOS,31'-8",I-shape Parallel Flange,,0",1/2",0",,,,,Steel,Girder,16'-10 59/256",W18x55,,,1_y_hNQfD4N8RbeJZCV0vP,,,,1.77 CF,852.20 lbm,Origin,0",Top,0"
B10,Superstructure,,,,23.25.30.11.14.14,,,,,1,0.00°,13'-11 23/64",,30'-1 115/128",31'-8",0",1/2",0",,,,,,781.47 lbm,,,,By Type,,Default,,W Shapes,W Shapes: W18x55,,,1KpZCW3Gn25x9tpICCoFAA,,Both joins enabled,,,,,,,758 SF,New Construction,None,,,,,L4 TOS,31'-8",I-shape Parallel Flange,,0",1/2",0",,,,,Steel,Girder,15'-4 19/256",W18x55,,,1_y_hNQfD4N8RbeJZCV0vP,,,,1.59 CF,768.80 lbm,Origin,0",Top,0"
B10,Superstructure,,,,23.25.30.11.14.14,,,,,1,0.00°,11'-9 177/256",,30'-1 115/128",31'-8",0",1/2",0",,,,,,661.38 lbm,,,,By Type,,Default,,W Shapes,W Shapes: W18x55,,,1KpZCW3Gn25x9tpICCoFA9,,Both joins enabled,,,,,,,646 SF,New Construction,None,,,,,L4 TOS,31'-8",I-shape Parallel Flange,,0",1/2",0",,,,,Steel,Girder,13'-0 237/256",W18x55,,,1_y_hNQfD4N8RbeJZCV0vP,,,,1.35 CF,650.89 lbm,Origin,0",Top,0"
B10,Superstructure,,,,23.25.30.11.14.14,,,,,1,0.00°,17'-1 29/32",,29'-11 51/128",31'-5 1/2",0",1/2",0",,,,,,961.14 lbm,,,,By Type,,Default,,W Shapes,W Shapes: W18x55,,,1KpZCW3Gn25x9tpICCoFA8,,Both joins enabled,,,,,,,935 SF,New Construction,None,,,,,L4 TOS,31'-8",I-shape Parallel Flange,,0",1/2",0",,,,,Steel,Girder,18'-11 15/128",W18x55,,,1_y_hNQfD4N8RbeJZCV0vP,,,,1.96 CF,945.89 lbm,Origin,0",Top,-2 1/2"
B10,Superstructure,,,,23.25.30.11.14.14,,,,,1,0.00°,18'-8 179/256",,29'-11 51/128",31'-5 1/2",0",1/2",0",,,,,,1048.86 lbm,,,,By Type,,Default,,W Shapes,W Shapes: W18x55,,,1KpZCW3Gn25x9tpICCoFAF,,Both joins enabled,,,,,,,969 SF,New Construction,None,,,,,L4 TOS,31'-8",I-shape Parallel Flange,,0",-3",0",,,,,Steel,Girder,19'-7 1/2",W18x55,,,1_y_hNQfD4N8RbeJZCV0vP,,,,2.14 CF,1032.22 lbm,Origin,0",Top,-2 1/2"
B10,Superstructure,,,,23.25.30.11.14.14,,,,,1,0.00°,22'-6 51/128",,30'-1 115/128",31'-8",0",1/2",0",,,,,,1262.18 lbm,,,,By Type,,Default,,W Shapes,W Shapes: W18x55,,,1KpZCW3Gn25x9tpICCoFAE,,Both joins enabled,,,,,,,1,186 SF,New Construction,None,,,,,L4 TOS,31'-8",I-shape Parallel Flange,,0",1/2",0",,,,,Steel,Girder,24'-0",W18x55,,,1_y_hNQfD4N8RbeJZCV0vP,,,,2.58 CF,1242.15 lbm,Origin,0",Top,0"
B10,Superstructure,,,,23.25.30.11.14.14,,,,,1,0.00°,19'-0 51/128",,29'-11 51/128",31'-5 1/2",0",1/2",0",,,,,,1066.13 lbm,,,,By Type,,Default,,W Shapes,W Shapes: W18x55,,,1KpZCW3Gn25x9tpICCoFAD,,Both joins enabled,,,,,,,996 SF,New Construction,None,,,,,L4 TOS,31'-8",I-shape Parallel Flange,,0",1/2",0",,,,,Steel,Girder,20'-2",W18x55,,,1_y_hNQfD4N8RbeJZCV0vP,,,,2.18 CF,1049.21 lbm,Origin,0",Top,-2 1/2"
B10,Superstructure,,,,23.25.30.11.14.14,,,,,1,0.00°,16'-0 51/128",,29'-11 51/128",31'-5 1/2",0",1/2",0",,,,,,898.09 lbm,,,,By Type,,Default,,W Shapes,W Shapes: W18x55,,,1KpZCW3Gn25x9tpICCoFAC,,Both joins enabled,,,,,,,856 SF,New Construction,None,,,,,L4 TOS,31'-8",I-shape Parallel Flange,,0",1/2",0",,,,,Steel,Girder,17'-4",W18x55,,,1_y_hNQfD4N8RbeJZCV0vP,,,,1.83 CF,883.84 lbm,Origin,0",Top,-2 1/2"
B10,Superstructure,,,,23.25.30.11.14.14,,,,,1,0.00°,19'-3 137/256",,29'-11 51/128",31'-5 1/2",0",1/2",0",,,,,,1080.76 lbm,,,,By Type,,Default,,W Shapes,W Shapes: W18x55,,,1KpZCW3Gn25x9tpICCoFA3,,Both joins enabled,,,,,,,1,045 SF,New Construction,None,,,,,L4 TOS,31'-8",I-shape Parallel Flange,,0",1/2",0",,,,,Steel,Girder,21'-1 25/32",W18x55,,,1_y_hNQfD4N8RbeJZCV0vP,,,,2.21 CF,1063.61 lbm,Origin,0",Top,-2 1/2"
B10,Superstructure,,,,23.25.30.11.14.14,,,,,1,0.00°,14'-4",,30'-1 115/128",31'-8",0",0",0",,,,,,802.86 lbm,,,,By Type,,Default,,W Shapes,W Shapes: W18x55,,,1KpZCW3Gn25x9tpICCoFA2,,Both joins enabled,,,,,,,751 SF,New Construction,None,,,,,L4 TOS,31'-8",I-shape Parallel Flange,,0",1/2",0",,,,,Steel,Girder,15'-2 1/2",W18x55,,,1_y_hNQfD4N8RbeJZCV0vP,,,,1.64 CF,790.12 lbm,Origin,0",Top,0"
B10,Superstructure,,,,23.25.30.11.14.14,,,,,1,0.00°,14'-4",,30'-1 115/128",31'-8",0",0",0",,,,,,802.86 lbm,,,,By Type,,Default,,W Shapes,W Shapes: W18x55,,,1KpZCW3Gn25x9tpICCoFA1,,Both joins enabled,,,,,,,751 SF,New Construction,None,,,,,L4 TOS,31'-8",I-shape Parallel Flange,,0",1/2",0",,,,,Steel,Girder,15'-2 1/2",W18x55,,,1_y_hNQfD4N8RbeJZCV0vP,,,,1.64 CF,790.12 lbm,Origin,0",Top,0"
B10,Superstructure,,,,23.25.30.11.14.14,,,,,1,0.00°,5'-10 97/128",,30'-1 115/128",31'-8",0",1/2",0",,,,,,330.28 lbm,,,,By Type,,Default,,W Shapes,W Shapes: W18x55,,,1KpZCW3Gn25x9tpICCoFA0,,Both joins enabled,,,,,,,337 SF,New Construction,None,,,,,L4 TOS,31'-8",I-shape Parallel Flange,,0",1/2",0",,,,,Steel,Girder,6'-9 197/256",W18x55,,,1_y_hNQfD4N8RbeJZCV0vP,,,,0.67 CF,325.04 lbm,Origin,0",Top,0"
B10,Superstructure,,,,23.25.30.11.14.14,,,,,1,0.00°,13'-9 51/256",,30'-1 115/128",31'-8",0",1/2",0",,,,,,771.12 lbm,,,,By Type,,Default,,W Shapes,W Shapes: W18x55,,,1KpZCW3Gn25x9tpICCoFA7,,Both joins enabled,,,,,,,755 SF,New Construction,None,,,,,L4 TOS,31'-8",I-shape Parallel Flange,,0",0",0",,,,,Steel,Girder,15'-3 1/2",W18x55,,,1_y_hNQfD4N8RbeJZCV0vP,,,,1.57 CF,758.89 lbm,Origin,0",Top,0"
B10,Superstructure,,,,23.25.30.11.14.14,,,,,1,0.00°,13'-9 45/128",,30'-1 115/128",31'-8",0",1/2",0",,,,,,771.82 lbm,,,,By Type,,Default,,W Shapes,W Shapes: W18x55,,,1KpZCW3Gn25x9tpICCoFA6,,Both joins enabled,,,,,,,755 SF,New Construction,None,,,,,L4 TOS,31'-8",I-shape Parallel Flange,,0",0",0",,,,,Steel,Girder,15'-3 1/2",W18x55,,,1_y_hNQfD4N8RbeJZCV0vP,,,,1.58 CF,759.58 lbm,Origin,0",Top,0"
B10,Superstructure,,,,23.25.30.11.14.14,,,,,1,0.00°,13'-9 45/128",,30'-1 115/128",31'-8",0",1/2",0",,,,,,771.82 lbm,,,,By Type,,Default,,W Shapes,W Shapes: W18x55,,,1KpZCW3Gn25x9tpICCoFA5,,Both joins enabled,,,,,,,755 SF,New Construction,None,,,,,L4 TOS,31'-8",I-shape Parallel Flange,,0",0",0",,,,,Steel,Girder,15'-3 1/2",W18x55,,,1_y_hNQfD4N8RbeJZCV0vP,,,,1.58 CF,759.58 lbm,Origin,0",Top,0"
B10,Superstructure,,,,23.25.30.11.14.14,,,,,1,0.00°,28'-1",,29'-11 51/128",31'-5 1/2",0",1/2",0",,,,,,1573.61 lbm,,,,By Type,,Default,,W Shapes,W Shapes: W18x55,,,1KpZCW3Gn25x9tpICCoFA4,,Both joins enabled,,,,,,,1,433 SF,New Construction,None,,,,,L4 TOS,31'-8",I-shape Parallel Flange,,0",1/2",0",,,,,Steel,Girder,29'-0",W18x55,,,1_y_hNQfD4N8RbeJZCV0vP,,,,3.21 CF,1548.09 lbm,Origin,0",Top,-2 1/2"
B10,Superstructure,,,,23.25.30.11.14.14,,,,,1,0.00°,19'-5",,29'-11 51/128",31'-5 1/2",0",1/2",0",,,,,,1087.60 lbm,,,,By Type,,Default,,W Shapes,W Shapes: W18x55,,,1KpZCW3Gn25x9tpICCoFAR,,Both joins enabled,,,,,,,996 SF,New Construction,None,,,,,L4 TOS,31'-8",I-shape Parallel Flange,,0",1/2",0",,,,,Steel,Girder,20'-2",W18x55,,,1_y_hNQfD4N8RbeJZCV0vP,,,,2.22 CF,1070.34 lbm,Origin,0",Top,-2 1/2"
B10,Superstructure,,,,23.25.30.11.14.14,,,,,1,0.00°,16'-4",,29'-11 51/128",31'-5 1/2",0",1/2",0",,,,,,914.89 lbm,,,,By Type,,Default,,W Shapes,W Shapes: W18x55,,,1KpZCW3Gn25x9tpICCoFAQ,,Both joins enabled,,,,,,,856 SF,New Construction,None,,,,,L4 TOS,31'-8",I-shape Parallel Flange,,0",1/2",0",,,,,Steel,Girder,17'-4",W18x55,,,1_y_hNQfD4N8RbeJZCV0vP,,,,1.87 CF,900.37 lbm,Origin,0",Top,-2 1/2"
B10,Superstructure,,,,23.25.30.11.14.14,,,,,1,0.00°,6'-2 109/128",,30'-1 115/128",31'-8",0",1/2",0",,,,,,349.39 lbm,,,,By Type,,Default,,W Shapes,W Shapes: W18x55,,,1KpZCW3Gn25x9tpICCoFAP,,Both joins enabled,,,,,,,389 SF,New Construction,None,,,,,L4 TOS,31'-8",I-shape Parallel Flange,,0",1/2",0",,,,,Steel,Girder,7'-10 1/2",W18x55,,,1_y_hNQfD4N8RbeJZCV0vP,,,,0.71 CF,343.84 lbm,Origin,0",Top,0"
B1010350,Joists - Steel,,,,23.25.30.21.14.11,,,,,1,0.00°,15'-2 1/2",,30'-4",31'-8",0",1/2",0",,,,,,118.75 lbm,,,,By Type,,Default,,K-Series Bar Joist-Angle Web,K-Series Bar Joist-Angle Web: 16K6,,,1KpZCW3Gn25x9tpICCoFAH,,Both joins enabled,,,,,,,0 SF,New Construction,None,,,,,L4 TOS,31'-8",Not Defined,,0",1/2",0",,,,,Steel,Joist,15'-2 1/2",16K6,,,3ZT5EhLQn6JfRlijT8hoc2,,,,0.24 CF,0.00 lbm,Origin,0",Top,0"
B1010350,Joists - Steel,,,,23.25.30.21.14.11,,,,,1,0.00°,15'-2 1/2",,30'-4",31'-8",0",1/2",0",,,,,,118.75 lbm,,,,By Type,,Default,,K-Series Bar Joist-Angle Web,K-Series Bar Joist-Angle Web: 16K6,,,1KpZCW3Gn25x9tpICCoFAG,,Both joins enabled,,,,,,,0 SF,New Construction,None,,,,,L4 TOS,31'-8",Not Defined,,0",1/2",0",,,,,Steel,Joist,15'-2 1/2",16K6,,,3ZT5EhLQn6JfRlijT8hoc2,,,,0.24 CF,0.00 lbm,Origin,0",Top,0"
B1010350,Joists - Steel,,,,23.25.30.21.14.11,,,,,1,0.00°,15'-2 1/2",,30'-4",31'-8",0",1/2",0",,,,,,118.75 lbm,,,,By Type,,Default,,K-Series Bar Joist-Angle Web,K-Series Bar Joist-Angle Web: 16K6,,,1KpZCW3Gn25x9tpICCoFAN,,Both joins enabled,,,,,,,0 SF,New Construction,None,,,,,L4 TOS,31'-8",Not Defined,,0",1/2",0",,,,,Steel,Joist,15'-2 1/2",16K6,,,3ZT5EhLQn6JfRlijT8hoc2,,,,0.24 CF,0.00 lbm,Origin,0",Top,0"
B1010350,Joists - Steel,,,,23.25.30.21.14.11,,,,,1,0.00°,15'-2 1/2",,30'-4",31'-8",0",1/2",0",,,,,,118.75 lbm,,,,By Type,,Default,,K-Series Bar Joist-Angle Web,K-Series Bar Joist-Angle Web: 16K6,,,1KpZCW3Gn25x9tpICCoFAM,,Both joins enabled,,,,,,,0 SF,New Construction,None,,,,,L4 TOS,31'-8",Not Defined,,0",1/2",0",,,,,Steel,Joist,15'-2 1/2",16K6,,,3ZT5EhLQn6JfRlijT8hoc2,,,,0.24 CF,0.00 lbm,Origin,0",Top,0"
B1010350,Joists - Steel,,,,23.25.30.21.14.11,,,,,1,0.00°,15'-2 1/2",,30'-4",31'-8",0",1/2",0",,,,,,118.75 lbm,,,,By Type,,Default,,K-Series Bar Joist-Angle Web,K-Series Bar Joist-Angle Web: 16K6,,,1KpZCW3Gn25x9tpICCoFAL,,Both joins enabled,,,,,,,0 SF,New Construction,None,,,,,L4 TOS,31'-8",Not Defined,,0",1/2",0",,,,,Steel,Joist,15'-2 1/2",16K6,,,3ZT5EhLQn6JfRlijT8hoc2,,,,0.24 CF,0.00 lbm,Origin,0",Top,0"
B1010350,Joists - Steel,,,,23.25.30.21.14.11,,,,,1,0.00°,15'-2 1/2",,30'-4",31'-8",0",1/2",0",,,,,,118.75 lbm,,,,By Type,,Default,,K-Series Bar Joist-Angle Web,K-Series Bar Joist-Angle Web: 16K6,,,1KpZCW3Gn25x9tpICCoFAK,,Both joins enabled,,,,,,,0 SF,New Construction,None,,,,,L4 TOS,31'-8",Not Defined,,0",1/2",0",,,,,Steel,Joist,15'-2 1/2",16K6,,,3ZT5EhLQn6JfRlijT8hoc2,,,,0.24 CF,0.00 lbm,Origin,0",Top,0"
B1010350,Joists - Steel,,,,23.25.30.21.14.11,,,,,1,0.00°,15'-2 1/2",,30'-4",31'-8",0",1/2",0",,,,,,118.75 lbm,,,,By Type,,Default,,K-Series Bar Joist-Angle Web,K-Series Bar Joist-Angle Web: 16K6,,,1KpZCW3Gn25x9tpICCoFAh,,Both joins enabled,,,,,,,0 SF,New Construction,None,,,,,L4 TOS,31'-8",Not Defined,,0",1/2",0",,,,,Steel,Joist,15'-2 1/2",16K6,,,3ZT5EhLQn6JfRlijT8hoc2,,,,0.24 CF,0.00 lbm,Origin,0",Top,0"
B1010350,Joists - Steel,,,,23.25.30.21.14.11,,,,,1,0.00°,14'-10",,30'-4",31'-8",0",1/2",0",,,,,,115.72 lbm,,,,By Type,,Default,,K-Series Bar Joist-Angle Web,K-Series Bar Joist-Angle Web: 16K6,,,1KpZCW3Gn25x9tpICCoFAZ,,Both joins enabled,,,,,,,0 SF,New Construction,None,,,,,L4 TOS,31'-8",Not Defined,,0",1/2",0",,,,,Steel,Joist,14'-10",16K6,,,3ZT5EhLQn6JfRlijT8hoc2,,,,0.24 CF,0.00 lbm,Origin,0",Top,0"
B1010350,Joists - Steel,,,,23.25.30.21.14.11,,,,,1,0.00°,14'-10",,30'-4",31'-8",0",1/2",0",,,,,,115.72 lbm,,,,By Type,,Default,,K-Series Bar Joist-Angle Web,K-Series Bar Joist-Angle Web: 16K6,,,1KpZCW3Gn25x9tpICCoFAY,,Both joins enabled,,,,,,,0 SF,New Construction,None,,,,,L4 TOS,31'-8",Not Defined,,0",1/2",0",,,,,Steel,Joist,14'-10",16K6,,,3ZT5EhLQn6JfRlijT8hoc2,,,,0.24 CF,0.00 lbm,Origin,0",Top,0"
B1010350,Joists - Steel,,,,23.25.30.21.14.11,,,,,1,0.00°,14'-10",,30'-4",31'-8",0",1/2",0",,,,,,115.72 lbm,,,,By Type,,Default,,K-Series Bar Joist-Angle Web,K-Series Bar Joist-Angle Web: 16K6,,,1KpZCW3Gn25x9tpICCoFAX,,Both joins enabled,,,,,,,0 SF,New Construction,None,,,,,L4 TOS,31'-8",Not Defined,,0",1/2",0",,,,,Steel,Joist,14'-10",16K6,,,3ZT5EhLQn6JfRlijT8hoc2,,,,0.24 CF,0.00 lbm,Origin,0",Top,0"
B1010350,Joists - Steel,,,,23.25.30.21.14.11,,,,,1,0.00°,14'-10",,30'-4",31'-8",0",1/2",0",,,,,,115.72 lbm,,,,By Type,,Default,,K-Series Bar Joist-Angle Web,K-Series Bar Joist-Angle Web: 16K6,,,1KpZCW3Gn25x9tpICCoFAW,,Both joins enabled,,,,,,,0 SF,New Construction,None,,,,,L4 TOS,31'-8",Not Defined,,0",1/2",0",,,,,Steel,Joist,14'-10",16K6,,,3ZT5EhLQn6JfRlijT8hoc2,,,,0.24 CF,0.00 lbm,Origin,0",Top,0"
B1010350,Joists - Steel,,,,23.25.30.21.14.11,,,,,1,0.00°,14'-10",,30'-4",31'-8",0",1/2",0",,,,,,115.72 lbm,,,,By Type,,Default,,K-Series Bar Joist-Angle Web,K-Series Bar Joist-Angle Web: 16K6,,,1KpZCW3Gn25x9tpICCoFAd,,Both joins enabled,,,,,,,0 SF,New Construction,None,,,,,L4 TOS,31'-8",Not Defined,,0",1/2",0",,,,,Steel,Joist,14'-10",16K6,,,3ZT5EhLQn6JfRlijT8hoc2,,,,0.24 CF,0.00 lbm,Origin,0",Top,0"
B1010350,Joists - Steel,,,,23.25.30.21.14.11,,,,,1,0.00°,14'-10",,30'-4",31'-8",0",1/2",0",,,,,,115.72 lbm,,,,By Type,,Default,,K-Series Bar Joist-Angle Web,K-Series Bar Joist-Angle Web: 16K6,,,1KpZCW3Gn25x9tpICCoFAc,,Both joins enabled,,,,,,,0 SF,New Construction,None,,,,,L4 TOS,31'-8",Not Defined,,0",1/2",0",,,,,Steel,Joist,14'-10",16K6,,,3ZT5EhLQn6JfRlijT8hoc2,,,,0.24 CF,0.00 lbm,Origin,0",Top,0"
B1010350,Joists - Steel,,,,23.25.30.21.14.11,,,,,1,0.00°,14'-10",,30'-4",31'-8",0",1/2",0",,,,,,115.72 lbm,,,,By Type,,Default,,K-Series Bar Joist-Angle Web,K-Series Bar Joist-Angle Web: 16K6,,,1KpZCW3Gn25x9tpICCoFAb,,Both joins enabled,,,,,,,0 SF,New Construction,None,,,,,L4 TOS,31'-8",Not Defined,,0",1/2",0",,,,,Steel,Joist,14'-10",16K6,,,3ZT5EhLQn6JfRlijT8hoc2,,,,0.24 CF,0.00 lbm,Origin,0",Top,0"
B1010350,Joists - Steel,,,,23.25.30.21.14.11,,,,,1,0.00°,14'-10",,30'-4",31'-8",0",1/2",0",,,,,,115.72 lbm,,,,By Type,,Default,,K-Series Bar Joist-Angle Web,K-Series Bar Joist-Angle Web: 16K6,,,1KpZCW3Gn25x9tpICCoFAo,,Both joins enabled,,,,,,,0 SF,New Construction,None,,,,,L4 TOS,31'-8",Not Defined,,0",1/2",0",,,,,Steel,Joist,14'-10",16K6,,,3ZT5EhLQn6JfRlijT8hoc2,,,,0.24 CF,0.00 lbm,Origin,0",Top,0"
B1010350,Joists - Steel,,,,23.25.30.21.14.11,,,,,1,0.00°,14'-10",,30'-4",31'-8",0",1/2",0",,,,,,115.72 lbm,,,,By Type,,Default,,K-Series Bar Joist-Angle Web,K-Series Bar Joist-Angle Web: 16K6,,,1KpZCW3Gn25x9tpICCoFAn,,Both joins enabled,,,,,,,0 SF,New Construction,None,,,,,L4 TOS,31'-8",Not Defined,,0",1/2",0",,,,,Steel,Joist,14'-10",16K6,,,3ZT5EhLQn6JfRlijT8hoc2,,,,0.24 CF,0.00 lbm,Origin,0",Top,0"
B1010350,Joists - Steel,,,,23.25.30.21.14.11,,,,,1,0.00°,14'-10",,30'-4",31'-8",0",1/2",0",,,,,,115.72 lbm,,,,By Type,,Default,,K-Series Bar Joist-Angle Web,K-Series Bar Joist-Angle Web: 16K6,,,1KpZCW3Gn25x9tpICCoFAm,,Both joins enabled,,,,,,,0 SF,New Construction,None,,,,,L4 TOS,31'-8",Not Defined,,0",1/2",0",,,,,Steel,Joist,14'-10",16K6,,,3ZT5EhLQn6JfRlijT8hoc2,,,,0.24 CF,0.00 lbm,Origin,0",Top,0"
B1010350,Joists - Steel,,,,23.25.30.21.14.11,,,,,1,0.00°,14'-10",,30'-4",31'-8",0",1/2",0",,,,,,115.72 lbm,,,,By Type,,Default,,K-Series Bar Joist-Angle Web,K-Series Bar Joist-Angle Web: 16K6,,,1KpZCW3Gn25x9tpICCoFAt,,Both joins enabled,,,,,,,0 SF,New Construction,None,,,,,L4 TOS,31'-8",Not Defined,,0",1/2",0",,,,,Steel,Joist,14'-10",16K6,,,3ZT5EhLQn6JfRlijT8hoc2,,,,0.24 CF,0.00 lbm,Origin,0",Top,0"
B1010350,Joists - Steel,,,,23.25.30.21.14.11,,,,,1,0.00°,14'-10",,30'-4",31'-8",0",1/2",0",,,,,,115.72 lbm,,,,By Type,,Default,,K-Series Bar Joist-Angle Web,K-Series Bar Joist-Angle Web: 16K6,,,1KpZCW3Gn25x9tpICCoFAs,,Both joins enabled,,,,,,,0 SF,New Construction,None,,,,,L4 TOS,31'-8",Not Defined,,0",1/2",0",,,,,Steel,Joist,14'-10",16K6,,,3ZT5EhLQn6JfRlijT8hoc2,,,,0.24 CF,0.00 lbm,Origin,0",Top,0"
B1010350,Joists - Steel,,,,23.25.30.21.14.11,,,,,1,0.00°,14'-10",,30'-4",31'-8",0",1/2",0",,,,,,115.72 lbm,,,,By Type,,Default,,K-Series Bar Joist-Angle Web,K-Series Bar Joist-Angle Web: 16K6,,,1KpZCW3Gn25x9tpICCoFAr,,Both joins enabled,,,,,,,0 SF,New Construction,None,,,,,L4 TOS,31'-8",Not Defined,,0",1/2",0",,,,,Steel,Joist,14'-10",16K6,,,3ZT5EhLQn6JfRlijT8hoc2,,,,0.24 CF,0.00 lbm,Origin,0",Top,0"
B1010350,Joists - Steel,,,,23.25.30.21.14.11,,,,,1,0.00°,14'-10",,30'-4",31'-8",0",1/2",0",,,,,,115.72 lbm,,,,By Type,,Default,,K-Series Bar Joist-Angle Web,K-Series Bar Joist-Angle Web: 16K6,,,1KpZCW3Gn25x9tpICCoFAq,,Both joins enabled,,,,,,,0 SF,New Construction,None,,,,,L4 TOS,31'-8",Not Defined,,0",1/2",0",,,,,Steel,Joist,14'-10",16K6,,,3ZT5EhLQn6JfRlijT8hoc2,,,,0.24 CF,0.00 lbm,Origin,0",Top,0"
B1010350,Joists - Steel,,,,23.25.30.21.14.11,,,,,1,0.00°,14'-10",,30'-4",31'-8",0",1/2",0",,,,,,115.72 lbm,,,,By Type,,Default,,K-Series Bar Joist-Angle Web,K-Series Bar Joist-Angle Web: 16K6,,,1KpZCW3Gn25x9tpICCoF9B,,Both joins enabled,,,,,,,0 SF,New Construction,None,,,,,L4 TOS,31'-8",Not Defined,,0",1/2",0",,,,,Steel,Joist,14'-10",16K6,,,3ZT5EhLQn6JfRlijT8hoc2,,,,0.24 CF,0.00 lbm,Origin,0",Top,0"
B1010350,Joists - Steel,,,,23.25.30.21.14.11,,,,,1,0.00°,14'-10",,30'-4",31'-8",0",1/2",0",,,,,,115.72 lbm,,,,By Type,,Default,,K-Series Bar Joist-Angle Web,K-Series Bar Joist-Angle Web: 16K6,,,1KpZCW3Gn25x9tpICCoF9A,,Both joins enabled,,,,,,,0 SF,New Construction,None,,,,,L4 TOS,31'-8",Not Defined,,0",1/2",0",,,,,Steel,Joist,14'-10",16K6,,,3ZT5EhLQn6JfRlijT8hoc2,,,,0.24 CF,0.00 lbm,Origin,0",Top,0"
B1010350,Joists - Steel,,,,23.25.30.21.14.11,,,,,1,0.00°,13'-1 7/8",,30'-4",31'-8",0",1/2",0",,,,,,100.58 lbm,,,,By Type,,Default,,K-Series Bar Joist-Angle Web,K-Series Bar Joist-Angle Web: 16K6,,,1KpZCW3Gn25x9tpICCoF9O,,Both joins enabled,,,,,,,0 SF,New Construction,None,,,,,L4 TOS,31'-8",Not Defined,,0",1/2",0",,,,,Steel,Joist,13'-1 7/8",16K6,,,3ZT5EhLQn6JfRlijT8hoc2,,,,0.21 CF,0.00 lbm,Origin,0",Top,0"
B1010350,Joists - Steel,,,,23.25.30.21.14.11,,,,,1,0.00°,13'-4 7/16",,30'-4",31'-8",0",1/2",0",,,,,,102.31 lbm,,,,By Type,,Default,,K-Series Bar Joist-Angle Web,K-Series Bar Joist-Angle Web: 16K6,,,1KpZCW3Gn25x9tpICCoF9V,,Both joins enabled,,,,,,,0 SF,New Construction,None,,,,,L4 TOS,31'-8",Not Defined,,0",1/2",0",,,,,Steel,Joist,13'-4 7/16",16K6,,,3ZT5EhLQn6JfRlijT8hoc2,,,,0.21 CF,0.00 lbm,Origin,0",Top,0"
B1010350,Joists - Steel,,,,23.25.30.21.14.11,,,,,1,0.00°,13'-7 1/16",,30'-4",31'-8",0",1/2",0",,,,,,104.08 lbm,,,,By Type,,Default,,K-Series Bar Joist-Angle Web,K-Series Bar Joist-Angle Web: 16K6,,,1KpZCW3Gn25x9tpICCoF9U,,Both joins enabled,,,,,,,0 SF,New Construction,None,,,,,L4 TOS,31'-8",Not Defined,,0",1/2",0",,,,,Steel,Joist,13'-7 1/16",16K6,,,3ZT5EhLQn6JfRlijT8hoc2,,,,0.21 CF,0.00 lbm,Origin,0",Top,0"
B1010350,Joists - Steel,,,,23.25.30.21.14.11,,,,,1,0.00°,13'-9 5/8",,30'-4",31'-8",0",1/2",0",,,,,,105.81 lbm,,,,By Type,,Default,,K-Series Bar Joist-Angle Web,K-Series Bar Joist-Angle Web: 16K6,,,1KpZCW3Gn25x9tpICCoF9T,,Both joins enabled,,,,,,,0 SF,New Construction,None,,,,,L4 TOS,31'-8",Not Defined,,0",1/2",0",,,,,Steel,Joist,13'-9 5/8",16K6,,,3ZT5EhLQn6JfRlijT8hoc2,,,,0.22 CF,0.00 lbm,Origin,0",Top,0"
B1010350,Joists - Steel,,,,23.25.30.21.14.11,,,,,1,0.00°,14'-0 3/16",,30'-4",31'-8",0",1/2",0",,,,,,109.12 lbm,,,,By Type,,Default,,K-Series Bar Joist-Angle Web,K-Series Bar Joist-Angle Web: 16K6,,,1KpZCW3Gn25x9tpICCoF9S,,Both joins enabled,,,,,,,0 SF,New Construction,None,,,,,L4 TOS,31'-8",Not Defined,,0",1/2",0",,,,,Steel,Joist,14'-0 3/16",16K6,,,3ZT5EhLQn6JfRlijT8hoc2,,,,0.22 CF,0.00 lbm,Origin,0",Top,0"
B1010350,Joists - Steel,,,,23.25.30.21.14.11,,,,,1,0.00°,15'-2 1/2",,30'-4",31'-8",0",1/2",0",,,,,,118.75 lbm,,,,By Type,,Default,,K-Series Bar Joist-Angle Web,K-Series Bar Joist-Angle Web: 16K6,,,1KpZCW3Gn25x9tpICCoF9K,,Both joins enabled,,,,,,,0 SF,New Construction,None,,,,,L4 TOS,31'-8",Not Defined,,0",1/2",0",,,,,Steel,Joist,15'-2 1/2",16K6,,,3ZT5EhLQn6JfRlijT8hoc2,,,,0.24 CF,0.00 lbm,Origin,0",Top,0"
B1010350,Joists - Steel,,,,23.25.30.21.14.11,,,,,1,0.00°,15'-2 1/2",,30'-4",31'-8",0",1/2",0",,,,,,118.75 lbm,,,,By Type,,Default,,K-Series Bar Joist-Angle Web,K-Series Bar Joist-Angle Web: 16K6,,,1KpZCW3Gn25x9tpICCoF9h,,Both joins enabled,,,,,,,0 SF,New Construction,None,,,,,L4 TOS,31'-8",Not Defined,,0",1/2",0",,,,,Steel,Joist,15'-2 1/2",16K6,,,3ZT5EhLQn6JfRlijT8hoc2,,,,0.24 CF,0.00 lbm,Origin,0",Top,0"
B1010350,Joists - Steel,,,,23.25.30.21.14.11,,,,,1,0.00°,15'-2 1/2",,30'-4",31'-8",0",1/2",0",,,,,,118.75 lbm,,,,By Type,,Default,,K-Series Bar Joist-Angle Web,K-Series Bar Joist-Angle Web: 16K6,,,1KpZCW3Gn25x9tpICCoF9g,,Both joins enabled,,,,,,,0 SF,New Construction,None,,,,,L4 TOS,31'-8",Not Defined,,0",1/2",0",,,,,Steel,Joist,15'-2 1/2",16K6,,,3ZT5EhLQn6JfRlijT8hoc2,,,,0.24 CF,0.00 lbm,Origin,0",Top,0"
B1010350,Joists - Steel,,,,23.25.30.21.14.11,,,,,1,0.00°,15'-2 1/2",,30'-4",31'-8",0",1/2",0",,,,,,118.75 lbm,,,,By Type,,Default,,K-Series Bar Joist-Angle Web,K-Series Bar Joist-Angle Web: 16K6,,,1KpZCW3Gn25x9tpICCoF9f,,Both joins enabled,,,,,,,0 SF,New Construction,None,,,,,L4 TOS,31'-8",Not Defined,,0",1/2",0",,,,,Steel,Joist,15'-2 1/2",16K6,,,3ZT5EhLQn6JfRlijT8hoc2,,,,0.24 CF,0.00 lbm,Origin,0",Top,0"
B10,Superstructure,,,,23.25.30.11.14.14,,,,,1,0.00°,21'-1 109/128",,30'-1 115/128",31'-8",0",1/2",0",,,,,,1184.92 lbm,,,,By Type,,Default,,W Shapes,W Shapes: W18x55,,,1KpZCW3Gn25x9tpICCoF9e,,Both joins enabled,,,,,,,1,107 SF,New Construction,None,,,,,L4 TOS,31'-8",I-shape Parallel Flange,,0",1/2",0",,,,,Steel,Girder,22'-5",W18x55,,,1_y_hNQfD4N8RbeJZCV0vP,,,,2.42 CF,1166.12 lbm,Origin,0",Top,0"
B10,Superstructure,,,,23.25.30.11.14.14,,,,,1,0.00°,15'-9 1/2",,30'-1 115/128",31'-8",0",1/2",0",,,,,,884.86 lbm,,,,By Type,,Default,,W Shapes,W Shapes: W18x55,,,1KpZCW3Gn25x9tpICCoF9k,,Both joins enabled,,,,,,,825 SF,New Construction,None,,,,,L4 TOS,31'-8",I-shape Parallel Flange,,0",1/2",0",,,,,Steel,Girder,16'-8 1/2",W18x55,,,1_y_hNQfD4N8RbeJZCV0vP,,,,1.81 CF,870.52 lbm,Origin,0",Top,0"
B1010350,Joists - Steel,,,,23.25.30.21.14.11,,,,,1,0.00°,22'-3",,30'-4",31'-8",0",1/2",0",,,,,,183.60 lbm,,,,By Type,,Default,,K-Series Bar Joist-Angle Web,K-Series Bar Joist-Angle Web: 16K6,,,1KpZCW3Gn25x9tpICCoF80,,Both joins enabled,,,,,,,0 SF,New Construction,None,,,,,L4 TOS,31'-8",Not Defined,,0",1/2",0",,,,,Steel,Joist,22'-3",16K6,,,3ZT5EhLQn6JfRlijT8hoc2,,,,0.37 CF,0.00 lbm,Origin,0",Top,0"
B1010350,Joists - Steel,,,,23.25.30.21.14.11,,,,,1,0.00°,22'-3",,30'-4",31'-8",0",1/2",0",,,,,,183.60 lbm,,,,By Type,,Default,,K-Series Bar Joist-Angle Web,K-Series Bar Joist-Angle Web: 16K6,,,1KpZCW3Gn25x9tpICCoF87,,Both joins enabled,,,,,,,0 SF,New Construction,None,,,,,L4 TOS,31'-8",Not Defined,,0",1/2",0",,,,,Steel,Joist,22'-3",16K6,,,3ZT5EhLQn6JfRlijT8hoc2,,,,0.37 CF,0.00 lbm,Origin,0",Top,0"
B1010350,Joists - Steel,,,,23.25.30.21.14.11,,,,,1,0.00°,22'-3",,30'-4",31'-8",0",1/2",0",,,,,,183.60 lbm,,,,By Type,,Default,,K-Series Bar Joist-Angle Web,K-Series Bar Joist-Angle Web: 16K6,,,1KpZCW3Gn25x9tpICCoF86,,Both joins enabled,,,,,,,0 SF,New Construction,None,,,,,L4 TOS,31'-8",Not Defined,,0",1/2",0",,,,,Steel,Joist,22'-3",16K6,,,3ZT5EhLQn6JfRlijT8hoc2,,,,0.37 CF,0.00 lbm,Origin,0",Top,0"
B1010350,Joists - Steel,,,,23.25.30.21.14.11,,,,,1,0.00°,22'-3",,30'-4",31'-8",0",1/2",0",,,,,,183.60 lbm,,,,By Type,,Default,,K-Series Bar Joist-Angle Web,K-Series Bar Joist-Angle Web: 16K6,,,1KpZCW3Gn25x9tpICCoF85,,Both joins enabled,,,,,,,0 SF,New Construction,None,,,,,L4 TOS,31'-8",Not Defined,,0",1/2",0",,,,,Steel,Joist,22'-3",16K6,,,3ZT5EhLQn6JfRlijT8hoc2,,,,0.37 CF,0.00 lbm,Origin,0",Top,0"
B10,Superstructure,,,,23.25.30.11.14.14,,,,,1,0.00°,14'-2",,29'-11 51/128",31'-5 1/2",0",0",0",,,,,,793.53 lbm,,,,By Type,,Default,,W Shapes,W Shapes: W18x55,,,1KpZCW3Gn25x9tpICCoF8S,,Both joins enabled,,,,,,,720 SF,New Construction,None,,,,,L4 TOS,31'-8",I-shape Parallel Flange,,0",,0",,,,,Steel,Girder,14'-7",W18x55,,,1_y_hNQfD4N8RbeJZCV0vP,,,,1.62 CF,780.94 lbm,Origin,0",Top,-2 1/2"
B10,Superstructure,,,,23.25.30.11.14.14,,,,,1,0.00°,6'-3 129/256",,30'-9 39/64",31'-5 1/2",0",0",0",,,,,,70.50 lbm,,,,By Type,,Default,,W Shapes,W Shapes: W8x10,,,1KpZCW3Gn25x9tpICCoF8I,,Both joins enabled,,,,,,,352 SF,New Construction,None,,,,,L4 TOS,31'-8",I-shape Parallel Flange,,0",0",0",,,,,Steel,Joist,7'-1 103/256",W8x10,,,2GjH11r995hxaZhII5NFtk,,,,0.14 CF,63.38 lbm,Origin,0",Top,-2 1/2"
B10,Superstructure,,,,23.25.30.11.14.14,,,,,1,0.00°,13'-3 45/128",,30'-1 115/128",31'-8",0",,0",,,,,,743.82 lbm,,,,By Type,,Default,,W Shapes,W Shapes: W18x55,,,1KpZCW3Gn25x9tpICCoF8H,,Both joins enabled,,,,,,,696 SF,New Construction,None,,,,,L4 TOS,31'-8",I-shape Parallel Flange,,0",1/2",0",,,,,Steel,Girder,14'-1",W18x55,,,1_y_hNQfD4N8RbeJZCV0vP,,,,1.52 CF,732.01 lbm,Origin,0",Top,0"
B1010350,Joists - Steel,,,,23.25.30.21.14.11,,,,,1,0.00°,9'-7",,30'-4",31'-8",0",1/2",0",,,,,,68.51 lbm,,,,By Type,,Default,,K-Series Bar Joist-Angle Web,K-Series Bar Joist-Angle Web: 16K6,,,1KpZCW3Gn25x9tpICCoF8x,,Both joins enabled,,,,,,,0 SF,New Construction,None,,,,,L4 TOS,31'-8",Not Defined,,0",1/2",0",,,,,Steel,Joist,9'-7",16K6,,,3ZT5EhLQn6JfRlijT8hoc2,,,,0.14 CF,0.00 lbm,Origin,0",Top,0"
B1010350,Joists - Steel,,,,23.25.30.21.14.11,,,,,1,0.00°,22'-3",,30'-4",31'-8",0",1/2",0",,,,,,183.60 lbm,,,,By Type,,Default,,K-Series Bar Joist-Angle Web,K-Series Bar Joist-Angle Web: 16K6,,,1KpZCW3Gn25x9tpICCoF8w,,Both joins enabled,,,,,,,0 SF,New Construction,None,,,,,L4 TOS,31'-8",Not Defined,,0",1/2",0",,,,,Steel,Joist,22'-3",16K6,,,3ZT5EhLQn6JfRlijT8hoc2,,,,0.37 CF,0.00 lbm,Origin,0",Top,0"
B1010350,Joists - Steel,,,,23.25.30.21.14.11,,,,,1,0.00°,22'-3",,30'-4",31'-8",0",1/2",0",,,,,,183.60 lbm,,,,By Type,,Default,,K-Series Bar Joist-Angle Web,K-Series Bar Joist-Angle Web: 16K6,,,1KpZCW3Gn25x9tpICCoF8v,,Both joins enabled,,,,,,,0 SF,New Construction,None,,,,,L4 TOS,31'-8",Not Defined,,0",1/2",0",,,,,Steel,Joist,22'-3",16K6,,,3ZT5EhLQn6JfRlijT8hoc2,,,,0.37 CF,0.00 lbm,Origin,0",Top,0"
B1010350,Joists - Steel,,,,23.25.30.21.14.11,,,,,1,0.00°,22'-3",,30'-4",31'-8",0",1/2",0",,,,,,183.60 lbm,,,,By Type,,Default,,K-Series Bar Joist-Angle Web,K-Series Bar Joist-Angle Web: 16K6,,,1KpZCW3Gn25x9tpICCoF8u,,Both joins enabled,,,,,,,0 SF,New Construction,None,,,,,L4 TOS,31'-8",Not Defined,,0",1/2",0",,,,,Steel,Joist,22'-3",16K6,,,3ZT5EhLQn6JfRlijT8hoc2,,,,0.37 CF,0.00 lbm,Origin,0",Top,0"
B1010350,Joists - Steel,,,,23.25.30.21.14.11,,,,,1,0.00°,22'-3",,30'-4",31'-8",0",1/2",0",,,,,,183.60 lbm,,,,By Type,,Default,,K-Series Bar Joist-Angle Web,K-Series Bar Joist-Angle Web: 16K6,,,1KpZCW3Gn25x9tpICCoF8$,,Both joins enabled,,,,,,,0 SF,New Construction,None,,,,,L4 TOS,31'-8",Not Defined,,0",1/2",0",,,,,Steel,Joist,22'-3",16K6,,,3ZT5EhLQn6JfRlijT8hoc2,,,,0.37 CF,0.00 lbm,Origin,0",Top,0"
B1010350,Joists - Steel,,,,23.25.30.21.14.11,,,,,1,0.00°,22'-3",,30'-4",31'-8",0",1/2",0",,,,,,183.60 lbm,,,,By Type,,Default,,K-Series Bar Joist-Angle Web,K-Series Bar Joist-Angle Web: 16K6,,,1KpZCW3Gn25x9tpICCoF8_,,Both joins enabled,,,,,,,0 SF,New Construction,None,,,,,L4 TOS,31'-8",Not Defined,,0",1/2",0",,,,,Steel,Joist,22'-3",16K6,,,3ZT5EhLQn6JfRlijT8hoc2,,,,0.37 CF,0.00 lbm,Origin,0",Top,0"
B1010350,Joists - Steel,,,,23.25.30.21.14.11,,,,,1,0.00°,22'-3",,30'-4",31'-8",0",1/2",0",,,,,,183.60 lbm,,,,By Type,,Default,,K-Series Bar Joist-Angle Web,K-Series Bar Joist-Angle Web: 16K6,,,1KpZCW3Gn25x9tpICCoF8z,,Both joins enabled,,,,,,,0 SF,New Construction,None,,,,,L4 TOS,31'-8",Not Defined,,0",1/2",0",,,,,Steel,Joist,22'-3",16K6,,,3ZT5EhLQn6JfRlijT8hoc2,,,,0.37 CF,0.00 lbm,Origin,0",Top,0"
B1010350,Joists - Steel,,,,23.25.30.21.14.11,,,,,1,0.00°,22'-3",,30'-4",31'-8",0",1/2",0",,,,,,183.60 lbm,,,,By Type,,Default,,K-Series Bar Joist-Angle Web,K-Series Bar Joist-Angle Web: 16K6,,,1KpZCW3Gn25x9tpICCoF8y,,Both joins enabled,,,,,,,0 SF,New Construction,None,,,,,L4 TOS,31'-8",Not Defined,,0",1/2",0",,,,,Steel,Joist,22'-3",16K6,,,3ZT5EhLQn6JfRlijT8hoc2,,,,0.37 CF,0.00 lbm,Origin,0",Top,0"
B1010350,Joists - Steel,,,,23.25.30.21.14.11,,,,,1,0.00°,22'-3",,30'-4",31'-8",0",1/2",0",,,,,,183.60 lbm,,,,By Type,,Default,,K-Series Bar Joist-Angle Web,K-Series Bar Joist-Angle Web: 16K6,,,1KpZCW3Gn25x9tpICCoF8p,,Both joins enabled,,,,,,,0 SF,New Construction,None,,,,,L4 TOS,31'-8",Not Defined,,0",1/2",0",,,,,Steel,Joist,22'-3",16K6,,,3ZT5EhLQn6JfRlijT8hoc2,,,,0.37 CF,0.00 lbm,Origin,0",Top,0"
B1010350,Joists - Steel,,,,23.25.30.21.14.11,,,,,1,0.00°,22'-3",,30'-4",31'-8",0",1/2",0",,,,,,183.60 lbm,,,,By Type,,Default,,K-Series Bar Joist-Angle Web,K-Series Bar Joist-Angle Web: 16K6,,,1KpZCW3Gn25x9tpICCoF8o,,Both joins enabled,,,,,,,0 SF,New Construction,None,,,,,L4 TOS,31'-8",Not Defined,,0",1/2",0",,,,,Steel,Joist,22'-3",16K6,,,3ZT5EhLQn6JfRlijT8hoc2,,,,0.37 CF,0.00 lbm,Origin,0",Top,0"
B1010350,Joists - Steel,,,,23.25.30.21.14.11,,,,,1,0.00°,22'-3",,30'-4",31'-8",0",1/2",0",,,,,,183.60 lbm,,,,By Type,,Default,,K-Series Bar Joist-Angle Web,K-Series Bar Joist-Angle Web: 16K6,,,1KpZCW3Gn25x9tpICCoF8n,,Both joins enabled,,,,,,,0 SF,New Construction,None,,,,,L4 TOS,31'-8",Not Defined,,0",1/2",0",,,,,Steel,Joist,22'-3",16K6,,,3ZT5EhLQn6JfRlijT8hoc2,,,,0.37 CF,0.00 lbm,Origin,0",Top,0"
B1010350,Joists - Steel,,,,23.25.30.21.14.11,,,,,1,0.00°,22'-3",,30'-4",31'-8",0",1/2",0",,,,,,183.60 lbm,,,,By Type,,Default,,K-Series Bar Joist-Angle Web,K-Series Bar Joist-Angle Web: 16K6,,,1KpZCW3Gn25x9tpICCoF8m,,Both joins enabled,,,,,,,0 SF,New Construction,None,,,,,L4 TOS,31'-8",Not Defined,,0",1/2",0",,,,,Steel,Joist,22'-3",16K6,,,3ZT5EhLQn6JfRlijT8hoc2,,,,0.37 CF,0.00 lbm,Origin,0",Top,0"
B1010350,Joists - Steel,,,,23.25.30.21.14.11,,,,,1,0.00°,22'-3",,30'-4",31'-8",0",1/2",0",,,,,,183.60 lbm,,,,By Type,,Default,,K-Series Bar Joist-Angle Web,K-Series Bar Joist-Angle Web: 16K6,,,1KpZCW3Gn25x9tpICCoF8t,,Both joins enabled,,,,,,,0 SF,New Construction,None,,,,,L4 TOS,31'-8",Not Defined,,0",1/2",0",,,,,Steel,Joist,22'-3",16K6,,,3ZT5EhLQn6JfRlijT8hoc2,,,,0.37 CF,0.00 lbm,Origin,0",Top,0"
B1010350,Joists - Steel,,,,23.25.30.21.14.11,,,,,1,0.00°,22'-3",,30'-4",31'-8",0",1/2",0",,,,,,183.60 lbm,,,,By Type,,Default,,K-Series Bar Joist-Angle Web,K-Series Bar Joist-Angle Web: 16K6,,,1KpZCW3Gn25x9tpICCoF8s,,Both joins enabled,,,,,,,0 SF,New Construction,None,,,,,L4 TOS,31'-8",Not Defined,,0",1/2",0",,,,,Steel,Joist,22'-3",16K6,,,3ZT5EhLQn6JfRlijT8hoc2,,,,0.37 CF,0.00 lbm,Origin,0",Top,0"
B1010350,Joists - Steel,,,,23.25.30.21.14.11,,,,,1,0.00°,22'-3",,30'-4",31'-8",0",1/2",0",,,,,,183.60 lbm,,,,By Type,,Default,,K-Series Bar Joist-Angle Web,K-Series Bar Joist-Angle Web: 16K6,,,1KpZCW3Gn25x9tpICCoF8r,,Both joins enabled,,,,,,,0 SF,New Construction,None,,,,,L4 TOS,31'-8",Not Defined,,0",1/2",0",,,,,Steel,Joist,22'-3",16K6,,,3ZT5EhLQn6JfRlijT8hoc2,,,,0.37 CF,0.00 lbm,Origin,0",Top,0"
B10,Superstructure,,,,23.25.30.11.14.14,,,,,1,0.00°,9'-6 39/128",,31'-2",31'-5 1/2",0",,0",,,,,,50.86 lbm,,,,By Type,,Default,,SF_Steel L Angle,SF_Steel L Angle: _Size,,,1KpZCW3Gn25x9tpICCoFFD,,Both joins enabled,,,,,,,0 SF,New Construction,None,,,,,L4 TOS,31'-8",L-angle,,0",-3 73/128",0",,,,,<By Category>,Purlin,9'-6 1/2",_Size,,,0Zas40lvjEVunrJVAhu7tn,,,,0.10 CF,51.21 lbm,Origin,0",Top,-2 1/2"
B1010350,Joists - Steel,,,,23.25.30.21.14.11,,,,,1,0.00°,16'-8 1/2",,30'-4",31'-8",0",1/2",0",,,,,,132.46 lbm,,,,By Type,,Default,,K-Series Bar Joist-Angle Web,K-Series Bar Joist-Angle Web: 16K6,,,1KpZCW3Gn25x9tpICCoFFP,,Both joins enabled,,,,,,,0 SF,New Construction,None,,,,,L4 TOS,31'-8",Not Defined,,0",1/2",0",,,,,Steel,Joist,16'-8 1/2",16K6,,,3ZT5EhLQn6JfRlijT8hoc2,,,,0.27 CF,0.00 lbm,Origin,0",Top,0"
B1010350,Joists - Steel,,,,23.25.30.21.14.11,,,,,1,0.00°,16'-8 1/2",,30'-4",31'-8",0",1/2",0",,,,,,132.46 lbm,,,,By Type,,Default,,K-Series Bar Joist-Angle Web,K-Series Bar Joist-Angle Web: 16K6,,,1KpZCW3Gn25x9tpICCoFFO,,Both joins enabled,,,,,,,0 SF,New Construction,None,,,,,L4 TOS,31'-8",Not Defined,,0",1/2",0",,,,,Steel,Joist,16'-8 1/2",16K6,,,3ZT5EhLQn6JfRlijT8hoc2,,,,0.27 CF,0.00 lbm,Origin,0",Top,0"
B1010350,Joists - Steel,,,,23.25.30.21.14.11,,,,,1,0.00°,16'-8 1/2",,30'-4",31'-8",0",1/2",0",,,,,,132.46 lbm,,,,By Type,,Default,,K-Series Bar Joist-Angle Web,K-Series Bar Joist-Angle Web: 16K6,,,1KpZCW3Gn25x9tpICCoFFV,,Both joins enabled,,,,,,,0 SF,New Construction,None,,,,,L4 TOS,31'-8",Not Defined,,0",1/2",0",,,,,Steel,Joist,16'-8 1/2",16K6,,,3ZT5EhLQn6JfRlijT8hoc2,,,,0.27 CF,0.00 lbm,Origin,0",Top,0"
B1010350,Joists - Steel,,,,23.25.30.21.14.11,,,,,1,0.00°,16'-8 1/2",,30'-4",31'-8",0",1/2",0",,,,,,132.46 lbm,,,,By Type,,Default,,K-Series Bar Joist-Angle Web,K-Series Bar Joist-Angle Web: 16K6,,,1KpZCW3Gn25x9tpICCoFFU,,Both joins enabled,,,,,,,0 SF,New Construction,None,,,,,L4 TOS,31'-8",Not Defined,,0",1/2",0",,,,,Steel,Joist,16'-8 1/2",16K6,,,3ZT5EhLQn6JfRlijT8hoc2,,,,0.27 CF,0.00 lbm,Origin,0",Top,0"
B1010350,Joists - Steel,,,,23.25.30.21.14.11,,,,,1,0.00°,16'-8 1/2",,30'-4",31'-8",0",1/2",0",,,,,,132.46 lbm,,,,By Type,,Default,,K-Series Bar Joist-Angle Web,K-Series Bar Joist-Angle Web: 16K6,,,1KpZCW3Gn25x9tpICCoFFT,,Both joins enabled,,,,,,,0 SF,New Construction,None,,,,,L4 TOS,31'-8",Not Defined,,0",1/2",0",,,,,Steel,Joist,16'-8 1/2",16K6,,,3ZT5EhLQn6JfRlijT8hoc2,,,,0.27 CF,0.00 lbm,Origin,0",Top,0"
B1010350,Joists - Steel,,,,23.25.30.21.14.11,,,,,1,0.00°,16'-1 1/2",,30'-4",31'-8",0",1/2",0",,,,,,127.75 lbm,,,,By Type,,Default,,K-Series Bar Joist-Angle Web,K-Series Bar Joist-Angle Web: 16K6,,,1KpZCW3Gn25x9tpICCoFFS,,Both joins enabled,,,,,,,0 SF,New Construction,None,,,,,L4 TOS,31'-8",Not Defined,,0",1/2",0",,,,,Steel,Joist,16'-1 1/2",16K6,,,3ZT5EhLQn6JfRlijT8hoc2,,,,0.26 CF,0.00 lbm,Origin,0",Top,0"
B1010350,Joists - Steel,,,,23.25.30.21.14.11,,,,,1,0.00°,16'-1 1/2",,30'-4",31'-8",0",1/2",0",,,,,,127.75 lbm,,,,By Type,,Default,,K-Series Bar Joist-Angle Web,K-Series Bar Joist-Angle Web: 16K6,,,1KpZCW3Gn25x9tpICCoFFJ,,Both joins enabled,,,,,,,0 SF,New Construction,None,,,,,L4 TOS,31'-8",Not Defined,,0",1/2",0",,,,,Steel,Joist,16'-1 1/2",16K6,,,3ZT5EhLQn6JfRlijT8hoc2,,,,0.26 CF,0.00 lbm,Origin,0",Top,0"
B1010350,Joists - Steel,,,,23.25.30.21.14.11,,,,,1,0.00°,16'-1 15/16",,30'-4",31'-8",0",1/2",0",,,,,,128.04 lbm,,,,By Type,,Default,,K-Series Bar Joist-Angle Web,K-Series Bar Joist-Angle Web: 16K6,,,1KpZCW3Gn25x9tpICCoFFg,,Both joins enabled,,,,,,,0 SF,New Construction,None,,,,,L4 TOS,31'-8",Not Defined,,0",1/2",0",,,,,Steel,Joist,16'-1 15/16",16K6,,,3ZT5EhLQn6JfRlijT8hoc2,,,,0.26 CF,0.00 lbm,Origin,0",Top,0"
B1010350,Joists - Steel,,,,23.25.30.21.14.11,,,,,1,0.00°,16'-8 1/2",,30'-4",31'-8",0",1/2",0",,,,,,132.46 lbm,,,,By Type,,Default,,K-Series Bar Joist-Angle Web,K-Series Bar Joist-Angle Web: 16K6,,,1KpZCW3Gn25x9tpICCoFFf,,Both joins enabled,,,,,,,0 SF,New Construction,None,,,,,L4 TOS,31'-8",Not Defined,,0",1/2",0",,,,,Steel,Joist,16'-8 1/2",16K6,,,3ZT5EhLQn6JfRlijT8hoc2,,,,0.27 CF,0.00 lbm,Origin,0",Top,0"
B1010350,Joists - Steel,,,,23.25.30.21.14.11,,,,,1,0.00°,16'-8 1/2",,30'-4",31'-8",0",1/2",0",,,,,,132.46 lbm,,,,By Type,,Default,,K-Series Bar Joist-Angle Web,K-Series Bar Joist-Angle Web: 16K6,,,1KpZCW3Gn25x9tpICCoFFe,,Both joins enabled,,,,,,,0 SF,New Construction,None,,,,,L4 TOS,31'-8",Not Defined,,0",1/2",0",,,,,Steel,Joist,16'-8 1/2",16K6,,,3ZT5EhLQn6JfRlijT8hoc2,,,,0.27 CF,0.00 lbm,Origin,0",Top,0"
B1010350,Joists - Steel,,,,23.25.30.21.14.11,,,,,1,0.00°,16'-8 1/2",,30'-4",31'-8",0",1/2",0",,,,,,132.46 lbm,,,,By Type,,Default,,K-Series Bar Joist-Angle Web,K-Series Bar Joist-Angle Web: 16K6,,,1KpZCW3Gn25x9tpICCoFFl,,Both joins enabled,,,,,,,0 SF,New Construction,None,,,,,L4 TOS,31'-8",Not Defined,,0",1/2",0",,,,,Steel,Joist,16'-8 1/2",16K6,,,3ZT5EhLQn6JfRlijT8hoc2,,,,0.27 CF,0.00 lbm,Origin,0",Top,0"
B1010350,Joists - Steel,,,,23.25.30.21.14.11,,,,,1,0.00°,16'-3",,30'-4",31'-8",0",,0",,,,,,128.76 lbm,,,,By Type,,Default,,K-Series Bar Joist-Angle Web,K-Series Bar Joist-Angle Web: 16K6,,,1KpZCW3Gn25x9tpICCoFFk,,Both joins enabled,,,,,,,0 SF,New Construction,None,,,,,L4 TOS,31'-8",Not Defined,,0",1/2",0",,,,,Steel,Joist,16'-3",16K6,,,3ZT5EhLQn6JfRlijT8hoc2,,,,0.26 CF,0.00 lbm,Origin,0",Top,0"
B1010350,Joists - Steel,,,,23.25.30.21.14.11,,,,,1,0.00°,16'-3",,30'-4",31'-8",0",,0",,,,,,128.76 lbm,,,,By Type,,Default,,K-Series Bar Joist-Angle Web,K-Series Bar Joist-Angle Web: 16K6,,,1KpZCW3Gn25x9tpICCoFFj,,Both joins enabled,,,,,,,0 SF,New Construction,None,,,,,L4 TOS,31'-8",Not Defined,,0",1/2",0",,,,,Steel,Joist,16'-3",16K6,,,3ZT5EhLQn6JfRlijT8hoc2,,,,0.26 CF,0.00 lbm,Origin,0",Top,0"
B1010350,Joists - Steel,,,,23.25.30.21.14.11,,,,,1,0.00°,16'-3",,30'-4",31'-8",0",,0",,,,,,128.76 lbm,,,,By Type,,Default,,K-Series Bar Joist-Angle Web,K-Series Bar Joist-Angle Web: 16K6,,,1KpZCW3Gn25x9tpICCoFFi,,Both joins enabled,,,,,,,0 SF,New Construction,None,,,,,L4 TOS,31'-8",Not Defined,,0",1/2",0",,,,,Steel,Joist,16'-3",16K6,,,3ZT5EhLQn6JfRlijT8hoc2,,,,0.26 CF,0.00 lbm,Origin,0",Top,0"
B1010350,Joists - Steel,,,,23.25.30.21.14.11,,,,,1,0.00°,16'-8 1/2",,30'-4",31'-8",0",1/2",0",,,,,,132.46 lbm,,,,By Type,,Default,,K-Series Bar Joist-Angle Web,K-Series Bar Joist-Angle Web: 16K6,,,1KpZCW3Gn25x9tpICCoFFZ,,Both joins enabled,,,,,,,0 SF,New Construction,None,,,,,L4 TOS,31'-8",Not Defined,,0",1/2",0",,,,,Steel,Joist,16'-8 1/2",16K6,,,3ZT5EhLQn6JfRlijT8hoc2,,,,0.27 CF,0.00 lbm,Origin,0",Top,0"
B1010350,Joists - Steel,,,,23.25.30.21.14.11,,,,,1,0.00°,16'-8 1/2",,30'-4",31'-8",0",1/2",0",,,,,,132.46 lbm,,,,By Type,,Default,,K-Series Bar Joist-Angle Web,K-Series Bar Joist-Angle Web: 16K6,,,1KpZCW3Gn25x9tpICCoFFY,,Both joins enabled,,,,,,,0 SF,New Construction,None,,,,,L4 TOS,31'-8",Not Defined,,0",1/2",0",,,,,Steel,Joist,16'-8 1/2",16K6,,,3ZT5EhLQn6JfRlijT8hoc2,,,,0.27 CF,0.00 lbm,Origin,0",Top,0"
B1010350,Joists - Steel,,,,23.25.30.21.14.11,,,,,1,0.00°,16'-8 1/2",,30'-4",31'-8",0",1/2",0",,,,,,132.46 lbm,,,,By Type,,Default,,K-Series Bar Joist-Angle Web,K-Series Bar Joist-Angle Web: 16K6,,,1KpZCW3Gn25x9tpICCoFFX,,Both joins enabled,,,,,,,0 SF,New Construction,None,,,,,L4 TOS,31'-8",Not Defined,,0",1/2",0",,,,,Steel,Joist,16'-8 1/2",16K6,,,3ZT5EhLQn6JfRlijT8hoc2,,,,0.27 CF,0.00 lbm,Origin,0",Top,0"
B1010350,Joists - Steel,,,,23.25.30.21.14.11,,,,,1,0.00°,16'-8 1/2",,30'-4",31'-8",0",1/2",0",,,,,,132.46 lbm,,,,By Type,,Default,,K-Series Bar Joist-Angle Web,K-Series Bar Joist-Angle Web: 16K6,,,1KpZCW3Gn25x9tpICCoFFW,,Both joins enabled,,,,,,,0 SF,New Construction,None,,,,,L4 TOS,31'-8",Not Defined,,0",1/2",0",,,,,Steel,Joist,16'-8 1/2",16K6,,,3ZT5EhLQn6JfRlijT8hoc2,,,,0.27 CF,0.00 lbm,Origin,0",Top,0"
B1010350,Joists - Steel,,,,23.25.30.21.14.11,,,,,1,0.00°,16'-8 1/2",,30'-4",31'-8",0",1/2",0",,,,,,132.46 lbm,,,,By Type,,Default,,K-Series Bar Joist-Angle Web,K-Series Bar Joist-Angle Web: 16K6,,,1KpZCW3Gn25x9tpICCoFFd,,Both joins enabled,,,,,,,0 SF,New Construction,None,,,,,L4 TOS,31'-8",Not Defined,,0",1/2",0",,,,,Steel,Joist,16'-8 1/2",16K6,,,3ZT5EhLQn6JfRlijT8hoc2,,,,0.27 CF,0.00 lbm,Origin,0",Top,0"
B1010350,Joists - Steel,,,,23.25.30.21.14.11,,,,,1,0.00°,16'-8 1/2",,30'-4",31'-8",0",1/2",0",,,,,,132.46 lbm,,,,By Type,,Default,,K-Series Bar Joist-Angle Web,K-Series Bar Joist-Angle Web: 16K6,,,1KpZCW3Gn25x9tpICCoFFc,,Both joins enabled,,,,,,,0 SF,New Construction,None,,,,,L4 TOS,31'-8",Not Defined,,0",1/2",0",,,,,Steel,Joist,16'-8 1/2",16K6,,,3ZT5EhLQn6JfRlijT8hoc2,,,,0.27 CF,0.00 lbm,Origin,0",Top,0"
B1010350,Joists - Steel,,,,23.25.30.21.14.11,,,,,1,0.00°,16'-8 1/2",,30'-4",31'-8",0",1/2",0",,,,,,132.46 lbm,,,,By Type,,Default,,K-Series Bar Joist-Angle Web,K-Series Bar Joist-Angle Web: 16K6,,,1KpZCW3Gn25x9tpICCoFFb,,Both joins enabled,,,,,,,0 SF,New Construction,None,,,,,L4 TOS,31'-8",Not Defined,,0",1/2",0",,,,,Steel,Joist,16'-8 1/2",16K6,,,3ZT5EhLQn6JfRlijT8hoc2,,,,0.27 CF,0.00 lbm,Origin,0",Top,0"
B1010350,Joists - Steel,,,,23.25.30.21.14.11,,,,,1,0.00°,16'-8 1/2",,30'-4",31'-8",0",1/2",0",,,,,,132.46 lbm,,,,By Type,,Default,,K-Series Bar Joist-Angle Web,K-Series Bar Joist-Angle Web: 16K6,,,1KpZCW3Gn25x9tpICCoFFa,,Both joins enabled,,,,,,,0 SF,New Construction,None,,,,,L4 TOS,31'-8",Not Defined,,0",1/2",0",,,,,Steel,Joist,16'-8 1/2",16K6,,,3ZT5EhLQn6JfRlijT8hoc2,,,,0.27 CF,0.00 lbm,Origin,0",Top,0"
B1010350,Joists - Steel,,,,23.25.30.21.14.11,,,,,1,0.00°,16'-8 1/2",,30'-4",31'-8",0",1/2",0",,,,,,132.46 lbm,,,,By Type,,Default,,K-Series Bar Joist-Angle Web,K-Series Bar Joist-Angle Web: 16K6,,,1KpZCW3Gn25x9tpICCoFFx,,Both joins enabled,,,,,,,0 SF,New Construction,None,,,,,L4 TOS,31'-8",Not Defined,,0",1/2",0",,,,,Steel,Joist,16'-8 1/2",16K6,,,3ZT5EhLQn6JfRlijT8hoc2,,,,0.27 CF,0.00 lbm,Origin,0",Top,0"
B1010350,Joists - Steel,,,,23.25.30.21.14.11,,,,,1,0.00°,16'-3 1/2",,30'-4",31'-8",0",1/2",0",,,,,,129.09 lbm,,,,By Type,,Default,,K-Series Bar Joist-Angle Web,K-Series Bar Joist-Angle Web: 16K6,,,1KpZCW3Gn25x9tpICCoFFw,,Both joins enabled,,,,,,,0 SF,New Construction,None,,,,,L4 TOS,31'-8",Not Defined,,0",,0",,,,,Steel,Joist,16'-3 1/2",16K6,,,3ZT5EhLQn6JfRlijT8hoc2,,,,0.26 CF,0.00 lbm,Origin,0",Top,0"
B1010350,Joists - Steel,,,,23.25.30.21.14.11,,,,,1,0.00°,16'-3 1/2",,30'-4",31'-8",0",1/2",0",,,,,,129.09 lbm,,,,By Type,,Default,,K-Series Bar Joist-Angle Web,K-Series Bar Joist-Angle Web: 16K6,,,1KpZCW3Gn25x9tpICCoFFv,,Both joins enabled,,,,,,,0 SF,New Construction,None,,,,,L4 TOS,31'-8",Not Defined,,0",,0",,,,,Steel,Joist,16'-3 1/2",16K6,,,3ZT5EhLQn6JfRlijT8hoc2,,,,0.26 CF,0.00 lbm,Origin,0",Top,0"
B1010350,Joists - Steel,,,,23.25.30.21.14.11,,,,,1,0.00°,16'-8 1/2",,30'-4",31'-8",0",1/2",0",,,,,,132.46 lbm,,,,By Type,,Default,,K-Series Bar Joist-Angle Web,K-Series Bar Joist-Angle Web: 16K6,,,1KpZCW3Gn25x9tpICCoFFu,,Both joins enabled,,,,,,,0 SF,New Construction,None,,,,,L4 TOS,31'-8",Not Defined,,0",1/2",0",,,,,Steel,Joist,16'-8 1/2",16K6,,,3ZT5EhLQn6JfRlijT8hoc2,,,,0.27 CF,0.00 lbm,Origin,0",Top,0"
B1010350,Joists - Steel,,,,23.25.30.21.14.11,,,,,1,0.00°,16'-8 1/2",,30'-4",31'-8",0",1/2",0",,,,,,132.46 lbm,,,,By Type,,Default,,K-Series Bar Joist-Angle Web,K-Series Bar Joist-Angle Web: 16K6,,,1KpZCW3Gn25x9tpICCoFF$,,Both joins enabled,,,,,,,0 SF,New Construction,None,,,,,L4 TOS,31'-8",Not Defined,,0",1/2",0",,,,,Steel,Joist,16'-8 1/2",16K6,,,3ZT5EhLQn6JfRlijT8hoc2,,,,0.27 CF,0.00 lbm,Origin,0",Top,0"
B1010350,Joists - Steel,,,,23.25.30.21.14.11,,,,,1,0.00°,16'-8 1/2",,30'-4",31'-8",0",1/2",0",,,,,,132.46 lbm,,,,By Type,,Default,,K-Series Bar Joist-Angle Web,K-Series Bar Joist-Angle Web: 16K6,,,1KpZCW3Gn25x9tpICCoFF_,,Both joins enabled,,,,,,,0 SF,New Construction,None,,,,,L4 TOS,31'-8",Not Defined,,0",1/2",0",,,,,Steel,Joist,16'-8 1/2",16K6,,,3ZT5EhLQn6JfRlijT8hoc2,,,,0.27 CF,0.00 lbm,Origin,0",Top,0"
B10,Superstructure,,,,23.25.30.11.14.14,,,,,1,0.00°,18'-11",,43'-3 51/128",44'-9 1/2",0",1/2",0",,,,,,1059.59 lbm,,,,By Type,,Default,,W Shapes,W Shapes: W18x55,,,1KpZCW3Gn25x9tpICCoFrY,,Both joins enabled,,,,,,,969 SF,New Construction,None,,,,,L5 TOS,45'-0",I-shape Parallel Flange,,0",-3",0",,,,,Steel,Girder,19'-7 1/2",W18x55,,,1_y_hNQfD4N8RbeJZCV0vP,,,,2.16 CF,1042.78 lbm,Origin,0",Top,-2 1/2"
B10,Superstructure,,,,23.25.30.11.14.14,,,,,1,0.00°,19'-11 1/2",,43'-3 51/128",44'-9 1/2",0",1/2",0",,,,,,1118.33 lbm,,,,By Type,,Default,,W Shapes,W Shapes: W18x55,,,1KpZCW3Gn25x9tpICCoFrX,,Both joins enabled,,,,,,,1,009 SF,New Construction,None,,,,,L5 TOS,45'-0",I-shape Parallel Flange,,0",,0",,,,,Steel,Girder,20'-5",W18x55,,,1_y_hNQfD4N8RbeJZCV0vP,,,,2.28 CF,1100.20 lbm,Origin,0",Top,-2 1/2"
B10,Superstructure,,,,23.25.30.11.14.14,,,,,1,0.00°,16'-5",,43'-3 51/128",44'-9 1/2",0",1/2",0",,,,,,919.56 lbm,,,,By Type,,Default,,W Shapes,W Shapes: W18x55,,,1KpZCW3Gn25x9tpICCoFrW,,Both joins enabled,,,,,,,856 SF,New Construction,None,,,,,L5 TOS,45'-0",I-shape Parallel Flange,,0",1/2",0",,,,,Steel,Girder,17'-4",W18x55,,,1_y_hNQfD4N8RbeJZCV0vP,,,,1.88 CF,904.97 lbm,Origin,0",Top,-2 1/2"
B10,Superstructure,,,,23.25.30.11.14.14,,,,,1,0.00°,22'-4 63/64",,43'-3 51/128",44'-9 1/2",0",1/2",0",,,,,,1255.57 lbm,,,,By Type,,Default,,W Shapes,W Shapes: W18x55,,,1KpZCW3Gn25x9tpICCoFrd,,Both joins enabled,,,,,,,1,191 SF,New Construction,None,,,,,L5 TOS,45'-0",I-shape Parallel Flange,,0",1/2",0",,,,,Steel,Girder,24'-1 25/128",W18x55,,,1_y_hNQfD4N8RbeJZCV0vP,,,,2.56 CF,1235.65 lbm,Origin,0",Top,-2 1/2"
B10,Superstructure,,,,23.25.30.11.14.14,,,,,1,0.00°,28'-1",,43'-3 51/128",44'-9 1/2",0",1/2",0",,,,,,1573.61 lbm,,,,By Type,,Default,,W Shapes,W Shapes: W18x55,,,1KpZCW3Gn25x9tpICCoFrb,,Both joins enabled,,,,,,,1,433 SF,New Construction,None,,,,,L5 TOS,45'-0",I-shape Parallel Flange,,0",1/2",0",,,,,Steel,Girder,29'-0",W18x55,,,1_y_hNQfD4N8RbeJZCV0vP,,,,3.21 CF,1548.09 lbm,Origin,0",Top,-2 1/2"
B10,Superstructure,,,,23.25.30.11.14.14,,,,,1,0.00°,22'-11",,43'-3 51/128",44'-9 1/2",0",1/2",0",,,,,,1283.65 lbm,,,,By Type,,Default,,W Shapes,W Shapes: W18x55,,,1KpZCW3Gn25x9tpICCoFra,,Both joins enabled,,,,,,,1,186 SF,New Construction,None,,,,,L5 TOS,45'-0",I-shape Parallel Flange,,0",1/2",0",,,,,Steel,Girder,24'-0",W18x55,,,1_y_hNQfD4N8RbeJZCV0vP,,,,2.62 CF,1263.28 lbm,Origin,0",Top,-2 1/2"
B10,Superstructure,,,,23.25.30.11.14.14,,,,,1,0.00°,19'-5",,43'-3 51/128",44'-9 1/2",0",1/2",0",,,,,,1087.60 lbm,,,,By Type,,Default,,W Shapes,W Shapes: W18x55,,,1KpZCW3Gn25x9tpICCoFrx,,Both joins enabled,,,,,,,996 SF,New Construction,None,,,,,L5 TOS,45'-0",I-shape Parallel Flange,,0",1/2",0",,,,,Steel,Girder,20'-2",W18x55,,,1_y_hNQfD4N8RbeJZCV0vP,,,,2.22 CF,1070.34 lbm,Origin,0",Top,-2 1/2"
B10,Superstructure,,,,23.25.30.11.14.14,,,,,1,0.00°,16'-4 1/2",,43'-3 51/128",44'-9 1/2",0",,0",,,,,,917.23 lbm,,,,By Type,,Default,,W Shapes,W Shapes: W18x55,,,1KpZCW3Gn25x9tpICCoFrw,,Both joins enabled,,,,,,,832 SF,New Construction,None,,,,,L5 TOS,45'-0",I-shape Parallel Flange,,0",1/2",0",,,,,Steel,Girder,16'-10",W18x55,,,1_y_hNQfD4N8RbeJZCV0vP,,,,1.87 CF,902.67 lbm,Origin,0",Top,-2 1/2"
B10,Superstructure,,,,23.25.30.11.14.14,,,,,1,0.00°,15'-2 49/128",,43'-3 51/128",44'-9 1/2",0",1/2",0",,,,,,851.32 lbm,,,,By Type,,Default,,W Shapes,W Shapes: W18x55,,,1KpZCW3Gn25x9tpICCoFrv,,Both joins enabled,,,,,,,811 SF,New Construction,None,,,,,L5 TOS,45'-0",I-shape Parallel Flange,,0",,0",,,,,Steel,Girder,16'-5 3/32",W18x55,,,1_y_hNQfD4N8RbeJZCV0vP,,,,1.74 CF,837.81 lbm,Origin,0",Top,-2 1/2"
B10,Superstructure,,,,23.25.30.11.14.14,,,,,1,0.00°,16'-0",,43'-5 115/128",45'-0",0",1/2",0",,,,,,896.53 lbm,,,,By Type,,Default,,W Shapes,W Shapes: W18x55,,,1KpZCW3Gn25x9tpICCoFru,,Both joins enabled,,,,,,,825 SF,New Construction,None,,,,,L5 TOS,45'-0",I-shape Parallel Flange,,0",-3",0",,,,,Steel,Girder,16'-8 1/2",W18x55,,,1_y_hNQfD4N8RbeJZCV0vP,,,,1.83 CF,882.00 lbm,Origin,0",Top,0"
B10,Superstructure,,,,23.25.30.11.14.14,,,,,1,0.00°,14'-4",,43'-5 77/128",45'-0",0",0",0",,,,,,1248.23 lbm,,,,By Type,,Default,,W Shapes,W Shapes: W18x86,,,1KpZCW3Gn25x9tpICCoFr$,,Both joins enabled,,,,,,,751 SF,New Construction,None,,,,,L5 TOS,45'-0",I-shape Parallel Flange,,0",1/2",0",,,,,Steel,Girder,15'-2 1/2",W18x86,,,1r4KDlPfX65ey959abbF2i,,,,2.55 CF,1233.96 lbm,Origin,0",Top,0"
B10,Superstructure,,,,23.25.30.11.14.14,,,,,1,0.00°,27'-8 141/256",,43'-3 51/128",44'-9 1/2",0",1/2",0",,,,,,1552.28 lbm,,,,By Type,,Default,,W Shapes,W Shapes: W18x55,,,1KpZCW3Gn25x9tpICCoFr_,,Both joins enabled,,,,,,,1,433 SF,New Construction,None,,,,,L5 TOS,45'-0",I-shape Parallel Flange,,0",1/2",0",,,,,Steel,Girder,29'-0",W18x55,,,1_y_hNQfD4N8RbeJZCV0vP,,,,3.17 CF,1527.65 lbm,Origin,0",Top,-2 1/2"
B10,Superstructure,,,,23.25.30.11.14.14,,,,,1,0.00°,19'-0 51/128",,43'-3 51/128",44'-9 1/2",0",1/2",0",,,,,,1066.13 lbm,,,,By Type,,Default,,W Shapes,W Shapes: W18x55,,,1KpZCW3Gn25x9tpICCoFrz,,Both joins enabled,,,,,,,996 SF,New Construction,None,,,,,L5 TOS,45'-0",I-shape Parallel Flange,,0",1/2",0",,,,,Steel,Girder,20'-2",W18x55,,,1_y_hNQfD4N8RbeJZCV0vP,,,,2.18 CF,1049.21 lbm,Origin,0",Top,-2 1/2"
B10,Superstructure,,,,23.25.30.11.14.14,,,,,1,0.00°,16'-0 51/128",,43'-3 51/128",44'-9 1/2",0",1/2",0",,,,,,898.09 lbm,,,,By Type,,Default,,W Shapes,W Shapes: W18x55,,,1KpZCW3Gn25x9tpICCoFry,,Both joins enabled,,,,,,,856 SF,New Construction,None,,,,,L5 TOS,45'-0",I-shape Parallel Flange,,0",1/2",0",,,,,Steel,Girder,17'-4",W18x55,,,1_y_hNQfD4N8RbeJZCV0vP,,,,1.83 CF,883.84 lbm,Origin,0",Top,-2 1/2"
B10,Superstructure,,,,23.25.30.11.14.14,,,,,1,0.00°,28'-1 97/128",,43'-3 51/128",44'-9 1/2",0",1/2",0",,,,,,1576.60 lbm,,,,By Type,,Default,,W Shapes,W Shapes: W18x55,,,1KpZCW3Gn25x9tpICCoFrp,,Both joins enabled,,,,,,,1,485 SF,New Construction,None,,,,,L5 TOS,45'-0",I-shape Parallel Flange,,0",1/2",0",,,,,Steel,Girder,30'-0 201/256",W18x55,,,1_y_hNQfD4N8RbeJZCV0vP,,,,3.22 CF,1551.58 lbm,Origin,0",Top,-2 1/2"
B10,Superstructure,,,,23.25.30.11.14.14,,,,,1,0.00°,21'-0 75/128",,43'-5 115/128",45'-0",0",1/2",0",,,,,,1179.03 lbm,,,,By Type,,Default,,W Shapes,W Shapes: W18x55,,,1KpZCW3Gn25x9tpICCoFro,,Both joins enabled,,,,,,,1,117 SF,New Construction,None,,,,,L5 TOS,45'-0",I-shape Parallel Flange,,0",1/2",0",,,,,Steel,Girder,22'-7 41/128",W18x55,,,1_y_hNQfD4N8RbeJZCV0vP,,,,2.41 CF,1160.32 lbm,Origin,0",Top,0"
B10,Superstructure,,,,23.25.30.11.14.14,,,,,1,0.00°,15'-5 131/256",,43'-5 115/128",45'-0",0",1/2",0",,,,,,865.94 lbm,,,,By Type,,Default,,W Shapes,W Shapes: W18x55,,,1KpZCW3Gn25x9tpICCoFrn,,Both joins enabled,,,,,,,833 SF,New Construction,None,,,,,L5 TOS,45'-0",I-shape Parallel Flange,,0",1/2",0",,,,,Steel,Girder,16'-10 59/256",W18x55,,,1_y_hNQfD4N8RbeJZCV0vP,,,,1.77 CF,852.20 lbm,Origin,0",Top,0"
B10,Superstructure,,,,23.25.30.11.14.14,,,,,1,0.00°,13'-11 23/64",,43'-5 115/128",45'-0",0",1/2",0",,,,,,781.47 lbm,,,,By Type,,Default,,W Shapes,W Shapes: W18x55,,,1KpZCW3Gn25x9tpICCoFrm,,Both joins enabled,,,,,,,758 SF,New Construction,None,,,,,L5 TOS,45'-0",I-shape Parallel Flange,,0",1/2",0",,,,,Steel,Girder,15'-4 19/256",W18x55,,,1_y_hNQfD4N8RbeJZCV0vP,,,,1.59 CF,768.80 lbm,Origin,0",Top,0"
B10,Superstructure,,,,23.25.30.11.14.14,,,,,1,0.00°,11'-9 177/256",,43'-5 115/128",45'-0",0",1/2",0",,,,,,661.38 lbm,,,,By Type,,Default,,W Shapes,W Shapes: W18x55,,,1KpZCW3Gn25x9tpICCoFrt,,Both joins enabled,,,,,,,646 SF,New Construction,None,,,,,L5 TOS,45'-0",I-shape Parallel Flange,,0",1/2",0",,,,,Steel,Girder,13'-0 237/256",W18x55,,,1_y_hNQfD4N8RbeJZCV0vP,,,,1.35 CF,650.89 lbm,Origin,0",Top,0"
B10,Superstructure,,,,23.25.30.11.14.14,,,,,1,0.00°,17'-1 29/32",,43'-3 51/128",44'-9 1/2",0",1/2",0",,,,,,961.14 lbm,,,,By Type,,Default,,W Shapes,W Shapes: W18x55,,,1KpZCW3Gn25x9tpICCoFrs,,Both joins enabled,,,,,,,935 SF,New Construction,None,,,,,L5 TOS,45'-0",I-shape Parallel Flange,,0",1/2",0",,,,,Steel,Girder,18'-11 15/128",W18x55,,,1_y_hNQfD4N8RbeJZCV0vP,,,,1.96 CF,945.89 lbm,Origin,0",Top,-2 1/2"
B10,Superstructure,,,,23.25.30.11.14.14,,,,,1,0.00°,18'-8 179/256",,43'-3 51/128",44'-9 1/2",0",1/2",0",,,,,,1048.86 lbm,,,,By Type,,Default,,W Shapes,W Shapes: W18x55,,,1KpZCW3Gn25x9tpICCoFrr,,Both joins enabled,,,,,,,969 SF,New Construction,None,,,,,L5 TOS,45'-0",I-shape Parallel Flange,,0",-3",0",,,,,Steel,Girder,19'-7 1/2",W18x55,,,1_y_hNQfD4N8RbeJZCV0vP,,,,2.14 CF,1032.22 lbm,Origin,0",Top,-2 1/2"
B10,Superstructure,,,,23.25.30.11.14.14,,,,,1,0.00°,22'-6 51/128",,43'-5 115/128",45'-0",0",1/2",0",,,,,,1262.18 lbm,,,,By Type,,Default,,W Shapes,W Shapes: W18x55,,,1KpZCW3Gn25x9tpICCoFrq,,Both joins enabled,,,,,,,1,186 SF,New Construction,None,,,,,L5 TOS,45'-0",I-shape Parallel Flange,,0",1/2",0",,,,,Steel,Girder,24'-0",W18x55,,,1_y_hNQfD4N8RbeJZCV0vP,,,,2.58 CF,1242.15 lbm,Origin,0",Top,0"
B10,Superstructure,,,,23.25.30.11.14.14,,,,,1,0.00°,19'-0 51/128",,43'-3 51/128",44'-9 1/2",0",1/2",0",,,,,,1066.13 lbm,,,,By Type,,Default,,W Shapes,W Shapes: W18x55,,,1KpZCW3Gn25x9tpICCoFqB,,Both joins enabled,,,,,,,996 SF,New Construction,None,,,,,L5 TOS,45'-0",I-shape Parallel Flange,,0",1/2",0",,,,,Steel,Girder,20'-2",W18x55,,,1_y_hNQfD4N8RbeJZCV0vP,,,,2.18 CF,1049.21 lbm,Origin,0",Top,-2 1/2"
B10,Superstructure,,,,23.25.30.11.14.14,,,,,1,0.00°,16'-0 51/128",,43'-3 51/128",44'-9 1/2",0",1/2",0",,,,,,898.09 lbm,,,,By Type,,Default,,W Shapes,W Shapes: W18x55,,,1KpZCW3Gn25x9tpICCoFqA,,Both joins enabled,,,,,,,856 SF,New Construction,None,,,,,L5 TOS,45'-0",I-shape Parallel Flange,,0",1/2",0",,,,,Steel,Girder,17'-4",W18x55,,,1_y_hNQfD4N8RbeJZCV0vP,,,,1.83 CF,883.84 lbm,Origin,0",Top,-2 1/2"
B10,Superstructure,,,,23.25.30.11.14.14,,,,,1,0.00°,19'-3 137/256",,43'-3 51/128",44'-9 1/2",0",1/2",0",,,,,,1080.76 lbm,,,,By Type,,Default,,W Shapes,W Shapes: W18x55,,,1KpZCW3Gn25x9tpICCoFq9,,Both joins enabled,,,,,,,1,045 SF,New Construction,None,,,,,L5 TOS,45'-0",I-shape Parallel Flange,,0",1/2",0",,,,,Steel,Girder,21'-1 25/32",W18x55,,,1_y_hNQfD4N8RbeJZCV0vP,,,,2.21 CF,1063.61 lbm,Origin,0",Top,-2 1/2"
B10,Superstructure,,,,23.25.30.11.14.14,,,,,1,0.00°,14'-4",,43'-5 115/128",45'-0",0",0",0",,,,,,802.86 lbm,,,,By Type,,Default,,W Shapes,W Shapes: W18x55,,,1KpZCW3Gn25x9tpICCoFq8,,Both joins enabled,,,,,,,751 SF,New Construction,None,,,,,L5 TOS,45'-0",I-shape Parallel Flange,,0",1/2",0",,,,,Steel,Girder,15'-2 1/2",W18x55,,,1_y_hNQfD4N8RbeJZCV0vP,,,,1.64 CF,790.12 lbm,Origin,0",Top,0"
B10,Superstructure,,,,23.25.30.11.14.14,,,,,1,0.00°,14'-4",,43'-5 115/128",45'-0",0",0",0",,,,,,802.86 lbm,,,,By Type,,Default,,W Shapes,W Shapes: W18x55,,,1KpZCW3Gn25x9tpICCoFqF,,Both joins enabled,,,,,,,751 SF,New Construction,None,,,,,L5 TOS,45'-0",I-shape Parallel Flange,,0",1/2",0",,,,,Steel,Girder,15'-2 1/2",W18x55,,,1_y_hNQfD4N8RbeJZCV0vP,,,,1.64 CF,790.12 lbm,Origin,0",Top,0"
B10,Superstructure,,,,23.25.30.11.14.14,,,,,1,0.00°,5'-10 97/128",,43'-5 115/128",45'-0",0",1/2",0",,,,,,330.28 lbm,,,,By Type,,Default,,W Shapes,W Shapes: W18x55,,,1KpZCW3Gn25x9tpICCoFqE,,Both joins enabled,,,,,,,337 SF,New Construction,None,,,,,L5 TOS,45'-0",I-shape Parallel Flange,,0",1/2",0",,,,,Steel,Girder,6'-9 197/256",W18x55,,,1_y_hNQfD4N8RbeJZCV0vP,,,,0.67 CF,325.04 lbm,Origin,0",Top,0"
B10,Superstructure,,,,23.25.30.11.14.14,,,,,1,0.00°,13'-9 51/256",,43'-5 115/128",45'-0",0",1/2",0",,,,,,771.12 lbm,,,,By Type,,Default,,W Shapes,W Shapes: W18x55,,,1KpZCW3Gn25x9tpICCoFqD,,Both joins enabled,,,,,,,755 SF,New Construction,None,,,,,L5 TOS,45'-0",I-shape Parallel Flange,,0",0",0",,,,,Steel,Girder,15'-3 1/2",W18x55,,,1_y_hNQfD4N8RbeJZCV0vP,,,,1.57 CF,758.89 lbm,Origin,0",Top,0"
B10,Superstructure,,,,23.25.30.11.14.14,,,,,1,0.00°,13'-9 45/128",,43'-5 115/128",45'-0",0",1/2",0",,,,,,771.82 lbm,,,,By Type,,Default,,W Shapes,W Shapes: W18x55,,,1KpZCW3Gn25x9tpICCoFqC,,Both joins enabled,,,,,,,755 SF,New Construction,None,,,,,L5 TOS,45'-0",I-shape Parallel Flange,,0",0",0",,,,,Steel,Girder,15'-3 1/2",W18x55,,,1_y_hNQfD4N8RbeJZCV0vP,,,,1.58 CF,759.58 lbm,Origin,0",Top,0"
B10,Superstructure,,,,23.25.30.11.14.14,,,,,1,0.00°,13'-9 45/128",,43'-5 115/128",45'-0",0",1/2",0",,,,,,771.82 lbm,,,,By Type,,Default,,W Shapes,W Shapes: W18x55,,,1KpZCW3Gn25x9tpICCoFq3,,Both joins enabled,,,,,,,755 SF,New Construction,None,,,,,L5 TOS,45'-0",I-shape Parallel Flange,,0",0",0",,,,,Steel,Girder,15'-3 1/2",W18x55,,,1_y_hNQfD4N8RbeJZCV0vP,,,,1.58 CF,759.58 lbm,Origin,0",Top,0"
B10,Superstructure,,,,23.25.30.11.14.14,,,,,1,0.00°,28'-1",,43'-3 51/128",44'-9 1/2",0",1/2",0",,,,,,1573.61 lbm,,,,By Type,,Default,,W Shapes,W Shapes: W18x55,,,1KpZCW3Gn25x9tpICCoFq2,,Both joins enabled,,,,,,,1,433 SF,New Construction,None,,,,,L5 TOS,45'-0",I-shape Parallel Flange,,0",1/2",0",,,,,Steel,Girder,29'-0",W18x55,,,1_y_hNQfD4N8RbeJZCV0vP,,,,3.21 CF,1548.09 lbm,Origin,0",Top,-2 1/2"
B10,Superstructure,,,,23.25.30.11.14.14,,,,,1,0.00°,19'-5",,43'-3 51/128",44'-9 1/2",0",1/2",0",,,,,,1087.60 lbm,,,,By Type,,Default,,W Shapes,W Shapes: W18x55,,,1KpZCW3Gn25x9tpICCoFq1,,Both joins enabled,,,,,,,996 SF,New Construction,None,,,,,L5 TOS,45'-0",I-shape Parallel Flange,,0",1/2",0",,,,,Steel,Girder,20'-2",W18x55,,,1_y_hNQfD4N8RbeJZCV0vP,,,,2.22 CF,1070.34 lbm,Origin,0",Top,-2 1/2"
B10,Superstructure,,,,23.25.30.11.14.14,,,,,1,0.00°,16'-4",,43'-3 51/128",44'-9 1/2",0",1/2",0",,,,,,914.89 lbm,,,,By Type,,Default,,W Shapes,W Shapes: W18x55,,,1KpZCW3Gn25x9tpICCoFq0,,Both joins enabled,,,,,,,856 SF,New Construction,None,,,,,L5 TOS,45'-0",I-shape Parallel Flange,,0",1/2",0",,,,,Steel,Girder,17'-4",W18x55,,,1_y_hNQfD4N8RbeJZCV0vP,,,,1.87 CF,900.37 lbm,Origin,0",Top,-2 1/2"
B10,Superstructure,,,,23.25.30.11.14.14,,,,,1,0.00°,6'-2 109/128",,43'-5 115/128",45'-0",0",1/2",0",,,,,,349.39 lbm,,,,By Type,,Default,,W Shapes,W Shapes: W18x55,,,1KpZCW3Gn25x9tpICCoFq7,,Both joins enabled,,,,,,,389 SF,New Construction,None,,,,,L5 TOS,45'-0",I-shape Parallel Flange,,0",1/2",0",,,,,Steel,Girder,7'-10 1/2",W18x55,,,1_y_hNQfD4N8RbeJZCV0vP,,,,0.71 CF,343.84 lbm,Origin,0",Top,0"
B1010350,Joists - Steel,,,,23.25.30.21.14.11,,,,,1,0.00°,15'-2 1/2",,43'-8",45'-0",0",1/2",0",,,,,,118.75 lbm,,,,By Type,,Default,,K-Series Bar Joist-Angle Web,K-Series Bar Joist-Angle Web: 16K6,,,1KpZCW3Gn25x9tpICCoFqV,,Both joins enabled,,,,,,,0 SF,New Construction,None,,,,,L5 TOS,45'-0",Not Defined,,0",1/2",0",,,,,Steel,Joist,15'-2 1/2",16K6,,,3ZT5EhLQn6JfRlijT8hoc2,,,,0.24 CF,0.00 lbm,Origin,0",Top,0"
B1010350,Joists - Steel,,,,23.25.30.21.14.11,,,,,1,0.00°,15'-2 1/2",,43'-8",45'-0",0",1/2",0",,,,,,118.75 lbm,,,,By Type,,Default,,K-Series Bar Joist-Angle Web,K-Series Bar Joist-Angle Web: 16K6,,,1KpZCW3Gn25x9tpICCoFqU,,Both joins enabled,,,,,,,0 SF,New Construction,None,,,,,L5 TOS,45'-0",Not Defined,,0",1/2",0",,,,,Steel,Joist,15'-2 1/2",16K6,,,3ZT5EhLQn6JfRlijT8hoc2,,,,0.24 CF,0.00 lbm,Origin,0",Top,0"
B1010350,Joists - Steel,,,,23.25.30.21.14.11,,,,,1,0.00°,15'-2 1/2",,43'-8",45'-0",0",1/2",0",,,,,,118.75 lbm,,,,By Type,,Default,,K-Series Bar Joist-Angle Web,K-Series Bar Joist-Angle Web: 16K6,,,1KpZCW3Gn25x9tpICCoFqT,,Both joins enabled,,,,,,,0 SF,New Construction,None,,,,,L5 TOS,45'-0",Not Defined,,0",1/2",0",,,,,Steel,Joist,15'-2 1/2",16K6,,,3ZT5EhLQn6JfRlijT8hoc2,,,,0.24 CF,0.00 lbm,Origin,0",Top,0"
B1010350,Joists - Steel,,,,23.25.30.21.14.11,,,,,1,0.00°,15'-2 1/2",,43'-8",45'-0",0",1/2",0",,,,,,118.75 lbm,,,,By Type,,Default,,K-Series Bar Joist-Angle Web,K-Series Bar Joist-Angle Web: 16K6,,,1KpZCW3Gn25x9tpICCoFqS,,Both joins enabled,,,,,,,0 SF,New Construction,None,,,,,L5 TOS,45'-0",Not Defined,,0",1/2",0",,,,,Steel,Joist,15'-2 1/2",16K6,,,3ZT5EhLQn6JfRlijT8hoc2,,,,0.24 CF,0.00 lbm,Origin,0",Top,0"
B1010350,Joists - Steel,,,,23.25.30.21.14.11,,,,,1,0.00°,15'-2 1/2",,43'-8",45'-0",0",1/2",0",,,,,,118.75 lbm,,,,By Type,,Default,,K-Series Bar Joist-Angle Web,K-Series Bar Joist-Angle Web: 16K6,,,1KpZCW3Gn25x9tpICCoFqJ,,Both joins enabled,,,,,,,0 SF,New Construction,None,,,,,L5 TOS,45'-0",Not Defined,,0",1/2",0",,,,,Steel,Joist,15'-2 1/2",16K6,,,3ZT5EhLQn6JfRlijT8hoc2,,,,0.24 CF,0.00 lbm,Origin,0",Top,0"
B1010350,Joists - Steel,,,,23.25.30.21.14.11,,,,,1,0.00°,15'-2 1/2",,43'-8",45'-0",0",1/2",0",,,,,,118.75 lbm,,,,By Type,,Default,,K-Series Bar Joist-Angle Web,K-Series Bar Joist-Angle Web: 16K6,,,1KpZCW3Gn25x9tpICCoFqI,,Both joins enabled,,,,,,,0 SF,New Construction,None,,,,,L5 TOS,45'-0",Not Defined,,0",1/2",0",,,,,Steel,Joist,15'-2 1/2",16K6,,,3ZT5EhLQn6JfRlijT8hoc2,,,,0.24 CF,0.00 lbm,Origin,0",Top,0"
B1010350,Joists - Steel,,,,23.25.30.21.14.11,,,,,1,0.00°,15'-2 1/2",,43'-8",45'-0",0",1/2",0",,,,,,118.75 lbm,,,,By Type,,Default,,K-Series Bar Joist-Angle Web,K-Series Bar Joist-Angle Web: 16K6,,,1KpZCW3Gn25x9tpICCoFqH,,Both joins enabled,,,,,,,0 SF,New Construction,None,,,,,L5 TOS,45'-0",Not Defined,,0",1/2",0",,,,,Steel,Joist,15'-2 1/2",16K6,,,3ZT5EhLQn6JfRlijT8hoc2,,,,0.24 CF,0.00 lbm,Origin,0",Top,0"
B1010350,Joists - Steel,,,,23.25.30.21.14.11,,,,,1,0.00°,14'-10",,43'-8",45'-0",0",1/2",0",,,,,,115.72 lbm,,,,By Type,,Default,,K-Series Bar Joist-Angle Web,K-Series Bar Joist-Angle Web: 16K6,,,1KpZCW3Gn25x9tpICCoFqf,,Both joins enabled,,,,,,,0 SF,New Construction,None,,,,,L5 TOS,45'-0",Not Defined,,0",1/2",0",,,,,Steel,Joist,14'-10",16K6,,,3ZT5EhLQn6JfRlijT8hoc2,,,,0.24 CF,0.00 lbm,Origin,0",Top,0"
B1010350,Joists - Steel,,,,23.25.30.21.14.11,,,,,1,0.00°,14'-10",,43'-8",45'-0",0",1/2",0",,,,,,115.72 lbm,,,,By Type,,Default,,K-Series Bar Joist-Angle Web,K-Series Bar Joist-Angle Web: 16K6,,,1KpZCW3Gn25x9tpICCoFqe,,Both joins enabled,,,,,,,0 SF,New Construction,None,,,,,L5 TOS,45'-0",Not Defined,,0",1/2",0",,,,,Steel,Joist,14'-10",16K6,,,3ZT5EhLQn6JfRlijT8hoc2,,,,0.24 CF,0.00 lbm,Origin,0",Top,0"
B1010350,Joists - Steel,,,,23.25.30.21.14.11,,,,,1,0.00°,14'-10",,43'-8",45'-0",0",1/2",0",,,,,,115.72 lbm,,,,By Type,,Default,,K-Series Bar Joist-Angle Web,K-Series Bar Joist-Angle Web: 16K6,,,1KpZCW3Gn25x9tpICCoFql,,Both joins enabled,,,,,,,0 SF,New Construction,None,,,,,L5 TOS,45'-0",Not Defined,,0",1/2",0",,,,,Steel,Joist,14'-10",16K6,,,3ZT5EhLQn6JfRlijT8hoc2,,,,0.24 CF,0.00 lbm,Origin,0",Top,0"
B1010350,Joists - Steel,,,,23.25.30.21.14.11,,,,,1,0.00°,14'-10",,43'-8",45'-0",0",1/2",0",,,,,,115.72 lbm,,,,By Type,,Default,,K-Series Bar Joist-Angle Web,K-Series Bar Joist-Angle Web: 16K6,,,1KpZCW3Gn25x9tpICCoFqk,,Both joins enabled,,,,,,,0 SF,New Construction,None,,,,,L5 TOS,45'-0",Not Defined,,0",1/2",0",,,,,Steel,Joist,14'-10",16K6,,,3ZT5EhLQn6JfRlijT8hoc2,,,,0.24 CF,0.00 lbm,Origin,0",Top,0"
B1010350,Joists - Steel,,,,23.25.30.21.14.11,,,,,1,0.00°,14'-10",,43'-8",45'-0",0",1/2",0",,,,,,115.72 lbm,,,,By Type,,Default,,K-Series Bar Joist-Angle Web,K-Series Bar Joist-Angle Web: 16K6,,,1KpZCW3Gn25x9tpICCoFqj,,Both joins enabled,,,,,,,0 SF,New Construction,None,,,,,L5 TOS,45'-0",Not Defined,,0",1/2",0",,,,,Steel,Joist,14'-10",16K6,,,3ZT5EhLQn6JfRlijT8hoc2,,,,0.24 CF,0.00 lbm,Origin,0",Top,0"
B1010350,Joists - Steel,,,,23.25.30.21.14.11,,,,,1,0.00°,14'-10",,43'-8",45'-0",0",1/2",0",,,,,,115.72 lbm,,,,By Type,,Default,,K-Series Bar Joist-Angle Web,K-Series Bar Joist-Angle Web: 16K6,,,1KpZCW3Gn25x9tpICCoFqi,,Both joins enabled,,,,,,,0 SF,New Construction,None,,,,,L5 TOS,45'-0",Not Defined,,0",1/2",0",,,,,Steel,Joist,14'-10",16K6,,,3ZT5EhLQn6JfRlijT8hoc2,,,,0.24 CF,0.00 lbm,Origin,0",Top,0"
B1010350,Joists - Steel,,,,23.25.30.21.14.11,,,,,1,0.00°,14'-10",,43'-8",45'-0",0",1/2",0",,,,,,115.72 lbm,,,,By Type,,Default,,K-Series Bar Joist-Angle Web,K-Series Bar Joist-Angle Web: 16K6,,,1KpZCW3Gn25x9tpICCoFqZ,,Both joins enabled,,,,,,,0 SF,New Construction,None,,,,,L5 TOS,45'-0",Not Defined,,0",1/2",0",,,,,Steel,Joist,14'-10",16K6,,,3ZT5EhLQn6JfRlijT8hoc2,,,,0.24 CF,0.00 lbm,Origin,0",Top,0"
B1010350,Joists - Steel,,,,23.25.30.21.14.11,,,,,1,0.00°,14'-10",,43'-8",45'-0",0",1/2",0",,,,,,115.72 lbm,,,,By Type,,Default,,K-Series Bar Joist-Angle Web,K-Series Bar Joist-Angle Web: 16K6,,,1KpZCW3Gn25x9tpICCoFqu,,Both joins enabled,,,,,,,0 SF,New Construction,None,,,,,L5 TOS,45'-0",Not Defined,,0",1/2",0",,,,,Steel,Joist,14'-10",16K6,,,3ZT5EhLQn6JfRlijT8hoc2,,,,0.24 CF,0.00 lbm,Origin,0",Top,0"
B1010350,Joists - Steel,,,,23.25.30.21.14.11,,,,,1,0.00°,14'-10",,43'-8",45'-0",0",1/2",0",,,,,,115.72 lbm,,,,By Type,,Default,,K-Series Bar Joist-Angle Web,K-Series Bar Joist-Angle Web: 16K6,,,1KpZCW3Gn25x9tpICCoFq$,,Both joins enabled,,,,,,,0 SF,New Construction,None,,,,,L5 TOS,45'-0",Not Defined,,0",1/2",0",,,,,Steel,Joist,14'-10",16K6,,,3ZT5EhLQn6JfRlijT8hoc2,,,,0.24 CF,0.00 lbm,Origin,0",Top,0"
B1010350,Joists - Steel,,,,23.25.30.21.14.11,,,,,1,0.00°,14'-10",,43'-8",45'-0",0",1/2",0",,,,,,115.72 lbm,,,,By Type,,Default,,K-Series Bar Joist-Angle Web,K-Series Bar Joist-Angle Web: 16K6,,,1KpZCW3Gn25x9tpICCoFq_,,Both joins enabled,,,,,,,0 SF,New Construction,None,,,,,L5 TOS,45'-0",Not Defined,,0",1/2",0",,,,,Steel,Joist,14'-10",16K6,,,3ZT5EhLQn6JfRlijT8hoc2,,,,0.24 CF,0.00 lbm,Origin,0",Top,0"
B1010350,Joists - Steel,,,,23.25.30.21.14.11,,,,,1,0.00°,14'-10",,43'-8",45'-0",0",1/2",0",,,,,,115.72 lbm,,,,By Type,,Default,,K-Series Bar Joist-Angle Web,K-Series Bar Joist-Angle Web: 16K6,,,1KpZCW3Gn25x9tpICCoFqz,,Both joins enabled,,,,,,,0 SF,New Construction,None,,,,,L5 TOS,45'-0",Not Defined,,0",1/2",0",,,,,Steel,Joist,14'-10",16K6,,,3ZT5EhLQn6JfRlijT8hoc2,,,,0.24 CF,0.00 lbm,Origin,0",Top,0"
B1010350,Joists - Steel,,,,23.25.30.21.14.11,,,,,1,0.00°,14'-10",,43'-8",45'-0",0",1/2",0",,,,,,115.72 lbm,,,,By Type,,Default,,K-Series Bar Joist-Angle Web,K-Series Bar Joist-Angle Web: 16K6,,,1KpZCW3Gn25x9tpICCoFqy,,Both joins enabled,,,,,,,0 SF,New Construction,None,,,,,L5 TOS,45'-0",Not Defined,,0",1/2",0",,,,,Steel,Joist,14'-10",16K6,,,3ZT5EhLQn6JfRlijT8hoc2,,,,0.24 CF,0.00 lbm,Origin,0",Top,0"
B1010350,Joists - Steel,,,,23.25.30.21.14.11,,,,,1,0.00°,14'-10",,43'-8",45'-0",0",1/2",0",,,,,,115.72 lbm,,,,By Type,,Default,,K-Series Bar Joist-Angle Web,K-Series Bar Joist-Angle Web: 16K6,,,1KpZCW3Gn25x9tpICCoFqp,,Both joins enabled,,,,,,,0 SF,New Construction,None,,,,,L5 TOS,45'-0",Not Defined,,0",1/2",0",,,,,Steel,Joist,14'-10",16K6,,,3ZT5EhLQn6JfRlijT8hoc2,,,,0.24 CF,0.00 lbm,Origin,0",Top,0"
B1010350,Joists - Steel,,,,23.25.30.21.14.11,,,,,1,0.00°,14'-10",,43'-8",45'-0",0",1/2",0",,,,,,115.72 lbm,,,,By Type,,Default,,K-Series Bar Joist-Angle Web,K-Series Bar Joist-Angle Web: 16K6,,,1KpZCW3Gn25x9tpICCoFqo,,Both joins enabled,,,,,,,0 SF,New Construction,None,,,,,L5 TOS,45'-0",Not Defined,,0",1/2",0",,,,,Steel,Joist,14'-10",16K6,,,3ZT5EhLQn6JfRlijT8hoc2,,,,0.24 CF,0.00 lbm,Origin,0",Top,0"
B1010350,Joists - Steel,,,,23.25.30.21.14.11,,,,,1,0.00°,14'-10",,43'-8",45'-0",0",1/2",0",,,,,,115.72 lbm,,,,By Type,,Default,,K-Series Bar Joist-Angle Web,K-Series Bar Joist-Angle Web: 16K6,,,1KpZCW3Gn25x9tpICCoFqn,,Both joins enabled,,,,,,,0 SF,New Construction,None,,,,,L5 TOS,45'-0",Not Defined,,0",1/2",0",,,,,Steel,Joist,14'-10",16K6,,,3ZT5EhLQn6JfRlijT8hoc2,,,,0.24 CF,0.00 lbm,Origin,0",Top,0"
B1010350,Joists - Steel,,,,23.25.30.21.14.11,,,,,1,0.00°,14'-10",,43'-8",45'-0",0",1/2",0",,,,,,115.72 lbm,,,,By Type,,Default,,K-Series Bar Joist-Angle Web,K-Series Bar Joist-Angle Web: 16K6,,,1KpZCW3Gn25x9tpICCoFqm,,Both joins enabled,,,,,,,0 SF,New Construction,None,,,,,L5 TOS,45'-0",Not Defined,,0",1/2",0",,,,,Steel,Joist,14'-10",16K6,,,3ZT5EhLQn6JfRlijT8hoc2,,,,0.24 CF,0.00 lbm,Origin,0",Top,0"
B1010350,Joists - Steel,,,,23.25.30.21.14.11,,,,,1,0.00°,13'-1 7/8",,43'-8",45'-0",0",1/2",0",,,,,,100.58 lbm,,,,By Type,,Default,,K-Series Bar Joist-Angle Web,K-Series Bar Joist-Angle Web: 16K6,,,1KpZCW3Gn25x9tpICCoFx6,,Both joins enabled,,,,,,,0 SF,New Construction,None,,,,,L5 TOS,45'-0",Not Defined,,0",1/2",0",,,,,Steel,Joist,13'-1 7/8",16K6,,,3ZT5EhLQn6JfRlijT8hoc2,,,,0.21 CF,0.00 lbm,Origin,0",Top,0"
B1010350,Joists - Steel,,,,23.25.30.21.14.11,,,,,1,0.00°,13'-4 7/16",,43'-8",45'-0",0",1/2",0",,,,,,102.31 lbm,,,,By Type,,Default,,K-Series Bar Joist-Angle Web,K-Series Bar Joist-Angle Web: 16K6,,,1KpZCW3Gn25x9tpICCoFx5,,Both joins enabled,,,,,,,0 SF,New Construction,None,,,,,L5 TOS,45'-0",Not Defined,,0",1/2",0",,,,,Steel,Joist,13'-4 7/16",16K6,,,3ZT5EhLQn6JfRlijT8hoc2,,,,0.21 CF,0.00 lbm,Origin,0",Top,0"
B1010350,Joists - Steel,,,,23.25.30.21.14.11,,,,,1,0.00°,13'-7 1/16",,43'-8",45'-0",0",1/2",0",,,,,,104.08 lbm,,,,By Type,,Default,,K-Series Bar Joist-Angle Web,K-Series Bar Joist-Angle Web: 16K6,,,1KpZCW3Gn25x9tpICCoFx4,,Both joins enabled,,,,,,,0 SF,New Construction,None,,,,,L5 TOS,45'-0",Not Defined,,0",1/2",0",,,,,Steel,Joist,13'-7 1/16",16K6,,,3ZT5EhLQn6JfRlijT8hoc2,,,,0.21 CF,0.00 lbm,Origin,0",Top,0"
B1010350,Joists - Steel,,,,23.25.30.21.14.11,,,,,1,0.00°,13'-9 5/8",,43'-8",45'-0",0",1/2",0",,,,,,105.81 lbm,,,,By Type,,Default,,K-Series Bar Joist-Angle Web,K-Series Bar Joist-Angle Web: 16K6,,,1KpZCW3Gn25x9tpICCoFxR,,Both joins enabled,,,,,,,0 SF,New Construction,None,,,,,L5 TOS,45'-0",Not Defined,,0",1/2",0",,,,,Steel,Joist,13'-9 5/8",16K6,,,3ZT5EhLQn6JfRlijT8hoc2,,,,0.22 CF,0.00 lbm,Origin,0",Top,0"
B1010350,Joists - Steel,,,,23.25.30.21.14.11,,,,,1,0.00°,14'-0 3/16",,43'-8",45'-0",0",1/2",0",,,,,,109.12 lbm,,,,By Type,,Default,,K-Series Bar Joist-Angle Web,K-Series Bar Joist-Angle Web: 16K6,,,1KpZCW3Gn25x9tpICCoFxQ,,Both joins enabled,,,,,,,0 SF,New Construction,None,,,,,L5 TOS,45'-0",Not Defined,,0",1/2",0",,,,,Steel,Joist,14'-0 3/16",16K6,,,3ZT5EhLQn6JfRlijT8hoc2,,,,0.22 CF,0.00 lbm,Origin,0",Top,0"
B1010350,Joists - Steel,,,,23.25.30.21.14.11,,,,,1,0.00°,15'-2 1/2",,43'-8",45'-0",0",1/2",0",,,,,,118.75 lbm,,,,By Type,,Default,,K-Series Bar Joist-Angle Web,K-Series Bar Joist-Angle Web: 16K6,,,1KpZCW3Gn25x9tpICCoFxI,,Both joins enabled,,,,,,,0 SF,New Construction,None,,,,,L5 TOS,45'-0",Not Defined,,0",1/2",0",,,,,Steel,Joist,15'-2 1/2",16K6,,,3ZT5EhLQn6JfRlijT8hoc2,,,,0.24 CF,0.00 lbm,Origin,0",Top,0"
B1010350,Joists - Steel,,,,23.25.30.21.14.11,,,,,1,0.00°,15'-2 1/2",,43'-8",45'-0",0",1/2",0",,,,,,118.75 lbm,,,,By Type,,Default,,K-Series Bar Joist-Angle Web,K-Series Bar Joist-Angle Web: 16K6,,,1KpZCW3Gn25x9tpICCoFxH,,Both joins enabled,,,,,,,0 SF,New Construction,None,,,,,L5 TOS,45'-0",Not Defined,,0",1/2",0",,,,,Steel,Joist,15'-2 1/2",16K6,,,3ZT5EhLQn6JfRlijT8hoc2,,,,0.24 CF,0.00 lbm,Origin,0",Top,0"
B1010350,Joists - Steel,,,,23.25.30.21.14.11,,,,,1,0.00°,15'-2 1/2",,43'-8",45'-0",0",1/2",0",,,,,,118.75 lbm,,,,By Type,,Default,,K-Series Bar Joist-Angle Web,K-Series Bar Joist-Angle Web: 16K6,,,1KpZCW3Gn25x9tpICCoFxG,,Both joins enabled,,,,,,,0 SF,New Construction,None,,,,,L5 TOS,45'-0",Not Defined,,0",1/2",0",,,,,Steel,Joist,15'-2 1/2",16K6,,,3ZT5EhLQn6JfRlijT8hoc2,,,,0.24 CF,0.00 lbm,Origin,0",Top,0"
B1010350,Joists - Steel,,,,23.25.30.21.14.11,,,,,1,0.00°,15'-2 1/2",,43'-8",45'-0",0",1/2",0",,,,,,118.75 lbm,,,,By Type,,Default,,K-Series Bar Joist-Angle Web,K-Series Bar Joist-Angle Web: 16K6,,,1KpZCW3Gn25x9tpICCoFxN,,Both joins enabled,,,,,,,0 SF,New Construction,None,,,,,L5 TOS,45'-0",Not Defined,,0",1/2",0",,,,,Steel,Joist,15'-2 1/2",16K6,,,3ZT5EhLQn6JfRlijT8hoc2,,,,0.24 CF,0.00 lbm,Origin,0",Top,0"
B10,Superstructure,,,,23.25.30.11.14.14,,,,,1,0.00°,21'-1 109/128",,43'-5 115/128",45'-0",0",1/2",0",,,,,,1184.92 lbm,,,,By Type,,Default,,W Shapes,W Shapes: W18x55,,,1KpZCW3Gn25x9tpICCoFxM,,Both joins enabled,,,,,,,1,107 SF,New Construction,None,,,,,L5 TOS,45'-0",I-shape Parallel Flange,,0",1/2",0",,,,,Steel,Girder,22'-5",W18x55,,,1_y_hNQfD4N8RbeJZCV0vP,,,,2.42 CF,1166.12 lbm,Origin,0",Top,0"
B10,Superstructure,,,,23.25.30.11.14.14,,,,,1,0.00°,14'-2 47/64",,43'-5 115/128",45'-0",0",1/2",0",,,,,,796.96 lbm,,,,By Type,,Default,,W Shapes,W Shapes: W18x55,,,1KpZCW3Gn25x9tpICCoFxL,,Both joins enabled,,,,,,,720 SF,New Construction,None,,,,,L5 TOS,45'-0",I-shape Parallel Flange,,0",,0",,,,,Steel,Girder,14'-7",W18x55,,,1_y_hNQfD4N8RbeJZCV0vP,,,,1.63 CF,784.31 lbm,Origin,0",Top,0"
B10,Superstructure,,,,23.25.30.11.14.14,,,,,1,0.00°,15'-9 1/2",,43'-5 115/128",45'-0",0",1/2",0",,,,,,884.86 lbm,,,,By Type,,Default,,W Shapes,W Shapes: W18x55,,,1KpZCW3Gn25x9tpICCoFxK,,Both joins enabled,,,,,,,825 SF,New Construction,None,,,,,L5 TOS,45'-0",I-shape Parallel Flange,,0",1/2",0",,,,,Steel,Girder,16'-8 1/2",W18x55,,,1_y_hNQfD4N8RbeJZCV0vP,,,,1.81 CF,870.52 lbm,Origin,0",Top,0"
B1010350,Joists - Steel,,,,23.25.30.21.14.11,,,,,1,0.00°,15'-2 1/2",,43'-8",45'-0",0",1/2",0",,,,,,118.75 lbm,,,,By Type,,Default,,K-Series Bar Joist-Angle Web,K-Series Bar Joist-Angle Web: 16K6,,,1KpZCW3Gn25x9tpICCoFxh,,Both joins enabled,,,,,,,0 SF,New Construction,None,,,,,L5 TOS,45'-0",Not Defined,,0",1/2",0",,,,,Steel,Joist,15'-2 1/2",16K6,,,3ZT5EhLQn6JfRlijT8hoc2,,,,0.24 CF,0.00 lbm,Origin,0",Top,0"
B1010350,Joists - Steel,,,,23.25.30.21.14.11,,,,,1,0.00°,15'-2 1/2",,43'-8",45'-0",0",1/2",0",,,,,,118.75 lbm,,,,By Type,,Default,,K-Series Bar Joist-Angle Web,K-Series Bar Joist-Angle Web: 16K6,,,1KpZCW3Gn25x9tpICCoFxg,,Both joins enabled,,,,,,,0 SF,New Construction,None,,,,,L5 TOS,45'-0",Not Defined,,0",1/2",0",,,,,Steel,Joist,15'-2 1/2",16K6,,,3ZT5EhLQn6JfRlijT8hoc2,,,,0.24 CF,0.00 lbm,Origin,0",Top,0"
B1010350,Joists - Steel,,,,23.25.30.21.14.11,,,,,1,0.00°,15'-2 1/2",,43'-8",45'-0",0",1/2",0",,,,,,118.75 lbm,,,,By Type,,Default,,K-Series Bar Joist-Angle Web,K-Series Bar Joist-Angle Web: 16K6,,,1KpZCW3Gn25x9tpICCoFxf,,Both joins enabled,,,,,,,0 SF,New Construction,None,,,,,L5 TOS,45'-0",Not Defined,,0",1/2",0",,,,,Steel,Joist,15'-2 1/2",16K6,,,3ZT5EhLQn6JfRlijT8hoc2,,,,0.24 CF,0.00 lbm,Origin,0",Top,0"
B1010350,Joists - Steel,,,,23.25.30.21.14.11,,,,,1,0.00°,15'-2 1/2",,43'-8",45'-0",0",1/2",0",,,,,,118.75 lbm,,,,By Type,,Default,,K-Series Bar Joist-Angle Web,K-Series Bar Joist-Angle Web: 16K6,,,1KpZCW3Gn25x9tpICCoFxe,,Both joins enabled,,,,,,,0 SF,New Construction,None,,,,,L5 TOS,45'-0",Not Defined,,0",1/2",0",,,,,Steel,Joist,15'-2 1/2",16K6,,,3ZT5EhLQn6JfRlijT8hoc2,,,,0.24 CF,0.00 lbm,Origin,0",Top,0"
B1010350,Joists - Steel,,,,23.25.30.21.14.11,,,,,1,0.00°,15'-2 1/2",,43'-8",45'-0",0",1/2",0",,,,,,118.75 lbm,,,,By Type,,Default,,K-Series Bar Joist-Angle Web,K-Series Bar Joist-Angle Web: 16K6,,,1KpZCW3Gn25x9tpICCoFxl,,Both joins enabled,,,,,,,0 SF,New Construction,None,,,,,L5 TOS,45'-0",Not Defined,,0",1/2",0",,,,,Steel,Joist,15'-2 1/2",16K6,,,3ZT5EhLQn6JfRlijT8hoc2,,,,0.24 CF,0.00 lbm,Origin,0",Top,0"
B1010350,Joists - Steel,,,,23.25.30.21.14.11,,,,,1,0.00°,15'-2 1/2",,43'-8",45'-0",0",1/2",0",,,,,,118.75 lbm,,,,By Type,,Default,,K-Series Bar Joist-Angle Web,K-Series Bar Joist-Angle Web: 16K6,,,1KpZCW3Gn25x9tpICCoFxk,,Both joins enabled,,,,,,,0 SF,New Construction,None,,,,,L5 TOS,45'-0",Not Defined,,0",1/2",0",,,,,Steel,Joist,15'-2 1/2",16K6,,,3ZT5EhLQn6JfRlijT8hoc2,,,,0.24 CF,0.00 lbm,Origin,0",Top,0"
B1010350,Joists - Steel,,,,23.25.30.21.14.11,,,,,1,0.00°,15'-2 1/2",,43'-8",45'-0",0",1/2",0",,,,,,118.75 lbm,,,,By Type,,Default,,K-Series Bar Joist-Angle Web,K-Series Bar Joist-Angle Web: 16K6,,,1KpZCW3Gn25x9tpICCoFxj,,Both joins enabled,,,,,,,0 SF,New Construction,None,,,,,L5 TOS,45'-0",Not Defined,,0",1/2",0",,,,,Steel,Joist,15'-2 1/2",16K6,,,3ZT5EhLQn6JfRlijT8hoc2,,,,0.24 CF,0.00 lbm,Origin,0",Top,0"
B1010350,Joists - Steel,,,,23.25.30.21.14.11,,,,,1,0.00°,15'-2 1/2",,43'-8",45'-0",0",1/2",0",,,,,,118.75 lbm,,,,By Type,,Default,,K-Series Bar Joist-Angle Web,K-Series Bar Joist-Angle Web: 16K6,,,1KpZCW3Gn25x9tpICCoFxi,,Both joins enabled,,,,,,,0 SF,New Construction,None,,,,,L5 TOS,45'-0",Not Defined,,0",1/2",0",,,,,Steel,Joist,15'-2 1/2",16K6,,,3ZT5EhLQn6JfRlijT8hoc2,,,,0.24 CF,0.00 lbm,Origin,0",Top,0"
B1010350,Joists - Steel,,,,23.25.30.21.14.11,,,,,1,0.00°,15'-2 1/2",,43'-8",45'-0",0",1/2",0",,,,,,118.75 lbm,,,,By Type,,Default,,K-Series Bar Joist-Angle Web,K-Series Bar Joist-Angle Web: 16K6,,,1KpZCW3Gn25x9tpICCoFxZ,,Both joins enabled,,,,,,,0 SF,New Construction,None,,,,,L5 TOS,45'-0",Not Defined,,0",1/2",0",,,,,Steel,Joist,15'-2 1/2",16K6,,,3ZT5EhLQn6JfRlijT8hoc2,,,,0.24 CF,0.00 lbm,Origin,0",Top,0"
B1010350,Joists - Steel,,,,23.25.30.21.14.11,,,,,1,0.00°,22'-3",,43'-8",45'-0",0",1/2",0",,,,,,183.60 lbm,,,,By Type,,Default,,K-Series Bar Joist-Angle Web,K-Series Bar Joist-Angle Web: 16K6,,,1KpZCW3Gn25x9tpICCoFwE,,Both joins enabled,,,,,,,0 SF,New Construction,None,,,,,L5 TOS,45'-0",Not Defined,,0",1/2",0",,,,,Steel,Joist,22'-3",16K6,,,3ZT5EhLQn6JfRlijT8hoc2,,,,0.37 CF,0.00 lbm,Origin,0",Top,0"
B1010350,Joists - Steel,,,,23.25.30.21.14.11,,,,,1,0.00°,22'-3",,43'-8",45'-0",0",1/2",0",,,,,,183.60 lbm,,,,By Type,,Default,,K-Series Bar Joist-Angle Web,K-Series Bar Joist-Angle Web: 16K6,,,1KpZCW3Gn25x9tpICCoFwD,,Both joins enabled,,,,,,,0 SF,New Construction,None,,,,,L5 TOS,45'-0",Not Defined,,0",1/2",0",,,,,Steel,Joist,22'-3",16K6,,,3ZT5EhLQn6JfRlijT8hoc2,,,,0.37 CF,0.00 lbm,Origin,0",Top,0"
B1010350,Joists - Steel,,,,23.25.30.21.14.11,,,,,1,0.00°,22'-3",,43'-8",45'-0",0",1/2",0",,,,,,183.60 lbm,,,,By Type,,Default,,K-Series Bar Joist-Angle Web,K-Series Bar Joist-Angle Web: 16K6,,,1KpZCW3Gn25x9tpICCoFwC,,Both joins enabled,,,,,,,0 SF,New Construction,None,,,,,L5 TOS,45'-0",Not Defined,,0",1/2",0",,,,,Steel,Joist,22'-3",16K6,,,3ZT5EhLQn6JfRlijT8hoc2,,,,0.37 CF,0.00 lbm,Origin,0",Top,0"
B1010350,Joists - Steel,,,,23.25.30.21.14.11,,,,,1,0.00°,22'-3",,43'-8",45'-0",0",1/2",0",,,,,,183.60 lbm,,,,By Type,,Default,,K-Series Bar Joist-Angle Web,K-Series Bar Joist-Angle Web: 16K6,,,1KpZCW3Gn25x9tpICCoFw3,,Both joins enabled,,,,,,,0 SF,New Construction,None,,,,,L5 TOS,45'-0",Not Defined,,0",1/2",0",,,,,Steel,Joist,22'-3",16K6,,,3ZT5EhLQn6JfRlijT8hoc2,,,,0.37 CF,0.00 lbm,Origin,0",Top,0"
B10,Superstructure,,,,23.25.30.11.14.14,,,,,1,0.00°,14'-2",,43'-3 51/128",44'-9 1/2",0",0",0",,,,,,793.53 lbm,,,,By Type,,Default,,W Shapes,W Shapes: W18x55,,,1KpZCW3Gn25x9tpICCoFwQ,,Both joins enabled,,,,,,,720 SF,New Construction,None,,,,,L5 TOS,45'-0",I-shape Parallel Flange,,0",,0",,,,,Steel,Girder,14'-7",W18x55,,,1_y_hNQfD4N8RbeJZCV0vP,,,,1.62 CF,780.94 lbm,Origin,0",Top,-2 1/2"
B10,Superstructure,,,,23.25.30.11.14.14,,,,,1,0.00°,6'-3 129/256",,44'-1 39/64",44'-9 1/2",0",0",0",,,,,,70.50 lbm,,,,By Type,,Default,,W Shapes,W Shapes: W8x10,,,1KpZCW3Gn25x9tpICCoFwP,,Both joins enabled,,,,,,,352 SF,New Construction,None,,,,,L5 TOS,45'-0",I-shape Parallel Flange,,0",0",0",,,,,Steel,Joist,7'-1 103/256",W8x10,,,2GjH11r995hxaZhII5NFtk,,,,0.14 CF,63.38 lbm,Origin,0",Top,-2 1/2"
B10,Superstructure,,,,23.25.30.11.14.14,,,,,1,0.00°,13'-3 45/128",,43'-5 115/128",45'-0",0",,0",,,,,,743.82 lbm,,,,By Type,,Default,,W Shapes,W Shapes: W18x55,,,1KpZCW3Gn25x9tpICCoFwO,,Both joins enabled,,,,,,,696 SF,New Construction,None,,,,,L5 TOS,45'-0",I-shape Parallel Flange,,0",1/2",0",,,,,Steel,Girder,14'-1",W18x55,,,1_y_hNQfD4N8RbeJZCV0vP,,,,1.52 CF,732.01 lbm,Origin,0",Top,0"
B10,Superstructure,,,,23.25.30.11.14.14,,,,,1,0.00°,7'-9 15/32",,44'-1 39/64",44'-9 1/2",0",0",0",,,,,,87.27 lbm,,,,By Type,,Default,,W Shapes,W Shapes: W8x10,,,1KpZCW3Gn25x9tpICCoFwN,,Both joins enabled,,,,,,,416 SF,New Construction,None,,,,,L5 TOS,45'-0",I-shape Parallel Flange,,0",0",0",,,,,Steel,Joist,8'-5",W8x10,,,2GjH11r995hxaZhII5NFtk,,,,0.18 CF,78.45 lbm,Origin,0",Top,-2 1/2"
B10,Superstructure,,,,23.25.30.11.14.14,,,,,1,0.00°,7'-9 15/32",,44'-1 39/64",44'-9 1/2",0",0",0",,,,,,87.27 lbm,,,,By Type,,Default,,W Shapes,W Shapes: W8x10,,,1KpZCW3Gn25x9tpICCoFwM,,Both joins enabled,,,,,,,416 SF,New Construction,None,,,,,L5 TOS,45'-0",I-shape Parallel Flange,,0",0",0",,,,,Steel,Joist,8'-5",W8x10,,,2GjH11r995hxaZhII5NFtk,,,,0.18 CF,78.45 lbm,Origin,0",Top,-2 1/2"
B10,Superstructure,,,,23.25.30.11.14.14,,,,,1,0.00°,7'-9 15/32",,44'-1 39/64",44'-9 1/2",0",0",0",,,,,,87.27 lbm,,,,By Type,,Default,,W Shapes,W Shapes: W8x10,,,1KpZCW3Gn25x9tpICCoFwL,,Both joins enabled,,,,,,,416 SF,New Construction,None,,,,,L5 TOS,45'-0",I-shape Parallel Flange,,0",0",0",,,,,Steel,Joist,8'-5",W8x10,,,2GjH11r995hxaZhII5NFtk,,,,0.18 CF,78.45 lbm,Origin,0",Top,-2 1/2"
B10,Superstructure,,,,23.25.30.11.14.14,,,,,1,0.00°,2'-11 125/128",,44'-4 7/64",45'-0",0",,0",,,,,,33.59 lbm,,,,By Type,,Default,,W Shapes,W Shapes: W8x10,,,1KpZCW3Gn25x9tpICCoFwK,,Both joins enabled,,,,,,,164 SF,New Construction,None,,,,,L5 TOS,45'-0",I-shape Parallel Flange,,0",0",0",,,,,Steel,Joist,3'-3 189/256",W8x10,,,2GjH11r995hxaZhII5NFtk,,,,0.07 CF,30.20 lbm,Left,0",Top,0"
B10,Superstructure,,,,23.25.30.11.14.14,,,,,1,0.00°,2'-11 15/64",,44'-4 7/64",45'-0",0",,0",,,,,,32.96 lbm,,,,By Type,,Default,,W Shapes,W Shapes: W8x10,,,1KpZCW3Gn25x9tpICCoFwh,,Both joins enabled,,,,,,,161 SF,New Construction,None,,,,,L5 TOS,45'-0",I-shape Parallel Flange,,0",0",0",,,,,Steel,Joist,3'-3",W8x10,,,2GjH11r995hxaZhII5NFtk,,,,0.07 CF,29.57 lbm,Origin,0",Top,0"
B10,Superstructure,,,,23.25.30.11.14.14,,,,,1,0.00°,2'-5 49/128",,44'-4 7/64",45'-0",0",0",0",,,,,,27.43 lbm,,,,By Type,,Default,,W Shapes,W Shapes: W8x10,,,1KpZCW3Gn25x9tpICCoFwg,,Both joins enabled,,,,,,,148 SF,New Construction,None,,,,,L5 TOS,45'-0",I-shape Parallel Flange,,0",0",0",,,,,Steel,Joist,2'-11 239/256",W8x10,,,2GjH11r995hxaZhII5NFtk,,,,0.06 CF,24.66 lbm,Origin,0",Top,0"
B10,Superstructure,,,,23.25.30.11.14.14,,,,,1,0.00°,1'-8 29/128",,44'-4",45'-0",0",0",0",,,,,,18.32 lbm,,,,By Type,,Default,,C Shapes,C Shapes: C8X11.5,,,1KpZCW3Gn25x9tpICCoFwf,,Both joins enabled,,,,,,,6 SF,New Construction,None,,,,,L5 TOS,45'-0",C-channel Sloped Flange,,0",,0",,,,,Steel,Joist,1'-11 127/128",C8X11.5,,,0gDRbcW$T68hD6zeHEr$AI,,,,0.04 CF,19.33 lbm,Left,0",Top,0"
B10,Superstructure,,,,23.25.30.11.14.14,,,,,1,0.00°,7'-8 181/256",,44'-4",45'-0",0",,0",,,,,,87.62 lbm,,,,By Type,,Default,,C Shapes,C Shapes: C8X11.5,,,1KpZCW3Gn25x9tpICCoFwk,,Both joins enabled,,,,,,,23 SF,New Construction,None,,,,,L5 TOS,45'-0",C-channel Sloped Flange,,0",,0",,,,,Steel,Joist,7'-9 47/128",C8X11.5,,,0gDRbcW$T68hD6zeHEr$AI,,,,0.18 CF,88.59 lbm,Left,0",Top,0"
B10,Superstructure,,,,23.25.30.11.14.14,,,,,1,0.00°,2'-10 253/256",,44'-4",45'-0",0",,0",,,,,,33.58 lbm,,,,By Type,,Default,,C Shapes,C Shapes: C8X11.5,,,1KpZCW3Gn25x9tpICCoFwj,,Both joins enabled,,,,,,,9 SF,New Construction,None,,,,,L5 TOS,45'-0",C-channel Sloped Flange,,0",,0",,,,,Steel,Joist,2'-10 253/256",C8X11.5,,,0gDRbcW$T68hD6zeHEr$AI,,,,0.07 CF,33.44 lbm,Left,0",Top,0"
B1010350,Joists - Steel,,,,23.25.30.21.14.11,,,,,1,0.00°,9'-7",,43'-8",45'-0",0",1/2",0",,,,,,68.51 lbm,,,,By Type,,Default,,K-Series Bar Joist-Angle Web,K-Series Bar Joist-Angle Web: 16K6,,,1KpZCW3Gn25x9tpICCoFwi,,Both joins enabled,,,,,,,0 SF,New Construction,None,,,,,L5 TOS,45'-0",Not Defined,,0",1/2",0",,,,,Steel,Joist,9'-7",16K6,,,3ZT5EhLQn6JfRlijT8hoc2,,,,0.14 CF,0.00 lbm,Origin,0",Top,0"
B1010350,Joists - Steel,,,,23.25.30.21.14.11,,,,,1,0.00°,22'-3",,43'-8",45'-0",0",1/2",0",,,,,,183.60 lbm,,,,By Type,,Default,,K-Series Bar Joist-Angle Web,K-Series Bar Joist-Angle Web: 16K6,,,1KpZCW3Gn25x9tpICCoFwZ,,Both joins enabled,,,,,,,0 SF,New Construction,None,,,,,L5 TOS,45'-0",Not Defined,,0",1/2",0",,,,,Steel,Joist,22'-3",16K6,,,3ZT5EhLQn6JfRlijT8hoc2,,,,0.37 CF,0.00 lbm,Origin,0",Top,0"
B1010350,Joists - Steel,,,,23.25.30.21.14.11,,,,,1,0.00°,22'-3",,43'-8",45'-0",0",1/2",0",,,,,,183.60 lbm,,,,By Type,,Default,,K-Series Bar Joist-Angle Web,K-Series Bar Joist-Angle Web: 16K6,,,1KpZCW3Gn25x9tpICCoFwY,,Both joins enabled,,,,,,,0 SF,New Construction,None,,,,,L5 TOS,45'-0",Not Defined,,0",1/2",0",,,,,Steel,Joist,22'-3",16K6,,,3ZT5EhLQn6JfRlijT8hoc2,,,,0.37 CF,0.00 lbm,Origin,0",Top,0"
B1010350,Joists - Steel,,,,23.25.30.21.14.11,,,,,1,0.00°,22'-3",,43'-8",45'-0",0",1/2",0",,,,,,183.60 lbm,,,,By Type,,Default,,K-Series Bar Joist-Angle Web,K-Series Bar Joist-Angle Web: 16K6,,,1KpZCW3Gn25x9tpICCoFwX,,Both joins enabled,,,,,,,0 SF,New Construction,None,,,,,L5 TOS,45'-0",Not Defined,,0",1/2",0",,,,,Steel,Joist,22'-3",16K6,,,3ZT5EhLQn6JfRlijT8hoc2,,,,0.37 CF,0.00 lbm,Origin,0",Top,0"
B1010350,Joists - Steel,,,,23.25.30.21.14.11,,,,,1,0.00°,22'-3",,43'-8",45'-0",0",1/2",0",,,,,,183.60 lbm,,,,By Type,,Default,,K-Series Bar Joist-Angle Web,K-Series Bar Joist-Angle Web: 16K6,,,1KpZCW3Gn25x9tpICCoFwW,,Both joins enabled,,,,,,,0 SF,New Construction,None,,,,,L5 TOS,45'-0",Not Defined,,0",1/2",0",,,,,Steel,Joist,22'-3",16K6,,,3ZT5EhLQn6JfRlijT8hoc2,,,,0.37 CF,0.00 lbm,Origin,0",Top,0"
B1010350,Joists - Steel,,,,23.25.30.21.14.11,,,,,1,0.00°,22'-3",,43'-8",45'-0",0",1/2",0",,,,,,183.60 lbm,,,,By Type,,Default,,K-Series Bar Joist-Angle Web,K-Series Bar Joist-Angle Web: 16K6,,,1KpZCW3Gn25x9tpICCoFwd,,Both joins enabled,,,,,,,0 SF,New Construction,None,,,,,L5 TOS,45'-0",Not Defined,,0",1/2",0",,,,,Steel,Joist,22'-3",16K6,,,3ZT5EhLQn6JfRlijT8hoc2,,,,0.37 CF,0.00 lbm,Origin,0",Top,0"
B1010350,Joists - Steel,,,,23.25.30.21.14.11,,,,,1,0.00°,22'-3",,43'-8",45'-0",0",1/2",0",,,,,,183.60 lbm,,,,By Type,,Default,,K-Series Bar Joist-Angle Web,K-Series Bar Joist-Angle Web: 16K6,,,1KpZCW3Gn25x9tpICCoFwc,,Both joins enabled,,,,,,,0 SF,New Construction,None,,,,,L5 TOS,45'-0",Not Defined,,0",1/2",0",,,,,Steel,Joist,22'-3",16K6,,,3ZT5EhLQn6JfRlijT8hoc2,,,,0.37 CF,0.00 lbm,Origin,0",Top,0"
B1010350,Joists - Steel,,,,23.25.30.21.14.11,,,,,1,0.00°,22'-3",,43'-8",45'-0",0",1/2",0",,,,,,183.60 lbm,,,,By Type,,Default,,K-Series Bar Joist-Angle Web,K-Series Bar Joist-Angle Web: 16K6,,,1KpZCW3Gn25x9tpICCoFwb,,Both joins enabled,,,,,,,0 SF,New Construction,None,,,,,L5 TOS,45'-0",Not Defined,,0",1/2",0",,,,,Steel,Joist,22'-3",16K6,,,3ZT5EhLQn6JfRlijT8hoc2,,,,0.37 CF,0.00 lbm,Origin,0",Top,0"
B1010350,Joists - Steel,,,,23.25.30.21.14.11,,,,,1,0.00°,22'-3",,43'-8",45'-0",0",1/2",0",,,,,,183.60 lbm,,,,By Type,,Default,,K-Series Bar Joist-Angle Web,K-Series Bar Joist-Angle Web: 16K6,,,1KpZCW3Gn25x9tpICCoFwa,,Both joins enabled,,,,,,,0 SF,New Construction,None,,,,,L5 TOS,45'-0",Not Defined,,0",1/2",0",,,,,Steel,Joist,22'-3",16K6,,,3ZT5EhLQn6JfRlijT8hoc2,,,,0.37 CF,0.00 lbm,Origin,0",Top,0"
B1010350,Joists - Steel,,,,23.25.30.21.14.11,,,,,1,0.00°,22'-3",,43'-8",45'-0",0",1/2",0",,,,,,183.60 lbm,,,,By Type,,Default,,K-Series Bar Joist-Angle Web,K-Series Bar Joist-Angle Web: 16K6,,,1KpZCW3Gn25x9tpICCoFwx,,Both joins enabled,,,,,,,0 SF,New Construction,None,,,,,L5 TOS,45'-0",Not Defined,,0",1/2",0",,,,,Steel,Joist,22'-3",16K6,,,3ZT5EhLQn6JfRlijT8hoc2,,,,0.37 CF,0.00 lbm,Origin,0",Top,0"
B1010350,Joists - Steel,,,,23.25.30.21.14.11,,,,,1,0.00°,22'-3",,43'-8",45'-0",0",1/2",0",,,,,,183.60 lbm,,,,By Type,,Default,,K-Series Bar Joist-Angle Web,K-Series Bar Joist-Angle Web: 16K6,,,1KpZCW3Gn25x9tpICCoFww,,Both joins enabled,,,,,,,0 SF,New Construction,None,,,,,L5 TOS,45'-0",Not Defined,,0",1/2",0",,,,,Steel,Joist,22'-3",16K6,,,3ZT5EhLQn6JfRlijT8hoc2,,,,0.37 CF,0.00 lbm,Origin,0",Top,0"
B1010350,Joists - Steel,,,,23.25.30.21.14.11,,,,,1,0.00°,22'-3",,43'-8",45'-0",0",1/2",0",,,,,,183.60 lbm,,,,By Type,,Default,,K-Series Bar Joist-Angle Web,K-Series Bar Joist-Angle Web: 16K6,,,1KpZCW3Gn25x9tpICCoFwv,,Both joins enabled,,,,,,,0 SF,New Construction,None,,,,,L5 TOS,45'-0",Not Defined,,0",1/2",0",,,,,Steel,Joist,22'-3",16K6,,,3ZT5EhLQn6JfRlijT8hoc2,,,,0.37 CF,0.00 lbm,Origin,0",Top,0"
B1010350,Joists - Steel,,,,23.25.30.21.14.11,,,,,1,0.00°,22'-3",,43'-8",45'-0",0",1/2",0",,,,,,183.60 lbm,,,,By Type,,Default,,K-Series Bar Joist-Angle Web,K-Series Bar Joist-Angle Web: 16K6,,,1KpZCW3Gn25x9tpICCoFwu,,Both joins enabled,,,,,,,0 SF,New Construction,None,,,,,L5 TOS,45'-0",Not Defined,,0",1/2",0",,,,,Steel,Joist,22'-3",16K6,,,3ZT5EhLQn6JfRlijT8hoc2,,,,0.37 CF,0.00 lbm,Origin,0",Top,0"
B1010350,Joists - Steel,,,,23.25.30.21.14.11,,,,,1,0.00°,22'-3",,43'-8",45'-0",0",1/2",0",,,,,,183.60 lbm,,,,By Type,,Default,,K-Series Bar Joist-Angle Web,K-Series Bar Joist-Angle Web: 16K6,,,1KpZCW3Gn25x9tpICCoFw$,,Both joins enabled,,,,,,,0 SF,New Construction,None,,,,,L5 TOS,45'-0",Not Defined,,0",1/2",0",,,,,Steel,Joist,22'-3",16K6,,,3ZT5EhLQn6JfRlijT8hoc2,,,,0.37 CF,0.00 lbm,Origin,0",Top,0"
B1010350,Joists - Steel,,,,23.25.30.21.14.11,,,,,1,0.00°,22'-3",,43'-8",45'-0",0",1/2",0",,,,,,183.60 lbm,,,,By Type,,Default,,K-Series Bar Joist-Angle Web,K-Series Bar Joist-Angle Web: 16K6,,,1KpZCW3Gn25x9tpICCoFw_,,Both joins enabled,,,,,,,0 SF,New Construction,None,,,,,L5 TOS,45'-0",Not Defined,,0",1/2",0",,,,,Steel,Joist,22'-3",16K6,,,3ZT5EhLQn6JfRlijT8hoc2,,,,0.37 CF,0.00 lbm,Origin,0",Top,0"
B10,Superstructure,,,,23.25.30.11.14.14,,,,,1,0.00°,9'-6 39/128",,44'-6",44'-9 1/2",0",,0",,,,,,50.86 lbm,,,,By Type,,Default,,SF_Steel L Angle,SF_Steel L Angle: _Size,,,1KpZCW3Gn25x9tpICCoFws,,Both joins enabled,,,,,,,0 SF,New Construction,None,,,,,L5 TOS,45'-0",L-angle,,0",-3 73/128",0",,,,,<By Category>,Purlin,9'-6 1/2",_Size,,,0Zas40lvjEVunrJVAhu7tn,,,,0.10 CF,51.21 lbm,Origin,0",Top,-2 1/2"
B1010350,Joists - Steel,,,,23.25.30.21.14.11,,,,,1,0.00°,16'-8 1/2",,43'-8",45'-0",0",1/2",0",,,,,,132.46 lbm,,,,By Type,,Default,,K-Series Bar Joist-Angle Web,K-Series Bar Joist-Angle Web: 16K6,,,1KpZCW3Gn25x9tpICCoFv2,,Both joins enabled,,,,,,,0 SF,New Construction,None,,,,,L5 TOS,45'-0",Not Defined,,0",1/2",0",,,,,Steel,Joist,16'-8 1/2",16K6,,,3ZT5EhLQn6JfRlijT8hoc2,,,,0.27 CF,0.00 lbm,Origin,0",Top,0"
B1010350,Joists - Steel,,,,23.25.30.21.14.11,,,,,1,0.00°,16'-8 1/2",,43'-8",45'-0",0",1/2",0",,,,,,132.46 lbm,,,,By Type,,Default,,K-Series Bar Joist-Angle Web,K-Series Bar Joist-Angle Web: 16K6,,,1KpZCW3Gn25x9tpICCoFv1,,Both joins enabled,,,,,,,0 SF,New Construction,None,,,,,L5 TOS,45'-0",Not Defined,,0",1/2",0",,,,,Steel,Joist,16'-8 1/2",16K6,,,3ZT5EhLQn6JfRlijT8hoc2,,,,0.27 CF,0.00 lbm,Origin,0",Top,0"
B1010350,Joists - Steel,,,,23.25.30.21.14.11,,,,,1,0.00°,16'-8 1/2",,43'-8",45'-0",0",1/2",0",,,,,,132.46 lbm,,,,By Type,,Default,,K-Series Bar Joist-Angle Web,K-Series Bar Joist-Angle Web: 16K6,,,1KpZCW3Gn25x9tpICCoFv0,,Both joins enabled,,,,,,,0 SF,New Construction,None,,,,,L5 TOS,45'-0",Not Defined,,0",1/2",0",,,,,Steel,Joist,16'-8 1/2",16K6,,,3ZT5EhLQn6JfRlijT8hoc2,,,,0.27 CF,0.00 lbm,Origin,0",Top,0"
B1010350,Joists - Steel,,,,23.25.30.21.14.11,,,,,1,0.00°,16'-8 1/2",,43'-8",45'-0",0",1/2",0",,,,,,132.46 lbm,,,,By Type,,Default,,K-Series Bar Joist-Angle Web,K-Series Bar Joist-Angle Web: 16K6,,,1KpZCW3Gn25x9tpICCoFv7,,Both joins enabled,,,,,,,0 SF,New Construction,None,,,,,L5 TOS,45'-0",Not Defined,,0",1/2",0",,,,,Steel,Joist,16'-8 1/2",16K6,,,3ZT5EhLQn6JfRlijT8hoc2,,,,0.27 CF,0.00 lbm,Origin,0",Top,0"
B1010350,Joists - Steel,,,,23.25.30.21.14.11,,,,,1,0.00°,16'-8 1/2",,43'-8",45'-0",0",1/2",0",,,,,,132.46 lbm,,,,By Type,,Default,,K-Series Bar Joist-Angle Web,K-Series Bar Joist-Angle Web: 16K6,,,1KpZCW3Gn25x9tpICCoFv6,,Both joins enabled,,,,,,,0 SF,New Construction,None,,,,,L5 TOS,45'-0",Not Defined,,0",1/2",0",,,,,Steel,Joist,16'-8 1/2",16K6,,,3ZT5EhLQn6JfRlijT8hoc2,,,,0.27 CF,0.00 lbm,Origin,0",Top,0"
B1010350,Joists - Steel,,,,23.25.30.21.14.11,,,,,1,0.00°,16'-1 1/2",,43'-8",45'-0",0",1/2",0",,,,,,127.75 lbm,,,,By Type,,Default,,K-Series Bar Joist-Angle Web,K-Series Bar Joist-Angle Web: 16K6,,,1KpZCW3Gn25x9tpICCoFv5,,Both joins enabled,,,,,,,0 SF,New Construction,None,,,,,L5 TOS,45'-0",Not Defined,,0",1/2",0",,,,,Steel,Joist,16'-1 1/2",16K6,,,3ZT5EhLQn6JfRlijT8hoc2,,,,0.26 CF,0.00 lbm,Origin,0",Top,0"
B1010350,Joists - Steel,,,,23.25.30.21.14.11,,,,,1,0.00°,16'-1 1/2",,43'-8",45'-0",0",1/2",0",,,,,,127.75 lbm,,,,By Type,,Default,,K-Series Bar Joist-Angle Web,K-Series Bar Joist-Angle Web: 16K6,,,1KpZCW3Gn25x9tpICCoFv4,,Both joins enabled,,,,,,,0 SF,New Construction,None,,,,,L5 TOS,45'-0",Not Defined,,0",1/2",0",,,,,Steel,Joist,16'-1 1/2",16K6,,,3ZT5EhLQn6JfRlijT8hoc2,,,,0.26 CF,0.00 lbm,Origin,0",Top,0"
B1010350,Joists - Steel,,,,23.25.30.21.14.11,,,,,1,0.00°,16'-8 1/2",,43'-8",45'-0",0",1/2",0",,,,,,132.46 lbm,,,,By Type,,Default,,K-Series Bar Joist-Angle Web,K-Series Bar Joist-Angle Web: 16K6,,,1KpZCW3Gn25x9tpICCoFvJ,,Both joins enabled,,,,,,,0 SF,New Construction,None,,,,,L5 TOS,45'-0",Not Defined,,0",1/2",0",,,,,Steel,Joist,16'-8 1/2",16K6,,,3ZT5EhLQn6JfRlijT8hoc2,,,,0.27 CF,0.00 lbm,Origin,0",Top,0"
B1010350,Joists - Steel,,,,23.25.30.21.14.11,,,,,1,0.00°,16'-8 1/2",,43'-8",45'-0",0",1/2",0",,,,,,132.46 lbm,,,,By Type,,Default,,K-Series Bar Joist-Angle Web,K-Series Bar Joist-Angle Web: 16K6,,,1KpZCW3Gn25x9tpICCoFvI,,Both joins enabled,,,,,,,0 SF,New Construction,None,,,,,L5 TOS,45'-0",Not Defined,,0",1/2",0",,,,,Steel,Joist,16'-8 1/2",16K6,,,3ZT5EhLQn6JfRlijT8hoc2,,,,0.27 CF,0.00 lbm,Origin,0",Top,0"
B1010350,Joists - Steel,,,,23.25.30.21.14.11,,,,,1,0.00°,16'-8 1/2",,43'-8",45'-0",0",1/2",0",,,,,,132.46 lbm,,,,By Type,,Default,,K-Series Bar Joist-Angle Web,K-Series Bar Joist-Angle Web: 16K6,,,1KpZCW3Gn25x9tpICCoFvH,,Both joins enabled,,,,,,,0 SF,New Construction,None,,,,,L5 TOS,45'-0",Not Defined,,0",1/2",0",,,,,Steel,Joist,16'-8 1/2",16K6,,,3ZT5EhLQn6JfRlijT8hoc2,,,,0.27 CF,0.00 lbm,Origin,0",Top,0"
B1010350,Joists - Steel,,,,23.25.30.21.14.11,,,,,1,0.00°,16'-8 1/2",,43'-8",45'-0",0",1/2",0",,,,,,132.46 lbm,,,,By Type,,Default,,K-Series Bar Joist-Angle Web,K-Series Bar Joist-Angle Web: 16K6,,,1KpZCW3Gn25x9tpICCoFvG,,Both joins enabled,,,,,,,0 SF,New Construction,None,,,,,L5 TOS,45'-0",Not Defined,,0",1/2",0",,,,,Steel,Joist,16'-8 1/2",16K6,,,3ZT5EhLQn6JfRlijT8hoc2,,,,0.27 CF,0.00 lbm,Origin,0",Top,0"
B1010350,Joists - Steel,,,,23.25.30.21.14.11,,,,,1,0.00°,16'-3",,43'-8",45'-0",0",,0",,,,,,128.76 lbm,,,,By Type,,Default,,K-Series Bar Joist-Angle Web,K-Series Bar Joist-Angle Web: 16K6,,,1KpZCW3Gn25x9tpICCoFvN,,Both joins enabled,,,,,,,0 SF,New Construction,None,,,,,L5 TOS,45'-0",Not Defined,,0",1/2",0",,,,,Steel,Joist,16'-3",16K6,,,3ZT5EhLQn6JfRlijT8hoc2,,,,0.26 CF,0.00 lbm,Origin,0",Top,0"
B1010350,Joists - Steel,,,,23.25.30.21.14.11,,,,,1,0.00°,16'-3",,43'-8",45'-0",0",,0",,,,,,128.76 lbm,,,,By Type,,Default,,K-Series Bar Joist-Angle Web,K-Series Bar Joist-Angle Web: 16K6,,,1KpZCW3Gn25x9tpICCoFvM,,Both joins enabled,,,,,,,0 SF,New Construction,None,,,,,L5 TOS,45'-0",Not Defined,,0",1/2",0",,,,,Steel,Joist,16'-3",16K6,,,3ZT5EhLQn6JfRlijT8hoc2,,,,0.26 CF,0.00 lbm,Origin,0",Top,0"
B1010350,Joists - Steel,,,,23.25.30.21.14.11,,,,,1,0.00°,16'-8 1/2",,43'-8",45'-0",0",1/2",0",,,,,,132.46 lbm,,,,By Type,,Default,,K-Series Bar Joist-Angle Web,K-Series Bar Joist-Angle Web: 16K6,,,1KpZCW3Gn25x9tpICCoFvL,,Both joins enabled,,,,,,,0 SF,New Construction,None,,,,,L5 TOS,45'-0",Not Defined,,0",1/2",0",,,,,Steel,Joist,16'-8 1/2",16K6,,,3ZT5EhLQn6JfRlijT8hoc2,,,,0.27 CF,0.00 lbm,Origin,0",Top,0"
B1010350,Joists - Steel,,,,23.25.30.21.14.11,,,,,1,0.00°,16'-8 1/2",,43'-8",45'-0",0",1/2",0",,,,,,132.46 lbm,,,,By Type,,Default,,K-Series Bar Joist-Angle Web,K-Series Bar Joist-Angle Web: 16K6,,,1KpZCW3Gn25x9tpICCoFvK,,Both joins enabled,,,,,,,0 SF,New Construction,None,,,,,L5 TOS,45'-0",Not Defined,,0",1/2",0",,,,,Steel,Joist,16'-8 1/2",16K6,,,3ZT5EhLQn6JfRlijT8hoc2,,,,0.27 CF,0.00 lbm,Origin,0",Top,0"
B1010350,Joists - Steel,,,,23.25.30.21.14.11,,,,,1,0.00°,16'-8 1/2",,43'-8",45'-0",0",1/2",0",,,,,,132.46 lbm,,,,By Type,,Default,,K-Series Bar Joist-Angle Web,K-Series Bar Joist-Angle Web: 16K6,,,1KpZCW3Gn25x9tpICCoFvh,,Both joins enabled,,,,,,,0 SF,New Construction,None,,,,,L5 TOS,45'-0",Not Defined,,0",1/2",0",,,,,Steel,Joist,16'-8 1/2",16K6,,,3ZT5EhLQn6JfRlijT8hoc2,,,,0.27 CF,0.00 lbm,Origin,0",Top,0"
B1010350,Joists - Steel,,,,23.25.30.21.14.11,,,,,1,0.00°,16'-8 1/2",,43'-8",45'-0",0",1/2",0",,,,,,132.46 lbm,,,,By Type,,Default,,K-Series Bar Joist-Angle Web,K-Series Bar Joist-Angle Web: 16K6,,,1KpZCW3Gn25x9tpICCoFvg,,Both joins enabled,,,,,,,0 SF,New Construction,None,,,,,L5 TOS,45'-0",Not Defined,,0",1/2",0",,,,,Steel,Joist,16'-8 1/2",16K6,,,3ZT5EhLQn6JfRlijT8hoc2,,,,0.27 CF,0.00 lbm,Origin,0",Top,0"
B1010350,Joists - Steel,,,,23.25.30.21.14.11,,,,,1,0.00°,16'-8 1/2",,43'-8",45'-0",0",1/2",0",,,,,,132.46 lbm,,,,By Type,,Default,,K-Series Bar Joist-Angle Web,K-Series Bar Joist-Angle Web: 16K6,,,1KpZCW3Gn25x9tpICCoFvf,,Both joins enabled,,,,,,,0 SF,New Construction,None,,,,,L5 TOS,45'-0",Not Defined,,0",1/2",0",,,,,Steel,Joist,16'-8 1/2",16K6,,,3ZT5EhLQn6JfRlijT8hoc2,,,,0.27 CF,0.00 lbm,Origin,0",Top,0"
B1010350,Joists - Steel,,,,23.25.30.21.14.11,,,,,1,0.00°,16'-8 1/2",,43'-8",45'-0",0",1/2",0",,,,,,132.46 lbm,,,,By Type,,Default,,K-Series Bar Joist-Angle Web,K-Series Bar Joist-Angle Web: 16K6,,,1KpZCW3Gn25x9tpICCoFve,,Both joins enabled,,,,,,,0 SF,New Construction,None,,,,,L5 TOS,45'-0",Not Defined,,0",1/2",0",,,,,Steel,Joist,16'-8 1/2",16K6,,,3ZT5EhLQn6JfRlijT8hoc2,,,,0.27 CF,0.00 lbm,Origin,0",Top,0"
B1010350,Joists - Steel,,,,23.25.30.21.14.11,,,,,1,0.00°,16'-8 1/2",,43'-8",45'-0",0",1/2",0",,,,,,132.46 lbm,,,,By Type,,Default,,K-Series Bar Joist-Angle Web,K-Series Bar Joist-Angle Web: 16K6,,,1KpZCW3Gn25x9tpICCoFvl,,Both joins enabled,,,,,,,0 SF,New Construction,None,,,,,L5 TOS,45'-0",Not Defined,,0",1/2",0",,,,,Steel,Joist,16'-8 1/2",16K6,,,3ZT5EhLQn6JfRlijT8hoc2,,,,0.27 CF,0.00 lbm,Origin,0",Top,0"
B1010350,Joists - Steel,,,,23.25.30.21.14.11,,,,,1,0.00°,16'-8 1/2",,43'-8",45'-0",0",1/2",0",,,,,,132.46 lbm,,,,By Type,,Default,,K-Series Bar Joist-Angle Web,K-Series Bar Joist-Angle Web: 16K6,,,1KpZCW3Gn25x9tpICCoFvk,,Both joins enabled,,,,,,,0 SF,New Construction,None,,,,,L5 TOS,45'-0",Not Defined,,0",1/2",0",,,,,Steel,Joist,16'-8 1/2",16K6,,,3ZT5EhLQn6JfRlijT8hoc2,,,,0.27 CF,0.00 lbm,Origin,0",Top,0"
B1010350,Joists - Steel,,,,23.25.30.21.14.11,,,,,1,0.00°,16'-8 1/2",,43'-8",45'-0",0",1/2",0",,,,,,132.46 lbm,,,,By Type,,Default,,K-Series Bar Joist-Angle Web,K-Series Bar Joist-Angle Web: 16K6,,,1KpZCW3Gn25x9tpICCoFvj,,Both joins enabled,,,,,,,0 SF,New Construction,None,,,,,L5 TOS,45'-0",Not Defined,,0",1/2",0",,,,,Steel,Joist,16'-8 1/2",16K6,,,3ZT5EhLQn6JfRlijT8hoc2,,,,0.27 CF,0.00 lbm,Origin,0",Top,0"
B1010350,Joists - Steel,,,,23.25.30.21.14.11,,,,,1,0.00°,16'-8 1/2",,43'-8",45'-0",0",1/2",0",,,,,,132.46 lbm,,,,By Type,,Default,,K-Series Bar Joist-Angle Web,K-Series Bar Joist-Angle Web: 16K6,,,1KpZCW3Gn25x9tpICCoFvi,,Both joins enabled,,,,,,,0 SF,New Construction,None,,,,,L5 TOS,45'-0",Not Defined,,0",1/2",0",,,,,Steel,Joist,16'-8 1/2",16K6,,,3ZT5EhLQn6JfRlijT8hoc2,,,,0.27 CF,0.00 lbm,Origin,0",Top,0"
B1010350,Joists - Steel,,,,23.25.30.21.14.11,,,,,1,0.00°,16'-3 1/2",,43'-8",45'-0",0",1/2",0",,,,,,129.09 lbm,,,,By Type,,Default,,K-Series Bar Joist-Angle Web,K-Series Bar Joist-Angle Web: 16K6,,,1KpZCW3Gn25x9tpICCoFvZ,,Both joins enabled,,,,,,,0 SF,New Construction,None,,,,,L5 TOS,45'-0",Not Defined,,0",,0",,,,,Steel,Joist,16'-3 1/2",16K6,,,3ZT5EhLQn6JfRlijT8hoc2,,,,0.26 CF,0.00 lbm,Origin,0",Top,0"
B1010350,Joists - Steel,,,,23.25.30.21.14.11,,,,,1,0.00°,16'-3 1/2",,43'-8",45'-0",0",1/2",0",,,,,,129.09 lbm,,,,By Type,,Default,,K-Series Bar Joist-Angle Web,K-Series Bar Joist-Angle Web: 16K6,,,1KpZCW3Gn25x9tpICCoFvY,,Both joins enabled,,,,,,,0 SF,New Construction,None,,,,,L5 TOS,45'-0",Not Defined,,0",,0",,,,,Steel,Joist,16'-3 1/2",16K6,,,3ZT5EhLQn6JfRlijT8hoc2,,,,0.26 CF,0.00 lbm,Origin,0",Top,0"
B1010350,Joists - Steel,,,,23.25.30.21.14.11,,,,,1,0.00°,16'-8 1/2",,43'-8",45'-0",0",1/2",0",,,,,,132.46 lbm,,,,By Type,,Default,,K-Series Bar Joist-Angle Web,K-Series Bar Joist-Angle Web: 16K6,,,1KpZCW3Gn25x9tpICCoFvX,,Both joins enabled,,,,,,,0 SF,New Construction,None,,,,,L5 TOS,45'-0",Not Defined,,0",1/2",0",,,,,Steel,Joist,16'-8 1/2",16K6,,,3ZT5EhLQn6JfRlijT8hoc2,,,,0.27 CF,0.00 lbm,Origin,0",Top,0"
B1010350,Joists - Steel,,,,23.25.30.21.14.11,,,,,1,0.00°,16'-8 1/2",,43'-8",45'-0",0",1/2",0",,,,,,132.46 lbm,,,,By Type,,Default,,K-Series Bar Joist-Angle Web,K-Series Bar Joist-Angle Web: 16K6,,,1KpZCW3Gn25x9tpICCoFvW,,Both joins enabled,,,,,,,0 SF,New Construction,None,,,,,L5 TOS,45'-0",Not Defined,,0",1/2",0",,,,,Steel,Joist,16'-8 1/2",16K6,,,3ZT5EhLQn6JfRlijT8hoc2,,,,0.27 CF,0.00 lbm,Origin,0",Top,0"
B1010350,Joists - Steel,,,,23.25.30.21.14.11,,,,,1,0.00°,16'-8 1/2",,43'-8",45'-0",0",1/2",0",,,,,,132.46 lbm,,,,By Type,,Default,,K-Series Bar Joist-Angle Web,K-Series Bar Joist-Angle Web: 16K6,,,1KpZCW3Gn25x9tpICCoFvd,,Both joins enabled,,,,,,,0 SF,New Construction,None,,,,,L5 TOS,45'-0",Not Defined,,0",1/2",0",,,,,Steel,Joist,16'-8 1/2",16K6,,,3ZT5EhLQn6JfRlijT8hoc2,,,,0.27 CF,0.00 lbm,Origin,0",Top,0"
B10,Superstructure,,,,23.25.30.11.14.14,,,,,1,0.00°,22'-6 51/128",,29'-11 51/128",31'-5 1/2",0",1/2",0",,,,,,1262.62 lbm,,,,By Type,,Default,,W Shapes,W Shapes: W18x55,,,1KpZCW3Gn25x9tpICCoFyy,,Both joins enabled,,,,,,,1,177 SF,New Construction,None,,,,,L4 TOS,31'-8",I-shape Parallel Flange,,0",1/2",0",,,,,Steel,Girder,23'-10",W18x55,,,1_y_hNQfD4N8RbeJZCV0vP,,,,2.58 CF,1242.15 lbm,Origin,0",Top,-2 1/2"
B10,Superstructure,,,,23.25.30.11.14.14,,,,,1,0.00°,22'-11",,29'-11 51/128",31'-5 1/2",0",1/2",0",,,,,,1284.10 lbm,,,,By Type,,Default,,W Shapes,W Shapes: W18x55,,,1KpZCW3Gn25x9tpICCoFYB,,Both joins enabled,,,,,,,1,177 SF,New Construction,None,,,,,L4 TOS,31'-8",I-shape Parallel Flange,,0",1/2",0",,,,,Steel,Girder,23'-10",W18x55,,,1_y_hNQfD4N8RbeJZCV0vP,,,,2.62 CF,1263.28 lbm,Origin,0",Top,-2 1/2"
B1010350,Joists - Steel,,,,23.25.30.21.14.11,,,,,1,0.00°,14'-10",,30'-4",31'-8",0",1/2",0",,,,,,115.72 lbm,,,,By Type,,Default,,K-Series Bar Joist-Angle Web,K-Series Bar Joist-Angle Web: 16K6,,,1KpZCW3Gn25x9tpICCoFYM,,Both joins enabled,,,,,,,0 SF,New Construction,None,,,,,L4 TOS,31'-8",Not Defined,,0",1/2",0",,,,,Steel,Joist,14'-10",16K6,,,3ZT5EhLQn6JfRlijT8hoc2,,,,0.24 CF,0.00 lbm,Origin,0",Top,0"
B1010350,Joists - Steel,,,,23.25.30.21.14.11,,,,,1,0.00°,14'-10",,30'-4",31'-8",0",1/2",0",,,,,,115.72 lbm,,,,By Type,,Default,,K-Series Bar Joist-Angle Web,K-Series Bar Joist-Angle Web: 16K6,,,1KpZCW3Gn25x9tpICCoFYL,,Both joins enabled,,,,,,,0 SF,New Construction,None,,,,,L4 TOS,31'-8",Not Defined,,0",1/2",0",,,,,Steel,Joist,14'-10",16K6,,,3ZT5EhLQn6JfRlijT8hoc2,,,,0.24 CF,0.00 lbm,Origin,0",Top,0"
B1010350,Joists - Steel,,,,23.25.30.21.14.11,,,,,1,0.00°,14'-10",,30'-4",31'-8",0",1/2",0",,,,,,115.72 lbm,,,,By Type,,Default,,K-Series Bar Joist-Angle Web,K-Series Bar Joist-Angle Web: 16K6,,,1KpZCW3Gn25x9tpICCoFYK,,Both joins enabled,,,,,,,0 SF,New Construction,None,,,,,L4 TOS,31'-8",Not Defined,,0",1/2",0",,,,,Steel,Joist,14'-10",16K6,,,3ZT5EhLQn6JfRlijT8hoc2,,,,0.24 CF,0.00 lbm,Origin,0",Top,0"
B1010350,Joists - Steel,,,,23.25.30.21.14.11,,,,,1,0.00°,14'-10",,30'-4",31'-8",0",1/2",0",,,,,,115.72 lbm,,,,By Type,,Default,,K-Series Bar Joist-Angle Web,K-Series Bar Joist-Angle Web: 16K6,,,1KpZCW3Gn25x9tpICCoFYh,,Both joins enabled,,,,,,,0 SF,New Construction,None,,,,,L4 TOS,31'-8",Not Defined,,0",1/2",0",,,,,Steel,Joist,14'-10",16K6,,,3ZT5EhLQn6JfRlijT8hoc2,,,,0.24 CF,0.00 lbm,Origin,0",Top,0"
B1010350,Joists - Steel,,,,23.25.30.21.14.11,,,,,1,0.00°,14'-10",,30'-4",31'-8",0",1/2",0",,,,,,115.72 lbm,,,,By Type,,Default,,K-Series Bar Joist-Angle Web,K-Series Bar Joist-Angle Web: 16K6,,,1KpZCW3Gn25x9tpICCoFYg,,Both joins enabled,,,,,,,0 SF,New Construction,None,,,,,L4 TOS,31'-8",Not Defined,,0",1/2",0",,,,,Steel,Joist,14'-10",16K6,,,3ZT5EhLQn6JfRlijT8hoc2,,,,0.24 CF,0.00 lbm,Origin,0",Top,0"
B1010350,Joists - Steel,,,,23.25.30.21.14.11,,,,,1,0.00°,15'-2 1/2",,30'-4",31'-8",0",1/2",0",,,,,,118.75 lbm,,,,By Type,,Default,,K-Series Bar Joist-Angle Web,K-Series Bar Joist-Angle Web: 16K6,,,1KpZCW3Gn25x9tpICCoFXI,,Both joins enabled,,,,,,,0 SF,New Construction,None,,,,,L4 TOS,31'-8",Not Defined,,0",1/2",0",,,,,Steel,Joist,15'-2 1/2",16K6,,,3ZT5EhLQn6JfRlijT8hoc2,,,,0.24 CF,0.00 lbm,Origin,0",Top,0"
B1010350,Joists - Steel,,,,23.25.30.21.14.11,,,,,1,0.00°,15'-2 1/2",,30'-4",31'-8",0",1/2",0",,,,,,118.75 lbm,,,,By Type,,Default,,K-Series Bar Joist-Angle Web,K-Series Bar Joist-Angle Web: 16K6,,,1KpZCW3Gn25x9tpICCoFXH,,Both joins enabled,,,,,,,0 SF,New Construction,None,,,,,L4 TOS,31'-8",Not Defined,,0",1/2",0",,,,,Steel,Joist,15'-2 1/2",16K6,,,3ZT5EhLQn6JfRlijT8hoc2,,,,0.24 CF,0.00 lbm,Origin,0",Top,0"
B1010350,Joists - Steel,,,,23.25.30.21.14.11,,,,,1,0.00°,15'-2 1/2",,30'-4",31'-8",0",1/2",0",,,,,,118.75 lbm,,,,By Type,,Default,,K-Series Bar Joist-Angle Web,K-Series Bar Joist-Angle Web: 16K6,,,1KpZCW3Gn25x9tpICCoFXG,,Both joins enabled,,,,,,,0 SF,New Construction,None,,,,,L4 TOS,31'-8",Not Defined,,0",1/2",0",,,,,Steel,Joist,15'-2 1/2",16K6,,,3ZT5EhLQn6JfRlijT8hoc2,,,,0.24 CF,0.00 lbm,Origin,0",Top,0"
B1010350,Joists - Steel,,,,23.25.30.21.14.11,,,,,1,0.00°,15'-2 1/2",,30'-4",31'-8",0",1/2",0",,,,,,118.75 lbm,,,,By Type,,Default,,K-Series Bar Joist-Angle Web,K-Series Bar Joist-Angle Web: 16K6,,,1KpZCW3Gn25x9tpICCoFXN,,Both joins enabled,,,,,,,0 SF,New Construction,None,,,,,L4 TOS,31'-8",Not Defined,,0",1/2",0",,,,,Steel,Joist,15'-2 1/2",16K6,,,3ZT5EhLQn6JfRlijT8hoc2,,,,0.24 CF,0.00 lbm,Origin,0",Top,0"
B1010350,Joists - Steel,,,,23.25.30.21.14.11,,,,,1,0.00°,15'-2 1/2",,30'-4",31'-8",0",1/2",0",,,,,,118.75 lbm,,,,By Type,,Default,,K-Series Bar Joist-Angle Web,K-Series Bar Joist-Angle Web: 16K6,,,1KpZCW3Gn25x9tpICCoFXM,,Both joins enabled,,,,,,,0 SF,New Construction,None,,,,,L4 TOS,31'-8",Not Defined,,0",1/2",0",,,,,Steel,Joist,15'-2 1/2",16K6,,,3ZT5EhLQn6JfRlijT8hoc2,,,,0.24 CF,0.00 lbm,Origin,0",Top,0"
B10,Superstructure,,,,23.25.30.11.14.14,,,,,1,0.00°,19'-5 115/128",,29'-11 51/128",31'-5 1/2",0",1/2",0",,,,,,1091.80 lbm,,,,By Type,,Default,,W Shapes,W Shapes: W18x55,,,1KpZCW3Gn25x9tpICCoC2o,,Both joins enabled,,,,,,,1,023 SF,New Construction,None,,,,,L4 TOS,31'-8",I-shape Parallel Flange,,0",1/2",0",,,,,Steel,Girder,20'-8 1/2",W18x55,,,1_y_hNQfD4N8RbeJZCV0vP,,,,2.23 CF,1074.48 lbm,Origin,0",Top,-2 1/2"
B10,Superstructure,,,,23.25.30.11.14.14,,,,,1,0.00°,19'-6 179/256",,29'-11 51/128",31'-5 1/2",0",1/2",0",,,,,,1095.54 lbm,,,,By Type,,Default,,W Shapes,W Shapes: W18x55,,,1KpZCW3Gn25x9tpICCoC2n,,Both joins enabled,,,,,,,1,025 SF,New Construction,None,,,,,L4 TOS,31'-8",I-shape Parallel Flange,,0",1/2",0",,,,,Steel,Girder,20'-9",W18x55,,,1_y_hNQfD4N8RbeJZCV0vP,,,,2.24 CF,1078.15 lbm,Origin,0",Top,-2 1/2"
B10,Superstructure,,,,23.25.30.11.14.14,,,,,1,0.00°,8'-6 179/256",,29'-11 51/128",31'-5 1/2",0",0",0",,,,,,479.38 lbm,,,,By Type,,Default,,W Shapes,W Shapes: W18x55,,,1KpZCW3Gn25x9tpICCoC2m,,One or two joins disabled,,,,,,,455 SF,New Construction,None,,,,,L4 TOS,31'-8",I-shape Parallel Flange,,0",,0",,,,,Steel,Girder,9'-2 1/2",W18x55,,,1_y_hNQfD4N8RbeJZCV0vP,,,,0.98 CF,471.78 lbm,Origin,0",Top,-2 1/2"
B10,Superstructure,,,,23.25.30.11.14.14,,,,,1,0.00°,19'-10",,29'-11 13/128",31'-5 1/2",0",0",0",,,,,,1727.20 lbm,,,,By Type,,Default,,W Shapes,W Shapes: W18x86,,,1KpZCW3Gn25x9tpICCoC2t,,Both joins enabled,,,,,,,1,025 SF,New Construction,None,,,,,L4 TOS,31'-8",I-shape Parallel Flange,,0",0",0",,,,,Steel,Girder,20'-9",W18x86,,,1r4KDlPfX65ey959abbF2i,,,,3.52 CF,1707.46 lbm,Origin,0",Top,-2 1/2"
B10,Superstructure,,,,23.25.30.11.14.14,,,,,1,0.00°,19'-11 1/2",,29'-11 13/128",31'-5 1/2",0",0",0",,,,,,1738.09 lbm,,,,By Type,,Default,,W Shapes,W Shapes: W18x86,,,1KpZCW3Gn25x9tpICCoC2s,,Both joins enabled,,,,,,,1,025 SF,New Construction,None,,,,,L4 TOS,31'-8",I-shape Parallel Flange,,0",0",0",,,,,Steel,Girder,20'-9",W18x86,,,1r4KDlPfX65ey959abbF2i,,,,3.55 CF,1718.22 lbm,Origin,0",Top,-2 1/2"
B10,Superstructure,,,,23.25.30.11.14.14,,,,,1,0.00°,8'-9",,29'-11 13/128",31'-5 1/2",0",0",0",,,,,,762.00 lbm,,,,By Type,,Default,,W Shapes,W Shapes: W18x86,,,1KpZCW3Gn25x9tpICCoC1A,,One or two joins disabled,,,,,,,455 SF,New Construction,None,,,,,L4 TOS,31'-8",I-shape Parallel Flange,,0",,0",,,,,Steel,Girder,9'-2 1/2",W18x86,,,1r4KDlPfX65ey959abbF2i,,,,1.56 CF,753.29 lbm,Origin,0",Top,-2 1/2"
B10,Superstructure,,,,23.25.30.11.14.14,,,,,1,0.00°,60'-4",,28'-10 51/256",31'-5 1/2",0",1/2",0",,,,,,14205.75 lbm,,,,By Type,,Default,,W Shapes,W Shapes: W30x235,,,1KpZCW3Gn25x9tpICCoC18,,Both joins enabled,,,,,,,3,050 SF,New Construction,None,,,,,L4 TOS,31'-8",I-shape Parallel Flange,,0",1/2",0",,,,,<By Category>,Girder,61'-9",W30x235,,,0lyEh4MQj5dfRBgL_Q5RQi,,,,28.99 CF,14206.82 lbm,Origin,0",Top,-2 1/2"
B10,Superstructure,,,,23.25.30.11.14.14,,,,,1,0.00°,14'-6 117/256",,30'-7 205/256",31'-8",0",1/2",0",,,,,,378.05 lbm,,,,By Type,,Default,,W Shapes,W Shapes: W12X26,,,1KpZCW3Gn25x9tpICCoC1F,,Both joins enabled,,,,,,,65 SF,New Construction,None,,,,,L4 TOS,31'-8",I-shape Parallel Flange,,0",1/2",0",,,,,Steel,Girder,15'-8 61/128",W12X26,,,3s7FV_Vjn0EQQBzZuxFow2,,,,0.77 CF,378.44 lbm,Origin,0",Top,0"
B10,Superstructure,,,,23.25.30.11.14.14,,,,,1,0.00°,7'-10 1/4",,30'-7 205/256",31'-8",0",1/2",0",,,,,,204.24 lbm,,,,By Type,,Default,,W Shapes,W Shapes: W12X26,,,1KpZCW3Gn25x9tpICCoC1E,,Both joins enabled,,,,,,,37 SF,New Construction,None,,,,,L4 TOS,31'-8",I-shape Parallel Flange,,0",1/2",0",,,,,Steel,Girder,9'-0 69/256",W12X26,,,3s7FV_Vjn0EQQBzZuxFow2,,,,0.42 CF,204.45 lbm,Origin,0",Top,0"
B10,Superstructure,,,,23.25.30.11.14.14,,,,,1,0.00°,16'-1 1/2",,30'-1 115/128",31'-8",0",,0",,,,,,903.22 lbm,,,,By Type,,Default,,W Shapes,W Shapes: W18x55,,,1KpZCW3Gn25x9tpICCoC1D,,One or two joins disabled,,,,,,,817 SF,New Construction,None,,,,,L4 TOS,31'-8",I-shape Parallel Flange,,0",0",0",,,,,Steel,Girder,16'-6 1/2",W18x55,,,1_y_hNQfD4N8RbeJZCV0vP,,,,1.84 CF,888.89 lbm,Origin,0",Top,0"
B10,Superstructure,,,,23.25.30.11.14.14,,,,,1,0.00°,15'-2 125/256",,30'-7 205/256",31'-8",0",,0",,,,,,395.45 lbm,,,,By Type,,Default,,W Shapes,W Shapes: W12X26,,,1KpZCW3Gn25x9tpICCoC1C,,Both joins enabled,,,,,,,60 SF,New Construction,None,,,,,L4 TOS,31'-8",I-shape Parallel Flange,,0",,0",,,,,Steel,Girder,14'-8",W12X26,,,3s7FV_Vjn0EQQBzZuxFow2,,,,0.81 CF,395.87 lbm,Origin,0",Top,0"
B10,Superstructure,,,,23.25.30.11.14.14,,,,,1,0.00°,9'-7 113/128",,31'-0 7/64",31'-8",0",0",0",,,,,,108.39 lbm,,,,By Type,,Default,,W Shapes,W Shapes: W8x10,,,1KpZCW3Gn25x9tpICCoC14,,Both joins enabled,,,,,,,528 SF,New Construction,None,,,,,L4 TOS,31'-8",I-shape Parallel Flange,,0",0",0",,,,,Steel,Joist,10'-8 41/128",W8x10,,,2GjH11r995hxaZhII5NFtk,,,,0.22 CF,97.27 lbm,Origin,0",Top,0"
B10,Superstructure,,,,23.25.30.11.14.14,,,,,1,0.00°,11'-3 239/256",,31'-0 7/64",31'-8",0",0",0",,,,,,127.15 lbm,,,,By Type,,Default,,W Shapes,W Shapes: W8x10,,,1KpZCW3Gn25x9tpICCoC1R,,Both joins enabled,,,,,,,611 SF,New Construction,None,,,,,L4 TOS,31'-8",I-shape Parallel Flange,,0",0",0",,,,,Steel,Joist,12'-4 3/8",W8x10,,,2GjH11r995hxaZhII5NFtk,,,,0.26 CF,114.10 lbm,Origin,0",Top,0"
B10,Superstructure,,,,23.25.30.11.14.14,,,,,1,0.00°,12'-11 63/64",,31'-0 7/64",31'-8",0",0",0",,,,,,145.90 lbm,,,,By Type,,Default,,W Shapes,W Shapes: W8x10,,,1KpZCW3Gn25x9tpICCoC1Q,,Both joins enabled,,,,,,,693 SF,New Construction,None,,,,,L4 TOS,31'-8",I-shape Parallel Flange,,0",0",0",,,,,Steel,Joist,14'-0 109/256",W8x10,,,2GjH11r995hxaZhII5NFtk,,,,0.30 CF,130.93 lbm,Origin,0",Top,0"
B10,Superstructure,,,,23.25.30.11.14.14,,,,,1,0.00°,14'-6",,30'-7 205/256",31'-8",0",1/2",0",,,,,,377.06 lbm,,,,By Type,,Default,,W Shapes,W Shapes: W12X26,,,1KpZCW3Gn25x9tpICCoC1P,,Both joins enabled,,,,,,,64 SF,New Construction,None,,,,,L4 TOS,31'-8",I-shape Parallel Flange,,0",1/2",0",,,,,Steel,Girder,15'-8 5/256",W12X26,,,3s7FV_Vjn0EQQBzZuxFow2,,,,0.77 CF,377.45 lbm,Origin,0",Top,0"
B10,Superstructure,,,,23.25.30.11.14.14,,,,,1,0.00°,7'-10 1/4",,30'-7 205/256",31'-8",0",1/2",0",,,,,,204.24 lbm,,,,By Type,,Default,,W Shapes,W Shapes: W12X26,,,1KpZCW3Gn25x9tpICCoC1O,,Both joins enabled,,,,,,,37 SF,New Construction,None,,,,,L4 TOS,31'-8",I-shape Parallel Flange,,0",1/2",0",,,,,Steel,Girder,9'-0 69/256",W12X26,,,3s7FV_Vjn0EQQBzZuxFow2,,,,0.42 CF,204.45 lbm,Origin,0",Top,0"
B10,Superstructure,,,,23.25.30.11.14.14,,,,,1,0.00°,15'-1 125/256",,30'-7 205/256",31'-8",0",,0",,,,,,393.29 lbm,,,,By Type,,Default,,W Shapes,W Shapes: W12X26,,,1KpZCW3Gn25x9tpICCoC1V,,Both joins enabled,,,,,,,60 SF,New Construction,None,,,,,L4 TOS,31'-8",I-shape Parallel Flange,,0",,0",,,,,Steel,Girder,14'-7",W12X26,,,3s7FV_Vjn0EQQBzZuxFow2,,,,0.80 CF,393.70 lbm,Origin,0",Top,0"
B10,Superstructure,,,,23.25.30.11.14.14,,,,,1,0.00°,9'-7 49/64",,31'-0 7/64",31'-8",0",0",0",,,,,,108.28 lbm,,,,By Type,,Default,,W Shapes,W Shapes: W8x10,,,1KpZCW3Gn25x9tpICCoC1N,,Both joins enabled,,,,,,,528 SF,New Construction,None,,,,,L4 TOS,31'-8",I-shape Parallel Flange,,0",0",0",,,,,Steel,Joist,10'-8 53/256",W8x10,,,2GjH11r995hxaZhII5NFtk,,,,0.22 CF,97.17 lbm,Origin,0",Top,0"
B10,Superstructure,,,,23.25.30.11.14.14,,,,,1,0.00°,11'-3 181/256",,31'-0 7/64",31'-8",0",0",0",,,,,,126.93 lbm,,,,By Type,,Default,,W Shapes,W Shapes: W8x10,,,1KpZCW3Gn25x9tpICCoC1M,,Both joins enabled,,,,,,,610 SF,New Construction,None,,,,,L4 TOS,31'-8",I-shape Parallel Flange,,0",0",0",,,,,Steel,Joist,12'-4 37/256",W8x10,,,2GjH11r995hxaZhII5NFtk,,,,0.26 CF,113.90 lbm,Origin,0",Top,0"
B10,Superstructure,,,,23.25.30.11.14.14,,,,,1,0.00°,12'-11 165/256",,31'-0 7/64",31'-8",0",0",0",,,,,,145.58 lbm,,,,By Type,,Default,,W Shapes,W Shapes: W8x10,,,1KpZCW3Gn25x9tpICCoC1L,,Both joins enabled,,,,,,,692 SF,New Construction,None,,,,,L4 TOS,31'-8",I-shape Parallel Flange,,0",0",0",,,,,Steel,Joist,14'-0 21/256",W8x10,,,2GjH11r995hxaZhII5NFtk,,,,0.30 CF,130.64 lbm,Origin,0",Top,0"
B10,Superstructure,,,,23.25.30.11.14.14,,,,,1,0.00°,7'-10 1/4",,30'-7 205/256",31'-8",0",1/2",0",,,,,,204.24 lbm,,,,By Type,,Default,,W Shapes,W Shapes: W12X26,,,1KpZCW3Gn25x9tpICCoC1K,,Both joins enabled,,,,,,,37 SF,New Construction,None,,,,,L4 TOS,31'-8",I-shape Parallel Flange,,0",1/2",0",,,,,Steel,Girder,9'-0 69/256",W12X26,,,3s7FV_Vjn0EQQBzZuxFow2,,,,0.42 CF,204.45 lbm,Origin,0",Top,0"
B10,Superstructure,,,,23.25.30.11.14.14,,,,,1,0.00°,15'-1 125/256",,30'-7 205/256",31'-8",0",,0",,,,,,393.29 lbm,,,,By Type,,Default,,W Shapes,W Shapes: W12X26,,,1KpZCW3Gn25x9tpICCoC1h,,Both joins enabled,,,,,,,60 SF,New Construction,None,,,,,L4 TOS,31'-8",I-shape Parallel Flange,,0",,0",,,,,Steel,Girder,14'-7",W12X26,,,3s7FV_Vjn0EQQBzZuxFow2,,,,0.80 CF,393.70 lbm,Origin,0",Top,0"
B10,Superstructure,,,,23.25.30.11.14.14,,,,,1,0.00°,5'-9 11/64",,30'-1 115/128",31'-8",0",,0",,,,,,322.87 lbm,,,,By Type,,Default,,W Shapes,W Shapes: W18x55,,,1KpZCW3Gn25x9tpICCoC1b,,Both joins enabled,,,,,,,305 SF,New Construction,None,,,,,L4 TOS,31'-8",I-shape Parallel Flange,,0",0",0",,,,,Steel,Girder,6'-2 11/64",W18x55,,,1_y_hNQfD4N8RbeJZCV0vP,,,,0.66 CF,317.75 lbm,Origin,0",Top,0"
B10,Superstructure,,,,23.25.30.11.14.14,,,,,1,0.00°,6'-11 109/128",,30'-1 115/128",31'-8",0",,0",,,,,,391.40 lbm,,,,By Type,,Default,,W Shapes,W Shapes: W18x55,,,1KpZCW3Gn25x9tpICCoC1a,,Both joins enabled,,,,,,,375 SF,New Construction,None,,,,,L4 TOS,31'-8",I-shape Parallel Flange,,0",0",0",,,,,Steel,Girder,7'-7",W18x55,,,1_y_hNQfD4N8RbeJZCV0vP,,,,0.80 CF,385.19 lbm,Origin,0",Top,0"
B10,Superstructure,,,,23.25.30.11.14.14,,,,,1,0.00°,5'-8 115/256",,29'-11 51/128",31'-5 1/2",0",,0",,,,,,319.51 lbm,,,,By Type,,Default,,W Shapes,W Shapes: W18x55,,,1KpZCW3Gn25x9tpICCoC1x,,One or two joins disabled,,,,,,,305 SF,New Construction,None,,,,,L4 TOS,31'-8",I-shape Parallel Flange,,0",0",0",,,,,Steel,Joist,6'-2",W18x55,,,1_y_hNQfD4N8RbeJZCV0vP,,,,0.65 CF,314.44 lbm,Origin,0",Top,-2 1/2"
B10,Superstructure,,,,23.25.30.11.14.14,,,,,1,0.00°,7'-0 15/64",,29'-11 51/128",31'-5 1/2",0",,0",,,,,,393.19 lbm,,,,By Type,,Default,,W Shapes,W Shapes: W18x55,,,1KpZCW3Gn25x9tpICCoC1w,,One or two joins disabled,,,,,,,362 SF,New Construction,None,,,,,L4 TOS,31'-8",I-shape Parallel Flange,,0",0",0",,,,,Steel,Joist,7'-4",W18x55,,,1_y_hNQfD4N8RbeJZCV0vP,,,,0.80 CF,386.95 lbm,Origin,0",Top,-2 1/2"
B1010350,Joists - Steel,,,,23.25.30.21.14.11,,,,,1,0.00°,22'-3",,30'-0",31'-8",0",1/2",0",,,,,,177.85 lbm,,,,By Type,,Default,,K-Series Bar Joist-Angle Web,K-Series Bar Joist-Angle Web: 20K6,,,1KpZCW3Gn25x9tpICCoC1m,,Both joins enabled,,,,,,,0 SF,New Construction,None,,,,,L4 TOS,31'-8",Not Defined,,0",1/2",0",,,,,Steel,Joist,22'-3",20K6,,,0lyEh4MQj5dfRBgL_Q5RLE,,,,0.36 CF,0.00 lbm,Origin,0",Top,0"
B1010350,Joists - Steel,,,,23.25.30.21.14.11,,,,,1,0.00°,22'-3",,30'-0",31'-8",0",1/2",0",,,,,,177.85 lbm,,,,By Type,,Default,,K-Series Bar Joist-Angle Web,K-Series Bar Joist-Angle Web: 20K6,,,1KpZCW3Gn25x9tpICCoC1t,,Both joins enabled,,,,,,,0 SF,New Construction,None,,,,,L4 TOS,31'-8",Not Defined,,0",1/2",0",,,,,Steel,Joist,22'-3",20K6,,,0lyEh4MQj5dfRBgL_Q5RLE,,,,0.36 CF,0.00 lbm,Origin,0",Top,0"
B1010350,Joists - Steel,,,,23.25.30.21.14.11,,,,,1,0.00°,22'-3",,30'-0",31'-8",0",1/2",0",,,,,,177.85 lbm,,,,By Type,,Default,,K-Series Bar Joist-Angle Web,K-Series Bar Joist-Angle Web: 20K6,,,1KpZCW3Gn25x9tpICCoC1s,,Both joins enabled,,,,,,,0 SF,New Construction,None,,,,,L4 TOS,31'-8",Not Defined,,0",1/2",0",,,,,Steel,Joist,22'-3",20K6,,,0lyEh4MQj5dfRBgL_Q5RLE,,,,0.36 CF,0.00 lbm,Origin,0",Top,0"
B1010350,Joists - Steel,,,,23.25.30.21.14.11,,,,,1,0.00°,22'-3",,30'-0",31'-8",0",1/2",0",,,,,,177.85 lbm,,,,By Type,,Default,,K-Series Bar Joist-Angle Web,K-Series Bar Joist-Angle Web: 20K6,,,1KpZCW3Gn25x9tpICCoC1r,,Both joins enabled,,,,,,,0 SF,New Construction,None,,,,,L4 TOS,31'-8",Not Defined,,0",1/2",0",,,,,Steel,Joist,22'-3",20K6,,,0lyEh4MQj5dfRBgL_Q5RLE,,,,0.36 CF,0.00 lbm,Origin,0",Top,0"
B1010350,Joists - Steel,,,,23.25.30.21.14.11,,,,,1,0.00°,22'-3",,30'-0",31'-8",0",1/2",0",,,,,,177.85 lbm,,,,By Type,,Default,,K-Series Bar Joist-Angle Web,K-Series Bar Joist-Angle Web: 20K6,,,1KpZCW3Gn25x9tpICCoC1q,,Both joins enabled,,,,,,,0 SF,New Construction,None,,,,,L4 TOS,31'-8",Not Defined,,0",1/2",0",,,,,Steel,Joist,22'-3",20K6,,,0lyEh4MQj5dfRBgL_Q5RLE,,,,0.36 CF,0.00 lbm,Origin,0",Top,0"
B1010350,Joists - Steel,,,,23.25.30.21.14.11,,,,,1,0.00°,22'-3",,30'-0",31'-8",0",1/2",0",,,,,,177.85 lbm,,,,By Type,,Default,,K-Series Bar Joist-Angle Web,K-Series Bar Joist-Angle Web: 20K6,,,1KpZCW3Gn25x9tpICCoC0B,,Both joins enabled,,,,,,,0 SF,New Construction,None,,,,,L4 TOS,31'-8",Not Defined,,0",1/2",0",,,,,Steel,Joist,22'-3",20K6,,,0lyEh4MQj5dfRBgL_Q5RLE,,,,0.36 CF,0.00 lbm,Origin,0",Top,0"
B1010350,Joists - Steel,,,,23.25.30.21.14.11,,,,,1,0.00°,22'-3",,30'-0",31'-8",0",1/2",0",,,,,,177.85 lbm,,,,By Type,,Default,,K-Series Bar Joist-Angle Web,K-Series Bar Joist-Angle Web: 20K6,,,1KpZCW3Gn25x9tpICCoC0A,,Both joins enabled,,,,,,,0 SF,New Construction,None,,,,,L4 TOS,31'-8",Not Defined,,0",1/2",0",,,,,Steel,Joist,22'-3",20K6,,,0lyEh4MQj5dfRBgL_Q5RLE,,,,0.36 CF,0.00 lbm,Origin,0",Top,0"
B1010350,Joists - Steel,,,,23.25.30.21.14.11,,,,,1,0.00°,22'-3",,30'-0",31'-8",0",1/2",0",,,,,,177.85 lbm,,,,By Type,,Default,,K-Series Bar Joist-Angle Web,K-Series Bar Joist-Angle Web: 20K6,,,1KpZCW3Gn25x9tpICCoC09,,Both joins enabled,,,,,,,0 SF,New Construction,None,,,,,L4 TOS,31'-8",Not Defined,,0",1/2",0",,,,,Steel,Joist,22'-3",20K6,,,0lyEh4MQj5dfRBgL_Q5RLE,,,,0.36 CF,0.00 lbm,Origin,0",Top,0"
B1010350,Joists - Steel,,,,23.25.30.21.14.11,,,,,1,0.00°,22'-3",,30'-0",31'-8",0",1/2",0",,,,,,177.85 lbm,,,,By Type,,Default,,K-Series Bar Joist-Angle Web,K-Series Bar Joist-Angle Web: 20K6,,,1KpZCW3Gn25x9tpICCoC08,,Both joins enabled,,,,,,,0 SF,New Construction,None,,,,,L4 TOS,31'-8",Not Defined,,0",1/2",0",,,,,Steel,Joist,22'-3",20K6,,,0lyEh4MQj5dfRBgL_Q5RLE,,,,0.36 CF,0.00 lbm,Origin,0",Top,0"
B1010350,Joists - Steel,,,,23.25.30.21.14.11,,,,,1,0.00°,22'-3",,30'-0",31'-8",0",1/2",0",,,,,,177.85 lbm,,,,By Type,,Default,,K-Series Bar Joist-Angle Web,K-Series Bar Joist-Angle Web: 20K6,,,1KpZCW3Gn25x9tpICCoC0F,,Both joins enabled,,,,,,,0 SF,New Construction,None,,,,,L4 TOS,31'-8",Not Defined,,0",1/2",0",,,,,Steel,Joist,22'-3",20K6,,,0lyEh4MQj5dfRBgL_Q5RLE,,,,0.36 CF,0.00 lbm,Origin,0",Top,0"
B1010350,Joists - Steel,,,,23.25.30.21.14.11,,,,,1,0.00°,16'-1 1/2",,30'-0",31'-8",0",,0",,,,,,122.23 lbm,,,,By Type,,Default,,K-Series Bar Joist-Angle Web,K-Series Bar Joist-Angle Web: 20K6,,,1KpZCW3Gn25x9tpICCoC05,,Both joins enabled,,,,,,,0 SF,New Construction,None,,,,,L4 TOS,31'-8",Not Defined,,0",1/2",0",,,,,Steel,Joist,16'-1 1/2",20K6,,,0lyEh4MQj5dfRBgL_Q5RLE,,,,0.25 CF,0.00 lbm,Origin,0",Top,0"
B1010350,Joists - Steel,,,,23.25.30.21.14.11,,,,,1,0.00°,16'-1 1/2",,30'-0",31'-8",0",,0",,,,,,122.23 lbm,,,,By Type,,Default,,K-Series Bar Joist-Angle Web,K-Series Bar Joist-Angle Web: 20K6,,,1KpZCW3Gn25x9tpICCoC04,,Both joins enabled,,,,,,,0 SF,New Construction,None,,,,,L4 TOS,31'-8",Not Defined,,0",1/2",0",,,,,Steel,Joist,16'-1 1/2",20K6,,,0lyEh4MQj5dfRBgL_Q5RLE,,,,0.25 CF,0.00 lbm,Origin,0",Top,0"
B1010350,Joists - Steel,,,,23.25.30.21.14.11,,,,,1,0.00°,16'-8 1/2",,30'-0",31'-8",0",1/2",0",,,,,,126.95 lbm,,,,By Type,,Default,,K-Series Bar Joist-Angle Web,K-Series Bar Joist-Angle Web: 20K6,,,1KpZCW3Gn25x9tpICCoC0R,,Both joins enabled,,,,,,,0 SF,New Construction,None,,,,,L4 TOS,31'-8",Not Defined,,0",1/2",0",,,,,Steel,Joist,16'-8 1/2",20K6,,,0lyEh4MQj5dfRBgL_Q5RLE,,,,0.26 CF,0.00 lbm,Origin,0",Top,0"
B1010350,Joists - Steel,,,,23.25.30.21.14.11,,,,,1,0.00°,16'-8 1/2",,30'-0",31'-8",0",1/2",0",,,,,,126.95 lbm,,,,By Type,,Default,,K-Series Bar Joist-Angle Web,K-Series Bar Joist-Angle Web: 20K6,,,1KpZCW3Gn25x9tpICCoC0Q,,Both joins enabled,,,,,,,0 SF,New Construction,None,,,,,L4 TOS,31'-8",Not Defined,,0",1/2",0",,,,,Steel,Joist,16'-8 1/2",20K6,,,0lyEh4MQj5dfRBgL_Q5RLE,,,,0.26 CF,0.00 lbm,Origin,0",Top,0"
B1010350,Joists - Steel,,,,23.25.30.21.14.11,,,,,1,0.00°,16'-8 1/2",,30'-0",31'-8",0",1/2",0",,,,,,126.95 lbm,,,,By Type,,Default,,K-Series Bar Joist-Angle Web,K-Series Bar Joist-Angle Web: 20K6,,,1KpZCW3Gn25x9tpICCoC0P,,Both joins enabled,,,,,,,0 SF,New Construction,None,,,,,L4 TOS,31'-8",Not Defined,,0",1/2",0",,,,,Steel,Joist,16'-8 1/2",20K6,,,0lyEh4MQj5dfRBgL_Q5RLE,,,,0.26 CF,0.00 lbm,Origin,0",Top,0"
B1010350,Joists - Steel,,,,23.25.30.21.14.11,,,,,1,0.00°,16'-8 1/2",,30'-0",31'-8",0",1/2",0",,,,,,126.95 lbm,,,,By Type,,Default,,K-Series Bar Joist-Angle Web,K-Series Bar Joist-Angle Web: 20K6,,,1KpZCW3Gn25x9tpICCoC0O,,Both joins enabled,,,,,,,0 SF,New Construction,None,,,,,L4 TOS,31'-8",Not Defined,,0",1/2",0",,,,,Steel,Joist,16'-8 1/2",20K6,,,0lyEh4MQj5dfRBgL_Q5RLE,,,,0.26 CF,0.00 lbm,Origin,0",Top,0"
B1010350,Joists - Steel,,,,23.25.30.21.14.11,,,,,1,0.00°,16'-8 1/2",,30'-0",31'-8",0",1/2",0",,,,,,126.95 lbm,,,,By Type,,Default,,K-Series Bar Joist-Angle Web,K-Series Bar Joist-Angle Web: 20K6,,,1KpZCW3Gn25x9tpICCoC0V,,Both joins enabled,,,,,,,0 SF,New Construction,None,,,,,L4 TOS,31'-8",Not Defined,,0",1/2",0",,,,,Steel,Joist,16'-8 1/2",20K6,,,0lyEh4MQj5dfRBgL_Q5RLE,,,,0.26 CF,0.00 lbm,Origin,0",Top,0"
B1010350,Joists - Steel,,,,23.25.30.21.14.11,,,,,1,0.00°,16'-8 1/2",,30'-0",31'-8",0",1/2",0",,,,,,126.95 lbm,,,,By Type,,Default,,K-Series Bar Joist-Angle Web,K-Series Bar Joist-Angle Web: 20K6,,,1KpZCW3Gn25x9tpICCoC0U,,Both joins enabled,,,,,,,0 SF,New Construction,None,,,,,L4 TOS,31'-8",Not Defined,,0",1/2",0",,,,,Steel,Joist,16'-8 1/2",20K6,,,0lyEh4MQj5dfRBgL_Q5RLE,,,,0.26 CF,0.00 lbm,Origin,0",Top,0"
B1010350,Joists - Steel,,,,23.25.30.21.14.11,,,,,1,0.00°,16'-8 1/2",,30'-0",31'-8",0",1/2",0",,,,,,126.95 lbm,,,,By Type,,Default,,K-Series Bar Joist-Angle Web,K-Series Bar Joist-Angle Web: 20K6,,,1KpZCW3Gn25x9tpICCoC0T,,Both joins enabled,,,,,,,0 SF,New Construction,None,,,,,L4 TOS,31'-8",Not Defined,,0",1/2",0",,,,,Steel,Joist,16'-8 1/2",20K6,,,0lyEh4MQj5dfRBgL_Q5RLE,,,,0.26 CF,0.00 lbm,Origin,0",Top,0"
B1010350,Joists - Steel,,,,23.25.30.21.14.11,,,,,1,0.00°,16'-8 1/2",,30'-0",31'-8",0",1/2",0",,,,,,126.95 lbm,,,,By Type,,Default,,K-Series Bar Joist-Angle Web,K-Series Bar Joist-Angle Web: 20K6,,,1KpZCW3Gn25x9tpICCoC0S,,Both joins enabled,,,,,,,0 SF,New Construction,None,,,,,L4 TOS,31'-8",Not Defined,,0",1/2",0",,,,,Steel,Joist,16'-8 1/2",20K6,,,0lyEh4MQj5dfRBgL_Q5RLE,,,,0.26 CF,0.00 lbm,Origin,0",Top,0"
B1010350,Joists - Steel,,,,23.25.30.21.14.11,,,,,1,0.00°,16'-8 1/2",,30'-0",31'-8",0",1/2",0",,,,,,126.95 lbm,,,,By Type,,Default,,K-Series Bar Joist-Angle Web,K-Series Bar Joist-Angle Web: 20K6,,,1KpZCW3Gn25x9tpICCoC0J,,Both joins enabled,,,,,,,0 SF,New Construction,None,,,,,L4 TOS,31'-8",Not Defined,,0",1/2",0",,,,,Steel,Joist,16'-8 1/2",20K6,,,0lyEh4MQj5dfRBgL_Q5RLE,,,,0.26 CF,0.00 lbm,Origin,0",Top,0"
B1010350,Joists - Steel,,,,23.25.30.21.14.11,,,,,1,0.00°,16'-8 1/2",,30'-0",31'-8",0",1/2",0",,,,,,126.95 lbm,,,,By Type,,Default,,K-Series Bar Joist-Angle Web,K-Series Bar Joist-Angle Web: 20K6,,,1KpZCW3Gn25x9tpICCoC0I,,Both joins enabled,,,,,,,0 SF,New Construction,None,,,,,L4 TOS,31'-8",Not Defined,,0",1/2",0",,,,,Steel,Joist,16'-8 1/2",20K6,,,0lyEh4MQj5dfRBgL_Q5RLE,,,,0.26 CF,0.00 lbm,Origin,0",Top,0"
B1010350,Joists - Steel,,,,23.25.30.21.14.11,,,,,1,0.00°,16'-8 1/2",,30'-0",31'-8",0",1/2",0",,,,,,126.95 lbm,,,,By Type,,Default,,K-Series Bar Joist-Angle Web,K-Series Bar Joist-Angle Web: 20K6,,,1KpZCW3Gn25x9tpICCoC0H,,Both joins enabled,,,,,,,0 SF,New Construction,None,,,,,L4 TOS,31'-8",Not Defined,,0",1/2",0",,,,,Steel,Joist,16'-8 1/2",20K6,,,0lyEh4MQj5dfRBgL_Q5RLE,,,,0.26 CF,0.00 lbm,Origin,0",Top,0"
B1010350,Joists - Steel,,,,23.25.30.21.14.11,,,,,1,0.00°,16'-8 1/2",,30'-0",31'-8",0",1/2",0",,,,,,126.95 lbm,,,,By Type,,Default,,K-Series Bar Joist-Angle Web,K-Series Bar Joist-Angle Web: 20K6,,,1KpZCW3Gn25x9tpICCoC0G,,Both joins enabled,,,,,,,0 SF,New Construction,None,,,,,L4 TOS,31'-8",Not Defined,,0",1/2",0",,,,,Steel,Joist,16'-8 1/2",20K6,,,0lyEh4MQj5dfRBgL_Q5RLE,,,,0.26 CF,0.00 lbm,Origin,0",Top,0"
B1010350,Joists - Steel,,,,23.25.30.21.14.11,,,,,1,0.00°,16'-8 1/2",,30'-0",31'-8",0",1/2",0",,,,,,126.95 lbm,,,,By Type,,Default,,K-Series Bar Joist-Angle Web,K-Series Bar Joist-Angle Web: 20K6,,,1KpZCW3Gn25x9tpICCoC0N,,Both joins enabled,,,,,,,0 SF,New Construction,None,,,,,L4 TOS,31'-8",Not Defined,,0",1/2",0",,,,,Steel,Joist,16'-8 1/2",20K6,,,0lyEh4MQj5dfRBgL_Q5RLE,,,,0.26 CF,0.00 lbm,Origin,0",Top,0"
B10,Superstructure,,,,23.25.30.11.14.14,,,,,1,0.00°,4'-6 147/256",,30'-7 205/256",31'-8",0",1/2",0",,,,,,118.25 lbm,,,,By Type,,Default,,W Shapes,W Shapes: W12X26,,,1KpZCW3Gn25x9tpICCoCBp,,Both joins enabled,,,,,,,26 SF,New Construction,None,,,,,L4 TOS,31'-8",I-shape Parallel Flange,,0",1/2",0",,,,,Steel,Girder,6'-4 169/256",W12X26,,,3s7FV_Vjn0EQQBzZuxFow2,,,,0.24 CF,118.39 lbm,Origin,0",Top,0"
B10,Superstructure,,,,23.25.30.11.14.14,,,,,1,0.00°,9'-6 49/64",,31'-0 7/64",31'-8",0",1/2",0",,,,,,107.16 lbm,,,,By Type,,Default,,W Shapes,W Shapes: W8x10,,,1KpZCW3Gn25x9tpICCoCDo,,Both joins enabled,,,,,,,528 SF,New Construction,None,,,,,L4 TOS,31'-8",I-shape Parallel Flange,,0",1/2",0",,,,,Steel,Joist,10'-8 53/256",W8x10,,,2GjH11r995hxaZhII5NFtk,,,,0.22 CF,96.33 lbm,Origin,0",Top,0"
B10,Superstructure,,,,23.25.30.11.14.14,,,,,1,0.00°,11'-2 181/256",,31'-0 7/64",31'-8",0",1/2",0",,,,,,126.00 lbm,,,,By Type,,Default,,W Shapes,W Shapes: W8x10,,,1KpZCW3Gn25x9tpICCoCDm,,Both joins enabled,,,,,,,610 SF,New Construction,None,,,,,L4 TOS,31'-8",I-shape Parallel Flange,,0",1/2",0",,,,,Steel,Joist,12'-4 37/256",W8x10,,,2GjH11r995hxaZhII5NFtk,,,,0.26 CF,113.07 lbm,Origin,0",Top,0"
B10,Superstructure,,,,23.25.30.11.14.14,,,,,1,0.00°,13'-2 59/128",,31'-0 7/64",31'-8",0",1/2",0",,,,,,147.96 lbm,,,,By Type,,Default,,W Shapes,W Shapes: W8x10,,,1KpZCW3Gn25x9tpICCoCDs,,Both joins enabled,,,,,,,692 SF,New Construction,None,,,,,L4 TOS,31'-8",I-shape Parallel Flange,,0",1/2",0",,,,,Steel,Joist,14'-0 21/256",W8x10,,,2GjH11r995hxaZhII5NFtk,,,,0.30 CF,133.00 lbm,Origin,0",Top,0"
B10,Superstructure,,,,23.25.30.11.14.14,,,,,1,0.00°,19'-5 115/128",,43'-3 51/128",44'-9 1/2",0",1/2",0",,,,,,1091.80 lbm,,,,By Type,,Default,,W Shapes,W Shapes: W18x55,,,1KpZCW3Gn25x9tpICCoCqn,,Both joins enabled,,,,,,,1,023 SF,New Construction,None,,,,,L5 TOS,45'-0",I-shape Parallel Flange,,0",1/2",0",,,,,Steel,Girder,20'-8 1/2",W18x55,,,1_y_hNQfD4N8RbeJZCV0vP,,,,2.23 CF,1074.48 lbm,Origin,0",Top,-2 1/2"
B10,Superstructure,,,,23.25.30.11.14.14,,,,,1,0.00°,19'-6 179/256",,43'-3 51/128",44'-9 1/2",0",1/2",0",,,,,,1095.54 lbm,,,,By Type,,Default,,W Shapes,W Shapes: W18x55,,,1KpZCW3Gn25x9tpICCoCqm,,Both joins enabled,,,,,,,1,025 SF,New Construction,None,,,,,L5 TOS,45'-0",I-shape Parallel Flange,,0",1/2",0",,,,,Steel,Girder,20'-9",W18x55,,,1_y_hNQfD4N8RbeJZCV0vP,,,,2.24 CF,1078.15 lbm,Origin,0",Top,-2 1/2"
B10,Superstructure,,,,23.25.30.11.14.14,,,,,1,0.00°,8'-6 179/256",,43'-3 51/128",44'-9 1/2",0",0",0",,,,,,479.38 lbm,,,,By Type,,Default,,W Shapes,W Shapes: W18x55,,,1KpZCW3Gn25x9tpICCoCqt,,One or two joins disabled,,,,,,,455 SF,New Construction,None,,,,,L5 TOS,45'-0",I-shape Parallel Flange,,0",,0",,,,,Steel,Girder,9'-2 1/2",W18x55,,,1_y_hNQfD4N8RbeJZCV0vP,,,,0.98 CF,471.78 lbm,Origin,0",Top,-2 1/2"
B10,Superstructure,,,,23.25.30.11.14.14,,,,,1,0.00°,19'-10",,43'-3 13/128",44'-9 1/2",0",0",0",,,,,,1727.20 lbm,,,,By Type,,Default,,W Shapes,W Shapes: W18x86,,,1KpZCW3Gn25x9tpICCoCqs,,Both joins enabled,,,,,,,1,025 SF,New Construction,None,,,,,L5 TOS,45'-0",I-shape Parallel Flange,,0",0",0",,,,,Steel,Girder,20'-9",W18x86,,,1r4KDlPfX65ey959abbF2i,,,,3.52 CF,1707.46 lbm,Origin,0",Top,-2 1/2"
B10,Superstructure,,,,23.25.30.11.14.14,,,,,1,0.00°,19'-11 1/2",,43'-3 13/128",44'-9 1/2",0",0",0",,,,,,1738.09 lbm,,,,By Type,,Default,,W Shapes,W Shapes: W18x86,,,1KpZCW3Gn25x9tpICCoCqr,,Both joins enabled,,,,,,,1,025 SF,New Construction,None,,,,,L5 TOS,45'-0",I-shape Parallel Flange,,0",0",0",,,,,Steel,Girder,20'-9",W18x86,,,1r4KDlPfX65ey959abbF2i,,,,3.55 CF,1718.22 lbm,Origin,0",Top,-2 1/2"
B10,Superstructure,,,,23.25.30.11.14.14,,,,,1,0.00°,8'-9",,43'-3 13/128",44'-9 1/2",0",0",0",,,,,,762.00 lbm,,,,By Type,,Default,,W Shapes,W Shapes: W18x86,,,1KpZCW3Gn25x9tpICCoCxA,,One or two joins disabled,,,,,,,455 SF,New Construction,None,,,,,L5 TOS,45'-0",I-shape Parallel Flange,,0",,0",,,,,Steel,Girder,9'-2 1/2",W18x86,,,1r4KDlPfX65ey959abbF2i,,,,1.56 CF,753.29 lbm,Origin,0",Top,-2 1/2"
B10,Superstructure,,,,23.25.30.11.14.14,,,,,1,0.00°,60'-4",,42'-2 51/256",44'-9 1/2",0",1/2",0",,,,,,14205.75 lbm,,,,By Type,,Default,,W Shapes,W Shapes: W30x235,,,1KpZCW3Gn25x9tpICCoCx8,,Both joins enabled,,,,,,,3,050 SF,New Construction,None,,,,,L5 TOS,45'-0",I-shape Parallel Flange,,0",1/2",0",,,,,<By Category>,Girder,61'-9",W30x235,,,0lyEh4MQj5dfRBgL_Q5RQi,,,,28.99 CF,14206.82 lbm,Origin,0",Top,-2 1/2"
B10,Superstructure,,,,23.25.30.11.14.14,,,,,1,0.00°,12'-2 117/256",,43'-11 205/256",45'-0",0",1/2",0",,,,,,317.37 lbm,,,,By Type,,Default,,W Shapes,W Shapes: W12X26,,,1KpZCW3Gn25x9tpICCoCxF,,Both joins enabled,,,,,,,55 SF,New Construction,None,,,,,L5 TOS,45'-0",I-shape Parallel Flange,,0",1/2",0",,,,,Steel,Girder,13'-4 61/128",W12X26,,,3s7FV_Vjn0EQQBzZuxFow2,,,,0.65 CF,317.70 lbm,Origin,0",Top,0"
B10,Superstructure,,,,23.25.30.11.14.14,,,,,1,0.00°,5'-6 1/4",,43'-11 205/256",45'-0",0",1/2",0",,,,,,143.56 lbm,,,,By Type,,Default,,W Shapes,W Shapes: W12X26,,,1KpZCW3Gn25x9tpICCoCxE,,Both joins enabled,,,,,,,28 SF,New Construction,None,,,,,L5 TOS,45'-0",I-shape Parallel Flange,,0",1/2",0",,,,,Steel,Girder,6'-8 69/256",W12X26,,,3s7FV_Vjn0EQQBzZuxFow2,,,,0.29 CF,143.71 lbm,Origin,0",Top,0"
B10,Superstructure,,,,23.25.30.11.14.14,,,,,1,0.00°,16'-1 1/2",,43'-5 115/128",45'-0",0",,0",,,,,,903.22 lbm,,,,By Type,,Default,,W Shapes,W Shapes: W18x55,,,1KpZCW3Gn25x9tpICCoCxD,,One or two joins disabled,,,,,,,817 SF,New Construction,None,,,,,L5 TOS,45'-0",I-shape Parallel Flange,,0",0",0",,,,,Steel,Girder,16'-6 1/2",W18x55,,,1_y_hNQfD4N8RbeJZCV0vP,,,,1.84 CF,888.89 lbm,Origin,0",Top,0"
B10,Superstructure,,,,23.25.30.11.14.14,,,,,1,0.00°,15'-2 125/256",,43'-11 205/256",45'-0",0",,0",,,,,,395.45 lbm,,,,By Type,,Default,,W Shapes,W Shapes: W12X26,,,1KpZCW3Gn25x9tpICCoCxC,,Both joins enabled,,,,,,,60 SF,New Construction,None,,,,,L5 TOS,45'-0",I-shape Parallel Flange,,0",,0",,,,,Steel,Girder,14'-8",W12X26,,,3s7FV_Vjn0EQQBzZuxFow2,,,,0.81 CF,395.87 lbm,Origin,0",Top,0"
B10,Superstructure,,,,23.25.30.11.14.14,,,,,1,0.00°,7'-3 113/128",,44'-4 7/64",45'-0",0",0",0",,,,,,82.20 lbm,,,,By Type,,Default,,W Shapes,W Shapes: W8x10,,,1KpZCW3Gn25x9tpICCoCx4,,Both joins enabled,,,,,,,413 SF,New Construction,None,,,,,L5 TOS,45'-0",I-shape Parallel Flange,,0",0",0",,,,,Steel,Joist,8'-4 41/128",W8x10,,,2GjH11r995hxaZhII5NFtk,,,,0.17 CF,73.76 lbm,Origin,0",Top,0"
B10,Superstructure,,,,23.25.30.11.14.14,,,,,1,0.00°,8'-11 239/256",,44'-4 7/64",45'-0",0",0",0",,,,,,100.96 lbm,,,,By Type,,Default,,W Shapes,W Shapes: W8x10,,,1KpZCW3Gn25x9tpICCoCxR,,Both joins enabled,,,,,,,496 SF,New Construction,None,,,,,L5 TOS,45'-0",I-shape Parallel Flange,,0",0",0",,,,,Steel,Joist,10'-0 3/8",W8x10,,,2GjH11r995hxaZhII5NFtk,,,,0.21 CF,90.59 lbm,Origin,0",Top,0"
B10,Superstructure,,,,23.25.30.11.14.14,,,,,1,0.00°,10'-7 63/64",,44'-4 7/64",45'-0",0",0",0",,,,,,119.71 lbm,,,,By Type,,Default,,W Shapes,W Shapes: W8x10,,,1KpZCW3Gn25x9tpICCoCxQ,,Both joins enabled,,,,,,,578 SF,New Construction,None,,,,,L5 TOS,45'-0",I-shape Parallel Flange,,0",0",0",,,,,Steel,Joist,11'-8 109/256",W8x10,,,2GjH11r995hxaZhII5NFtk,,,,0.24 CF,107.42 lbm,Origin,0",Top,0"
B10,Superstructure,,,,23.25.30.11.14.14,,,,,1,0.00°,12'-2 117/256",,43'-11 205/256",45'-0",0",1/2",0",,,,,,317.37 lbm,,,,By Type,,Default,,W Shapes,W Shapes: W12X26,,,1KpZCW3Gn25x9tpICCoCxP,,Both joins enabled,,,,,,,55 SF,New Construction,None,,,,,L5 TOS,45'-0",I-shape Parallel Flange,,0",1/2",0",,,,,Steel,Girder,13'-4 61/128",W12X26,,,3s7FV_Vjn0EQQBzZuxFow2,,,,0.65 CF,317.70 lbm,Origin,0",Top,0"
B10,Superstructure,,,,23.25.30.11.14.14,,,,,1,0.00°,5'-6 1/4",,43'-11 205/256",45'-0",0",1/2",0",,,,,,143.56 lbm,,,,By Type,,Default,,W Shapes,W Shapes: W12X26,,,1KpZCW3Gn25x9tpICCoCxO,,Both joins enabled,,,,,,,28 SF,New Construction,None,,,,,L5 TOS,45'-0",I-shape Parallel Flange,,0",1/2",0",,,,,Steel,Girder,6'-8 69/256",W12X26,,,3s7FV_Vjn0EQQBzZuxFow2,,,,0.29 CF,143.71 lbm,Origin,0",Top,0"
B10,Superstructure,,,,23.25.30.11.14.14,,,,,1,0.00°,15'-2 125/256",,43'-11 205/256",45'-0",0",,0",,,,,,395.45 lbm,,,,By Type,,Default,,W Shapes,W Shapes: W12X26,,,1KpZCW3Gn25x9tpICCoCxV,,Both joins enabled,,,,,,,60 SF,New Construction,None,,,,,L5 TOS,45'-0",I-shape Parallel Flange,,0",,0",,,,,Steel,Girder,14'-8",W12X26,,,3s7FV_Vjn0EQQBzZuxFow2,,,,0.81 CF,395.87 lbm,Origin,0",Top,0"
B10,Superstructure,,,,23.25.30.11.14.14,,,,,1,0.00°,7'-3 113/128",,44'-4 7/64",45'-0",0",0",0",,,,,,82.20 lbm,,,,By Type,,Default,,W Shapes,W Shapes: W8x10,,,1KpZCW3Gn25x9tpICCoCxN,,Both joins enabled,,,,,,,413 SF,New Construction,None,,,,,L5 TOS,45'-0",I-shape Parallel Flange,,0",0",0",,,,,Steel,Joist,8'-4 41/128",W8x10,,,2GjH11r995hxaZhII5NFtk,,,,0.17 CF,73.76 lbm,Origin,0",Top,0"
B10,Superstructure,,,,23.25.30.11.14.14,,,,,1,0.00°,8'-11 239/256",,44'-4 7/64",45'-0",0",0",0",,,,,,100.96 lbm,,,,By Type,,Default,,W Shapes,W Shapes: W8x10,,,1KpZCW3Gn25x9tpICCoCxM,,Both joins enabled,,,,,,,496 SF,New Construction,None,,,,,L5 TOS,45'-0",I-shape Parallel Flange,,0",0",0",,,,,Steel,Joist,10'-0 3/8",W8x10,,,2GjH11r995hxaZhII5NFtk,,,,0.21 CF,90.59 lbm,Origin,0",Top,0"
B10,Superstructure,,,,23.25.30.11.14.14,,,,,1,0.00°,10'-7 63/64",,44'-4 7/64",45'-0",0",0",0",,,,,,119.71 lbm,,,,By Type,,Default,,W Shapes,W Shapes: W8x10,,,1KpZCW3Gn25x9tpICCoCxL,,Both joins enabled,,,,,,,578 SF,New Construction,None,,,,,L5 TOS,45'-0",I-shape Parallel Flange,,0",0",0",,,,,Steel,Joist,11'-8 109/256",W8x10,,,2GjH11r995hxaZhII5NFtk,,,,0.24 CF,107.42 lbm,Origin,0",Top,0"
B10,Superstructure,,,,23.25.30.11.14.14,,,,,1,0.00°,5'-6 1/4",,43'-11 205/256",45'-0",0",1/2",0",,,,,,143.56 lbm,,,,By Type,,Default,,W Shapes,W Shapes: W12X26,,,1KpZCW3Gn25x9tpICCoCxK,,Both joins enabled,,,,,,,28 SF,New Construction,None,,,,,L5 TOS,45'-0",I-shape Parallel Flange,,0",1/2",0",,,,,Steel,Girder,6'-8 69/256",W12X26,,,3s7FV_Vjn0EQQBzZuxFow2,,,,0.29 CF,143.71 lbm,Origin,0",Top,0"
B10,Superstructure,,,,23.25.30.11.14.14,,,,,1,0.00°,15'-1 125/256",,43'-11 205/256",45'-0",0",,0",,,,,,393.29 lbm,,,,By Type,,Default,,W Shapes,W Shapes: W12X26,,,1KpZCW3Gn25x9tpICCoCxh,,Both joins enabled,,,,,,,60 SF,New Construction,None,,,,,L5 TOS,45'-0",I-shape Parallel Flange,,0",,0",,,,,Steel,Girder,14'-7",W12X26,,,3s7FV_Vjn0EQQBzZuxFow2,,,,0.80 CF,393.70 lbm,Origin,0",Top,0"
B10,Superstructure,,,,23.25.30.11.14.14,,,,,1,0.00°,5'-9 11/64",,43'-5 115/128",45'-0",0",,0",,,,,,322.87 lbm,,,,By Type,,Default,,W Shapes,W Shapes: W18x55,,,1KpZCW3Gn25x9tpICCoCxW,,Both joins enabled,,,,,,,305 SF,New Construction,None,,,,,L5 TOS,45'-0",I-shape Parallel Flange,,0",0",0",,,,,Steel,Girder,6'-2 11/64",W18x55,,,1_y_hNQfD4N8RbeJZCV0vP,,,,0.66 CF,317.75 lbm,Origin,0",Top,0"
B10,Superstructure,,,,23.25.30.11.14.14,,,,,1,0.00°,6'-11 109/128",,43'-5 115/128",45'-0",0",,0",,,,,,391.40 lbm,,,,By Type,,Default,,W Shapes,W Shapes: W18x55,,,1KpZCW3Gn25x9tpICCoCxd,,Both joins enabled,,,,,,,375 SF,New Construction,None,,,,,L5 TOS,45'-0",I-shape Parallel Flange,,0",0",0",,,,,Steel,Girder,7'-7",W18x55,,,1_y_hNQfD4N8RbeJZCV0vP,,,,0.80 CF,385.19 lbm,Origin,0",Top,0"
B10,Superstructure,,,,23.25.30.11.14.14,,,,,1,0.00°,5'-8 115/256",,43'-3 51/128",44'-9 1/2",0",,0",,,,,,319.51 lbm,,,,By Type,,Default,,W Shapes,W Shapes: W18x55,,,1KpZCW3Gn25x9tpICCoCxc,,One or two joins disabled,,,,,,,305 SF,New Construction,None,,,,,L5 TOS,45'-0",I-shape Parallel Flange,,0",0",0",,,,,Steel,Joist,6'-2",W18x55,,,1_y_hNQfD4N8RbeJZCV0vP,,,,0.65 CF,314.44 lbm,Origin,0",Top,-2 1/2"
B10,Superstructure,,,,23.25.30.11.14.14,,,,,1,0.00°,7'-0 15/64",,43'-3 51/128",44'-9 1/2",0",,0",,,,,,393.19 lbm,,,,By Type,,Default,,W Shapes,W Shapes: W18x55,,,1KpZCW3Gn25x9tpICCoCxb,,One or two joins disabled,,,,,,,362 SF,New Construction,None,,,,,L5 TOS,45'-0",I-shape Parallel Flange,,0",0",0",,,,,Steel,Joist,7'-4",W18x55,,,1_y_hNQfD4N8RbeJZCV0vP,,,,0.80 CF,386.95 lbm,Origin,0",Top,-2 1/2"
B1010350,Joists - Steel,,,,23.25.30.21.14.11,,,,,1,0.00°,22'-3",,43'-4",45'-0",0",1/2",0",,,,,,177.85 lbm,,,,By Type,,Default,,K-Series Bar Joist-Angle Web,K-Series Bar Joist-Angle Web: 20K6,,,1KpZCW3Gn25x9tpICCoCxp,,Both joins enabled,,,,,,,0 SF,New Construction,None,,,,,L5 TOS,45'-0",Not Defined,,0",1/2",0",,,,,Steel,Joist,22'-3",20K6,,,0lyEh4MQj5dfRBgL_Q5RLE,,,,0.36 CF,0.00 lbm,Origin,0",Top,0"
B1010350,Joists - Steel,,,,23.25.30.21.14.11,,,,,1,0.00°,22'-3",,43'-4",45'-0",0",1/2",0",,,,,,177.85 lbm,,,,By Type,,Default,,K-Series Bar Joist-Angle Web,K-Series Bar Joist-Angle Web: 20K6,,,1KpZCW3Gn25x9tpICCoCxo,,Both joins enabled,,,,,,,0 SF,New Construction,None,,,,,L5 TOS,45'-0",Not Defined,,0",1/2",0",,,,,Steel,Joist,22'-3",20K6,,,0lyEh4MQj5dfRBgL_Q5RLE,,,,0.36 CF,0.00 lbm,Origin,0",Top,0"
B1010350,Joists - Steel,,,,23.25.30.21.14.11,,,,,1,0.00°,22'-3",,43'-4",45'-0",0",1/2",0",,,,,,177.85 lbm,,,,By Type,,Default,,K-Series Bar Joist-Angle Web,K-Series Bar Joist-Angle Web: 20K6,,,1KpZCW3Gn25x9tpICCoCxn,,Both joins enabled,,,,,,,0 SF,New Construction,None,,,,,L5 TOS,45'-0",Not Defined,,0",1/2",0",,,,,Steel,Joist,22'-3",20K6,,,0lyEh4MQj5dfRBgL_Q5RLE,,,,0.36 CF,0.00 lbm,Origin,0",Top,0"
B1010350,Joists - Steel,,,,23.25.30.21.14.11,,,,,1,0.00°,22'-3",,43'-4",45'-0",0",1/2",0",,,,,,177.85 lbm,,,,By Type,,Default,,K-Series Bar Joist-Angle Web,K-Series Bar Joist-Angle Web: 20K6,,,1KpZCW3Gn25x9tpICCoCxm,,Both joins enabled,,,,,,,0 SF,New Construction,None,,,,,L5 TOS,45'-0",Not Defined,,0",1/2",0",,,,,Steel,Joist,22'-3",20K6,,,0lyEh4MQj5dfRBgL_Q5RLE,,,,0.36 CF,0.00 lbm,Origin,0",Top,0"
B1010350,Joists - Steel,,,,23.25.30.21.14.11,,,,,1,0.00°,22'-3",,43'-4",45'-0",0",1/2",0",,,,,,177.85 lbm,,,,By Type,,Default,,K-Series Bar Joist-Angle Web,K-Series Bar Joist-Angle Web: 20K6,,,1KpZCW3Gn25x9tpICCoCxt,,Both joins enabled,,,,,,,0 SF,New Construction,None,,,,,L5 TOS,45'-0",Not Defined,,0",1/2",0",,,,,Steel,Joist,22'-3",20K6,,,0lyEh4MQj5dfRBgL_Q5RLE,,,,0.36 CF,0.00 lbm,Origin,0",Top,0"
B1010350,Joists - Steel,,,,23.25.30.21.14.11,,,,,1,0.00°,22'-3",,43'-4",45'-0",0",1/2",0",,,,,,177.85 lbm,,,,By Type,,Default,,K-Series Bar Joist-Angle Web,K-Series Bar Joist-Angle Web: 20K6,,,1KpZCW3Gn25x9tpICCoCxs,,Both joins enabled,,,,,,,0 SF,New Construction,None,,,,,L5 TOS,45'-0",Not Defined,,0",1/2",0",,,,,Steel,Joist,22'-3",20K6,,,0lyEh4MQj5dfRBgL_Q5RLE,,,,0.36 CF,0.00 lbm,Origin,0",Top,0"
B1010350,Joists - Steel,,,,23.25.30.21.14.11,,,,,1,0.00°,22'-3",,43'-4",45'-0",0",1/2",0",,,,,,177.85 lbm,,,,By Type,,Default,,K-Series Bar Joist-Angle Web,K-Series Bar Joist-Angle Web: 20K6,,,1KpZCW3Gn25x9tpICCoCxr,,Both joins enabled,,,,,,,0 SF,New Construction,None,,,,,L5 TOS,45'-0",Not Defined,,0",1/2",0",,,,,Steel,Joist,22'-3",20K6,,,0lyEh4MQj5dfRBgL_Q5RLE,,,,0.36 CF,0.00 lbm,Origin,0",Top,0"
B1010350,Joists - Steel,,,,23.25.30.21.14.11,,,,,1,0.00°,22'-3",,43'-4",45'-0",0",1/2",0",,,,,,177.85 lbm,,,,By Type,,Default,,K-Series Bar Joist-Angle Web,K-Series Bar Joist-Angle Web: 20K6,,,1KpZCW3Gn25x9tpICCoCxq,,Both joins enabled,,,,,,,0 SF,New Construction,None,,,,,L5 TOS,45'-0",Not Defined,,0",1/2",0",,,,,Steel,Joist,22'-3",20K6,,,0lyEh4MQj5dfRBgL_Q5RLE,,,,0.36 CF,0.00 lbm,Origin,0",Top,0"
B1010350,Joists - Steel,,,,23.25.30.21.14.11,,,,,1,0.00°,22'-3",,43'-4",45'-0",0",1/2",0",,,,,,177.85 lbm,,,,By Type,,Default,,K-Series Bar Joist-Angle Web,K-Series Bar Joist-Angle Web: 20K6,,,1KpZCW3Gn25x9tpICCoCwB,,Both joins enabled,,,,,,,0 SF,New Construction,None,,,,,L5 TOS,45'-0",Not Defined,,0",1/2",0",,,,,Steel,Joist,22'-3",20K6,,,0lyEh4MQj5dfRBgL_Q5RLE,,,,0.36 CF,0.00 lbm,Origin,0",Top,0"
B1010350,Joists - Steel,,,,23.25.30.21.14.11,,,,,1,0.00°,22'-3",,43'-4",45'-0",0",1/2",0",,,,,,177.85 lbm,,,,By Type,,Default,,K-Series Bar Joist-Angle Web,K-Series Bar Joist-Angle Web: 20K6,,,1KpZCW3Gn25x9tpICCoCwA,,Both joins enabled,,,,,,,0 SF,New Construction,None,,,,,L5 TOS,45'-0",Not Defined,,0",1/2",0",,,,,Steel,Joist,22'-3",20K6,,,0lyEh4MQj5dfRBgL_Q5RLE,,,,0.36 CF,0.00 lbm,Origin,0",Top,0"
B1010350,Joists - Steel,,,,23.25.30.21.14.11,,,,,1,0.00°,16'-1 1/2",,43'-4",45'-0",0",,0",,,,,,122.23 lbm,,,,By Type,,Default,,K-Series Bar Joist-Angle Web,K-Series Bar Joist-Angle Web: 20K6,,,1KpZCW3Gn25x9tpICCoCw1,,Both joins enabled,,,,,,,0 SF,New Construction,None,,,,,L5 TOS,45'-0",Not Defined,,0",1/2",0",,,,,Steel,Joist,16'-1 1/2",20K6,,,0lyEh4MQj5dfRBgL_Q5RLE,,,,0.25 CF,0.00 lbm,Origin,0",Top,0"
B1010350,Joists - Steel,,,,23.25.30.21.14.11,,,,,1,0.00°,16'-1 1/2",,43'-4",45'-0",0",,0",,,,,,122.23 lbm,,,,By Type,,Default,,K-Series Bar Joist-Angle Web,K-Series Bar Joist-Angle Web: 20K6,,,1KpZCW3Gn25x9tpICCoCw0,,Both joins enabled,,,,,,,0 SF,New Construction,None,,,,,L5 TOS,45'-0",Not Defined,,0",1/2",0",,,,,Steel,Joist,16'-1 1/2",20K6,,,0lyEh4MQj5dfRBgL_Q5RLE,,,,0.25 CF,0.00 lbm,Origin,0",Top,0"
B1010350,Joists - Steel,,,,23.25.30.21.14.11,,,,,1,0.00°,16'-8 1/2",,43'-4",45'-0",0",1/2",0",,,,,,126.95 lbm,,,,By Type,,Default,,K-Series Bar Joist-Angle Web,K-Series Bar Joist-Angle Web: 20K6,,,1KpZCW3Gn25x9tpICCoCw7,,Both joins enabled,,,,,,,0 SF,New Construction,None,,,,,L5 TOS,45'-0",Not Defined,,0",1/2",0",,,,,Steel,Joist,16'-8 1/2",20K6,,,0lyEh4MQj5dfRBgL_Q5RLE,,,,0.26 CF,0.00 lbm,Origin,0",Top,0"
B1010350,Joists - Steel,,,,23.25.30.21.14.11,,,,,1,0.00°,16'-8 1/2",,43'-4",45'-0",0",1/2",0",,,,,,126.95 lbm,,,,By Type,,Default,,K-Series Bar Joist-Angle Web,K-Series Bar Joist-Angle Web: 20K6,,,1KpZCW3Gn25x9tpICCoCw6,,Both joins enabled,,,,,,,0 SF,New Construction,None,,,,,L5 TOS,45'-0",Not Defined,,0",1/2",0",,,,,Steel,Joist,16'-8 1/2",20K6,,,0lyEh4MQj5dfRBgL_Q5RLE,,,,0.26 CF,0.00 lbm,Origin,0",Top,0"
B1010350,Joists - Steel,,,,23.25.30.21.14.11,,,,,1,0.00°,16'-8 1/2",,43'-4",45'-0",0",1/2",0",,,,,,126.95 lbm,,,,By Type,,Default,,K-Series Bar Joist-Angle Web,K-Series Bar Joist-Angle Web: 20K6,,,1KpZCW3Gn25x9tpICCoCw5,,Both joins enabled,,,,,,,0 SF,New Construction,None,,,,,L5 TOS,45'-0",Not Defined,,0",1/2",0",,,,,Steel,Joist,16'-8 1/2",20K6,,,0lyEh4MQj5dfRBgL_Q5RLE,,,,0.26 CF,0.00 lbm,Origin,0",Top,0"
B1010350,Joists - Steel,,,,23.25.30.21.14.11,,,,,1,0.00°,16'-8 1/2",,43'-4",45'-0",0",1/2",0",,,,,,126.95 lbm,,,,By Type,,Default,,K-Series Bar Joist-Angle Web,K-Series Bar Joist-Angle Web: 20K6,,,1KpZCW3Gn25x9tpICCoCw4,,Both joins enabled,,,,,,,0 SF,New Construction,None,,,,,L5 TOS,45'-0",Not Defined,,0",1/2",0",,,,,Steel,Joist,16'-8 1/2",20K6,,,0lyEh4MQj5dfRBgL_Q5RLE,,,,0.26 CF,0.00 lbm,Origin,0",Top,0"
B1010350,Joists - Steel,,,,23.25.30.21.14.11,,,,,1,0.00°,16'-8 1/2",,43'-4",45'-0",0",1/2",0",,,,,,126.95 lbm,,,,By Type,,Default,,K-Series Bar Joist-Angle Web,K-Series Bar Joist-Angle Web: 20K6,,,1KpZCW3Gn25x9tpICCoCwR,,Both joins enabled,,,,,,,0 SF,New Construction,None,,,,,L5 TOS,45'-0",Not Defined,,0",1/2",0",,,,,Steel,Joist,16'-8 1/2",20K6,,,0lyEh4MQj5dfRBgL_Q5RLE,,,,0.26 CF,0.00 lbm,Origin,0",Top,0"
B1010350,Joists - Steel,,,,23.25.30.21.14.11,,,,,1,0.00°,16'-8 1/2",,43'-4",45'-0",0",1/2",0",,,,,,126.95 lbm,,,,By Type,,Default,,K-Series Bar Joist-Angle Web,K-Series Bar Joist-Angle Web: 20K6,,,1KpZCW3Gn25x9tpICCoCwQ,,Both joins enabled,,,,,,,0 SF,New Construction,None,,,,,L5 TOS,45'-0",Not Defined,,0",1/2",0",,,,,Steel,Joist,16'-8 1/2",20K6,,,0lyEh4MQj5dfRBgL_Q5RLE,,,,0.26 CF,0.00 lbm,Origin,0",Top,0"
B1010350,Joists - Steel,,,,23.25.30.21.14.11,,,,,1,0.00°,16'-8 1/2",,43'-4",45'-0",0",1/2",0",,,,,,126.95 lbm,,,,By Type,,Default,,K-Series Bar Joist-Angle Web,K-Series Bar Joist-Angle Web: 20K6,,,1KpZCW3Gn25x9tpICCoCwP,,Both joins enabled,,,,,,,0 SF,New Construction,None,,,,,L5 TOS,45'-0",Not Defined,,0",1/2",0",,,,,Steel,Joist,16'-8 1/2",20K6,,,0lyEh4MQj5dfRBgL_Q5RLE,,,,0.26 CF,0.00 lbm,Origin,0",Top,0"
B1010350,Joists - Steel,,,,23.25.30.21.14.11,,,,,1,0.00°,16'-8 1/2",,43'-4",45'-0",0",1/2",0",,,,,,126.95 lbm,,,,By Type,,Default,,K-Series Bar Joist-Angle Web,K-Series Bar Joist-Angle Web: 20K6,,,1KpZCW3Gn25x9tpICCoCwO,,Both joins enabled,,,,,,,0 SF,New Construction,None,,,,,L5 TOS,45'-0",Not Defined,,0",1/2",0",,,,,Steel,Joist,16'-8 1/2",20K6,,,0lyEh4MQj5dfRBgL_Q5RLE,,,,0.26 CF,0.00 lbm,Origin,0",Top,0"
B1010350,Joists - Steel,,,,23.25.30.21.14.11,,,,,1,0.00°,16'-8 1/2",,43'-4",45'-0",0",1/2",0",,,,,,126.95 lbm,,,,By Type,,Default,,K-Series Bar Joist-Angle Web,K-Series Bar Joist-Angle Web: 20K6,,,1KpZCW3Gn25x9tpICCoCwV,,Both joins enabled,,,,,,,0 SF,New Construction,None,,,,,L5 TOS,45'-0",Not Defined,,0",1/2",0",,,,,Steel,Joist,16'-8 1/2",20K6,,,0lyEh4MQj5dfRBgL_Q5RLE,,,,0.26 CF,0.00 lbm,Origin,0",Top,0"
B1010350,Joists - Steel,,,,23.25.30.21.14.11,,,,,1,0.00°,16'-8 1/2",,43'-4",45'-0",0",1/2",0",,,,,,126.95 lbm,,,,By Type,,Default,,K-Series Bar Joist-Angle Web,K-Series Bar Joist-Angle Web: 20K6,,,1KpZCW3Gn25x9tpICCoCwU,,Both joins enabled,,,,,,,0 SF,New Construction,None,,,,,L5 TOS,45'-0",Not Defined,,0",1/2",0",,,,,Steel,Joist,16'-8 1/2",20K6,,,0lyEh4MQj5dfRBgL_Q5RLE,,,,0.26 CF,0.00 lbm,Origin,0",Top,0"
B1010350,Joists - Steel,,,,23.25.30.21.14.11,,,,,1,0.00°,16'-8 1/2",,43'-4",45'-0",0",1/2",0",,,,,,126.95 lbm,,,,By Type,,Default,,K-Series Bar Joist-Angle Web,K-Series Bar Joist-Angle Web: 20K6,,,1KpZCW3Gn25x9tpICCoCwT,,Both joins enabled,,,,,,,0 SF,New Construction,None,,,,,L5 TOS,45'-0",Not Defined,,0",1/2",0",,,,,Steel,Joist,16'-8 1/2",20K6,,,0lyEh4MQj5dfRBgL_Q5RLE,,,,0.26 CF,0.00 lbm,Origin,0",Top,0"
B1010350,Joists - Steel,,,,23.25.30.21.14.11,,,,,1,0.00°,16'-8 1/2",,43'-4",45'-0",0",1/2",0",,,,,,126.95 lbm,,,,By Type,,Default,,K-Series Bar Joist-Angle Web,K-Series Bar Joist-Angle Web: 20K6,,,1KpZCW3Gn25x9tpICCoCwS,,Both joins enabled,,,,,,,0 SF,New Construction,None,,,,,L5 TOS,45'-0",Not Defined,,0",1/2",0",,,,,Steel,Joist,16'-8 1/2",20K6,,,0lyEh4MQj5dfRBgL_Q5RLE,,,,0.26 CF,0.00 lbm,Origin,0",Top,0"
B1010350,Joists - Steel,,,,23.25.30.21.14.11,,,,,1,0.00°,16'-8 1/2",,43'-4",45'-0",0",1/2",0",,,,,,126.95 lbm,,,,By Type,,Default,,K-Series Bar Joist-Angle Web,K-Series Bar Joist-Angle Web: 20K6,,,1KpZCW3Gn25x9tpICCoCwJ,,Both joins enabled,,,,,,,0 SF,New Construction,None,,,,,L5 TOS,45'-0",Not Defined,,0",1/2",0",,,,,Steel,Joist,16'-8 1/2",20K6,,,0lyEh4MQj5dfRBgL_Q5RLE,,,,0.26 CF,0.00 lbm,Origin,0",Top,0"
B10,Superstructure,,,,23.25.30.11.14.14,,,,,1,0.00°,2'-2 147/256",,43'-11 205/256",45'-0",0",1/2",0",,,,,,57.58 lbm,,,,By Type,,Default,,W Shapes,W Shapes: W12X26,,,1KpZCW3Gn25x9tpICCoCwK,,Both joins enabled,,,,,,,11 SF,New Construction,None,,,,,L5 TOS,45'-0",I-shape Parallel Flange,,0",1/2",0",,,,,Steel,Girder,2'-7",W12X26,,,3s7FV_Vjn0EQQBzZuxFow2,,,,0.12 CF,57.65 lbm,Origin,0",Top,0"
B10,Superstructure,,,,23.25.30.11.14.14,,,,,1,0.00°,7'-2 49/64",,44'-4 7/64",45'-0",0",1/2",0",,,,,,81.16 lbm,,,,By Type,,Default,,W Shapes,W Shapes: W8x10,,,1KpZCW3Gn25x9tpICCoCwZ,,Both joins enabled,,,,,,,413 SF,New Construction,None,,,,,L5 TOS,45'-0",I-shape Parallel Flange,,0",1/2",0",,,,,Steel,Joist,8'-4 53/256",W8x10,,,2GjH11r995hxaZhII5NFtk,,,,0.17 CF,72.83 lbm,Origin,0",Top,0"
B10,Superstructure,,,,23.25.30.11.14.14,,,,,1,0.00°,8'-10 181/256",,44'-4 7/64",45'-0",0",1/2",0",,,,,,99.81 lbm,,,,By Type,,Default,,W Shapes,W Shapes: W8x10,,,1KpZCW3Gn25x9tpICCoCwY,,Both joins enabled,,,,,,,495 SF,New Construction,None,,,,,L5 TOS,45'-0",I-shape Parallel Flange,,0",1/2",0",,,,,Steel,Joist,10'-0 37/256",W8x10,,,2GjH11r995hxaZhII5NFtk,,,,0.20 CF,89.56 lbm,Origin,0",Top,0"
B10,Superstructure,,,,23.25.30.11.14.14,,,,,1,0.00°,10'-10 59/128",,44'-4 7/64",45'-0",0",1/2",0",,,,,,122.03 lbm,,,,By Type,,Default,,W Shapes,W Shapes: W8x10,,,1KpZCW3Gn25x9tpICCoCwX,,Both joins enabled,,,,,,,577 SF,New Construction,None,,,,,L5 TOS,45'-0",I-shape Parallel Flange,,0",1/2",0",,,,,Steel,Joist,11'-8 21/256",W8x10,,,2GjH11r995hxaZhII5NFtk,,,,0.25 CF,109.50 lbm,Origin,0",Top,0"
B10,Superstructure,,,,23.25.30.11.14.14,,,,,1,0.00°,9'-6 39/128",,57'-10",58'-1 1/2",0",,0",,,,,,50.86 lbm,,,,By Type,,Default,,SF_Steel L Angle,SF_Steel L Angle: _Size,,,1GlHwuz3b3FQz270YSvYJQ,,Both joins enabled,,,,,,,0 SF,New Construction,None,,,,,R2 TOS,58'-4",L-angle,,0",-3 73/128",0",,,,,<By Category>,Purlin,9'-6 1/2",_Size,,,0Zas40lvjEVunrJVAhu7tn,,,,0.10 CF,51.21 lbm,Origin,0",Top,-2 1/2"
B1010350,Joists - Steel,,,,23.25.30.21.14.11,,,,,1,0.00°,16'-8 1/2",,57'-0",58'-4",0",1/2",0",,,,,,132.46 lbm,,,,By Type,,Default,,K-Series Bar Joist-Angle Web,K-Series Bar Joist-Angle Web: 16K2,,,1GlHwuz3b3FQz270YSvYPc,,Both joins enabled,,,,,,,0 SF,New Construction,None,,,,,R2 TOS,58'-4",Not Defined,,0",1/2",0",,,,,Steel,Joist,16'-8 1/2",16K2,,,3ZT5EhLQn6JfRlijT8hocA,,,,0.27 CF,0.00 lbm,Origin,0",Top,0"
B1010350,Joists - Steel,,,,23.25.30.21.14.11,,,,,1,0.00°,16'-8 1/2",,57'-0",58'-4",0",1/2",0",,,,,,132.46 lbm,,,,By Type,,Default,,K-Series Bar Joist-Angle Web,K-Series Bar Joist-Angle Web: 16K2,,,1GlHwuz3b3FQz270YSvYPb,,Both joins enabled,,,,,,,0 SF,New Construction,None,,,,,R2 TOS,58'-4",Not Defined,,0",1/2",0",,,,,Steel,Joist,16'-8 1/2",16K2,,,3ZT5EhLQn6JfRlijT8hocA,,,,0.27 CF,0.00 lbm,Origin,0",Top,0"
B1010350,Joists - Steel,,,,23.25.30.21.14.11,,,,,1,0.00°,16'-8 1/2",,57'-0",58'-4",0",1/2",0",,,,,,132.46 lbm,,,,By Type,,Default,,K-Series Bar Joist-Angle Web,K-Series Bar Joist-Angle Web: 16K2,,,1GlHwuz3b3FQz270YSvYPa,,Both joins enabled,,,,,,,0 SF,New Construction,None,,,,,R2 TOS,58'-4",Not Defined,,0",1/2",0",,,,,Steel,Joist,16'-8 1/2",16K2,,,3ZT5EhLQn6JfRlijT8hocA,,,,0.27 CF,0.00 lbm,Origin,0",Top,0"
B1010350,Joists - Steel,,,,23.25.30.21.14.11,,,,,1,0.00°,16'-8 1/2",,57'-0",58'-4",0",1/2",0",,,,,,132.46 lbm,,,,By Type,,Default,,K-Series Bar Joist-Angle Web,K-Series Bar Joist-Angle Web: 16K2,,,1GlHwuz3b3FQz270YSvYPZ,,Both joins enabled,,,,,,,0 SF,New Construction,None,,,,,R2 TOS,58'-4",Not Defined,,0",1/2",0",,,,,Steel,Joist,16'-8 1/2",16K2,,,3ZT5EhLQn6JfRlijT8hocA,,,,0.27 CF,0.00 lbm,Origin,0",Top,0"
B1010350,Joists - Steel,,,,23.25.30.21.14.11,,,,,1,0.00°,16'-8 1/2",,57'-0",58'-4",0",1/2",0",,,,,,132.46 lbm,,,,By Type,,Default,,K-Series Bar Joist-Angle Web,K-Series Bar Joist-Angle Web: 16K2,,,1GlHwuz3b3FQz270YSvYPY,,Both joins enabled,,,,,,,0 SF,New Construction,None,,,,,R2 TOS,58'-4",Not Defined,,0",1/2",0",,,,,Steel,Joist,16'-8 1/2",16K2,,,3ZT5EhLQn6JfRlijT8hocA,,,,0.27 CF,0.00 lbm,Origin,0",Top,0"
B1010350,Joists - Steel,,,,23.25.30.21.14.11,,,,,1,0.00°,16'-0 1/2",,57'-0",58'-4",0",1/2",0",,,,,,127.07 lbm,,,,By Type,,Default,,K-Series Bar Joist-Angle Web,K-Series Bar Joist-Angle Web: 16K2,,,1GlHwuz3b3FQz270YSvYPX,,Both joins enabled,,,,,,,0 SF,New Construction,None,,,,,R2 TOS,58'-4",Not Defined,,0",,0",,,,,Steel,Joist,16'-0 1/2",16K2,,,3ZT5EhLQn6JfRlijT8hocA,,,,0.26 CF,0.00 lbm,Origin,0",Top,0"
B1010350,Joists - Steel,,,,23.25.30.21.14.11,,,,,1,0.00°,16'-0 1/2",,57'-0",58'-4",0",1/2",0",,,,,,127.07 lbm,,,,By Type,,Default,,K-Series Bar Joist-Angle Web,K-Series Bar Joist-Angle Web: 16K2,,,1GlHwuz3b3FQz270YSvYPW,,Both joins enabled,,,,,,,0 SF,New Construction,None,,,,,R2 TOS,58'-4",Not Defined,,0",,0",,,,,Steel,Joist,16'-0 1/2",16K2,,,3ZT5EhLQn6JfRlijT8hocA,,,,0.26 CF,0.00 lbm,Origin,0",Top,0"
B1010350,Joists - Steel,,,,23.25.30.21.14.11,,,,,1,0.00°,13'-5",,30'-4",31'-8",0",,0",,,,,,102.69 lbm,,,,By Type,,Default,,K-Series Bar Joist-Angle Web,K-Series Bar Joist-Angle Web: 16K6,,,0$RXqoHsP0NAfD3Cs8EOfJ,,Both joins enabled,,,,,,,0 SF,New Construction,None,,,,,L4 TOS,31'-8",Not Defined,,0",1/2",0",,,,,Steel,Joist,13'-5",16K6,,,3ZT5EhLQn6JfRlijT8hoc2,,,,0.21 CF,0.00 lbm,Origin,0",Top,0"
B1010350,Joists - Steel,,,,23.25.30.21.14.11,,,,,1,0.00°,13'-5",,30'-4",31'-8",0",,0",,,,,,102.69 lbm,,,,By Type,,Default,,K-Series Bar Joist-Angle Web,K-Series Bar Joist-Angle Web: 16K6,,,0$RXqoHsP0NAfD3Cs8EOfL,,Both joins enabled,,,,,,,0 SF,New Construction,None,,,,,L4 TOS,31'-8",Not Defined,,0",1/2",0",,,,,Steel,Joist,13'-5",16K6,,,3ZT5EhLQn6JfRlijT8hoc2,,,,0.21 CF,0.00 lbm,Origin,0",Top,0"
B1010350,Joists - Steel,,,,23.25.30.21.14.11,,,,,1,0.00°,22'-3",,30'-4",31'-8",0",1/2",0",,,,,,183.60 lbm,,,,By Type,,Default,,K-Series Bar Joist-Angle Web,K-Series Bar Joist-Angle Web: 16K6,,,0$RXqoHsP0NAfD3Cs8EOfN,,Both joins enabled,,,,,,,0 SF,New Construction,None,,,,,L4 TOS,31'-8",Not Defined,,0",1/2",0",,,,,Steel,Joist,22'-3",16K6,,,3ZT5EhLQn6JfRlijT8hoc2,,,,0.37 CF,0.00 lbm,Origin,0",Top,0"
B1010350,Joists - Steel,,,,23.25.30.21.14.11,,,,,1,0.00°,22'-3",,30'-4",31'-8",0",1/2",0",,,,,,183.60 lbm,,,,By Type,,Default,,K-Series Bar Joist-Angle Web,K-Series Bar Joist-Angle Web: 16K6,,,0$RXqoHsP0NAfD3Cs8EOfP,,Both joins enabled,,,,,,,0 SF,New Construction,None,,,,,L4 TOS,31'-8",Not Defined,,0",1/2",0",,,,,Steel,Joist,22'-3",16K6,,,3ZT5EhLQn6JfRlijT8hoc2,,,,0.37 CF,0.00 lbm,Origin,0",Top,0"
B1010350,Joists - Steel,,,,23.25.30.21.14.11,,,,,1,0.00°,22'-3",,30'-4",31'-8",0",1/2",0",,,,,,183.60 lbm,,,,By Type,,Default,,K-Series Bar Joist-Angle Web,K-Series Bar Joist-Angle Web: 16K6,,,0$RXqoHsP0NAfD3Cs8EOfR,,Both joins enabled,,,,,,,0 SF,New Construction,None,,,,,L4 TOS,31'-8",Not Defined,,0",1/2",0",,,,,Steel,Joist,22'-3",16K6,,,3ZT5EhLQn6JfRlijT8hoc2,,,,0.37 CF,0.00 lbm,Origin,0",Top,0"
B10,Superstructure,,,,23.25.30.11.14.14,,,,,1,0.00°,22'-11",,51'-10 51/128",53'-4 1/2",0",1/2",0",,,,,,1284.10 lbm,,,,By Type,,Default,,W Shapes,W Shapes: W18x55,,,18kPAFtPD1wPBUXcplPshG,,Both joins enabled,,,,,,,1,177 SF,New Construction,None,,,,,R2 TOS,58'-4",I-shape Parallel Flange,,0",1/2",0",,,,,Steel,Girder,23'-10",W18x55,,,1_y_hNQfD4N8RbeJZCV0vP,,,,2.62 CF,1263.28 lbm,Origin,0",Top,-4'-11 1/2"
B10,Superstructure,,,,23.25.30.11.14.14,,,,,1,0.00°,7'-3 1/2",,68'-5 5/256",69'-0 233/256",0",1/2",-1'-9 23/256",,,,,,81.70 lbm,,,,By Type,,Default,,W Shapes,W Shapes: W8x10,,,32iViZEOX8tQa8wdaYDgpG,,Both joins enabled,,,,,,,414 SF,New Construction,None,,,,,Parapet 2,70'-10",I-shape Parallel Flange,,0",1/2",-1'-9 23/256",,,,,Steel,Joist,8'-4 1/2",W8x10,,,2GjH11r995hxaZhII5NFtk,,,,0.17 CF,73.44 lbm,Origin,0",Top,0"
B10,Superstructure,,,,23.25.30.11.14.14,,,,,1,0.00°,7'-3 1/2",,68'-3 137/256",68'-11 109/256",0",1/2",-1'-10 147/256",,,,,,81.70 lbm,,,,By Type,,Default,,W Shapes,W Shapes: W8x10,,,32iViZEOX8tQa8wdaYDgpH,,Both joins enabled,,,,,,,414 SF,New Construction,None,,,,,Parapet 2,70'-10",I-shape Parallel Flange,,0",1/2",-1'-10 147/256",,,,,Steel,Joist,8'-4 1/2",W8x10,,,2GjH11r995hxaZhII5NFtk,,,,0.17 CF,73.44 lbm,Origin,0",Top,0"
B10,Superstructure,,,,23.25.30.11.14.14,,,,,1,0.00°,7'-3 1/2",,68'-2 13/256",68'-9 241/256",0",1/2",-2'-0 15/256",,,,,,81.70 lbm,,,,By Type,,Default,,W Shapes,W Shapes: W8x10,,,32iViZEOX8tQa8wdaYDgpI,,Both joins enabled,,,,,,,414 SF,New Construction,None,,,,,Parapet 2,70'-10",I-shape Parallel Flange,,0",1/2",-2'-0 15/256",,,,,Steel,Joist,8'-4 1/2",W8x10,,,2GjH11r995hxaZhII5NFtk,,,,0.17 CF,73.44 lbm,Origin,0",Top,0"
B10,Superstructure,,,,23.25.30.11.14.14,,,,,1,0.00°,7'-3 1/2",,68'-0 145/256",68'-8 117/256",0",1/2",-2'-1 139/256",,,,,,81.70 lbm,,,,By Type,,Default,,W Shapes,W Shapes: W8x10,,,32iViZEOX8tQa8wdaYDgpJ,,Both joins enabled,,,,,,,414 SF,New Construction,None,,,,,Parapet 2,70'-10",I-shape Parallel Flange,,0",1/2",-2'-1 139/256",,,,,Steel,Joist,8'-4 1/2",W8x10,,,2GjH11r995hxaZhII5NFtk,,,,0.17 CF,73.44 lbm,Origin,0",Top,0"
B10,Superstructure,,,,23.25.30.11.14.14,,,,,1,0.00°,7'-3 1/2",,67'-11 21/256",68'-6 249/256",0",1/2",-2'-3 7/256",,,,,,81.70 lbm,,,,By Type,,Default,,W Shapes,W Shapes: W8x10,,,32iViZEOX8tQa8wdaYDgpK,,Both joins enabled,,,,,,,414 SF,New Construction,None,,,,,Parapet 2,70'-10",I-shape Parallel Flange,,0",1/2",-2'-3 7/256",,,,,Steel,Joist,8'-4 1/2",W8x10,,,2GjH11r995hxaZhII5NFtk,,,,0.17 CF,73.44 lbm,Origin,0",Top,0"
B10,Superstructure,,,,23.25.30.11.14.14,,,,,1,0.00°,21'-4 175/256",,17'-3 25/32",18'-4",0",1/2",0",,,,,,579.68 lbm,,,,By Type,,Default,,W Shapes,W Shapes: W16X26,,,32iViZEOX8tQa8wdaYDgsH,,Both joins enabled,,,,,,,97 SF,New Construction,None,,,,,L3 TOS,18'-4",I-shape Parallel Flange,,0",1/2",0",,,,,Steel,Joist,22'-3",W16X26,,,0KlFU7lovDsB3F7ixU5fcY,,,,1.18 CF,524.07 lbm,Origin,0",Top,0"
B10,Superstructure,,,,23.25.30.11.14.14,,,,,1,0.00°,21'-4 175/256",,17'-3 25/32",18'-4",0",1/2",0",,,,,,579.68 lbm,,,,By Type,,Default,,W Shapes,W Shapes: W16X26,,,32iViZEOX8tQa8wdaYDgsI,,Both joins enabled,,,,,,,97 SF,New Construction,None,,,,,L3 TOS,18'-4",I-shape Parallel Flange,,0",1/2",0",,,,,Steel,Joist,22'-3",W16X26,,,0KlFU7lovDsB3F7ixU5fcY,,,,1.18 CF,524.07 lbm,Origin,0",Top,0"
B10,Superstructure,,,,23.25.30.11.14.14,,,,,1,0.00°,21'-4 175/256",,17'-3 25/32",18'-4",0",1/2",0",,,,,,579.68 lbm,,,,By Type,,Default,,W Shapes,W Shapes: W16X26,,,32iViZEOX8tQa8wdaYDgsJ,,Both joins enabled,,,,,,,97 SF,New Construction,None,,,,,L3 TOS,18'-4",I-shape Parallel Flange,,0",1/2",0",,,,,Steel,Joist,22'-3",W16X26,,,0KlFU7lovDsB3F7ixU5fcY,,,,1.18 CF,524.07 lbm,Origin,0",Top,0"
B10,Superstructure,,,,23.25.30.11.14.14,,,,,1,0.00°,21'-4 175/256",,17'-3 25/32",18'-4",0",1/2",0",,,,,,579.68 lbm,,,,By Type,,Default,,W Shapes,W Shapes: W16X26,,,32iViZEOX8tQa8wdaYDgsK,,Both joins enabled,,,,,,,97 SF,New Construction,None,,,,,L3 TOS,18'-4",I-shape Parallel Flange,,0",1/2",0",,,,,Steel,Joist,22'-3",W16X26,,,0KlFU7lovDsB3F7ixU5fcY,,,,1.18 CF,524.07 lbm,Origin,0",Top,0"
B10,Superstructure,,,,23.25.30.11.14.14,,,,,1,0.00°,21'-4 175/256",,17'-3 25/32",18'-4",0",1/2",0",,,,,,579.68 lbm,,,,By Type,,Default,,W Shapes,W Shapes: W16X26,,,32iViZEOX8tQa8wdaYDgsL,,Both joins enabled,,,,,,,97 SF,New Construction,None,,,,,L3 TOS,18'-4",I-shape Parallel Flange,,0",1/2",0",,,,,Steel,Joist,22'-3",W16X26,,,0KlFU7lovDsB3F7ixU5fcY,,,,1.18 CF,524.07 lbm,Origin,0",Top,0"
B10,Superstructure,,,,23.25.30.11.14.14,,,,,1,0.00°,21'-8 113/256",,17'-3 25/32",18'-4",0",1/2",0",,,,,,588.17 lbm,,,,By Type,,Default,,W Shapes,W Shapes: W16X26,,,32iViZEOX8tQa8wdaYDgsM,,Both joins enabled,,,,,,,97 SF,New Construction,None,,,,,L3 TOS,18'-4",I-shape Parallel Flange,,0",1/2",0",,,,,Steel,Joist,22'-3",W16X26,,,0KlFU7lovDsB3F7ixU5fcY,,,,1.20 CF,531.74 lbm,Origin,0",Top,0"
B10,Superstructure,,,,23.25.30.11.14.14,,,,,1,0.00°,21'-7 239/256",,17'-3 25/32",18'-4",0",1/2",0",,,,,,587.02 lbm,,,,By Type,,Default,,W Shapes,W Shapes: W16X26,,,32iViZEOX8tQa8wdaYDgsN,,Both joins enabled,,,,,,,97 SF,New Construction,None,,,,,L3 TOS,18'-4",I-shape Parallel Flange,,0",1/2",0",,,,,Steel,Joist,22'-3",W16X26,,,0KlFU7lovDsB3F7ixU5fcY,,,,1.20 CF,530.70 lbm,Origin,0",Top,0"
B10,Superstructure,,,,23.25.30.11.14.14,,,,,1,0.00°,21'-4 175/256",,17'-3 25/32",18'-4",0",1/2",0",,,,,,579.68 lbm,,,,By Type,,Default,,W Shapes,W Shapes: W16X26,,,32iViZEOX8tQa8wdaYDgsO,,Both joins enabled,,,,,,,97 SF,New Construction,None,,,,,L3 TOS,18'-4",I-shape Parallel Flange,,0",1/2",0",,,,,Steel,Joist,22'-3",W16X26,,,0KlFU7lovDsB3F7ixU5fcY,,,,1.18 CF,524.07 lbm,Origin,0",Top,0"
B10,Superstructure,,,,23.25.30.11.14.14,,,,,1,0.00°,21'-4 175/256",,17'-3 25/32",18'-4",0",1/2",0",,,,,,579.68 lbm,,,,By Type,,Default,,W Shapes,W Shapes: W16X26,,,32iViZEOX8tQa8wdaYDgsP,,Both joins enabled,,,,,,,97 SF,New Construction,None,,,,,L3 TOS,18'-4",I-shape Parallel Flange,,0",1/2",0",,,,,Steel,Joist,22'-3",W16X26,,,0KlFU7lovDsB3F7ixU5fcY,,,,1.18 CF,524.07 lbm,Origin,0",Top,0"
B10,Superstructure,,,,23.25.30.11.14.14,,,,,1,0.00°,21'-4 175/256",,17'-3 25/32",18'-4",0",1/2",0",,,,,,579.68 lbm,,,,By Type,,Default,,W Shapes,W Shapes: W16X26,,,32iViZEOX8tQa8wdaYDgsQ,,Both joins enabled,,,,,,,97 SF,New Construction,None,,,,,L3 TOS,18'-4",I-shape Parallel Flange,,0",1/2",0",,,,,Steel,Joist,22'-3",W16X26,,,0KlFU7lovDsB3F7ixU5fcY,,,,1.18 CF,524.07 lbm,Origin,0",Top,0"
B10,Superstructure,,,,23.25.30.11.14.14,,,,,1,0.00°,6'-9 239/256",,<varies>,<varies>,0",1/2",-1'-10 39/64",,,,,,36.46 lbm,,,,By Type,,Default,,SF_Steel L Angle,SF_Steel L Angle: _Size,,,32iViZEOX8tQa8wdaYDhD6,,Both joins enabled,,,,,,,0 SF,New Construction,None,,,,,Parapet 2,70'-10",L-angle,,0",1/2",-1'-7 155/256",,,,,<By Category>,Purlin,7'-5 13/256",_Size,,,0Zas40lvjEVunrJVAhu7tn,,,,0.07 CF,36.71 lbm,Origin,0",Top,0"
B10,Superstructure,,,,23.25.30.11.14.14,,,,,1,0.00°,7'-9",,68'-7 57/64",68'-11 25/64",0",1/2",-1'-10 39/64",,,,,,41.38 lbm,,,,By Type,,Default,,SF_Steel L Angle,SF_Steel L Angle: _Size,,,32iViZEOX8tQa8wdaYDhEX,,Both joins enabled,,,,,,,0 SF,New Construction,None,,,,,Parapet 2,70'-10",L-angle,,0",1/2",-1'-10 39/64",,,,,<By Category>,Purlin,8'-4",_Size,,,0Zas40lvjEVunrJVAhu7tn,,,,0.08 CF,41.67 lbm,Origin,0",Top,0"
B10,Superstructure,,,,23.25.30.11.14.14,,,,,1,0.00°,6'-9 239/256",,<varies>,<varies>,0",1/2",-1'-7 155/256",,,,,,36.46 lbm,,,,By Type,,Default,,SF_Steel L Angle,SF_Steel L Angle: _Size,,,32iViZEOX8tQa8wdaYDhEy,,Both joins enabled,,,,,,,0 SF,New Construction,None,,,,,Parapet 2,70'-10",L-angle,,0",1/2",-1'-10 39/64",,,,,<By Category>,Purlin,7'-5 13/256",_Size,,,0Zas40lvjEVunrJVAhu7tn,,,,0.07 CF,36.71 lbm,Origin,0",Top,0"
B10,Superstructure,,,,23.25.30.11.14.14,,,,,1,0.00°,7'-9",,68'-10 229/256",69'-2 101/256",0",1/2",-1'-7 155/256",,,,,,41.38 lbm,,,,By Type,,Default,,SF_Steel L Angle,SF_Steel L Angle: _Size,,,32iViZEOX8tQa8wdaYDhEU,,Both joins enabled,,,,,,,0 SF,New Construction,None,,,,,Parapet 2,70'-10",L-angle,,0",1/2",-1'-7 155/256",,,,,<By Category>,Purlin,8'-4",_Size,,,0Zas40lvjEVunrJVAhu7tn,,,,0.08 CF,41.67 lbm,Origin,0",Top,0"
B10,Superstructure,,,,23.25.30.11.14.14,,,,,1,0.00°,7'-9",,68'-5 1/256",69'-0 229/256",0",1/2",-1'-9 27/256",,,,,,86.84 lbm,,,,By Type,,Default,,W Shapes,W Shapes: W8x10,,,32iViZEOX8tQa8wdaYDhOv,,Both joins enabled,,,,,,,412 SF,New Construction,None,,,,,Parapet 2,70'-10",I-shape Parallel Flange,,0",1/2",-1'-9 27/256",,,,,Steel,Joist,8'-4",W8x10,,,2GjH11r995hxaZhII5NFtk,,,,0.18 CF,78.06 lbm,Origin,0",Top,0"
B10,Superstructure,,,,23.25.30.11.14.14,,,,,1,0.00°,6'-10 111/256",,<varies>,<varies>,0",1/2",-1'-7 155/256",,,,,,36.68 lbm,,,,By Type,,Default,,SF_Steel L Angle,SF_Steel L Angle: _Size,,,0yWBG$Jnb0EvYhUhgfAIb$,,Both joins enabled,,,,,,,0 SF,New Construction,None,,,,,Parapet 2,70'-10",L-angle,,0",0",-1'-10 39/64",,,,,<By Category>,Purlin,7'-5 13/256",_Size,,,0Zas40lvjEVunrJVAhu7tn,,,,0.07 CF,36.93 lbm,Origin,0",Top,0"
B10,Superstructure,,,,23.25.30.11.14.14,,,,,1,0.00°,7'-9",,68'-5 1/256",69'-0 229/256",0",1/2",-1'-9 27/256",,,,,,86.84 lbm,,,,By Type,,Default,,W Shapes,W Shapes: W8x10,,,0yWBG$Jnb0EvYhUhgfAIcD,,Both joins enabled,,,,,,,412 SF,New Construction,None,,,,,Parapet 2,70'-10",I-shape Parallel Flange,,0",1/2",-1'-9 27/256",,,,,Steel,Joist,8'-4",W8x10,,,2GjH11r995hxaZhII5NFtk,,,,0.18 CF,78.06 lbm,Origin,0",Top,0"
B10,Superstructure,,,,23.25.30.11.14.14,,,,,1,0.00°,4'-11 115/256",,57'-8 7/64",58'-4",0",1/2",0",,,,,,55.61 lbm,,,,By Type,,Default,,W Shapes,W Shapes: W8x10,,,3v9$khpYPE4ejOPlkx8opi,,Both joins enabled,,,,,,,300 SF,New Construction,None,,,,,R2 TOS,58'-4",I-shape Parallel Flange,,0",1/2",0",,,,,Steel,Joist,6'-0 57/64",W8x10,,,2GjH11r995hxaZhII5NFtk,,,,0.11 CF,49.90 lbm,Origin,0",Top,0"
B10,Superstructure,,,,23.25.30.11.14.14,,,,,1,0.00°,6'-7 41/256",,57'-8 7/64",58'-4",0",1/2",0",,,,,,74.04 lbm,,,,By Type,,Default,,W Shapes,W Shapes: W8x10,,,3v9$khpYPE4ejOPlkx8opj,,Both joins enabled,,,,,,,381 SF,New Construction,None,,,,,R2 TOS,58'-4",I-shape Parallel Flange,,0",1/2",0",,,,,Steel,Joist,7'-8 153/256",W8x10,,,2GjH11r995hxaZhII5NFtk,,,,0.15 CF,66.44 lbm,Origin,0",Top,0"
B10,Superstructure,,,,23.25.30.11.14.14,,,,,1,0.00°,8'-2 223/256",,57'-8 7/64",58'-4",0",1/2",0",,,,,,92.48 lbm,,,,By Type,,Default,,W Shapes,W Shapes: W8x10,,,3v9$khpYPE4ejOPlkx8opg,,Both joins enabled,,,,,,,462 SF,New Construction,None,,,,,R2 TOS,58'-4",I-shape Parallel Flange,,0",1/2",0",,,,,Steel,Joist,9'-4 79/256",W8x10,,,2GjH11r995hxaZhII5NFtk,,,,0.19 CF,82.99 lbm,Origin,0",Top,0"
B10,Superstructure,,,,23.25.30.11.14.14,,,,,1,0.00°,4'-7 93/128",,57'-8 7/64",58'-4",0",1/2",0",,,,,,52.12 lbm,,,,By Type,,Default,,W Shapes,W Shapes: W8x10,,,3v9$khpYPE4ejOPlkx8nAj,,Both joins enabled,,,,,,,285 SF,New Construction,None,,,,,R2 TOS,58'-4",I-shape Parallel Flange,,0",1/2",0",,,,,Steel,Joist,5'-9 21/128",W8x10,,,2GjH11r995hxaZhII5NFtk,,,,0.11 CF,46.77 lbm,Origin,0",Top,0"
B10,Superstructure,,,,23.25.30.11.14.14,,,,,1,0.00°,6'-3 85/256",,57'-8 7/64",58'-4",0",1/2",0",,,,,,70.46 lbm,,,,By Type,,Default,,W Shapes,W Shapes: W8x10,,,3v9$khpYPE4ejOPlkx8nAg,,Both joins enabled,,,,,,,365 SF,New Construction,None,,,,,R2 TOS,58'-4",I-shape Parallel Flange,,0",1/2",0",,,,,Steel,Joist,7'-4 99/128",W8x10,,,2GjH11r995hxaZhII5NFtk,,,,0.14 CF,63.23 lbm,Origin,0",Top,0"
B10,Superstructure,,,,23.25.30.11.14.14,,,,,1,0.00°,8'-3 23/256",,57'-8 7/64",58'-4",0",1/2",0",,,,,,92.52 lbm,,,,By Type,,Default,,W Shapes,W Shapes: W8x10,,,3v9$khpYPE4ejOPlkx8nAh,,Both joins enabled,,,,,,,446 SF,New Construction,None,,,,,R2 TOS,58'-4",I-shape Parallel Flange,,0",1/2",0",,,,,Steel,Joist,9'-0 97/256",W8x10,,,2GjH11r995hxaZhII5NFtk,,,,0.19 CF,83.17 lbm,Origin,0",Top,0"
B1010350,Joists - Steel,,,,23.25.30.21.14.11,,,,,1,0.00°,16'-8 1/2",,6'-3",7'-7",0",1/2",0",,,,,,132.46 lbm,,,,By Type,,Default,,K-Series Bar Joist-Angle Web,K-Series Bar Joist-Angle Web: 16K6,,,1gpTdAOnv2YuzTDwWCuXIJ,,Both joins enabled,,,,,,,0 SF,New Construction,None,,,,,L2 TOS,7'-7",Not Defined,,0",1/2",0",,,,,Steel,Joist,16'-8 1/2",16K6,,,3ZT5EhLQn6JfRlijT8hoc2,,,,0.27 CF,0.00 lbm,Origin,0",Top,0"
B1010350,Joists - Steel,,,,23.25.30.21.14.11,,,,,1,0.00°,15'-2 1/2",,30'-4",31'-8",0",1/2",0",,,,,,118.75 lbm,,,,By Type,,Default,,K-Series Bar Joist-Angle Web,K-Series Bar Joist-Angle Web: 16K6,,,3L3tnIXKL41Ay0KsU4nvol,,Both joins enabled,,,,,,,0 SF,New Construction,None,,,,,L4 TOS,31'-8",Not Defined,,0",1/2",0",,,,,Steel,Joist,15'-2 1/2",16K6,,,3ZT5EhLQn6JfRlijT8hoc2,,,,0.24 CF,0.00 lbm,Origin,0",Top,0"
B1010350,Joists - Steel,,,,23.25.30.21.14.11,,,,,1,0.00°,15'-2 1/2",,30'-4",31'-8",0",1/2",0",,,,,,118.75 lbm,,,,By Type,,Default,,K-Series Bar Joist-Angle Web,K-Series Bar Joist-Angle Web: 16K6,,,3L3tnIXKL41Ay0KsU4nv_1,,Both joins enabled,,,,,,,0 SF,New Construction,None,,,,,L4 TOS,31'-8",Not Defined,,0",1/2",0",,,,,Steel,Joist,15'-2 1/2",16K6,,,3ZT5EhLQn6JfRlijT8hoc2,,,,0.24 CF,0.00 lbm,Origin,0",Top,0"
B1010350,Joists - Steel,,,,23.25.30.21.14.11,,,,,1,0.00°,15'-2 1/2",,30'-4",31'-8",0",1/2",0",,,,,,118.75 lbm,,,,By Type,,Default,,K-Series Bar Joist-Angle Web,K-Series Bar Joist-Angle Web: 16K6,,,3L3tnIXKL41Ay0KsU4nv_0,,Both joins enabled,,,,,,,0 SF,New Construction,None,,,,,L4 TOS,31'-8",Not Defined,,0",1/2",0",,,,,Steel,Joist,15'-2 1/2",16K6,,,3ZT5EhLQn6JfRlijT8hoc2,,,,0.24 CF,0.00 lbm,Origin,0",Top,0"
B1010350,Joists - Steel,,,,23.25.30.21.14.11,,,,,1,0.00°,15'-2 1/2",,30'-4",31'-8",0",1/2",0",,,,,,118.75 lbm,,,,By Type,,Default,,K-Series Bar Joist-Angle Web,K-Series Bar Joist-Angle Web: 16K6,,,3L3tnIXKL41Ay0KsU4nv_3,,Both joins enabled,,,,,,,0 SF,New Construction,None,,,,,L4 TOS,31'-8",Not Defined,,0",1/2",0",,,,,Steel,Joist,15'-2 1/2",16K6,,,3ZT5EhLQn6JfRlijT8hoc2,,,,0.24 CF,0.00 lbm,Origin,0",Top,0"
B1010350,Joists - Steel,,,,23.25.30.21.14.11,,,,,1,0.00°,15'-2 1/2",,30'-4",31'-8",0",1/2",0",,,,,,118.75 lbm,,,,By Type,,Default,,K-Series Bar Joist-Angle Web,K-Series Bar Joist-Angle Web: 16K6,,,3L3tnIXKL41Ay0KsU4nv_2,,Both joins enabled,,,,,,,0 SF,New Construction,None,,,,,L4 TOS,31'-8",Not Defined,,0",1/2",0",,,,,Steel,Joist,15'-2 1/2",16K6,,,3ZT5EhLQn6JfRlijT8hoc2,,,,0.24 CF,0.00 lbm,Origin,0",Top,0"
B1010350,Joists - Steel,,,,23.25.30.21.14.11,,,,,1,0.00°,15'-2 1/2",,30'-4",31'-8",0",1/2",0",,,,,,118.75 lbm,,,,By Type,,Default,,K-Series Bar Joist-Angle Web,K-Series Bar Joist-Angle Web: 16K6,,,3L3tnIXKL41Ay0KsU4nv_z,,Both joins enabled,,,,,,,0 SF,New Construction,None,,,,,L4 TOS,31'-8",Not Defined,,0",1/2",0",,,,,Steel,Joist,15'-2 1/2",16K6,,,3ZT5EhLQn6JfRlijT8hoc2,,,,0.24 CF,0.00 lbm,Origin,0",Top,0"
B1010350,Joists - Steel,,,,23.25.30.21.14.11,,,,,1,0.00°,15'-2 1/2",,30'-4",31'-8",0",1/2",0",,,,,,118.75 lbm,,,,By Type,,Default,,K-Series Bar Joist-Angle Web,K-Series Bar Joist-Angle Web: 16K6,,,3L3tnIXKL41Ay0KsU4nv_y,,Both joins enabled,,,,,,,0 SF,New Construction,None,,,,,L4 TOS,31'-8",Not Defined,,0",1/2",0",,,,,Steel,Joist,15'-2 1/2",16K6,,,3ZT5EhLQn6JfRlijT8hoc2,,,,0.24 CF,0.00 lbm,Origin,0",Top,0"
B1010350,Joists - Steel,,,,23.25.30.21.14.11,,,,,1,0.00°,15'-2 1/2",,30'-4",31'-8",0",1/2",0",,,,,,118.75 lbm,,,,By Type,,Default,,K-Series Bar Joist-Angle Web,K-Series Bar Joist-Angle Web: 16K6,,,3L3tnIXKL41Ay0KsU4nv_$,,Both joins enabled,,,,,,,0 SF,New Construction,None,,,,,L4 TOS,31'-8",Not Defined,,0",1/2",0",,,,,Steel,Joist,15'-2 1/2",16K6,,,3ZT5EhLQn6JfRlijT8hoc2,,,,0.24 CF,0.00 lbm,Origin,0",Top,0"
B1010350,Joists - Steel,,,,23.25.30.21.14.11,,,,,1,0.00°,15'-2 1/2",,30'-4",31'-8",0",1/2",0",,,,,,118.75 lbm,,,,By Type,,Default,,K-Series Bar Joist-Angle Web,K-Series Bar Joist-Angle Web: 16K6,,,3L3tnIXKL41Ay0KsU4nv__,,Both joins enabled,,,,,,,0 SF,New Construction,None,,,,,L4 TOS,31'-8",Not Defined,,0",1/2",0",,,,,Steel,Joist,15'-2 1/2",16K6,,,3ZT5EhLQn6JfRlijT8hoc2,,,,0.24 CF,0.00 lbm,Origin,0",Top,0"
B1010350,Joists - Steel,,,,23.25.30.21.14.11,,,,,1,0.00°,15'-2 1/2",,30'-4",31'-8",0",1/2",0",,,,,,118.75 lbm,,,,By Type,,Default,,K-Series Bar Joist-Angle Web,K-Series Bar Joist-Angle Web: 16K6,,,3L3tnIXKL41Ay0KsU4nv_v,,Both joins enabled,,,,,,,0 SF,New Construction,None,,,,,L4 TOS,31'-8",Not Defined,,0",1/2",0",,,,,Steel,Joist,15'-2 1/2",16K6,,,3ZT5EhLQn6JfRlijT8hoc2,,,,0.24 CF,0.00 lbm,Origin,0",Top,0"
B1010350,Joists - Steel,,,,23.25.30.21.14.11,,,,,1,0.00°,16'-8 1/2",,43'-8",45'-0",0",1/2",0",,,,,,132.46 lbm,,,,By Type,,Default,,K-Series Bar Joist-Angle Web,K-Series Bar Joist-Angle Web: 16K6,,,2pIYW5vvT5Duu$boepjA9P,,Both joins enabled,,,,,,,0 SF,New Construction,None,,,,,L5 TOS,45'-0",Not Defined,,0",1/2",0",,,,,Steel,Joist,16'-8 1/2",16K6,,,3ZT5EhLQn6JfRlijT8hoc2,,,,0.27 CF,0.00 lbm,Origin,0",Top,0"
B1010350,Joists - Steel,,,,23.25.30.21.14.11,,,,,1,0.00°,16'-8 1/2",,30'-4",31'-8",0",1/2",0",,,,,,132.46 lbm,,,,By Type,,Default,,K-Series Bar Joist-Angle Web,K-Series Bar Joist-Angle Web: 16K6,,,2pIYW5vvT5Duu$boepjA08,,Both joins enabled,,,,,,,0 SF,New Construction,None,,,,,L4 TOS,31'-8",Not Defined,,0",1/2",0",,,,,Steel,Joist,16'-8 1/2",16K6,,,3ZT5EhLQn6JfRlijT8hoc2,,,,0.27 CF,0.00 lbm,Origin,0",Top,0"
B1010350,Joists - Steel,,,,23.25.30.21.14.11,,,,,1,0.00°,16'-8 1/2",,17'-0",18'-4",0",1/2",0",,,,,,132.46 lbm,,,,By Type,,Default,,K-Series Bar Joist-Angle Web,K-Series Bar Joist-Angle Web: 16K6,,,2pIYW5vvT5Duu$boepjAPd,,Both joins enabled,,,,,,,0 SF,New Construction,None,,,,,L3 TOS,18'-4",Not Defined,,0",1/2",0",,,,,Steel,Joist,16'-8 1/2",16K6,,,3ZT5EhLQn6JfRlijT8hoc2,,,,0.27 CF,0.00 lbm,Origin,0",Top,0"
