Wall Schedule,,,,,,,,,,,,,,,,,,,,,,,,,,,,,,,,,,,,,,,,,,,,,,,,,,,,,,,,,,,,,,,,,
Absorptance,Angle From Vertical,Area,Assembly Code,Assembly Description,Assembly Name,Base Constraint,Base Offset,Bottom Width,Comments,Cost,Count,Cross-Section,Default Exterior Angle,Default Interior Angle,Description,Enable Angle Overrides,Estimated Reinforcement Volume,Excavation Volume on Toposolid,Exchange Entity ID,Exchange ID,Export to IFC,Export to IFC As,Export Type to IFC,Export Type to IFC As,Exterior Angle,Family,Family and Type,Family Thumbnail,Fire Rating,Function,Heat Transfer Coefficient (U),IFC Predefined Type,IfcGUID,Image,Interior Angle,Keynote,Length,Manufacturer,Mark,Model,Phase Created,Phase Demolished,Rebar Cover,Rebar Cover - Exterior Face,Rebar Cover - Interior Face,Rebar Cover - Other Faces,Roughness,Structural Material,Structural Usage,Thermal Mass,Thermal Resistance (R),Top Constraint,Top Offset,Top Width,Type,Type Comments,Type IFC Predefined Type,Type IfcGUID,Type Image,Type Mark,Unconnected Height,URL,Volume,Width,Width Measured At
,,,,,,,,,,,,,,,,,,,,,,,,,,,,,,,,,,,,,,,,,,,,,,,,,,,,,,,,,,,,,,,,,
0.7,,466 SF,B2010158,Ext. Wall - Brick Veneer w/ Stud,,L1 - Block 35,0' - 0",,,,1,Vertical,,,,,,,,,By Type,,Default,,,Basic Wall,Basic Wall: Exterior - 13 5/8" Rainscreen (Two Sides) w Insultation on Metal Stud,,2 HR,Exterior,0.0240 BTU/(h·ft²·°F),,1G_I00WlX2MBQekqB04dFi,,,,18' - 7 27/32",,,,New Construction,None,,,,,3,,Non-bearing,23.6073 BTU/(ft²·°F),41.6985 (h·ft²·°F)/BTU,Up to level: L3,-0' - 1",,Exterior - 13 5/8" Rainscreen (Two Sides) w Insultation on Metal Stud,,,266x49qd94VO9VnwhX1SwZ,,X06,24' - 8",,525.76 CF,1' - 1 5/8",
0.7,,528 SF,B2010,Exterior Walls,,L1 - Block 35,0' - 0",,,,1,Vertical,,,,,,,,,By Type,,Default,,,Basic Wall,Basic Wall: Core - Concrete 12",,4 HR,Core-shaft,0.6044 BTU/(h·ft²·°F),,1G_I00WlX2MBQekqB04dCi,,,,10' - 10 1/2",,,,New Construction,None,,,,,3,Concrete, Cast-in-Place gray,Non-bearing,22.5315 BTU/(ft²·°F),1.6546 (h·ft²·°F)/BTU,Up to level: Parapet 2,0' - 0",,Core - Concrete 12",,,2Rqwfi9uL0W9XTWzRAs_ER,,C02,76' - 9",,528.38 CF,1' - 0",
0.7,,2241 SF,B2010,Exterior Walls,,L1 - Block 43,0' - 0",,,,1,Vertical,,,,,,,,,By Type,,Default,,,Basic Wall,Basic Wall: Exterior - 12 5/8" Rainscreen w Insultation on Metal Stud (Alley),,2 HR,Soffit,0.0273 BTU/(h·ft²·°F),,1G_I00WlX2MBQekqB04dI_,,,,56' - 10",,,,New Construction,None,,,,,3,,Non-bearing,6.2102 BTU/(ft²·°F),36.6193 (h·ft²·°F)/BTU,Up to level: L5,0' - 0",,Exterior - 12 5/8" Rainscreen w Insultation on Metal Stud (Alley),,,2Nacuo19H4IAx5s3kv9CGb,,X05,45' - 6",,2357.94 CF,1' - 0 5/8",
0.7,,546 SF,A1010200,Foundation Walls,,Parking,-0' - 6",,,,1,Vertical,,,,,,,,,By Type,,Default,,,Basic Wall,Basic Wall: Foundation - 24" Concrete,,4 HR,Foundation,0.3022 BTU/(h·ft²·°F),,1G_I00WlX2MBQekqB04dJ5,,,,47' - 2 1/2",,,,New Construction,None,,,,,3,Concrete, Cast-in-Place gray,Non-bearing,45.0630 BTU/(ft²·°F),3.3092 (h·ft²·°F)/BTU,Up to level: L1 - Block 35,0' - 0",,Foundation - 24" Concrete,,,2Rqwfi9uL0W9XTWzRAs_6e,,C04,11' - 6",,1091.54 CF,2' - 0",
0.7,,114 SF,A1010200,Foundation Walls,,Parking,-0' - 6",,,,1,Vertical,,,,,,,,,By Type,,Default,,,Basic Wall,Basic Wall: Foundation - 24" Concrete,,4 HR,Foundation,0.3022 BTU/(h·ft²·°F),,1G_I00WlX2MBQekqB04dJ6,,,,10' - 4 1/2",,,,New Construction,None,,,,,3,Concrete, Cast-in-Place gray,Non-bearing,45.0630 BTU/(ft²·°F),3.3092 (h·ft²·°F)/BTU,Up to level: L1 - Block 35,0' - 0",,Foundation - 24" Concrete,,,2Rqwfi9uL0W9XTWzRAs_6e,,C04,11' - 6",,227.13 CF,2' - 0",
0.7,,1234 SF,A1010200,Foundation Walls,,Parking,-0' - 6",,,,1,Vertical,,,,,,,,,By Type,,Default,,,Basic Wall,Basic Wall: Foundation - 24" Concrete,,4 HR,Foundation,0.3022 BTU/(h·ft²·°F),,1G_I00WlX2MBQekqB04dJ7,,,,68' - 11 3/8",,,,New Construction,None,,,,,3,Concrete, Cast-in-Place gray,Non-bearing,45.0630 BTU/(ft²·°F),3.3092 (h·ft²·°F)/BTU,Up to level: L1 - Block 43,0' - 0",,Foundation - 24" Concrete,,,2Rqwfi9uL0W9XTWzRAs_6e,,C04,17' - 5",,2426.11 CF,2' - 0",
0.7,,460 SF,A1010200,Foundation Walls,,Parking,-0' - 6",,,,1,Vertical,,,,,,,,,By Type,,Default,,,Basic Wall,Basic Wall: Foundation - 24" Concrete,,4 HR,Foundation,0.3022 BTU/(h·ft²·°F),,1G_I00WlX2MBQekqB04dQj,,,,60' - 9",,,,New Construction,None,,,,,3,Concrete, Cast-in-Place gray,Non-bearing,45.0630 BTU/(ft²·°F),3.3092 (h·ft²·°F)/BTU,Up to level: L1 - Block 35,0' - 0",,Foundation - 24" Concrete,,,2Rqwfi9uL0W9XTWzRAs_6e,,C04,11' - 6",,878.83 CF,2' - 0",
0.7,,59 SF,A1010200,Foundation Walls,,Parking,-0' - 6",,,,1,Vertical,,,,,,,,,By Type,,Default,,,Basic Wall,Basic Wall: Foundation - 24" Concrete,,4 HR,Foundation,0.3022 BTU/(h·ft²·°F),,1G_I00WlX2MBQekqB04dQk,,,,2' - 3 3/32",,,,New Construction,None,,,,,3,Concrete, Cast-in-Place gray,Non-bearing,45.0630 BTU/(ft²·°F),3.3092 (h·ft²·°F)/BTU,Up to level: L1 - Block 37,0' - 0",,Foundation - 24" Concrete,,,2Rqwfi9uL0W9XTWzRAs_6e,,C04,13' - 11 1/2",,118.88 CF,2' - 0",
0.7,,305 SF,A1010200,Foundation Walls,,Parking,-0' - 6",,,,1,Vertical,,,,,,,,,By Type,,Default,,,Basic Wall,Basic Wall: Foundation - 24" Concrete,,4 HR,Foundation,0.3022 BTU/(h·ft²·°F),,1G_I00WlX2MBQekqB04dQl,,,,22' - 10",,,,New Construction,None,,,,,3,Concrete, Cast-in-Place gray,Non-bearing,45.0630 BTU/(ft²·°F),3.3092 (h·ft²·°F)/BTU,Up to level: L1 - Block 37,0' - 0",,Foundation - 24" Concrete,,,2Rqwfi9uL0W9XTWzRAs_6e,,C04,13' - 11 1/2",,609.51 CF,2' - 0",
0.7,,458 SF,A1010200,Foundation Walls,,Parking,-0' - 6",,,,1,Vertical,,,,,,,,,By Type,,Default,,,Basic Wall,Basic Wall: Foundation - 24" Concrete,,4 HR,Foundation,0.3022 BTU/(h·ft²·°F),,1G_I00WlX2MBQekqB04dQm,,,,29' - 10 21/32",,,,New Construction,None,,,,,3,Concrete, Cast-in-Place gray,Non-bearing,45.0630 BTU/(ft²·°F),3.3092 (h·ft²·°F)/BTU,Up to level: L1 - Block 43,-1' - 8",,Foundation - 24" Concrete,,,2Rqwfi9uL0W9XTWzRAs_6e,,C04,15' - 9",,913.59 CF,2' - 0",
0.7,,1965 SF,B2010,Exterior Walls,,Parking,0' - 0",,,,1,Vertical,,,,,,,,,By Type,,Default,,,Basic Wall,Basic Wall: Chase - GWB & Metal Stud 4 1/4",,,Soffit,6.6534 BTU/(h·ft²·°F),,1nMwdyzlT4AuQ_X$HWZCgF,,,,24' - 0 1/2",,,,New Construction,None,,,,,3,Metal Furring,Non-bearing,17.6896 BTU/(ft²·°F),0.1503 (h·ft²·°F)/BTU,Up to level: R3,0' - 0",,Chase - GWB & Metal Stud 4 1/4",,,3FDTNrVMX5CROAaE1LHtAP,,S03,85' - 9",,695.87 CF,0' - 4 1/4",
0.7,,246 SF,B2010,Exterior Walls,,Parking,-0' - 6",,,,1,Vertical,,,,,,,,,By Type,,Default,,,Basic Wall,Basic Wall: Core - Concrete 12",,4 HR,Core-shaft,0.6044 BTU/(h·ft²·°F),,1nMwdyzlT4AuQ_X$HWZCjW,,,,23' - 9 1/2",,,,New Construction,None,,,,,3,Concrete, Cast-in-Place gray,Non-bearing,22.5315 BTU/(ft²·°F),1.6546 (h·ft²·°F)/BTU,Up to level: L1 - Block 35,0' - 0",,Core - Concrete 12",,,2Rqwfi9uL0W9XTWzRAs_ER,,C02,11' - 6",,246.28 CF,1' - 0",
0.7,,121 SF,B2010,Exterior Walls,,Parking,-0' - 6",,,,1,Vertical,,,,,,,,,By Type,,Default,,,Basic Wall,Basic Wall: Core - Concrete 18",,4 HR,Core-shaft,0.4029 BTU/(h·ft²·°F),,1nMwdyzlT4AuQ_X$HWZCkg,,,,10' - 4 1/2",,,,New Construction,None,,,,,3,Concrete, Cast-in-Place gray,Non-bearing,33.7973 BTU/(ft²·°F),2.4819 (h·ft²·°F)/BTU,Up to level: L1 - Block 35,0' - 0",,Core - Concrete 18",,,2Rqwfi9uL0W9XTWzRAs_GX,,C03,11' - 6",,176.37 CF,1' - 6",
0.7,,526 SF,B2010,Exterior Walls,,Parking,-0' - 6",,,,1,Vertical,,,,,,,,,By Type,,Default,,,Basic Wall,Basic Wall: Core - Concrete 12",,4 HR,Core-shaft,0.6044 BTU/(h·ft²·°F),,07qCfCfOH2$9ZHLwxaU8Ro,,,,31' - 7 25/32",,,,New Construction,None,,,,,3,Concrete, Cast-in-Place gray,Non-bearing,22.5315 BTU/(ft²·°F),1.6546 (h·ft²·°F)/BTU,Up to level: L1 - Block 43,0' - 0",,Core - Concrete 12",,,2Rqwfi9uL0W9XTWzRAs_ER,,C02,17' - 5",,524.93 CF,1' - 0",
0.7,,498 SF,B2010,Exterior Walls,,Parking,-0' - 6",,,,1,Vertical,,,,,,,,,By Type,,Default,,,Basic Wall,Basic Wall: Core - Concrete 18",,4 HR,Core-shaft,0.4029 BTU/(h·ft²·°F),,07qCfCfOH2$9ZHLwxaU8Rz,,,,32' - 10 19/32",,,,New Construction,None,,,,,3,Concrete, Cast-in-Place gray,Non-bearing,33.7973 BTU/(ft²·°F),2.4819 (h·ft²·°F)/BTU,Up to level: L1 - Block 43,0' - 0",,Core - Concrete 18",,,2Rqwfi9uL0W9XTWzRAs_GX,,C03,17' - 5",,746.38 CF,1' - 6",
0.7,,1646 SF,B2010,Exterior Walls,,L1 - Block 35,0' - 0",,,,1,Vertical,,,,,,,,,By Type,,Default,,,Basic Wall,Basic Wall: Core - Concrete 12",,4 HR,Core-shaft,0.6044 BTU/(h·ft²·°F),,15yYit$qr3jes0JF4Uq11J,,,,23' - 0 3/16",,,,New Construction,None,,,,,3,Concrete, Cast-in-Place gray,Non-bearing,22.5315 BTU/(ft²·°F),1.6546 (h·ft²·°F)/BTU,Up to level: Parapet 2,0' - 0",,Core - Concrete 12",,,2Rqwfi9uL0W9XTWzRAs_ER,,C02,76' - 9",,1645.81 CF,1' - 0",
0.7,,835 SF,B2010,Exterior Walls,,L1 - Block 35,0' - 0",,,,1,Vertical,,,,,,,,,By Type,,Default,,,Basic Wall,Basic Wall: Core - Concrete 12",,4 HR,Core-shaft,0.6044 BTU/(h·ft²·°F),,15yYit$qr3jes0JF4Uq15Z,,,,10' - 10 1/2",,,,New Construction,None,,,,,3,Concrete, Cast-in-Place gray,Non-bearing,22.5315 BTU/(ft²·°F),1.6546 (h·ft²·°F)/BTU,Up to level: Parapet 2,0' - 0",,Core - Concrete 12",,,2Rqwfi9uL0W9XTWzRAs_ER,,C02,76' - 9",,834.66 CF,1' - 0",
0.7,,311 SF,C1010145,Partitions - Drywall w/ Metal Stud,,L1 - Block 43,0' - 0",,,,1,Vertical,,,,,,,,,By Type,,Default,,,Basic Wall,Basic Wall: Party - 6 1/8" (2-hr),,2 HR,Interior,0.0234 BTU/(h·ft²·°F),,15yYit$qr3jes0JF4Uq1Sf,,,,39' - 4 3/16",,,,New Construction,None,,,,,3,Metal Stud Layer,Non-bearing,5.1774 BTU/(ft²·°F),42.8246 (h·ft²·°F)/BTU,Up to level: L2,0' - 0",,Party - 6 1/8" (2-hr),,,1UzjuOoQr4P85_KNmJAtS$,,W01,8' - 1",,304.21 CF,0' - 11 3/4",
0.7,,35 SF,B2010158,Ext. Wall - Brick Veneer w/ Stud,,L1 - Block 37,0' - 0",,,,1,Vertical,,,,,,,,,By Type,,Default,,,Basic Wall,Basic Wall: Exterior - 12 5/8" Rainscreen w Insultation on Metal Stud,,2 HR,Exterior,0.0217 BTU/(h·ft²·°F),,2mejqQiN994Q2UMYaLHePR,,,,5' - 11 1/16",,,,New Construction,None,,,,,3,,Non-bearing,14.9105 BTU/(ft²·°F),46.0097 (h·ft²·°F)/BTU,Up to level: L2,-2' - 6",,Exterior - 12 5/8" Rainscreen w Insultation on Metal Stud,,,3GC6dLJPT0_w0HkhCmqXpI,,X04,9' - 0 1/2",,37.12 CF,1' - 0 5/8",
0.7,,735 SF,C1010145,Partitions - Drywall w/ Metal Stud,,L1 - Block 37,0' - 0",,,,1,Vertical,,,,,,,,,By Type,,Default,,,Basic Wall,Basic Wall: Party - 6 1/8" (2-hr),,2 HR,Interior,0.0234 BTU/(h·ft²·°F),,2mejqQiN994Q2UMYaLHeOk,,,,64' - 2 13/32",,,,New Construction,None,,,,,3,Metal Stud Layer,Non-bearing,5.1774 BTU/(ft²·°F),42.8246 (h·ft²·°F)/BTU,Up to level: L2,0' - 0",,Party - 6 1/8" (2-hr),,,1UzjuOoQr4P85_KNmJAtS$,,W01,11' - 6 1/2",,716.80 CF,0' - 11 3/4",
0.7,,259 SF,B2010158,Ext. Wall - Brick Veneer w/ Stud,,L1 - Block 37,0' - 0",,,,1,Vertical,,,,,,,,,By Type,,Default,,,Basic Wall,Basic Wall: Exterior - 12 5/8" Rainscreen w Insultation on Metal Stud,,2 HR,Exterior,0.0217 BTU/(h·ft²·°F),,2mejqQiN994Q2UMYaLHeJu,,,,42' - 6 1/4",,,,New Construction,None,,,,,3,,Non-bearing,14.9105 BTU/(ft²·°F),46.0097 (h·ft²·°F)/BTU,Up to level: L2,-2' - 6",,Exterior - 12 5/8" Rainscreen w Insultation on Metal Stud,,,3GC6dLJPT0_w0HkhCmqXpI,,X04,9' - 0 1/2",,272.13 CF,1' - 0 5/8",
0.7,,70 SF,B2010158,Ext. Wall - Brick Veneer w/ Stud,,L1 - Block 43,0' - 0",,,,1,Vertical,,,,,,,,,By Type,,Default,,,Basic Wall,Basic Wall: Exterior - 12 5/8" Rainscreen w Insultation on Metal Stud,,2 HR,Exterior,0.0217 BTU/(h·ft²·°F),,2mejqQiN994Q2UMYaLHeI9,,,,8' - 6 9/16",,,,New Construction,None,,,,,3,,Non-bearing,14.9105 BTU/(ft²·°F),46.0097 (h·ft²·°F)/BTU,Up to level: L2,0' - 0",,Exterior - 12 5/8" Rainscreen w Insultation on Metal Stud,,,3GC6dLJPT0_w0HkhCmqXpI,,X04,8' - 1",,72.65 CF,1' - 0 5/8",
0.7,,16 SF,B2010158,Ext. Wall - Brick Veneer w/ Stud,,L1 - Block 43,0' - 0",,,,1,Vertical,,,,,,,,,By Type,,Default,,,Basic Wall,Basic Wall: Exterior - 12 5/8" Rainscreen w Insultation on Metal Stud,,2 HR,Exterior,0.0217 BTU/(h·ft²·°F),,2mejqQiN994Q2UMYaLHeHn,,,,6' - 0",,,,New Construction,None,,,,,3,,Non-bearing,14.9105 BTU/(ft²·°F),46.0097 (h·ft²·°F)/BTU,Up to level: L2,0' - 0",,Exterior - 12 5/8" Rainscreen w Insultation on Metal Stud,,,3GC6dLJPT0_w0HkhCmqXpI,,X04,8' - 1",,16.36 CF,1' - 0 5/8",
0.7,,336 SF,B2010158,Ext. Wall - Brick Veneer w/ Stud,,L1 - Block 37,0' - 0",,,,1,Vertical,,,,,,,,,By Type,,Default,,,Basic Wall,Basic Wall: Exterior - 12 5/8" Rainscreen w Insultation on Metal Stud,,2 HR,Exterior,0.0217 BTU/(h·ft²·°F),,1nVAY8og5DUQW261No7qYZ,,,,38' - 0 3/8",,,,New Construction,None,,,,,3,,Non-bearing,14.9105 BTU/(ft²·°F),46.0097 (h·ft²·°F)/BTU,Up to level: L2,-2' - 6",,Exterior - 12 5/8" Rainscreen w Insultation on Metal Stud,,,3GC6dLJPT0_w0HkhCmqXpI,,X04,9' - 0 1/2",,353.56 CF,1' - 0 5/8",
0.7,,618 SF,B2010,Exterior Walls,,L1 - Block 37,0' - 0",,,,1,Vertical,,,,,,,,,By Type,,Default,,,Basic Wall,Basic Wall: Core - Concrete 10",,4 HR,Core-shaft,0.7252 BTU/(h·ft²·°F),,1nVAY8og5DUQW261No7qjz,,,,8' - 10 11/16",,,,New Construction,None,,,,,3,Concrete, Cast-in-Place gray,Non-bearing,18.7763 BTU/(ft²·°F),1.3789 (h·ft²·°F)/BTU,Up to level: Parapet 2,0' - 0",,Core - Concrete 10",,,2Rqwfi9uL0W9XTWzRAs_GP,,C01,74' - 3 1/2",,512.89 CF,0' - 10",
0.7,,1112 SF,A1010200,Foundation Walls,,Parking,-0' - 6",,,,1,Vertical,,,,,,,,,By Type,,Default,,,Basic Wall,Basic Wall: Foundation - 24" Concrete,,4 HR,Foundation,0.3022 BTU/(h·ft²·°F),,1nVAY8og5DUQW261No7qp6,,,,81' - 2 3/16",,,,New Construction,None,,,,,3,Concrete, Cast-in-Place gray,Non-bearing,45.0630 BTU/(ft²·°F),3.3092 (h·ft²·°F)/BTU,Up to level: L1 - Block 37,0' - 0",,Foundation - 24" Concrete,,,2Rqwfi9uL0W9XTWzRAs_6e,,C04,13' - 11 1/2",,2205.75 CF,2' - 0",
0.7,,518 SF,B2010,Exterior Walls,,L1 - Block 43,0' - 0",,,,1,Vertical,,,,,,,,,By Type,,Default,,,Basic Wall,Basic Wall: Core - Concrete 12",,4 HR,Core-shaft,0.6044 BTU/(h·ft²·°F),,2sZ7hyxP95PP6QP7VEeS$k,,,,28' - 6",,,,New Construction,None,,,,,3,Concrete, Cast-in-Place gray,Non-bearing,22.5315 BTU/(ft²·°F),1.6546 (h·ft²·°F)/BTU,Up to level: L3,0' - 0",,Core - Concrete 12",,,2Rqwfi9uL0W9XTWzRAs_ER,,C02,18' - 10",,517.92 CF,1' - 0",
0.7,,184 SF,B2010,Exterior Walls,,Parking,-0' - 6",,,,1,Vertical,,,,,,,,,By Type,,Default,,,Basic Wall,Basic Wall: Core - Concrete 12",,4 HR,Core-shaft,0.6044 BTU/(h·ft²·°F),,2sZ7hyxP95PP6QP7VEeS_3,,,,9' - 7 1/2",,,,New Construction,None,,,,,3,Concrete, Cast-in-Place gray,Non-bearing,22.5315 BTU/(ft²·°F),1.6546 (h·ft²·°F)/BTU,Up to level: L1 - Block 43,0' - 0",,Core - Concrete 12",,,2Rqwfi9uL0W9XTWzRAs_ER,,C02,17' - 5",,183.97 CF,1' - 0",
0.7,,1214 SF,C1010145,Partitions - Drywall w/ Metal Stud,,L2,0' - 0",,,,1,Vertical,,,,,,,,,By Type,,Default,,,Basic Wall,Basic Wall: Party - 6 1/8" (2-hr),,2 HR,Interior,0.0234 BTU/(h·ft²·°F),,2wYho76PDA9vn_AFRLvLel,,,,33' - 2 5/8",,,,New Construction,None,,,,,3,Metal Stud Layer,Non-bearing,5.1774 BTU/(ft²·°F),42.8246 (h·ft²·°F)/BTU,Up to level: L5,0' - 0",,Party - 6 1/8" (2-hr),,,1UzjuOoQr4P85_KNmJAtS$,,W01,37' - 5",,1188.42 CF,0' - 11 3/4",
0.7,,35 SF,B2010,Exterior Walls,,L1 - Block 43,0' - 0",,,,1,Vertical,,,,,,,,,By Type,,Default,,,Basic Wall,Basic Wall: Chase - GWB & Metal Stud 6 5/8",,1 HR,Soffit,6.3327 BTU/(h·ft²·°F),,2wYho76PDA9vn_AFRLvLL8,,,,1' - 10 11/16",,,,New Construction,None,,,,,3,Metal Furring,Non-bearing,28.8093 BTU/(ft²·°F),0.1579 (h·ft²·°F)/BTU,Up to level: L3,-2' - 5",,Chase - GWB & Metal Stud 6 5/8",,,1YueUxVJH8SwhLiH$TP6Xo,,S04,16' - 5",,19.17 CF,0' - 6 5/8",
0.7,,107 SF,B2010,Exterior Walls,,L1 - Block 43,0' - 0",,,,1,Vertical,,,,,,,,,By Type,,Default,,,Basic Wall,Basic Wall: Core - Concrete 12",,4 HR,Core-shaft,0.6044 BTU/(h·ft²·°F),,2wYho76PDA9vn_AFRLvLNX,,,,9' - 4 1/2",,,,New Construction,None,,,,,3,Concrete, Cast-in-Place gray,Non-bearing,22.5315 BTU/(ft²·°F),1.6546 (h·ft²·°F)/BTU,Up to level: L3,-0' - 6",,Core - Concrete 12",,,2Rqwfi9uL0W9XTWzRAs_ER,,C02,18' - 4",,107.10 CF,1' - 0",
0.7,,59 SF,B2010158,Ext. Wall - Brick Veneer w/ Stud,,L1 - Block 43,0' - 0",,,,1,Vertical,,,,,,,,,By Type,,Default,,,Basic Wall,Basic Wall: Exterior - 5 3/8" Rainscreen w Insultation (for Concrete Core Walls),,,Exterior,0.0899 BTU/(h·ft²·°F),,2wYho76PDA9vn_AFRLvL9M,,,,3' - 11 11/32",,,,New Construction,None,,,,,3,,Non-bearing,13.4664 BTU/(ft²·°F),11.1177 (h·ft²·°F)/BTU,Up to level: L3,-0' - 6",,Exterior - 5 3/8" Rainscreen w Insultation (for Concrete Core Walls),,,2cPAAN9ynEiAVL2RHeqi5J,,X01,18' - 4",,26.01 CF,0' - 5 3/8",
0.7,,416 SF,A1010200,Foundation Walls,,Parking,-0' - 6",,,,1,Vertical,,,,,,,,,By Type,,Default,,,Basic Wall,Basic Wall: Foundation - 24" Concrete,,4 HR,Foundation,0.3022 BTU/(h·ft²·°F),,2wYho76PDA9vn_AFRLvLEx,,,,31' - 0",,,,New Construction,None,,,,,3,Concrete, Cast-in-Place gray,Non-bearing,45.0630 BTU/(ft²·°F),3.3092 (h·ft²·°F)/BTU,Up to level: L1 - Block 37,0' - 0",,Foundation - 24" Concrete,,,2Rqwfi9uL0W9XTWzRAs_6e,,C04,13' - 11 1/2",,825.87 CF,2' - 0",
0.7,,520 SF,A1010200,Foundation Walls,,Parking,-0' - 6",,,,1,Vertical,,,,,,,,,By Type,,Default,,,Basic Wall,Basic Wall: Foundation - 24" Concrete,,4 HR,Foundation,0.3022 BTU/(h·ft²·°F),,2wYho76PDA9vn_AFRLvL0y,,,,37' - 1 15/16",,,,New Construction,None,,,,,3,Concrete, Cast-in-Place gray,Non-bearing,45.0630 BTU/(ft²·°F),3.3092 (h·ft²·°F)/BTU,Up to level: L1 - Block 37,0' - 0",,Foundation - 24" Concrete,,,2Rqwfi9uL0W9XTWzRAs_6e,,C04,13' - 11 1/2",,1037.40 CF,2' - 0",
0.7,,793 SF,B2010158,Ext. Wall - Brick Veneer w/ Stud,,L1 - Block 37,0' - 0",,,,1,Vertical,,,,,,,,,By Type,,Default,,,Basic Wall,Basic Wall: Exterior - 14 5/8" Rainscreen w Insultation on Metal Stud,,2 HR,Exterior,0.0174 BTU/(h·ft²·°F),,2BByksCr15Dg4KZP6dXlgy,,,,35' - 5 7/8",,,,New Construction,None,,,,,3,,Non-bearing,14.9135 BTU/(ft²·°F),57.5480 (h·ft²·°F)/BTU,Up to level: L3,0' - 0",,Exterior - 14 5/8" Rainscreen w Insultation on Metal Stud,,,38Ozd1J$fFHu9SwugZC0Rw,,X07,22' - 3 1/2",,967.67 CF,1' - 2 5/8",
0.7,,276 SF,A1010200,Foundation Walls,,Parking,-0' - 6",,,,1,Vertical,,,,,,,,,By Type,,Default,,,Basic Wall,Basic Wall: Foundation - 24" Concrete,,4 HR,Foundation,0.3022 BTU/(h·ft²·°F),,2BByksCr15Dg4KZP6dXltG,,,,23' - 9 1/2",,,,New Construction,None,,,,,3,Concrete, Cast-in-Place gray,Non-bearing,45.0630 BTU/(ft²·°F),3.3092 (h·ft²·°F)/BTU,Up to level: L1 - Block 35,0' - 0",,Foundation - 24" Concrete,,,2Rqwfi9uL0W9XTWzRAs_6e,,C04,11' - 6",,552.96 CF,2' - 0",
0.7,,563 SF,A1010200,Foundation Walls,,Parking,-0' - 6",,,,1,Vertical,,,,,,,,,By Type,,Default,,,Basic Wall,Basic Wall: Foundation - 24" Concrete,,4 HR,Foundation,0.3022 BTU/(h·ft²·°F),,2BByksCr15Dg4KZP6dXlqv,,,,50' - 7 1/2",,,,New Construction,None,,,,,3,Concrete, Cast-in-Place gray,Non-bearing,45.0630 BTU/(ft²·°F),3.3092 (h·ft²·°F)/BTU,Up to level: L1 - Block 35,0' - 0",,Foundation - 24" Concrete,,,2Rqwfi9uL0W9XTWzRAs_6e,,C04,11' - 6",,1108.40 CF,2' - 0",
0.7,,1768 SF,B2010,Exterior Walls,,L1 - Block 35,0' - 0",,,,1,Vertical,,,,,,,,,By Type,,Default,,,Basic Wall,Basic Wall: Core - Concrete 12",,4 HR,Core-shaft,0.6044 BTU/(h·ft²·°F),,2BByksCr15Dg4KZP6dXlpf,,,,24' - 0 1/2",,,,New Construction,None,,,,,3,Concrete, Cast-in-Place gray,Non-bearing,22.5315 BTU/(ft²·°F),1.6546 (h·ft²·°F)/BTU,Up to level: Parapet 2,0' - 0",,Core - Concrete 12",,,2Rqwfi9uL0W9XTWzRAs_ER,,C02,76' - 9",,1768.45 CF,1' - 0",
0.7,,3031 SF,B2010158,Ext. Wall - Brick Veneer w/ Stud,,L1 - Block 35,0' - 0",,,,1,Vertical,,,,,,,,,By Type,,Default,,,Basic Wall,Basic Wall: Exterior - 12 5/8" Rainscreen w Insultation on Metal Stud,,2 HR,Exterior,0.0217 BTU/(h·ft²·°F),,2BByksCr15Dg4KZP6dXlpQ,,,,50' - 4 1/2",,,,New Construction,None,,,,,3,,Non-bearing,14.9105 BTU/(ft²·°F),46.0097 (h·ft²·°F)/BTU,Up to level: Parapet,0' - 0",,Exterior - 12 5/8" Rainscreen w Insultation on Metal Stud,,,3GC6dLJPT0_w0HkhCmqXpI,,X04,69' - 5",,3180.36 CF,1' - 0 5/8",
0.7,,130 SF,C1010145,Partitions - Drywall w/ Metal Stud,,L5,0' - 0",,,,1,Vertical,,,,,,,,,By Type,,Default,,,Basic Wall,Basic Wall: Party - 6 1/8" (2-hr),,2 HR,Interior,0.0234 BTU/(h·ft²·°F),,0pOJTbav12OOt$k8GeKf2F,,,,9' - 11 5/8",,,,New Construction,None,,,,,3,Metal Stud Layer,Non-bearing,5.1774 BTU/(ft²·°F),42.8246 (h·ft²·°F)/BTU,Up to level: R2,0' - 0",,Party - 6 1/8" (2-hr),,,1UzjuOoQr4P85_KNmJAtS$,,W01,13' - 4",,126.98 CF,0' - 11 3/4",
0.7,,409 SF,B2010158,Ext. Wall - Brick Veneer w/ Stud,,L5,0' - 0",,,,1,Vertical,,,,,,,,,By Type,,Default,,,Basic Wall,Basic Wall: Exterior - 12 5/8" Rainscreen w Insultation on Metal Stud,,2 HR,Exterior,0.0217 BTU/(h·ft²·°F),,0pOJTbav12OOt$k8GeKf4b,,,,20' - 1 7/16",,,,New Construction,None,,,,,3,,Non-bearing,14.9105 BTU/(ft²·°F),46.0097 (h·ft²·°F)/BTU,Up to level: Block 43 - Parapet,0' - 0",,Exterior - 12 5/8" Rainscreen w Insultation on Metal Stud,,,3GC6dLJPT0_w0HkhCmqXpI,,X04,5' - 8",,315.52 CF,1' - 0 5/8",
0.7,,1074 SF,B2010158,Ext. Wall - Brick Veneer w/ Stud,,L5,0' - 0",,,,1,Vertical,,,,,,,,,By Type,,Default,,,Basic Wall,Basic Wall: Exterior - 12 5/8" Rainscreen w Insultation on Metal Stud,,2 HR,Exterior,0.0217 BTU/(h·ft²·°F),,0pOJTbav12OOt$k8GeKf4U,,,,47' - 1 27/32",,,,New Construction,None,,,,,3,,Non-bearing,14.9105 BTU/(ft²·°F),46.0097 (h·ft²·°F)/BTU,Up to level: Parapet,0' - 0",,Exterior - 12 5/8" Rainscreen w Insultation on Metal Stud,,,3GC6dLJPT0_w0HkhCmqXpI,,X04,18' - 0",,1145.01 CF,1' - 0 5/8",
0.7,,75 SF,B2010,Exterior Walls,,Parking,0' - 0",,,,1,Vertical,,,,,,,,,By Type,,Default,,,Basic Wall,Basic Wall: Core - Concrete 10",,4 HR,Core-shaft,0.7252 BTU/(h·ft²·°F),,1PXhyobVjFBBmnnrKsDRFY,,,,9' - 7",,,,New Construction,None,,,,,3,Concrete, Cast-in-Place gray,Non-bearing,18.7763 BTU/(ft²·°F),1.3789 (h·ft²·°F)/BTU,Up to level: L1 - Block 35,0' - 0",,Core - Concrete 10",,,2Rqwfi9uL0W9XTWzRAs_GP,,C01,11' - 0",,62.25 CF,0' - 10",
0.7,,82 SF,B2010,Exterior Walls,,Parking,0' - 0",,,,1,Vertical,,,,,,,,,By Type,,Default,,,Basic Wall,Basic Wall: Core - Concrete 18",,4 HR,Core-shaft,0.4029 BTU/(h·ft²·°F),,1PXhyobVjFBBmnnrKsDREi,,,,8' - 3",,,,New Construction,None,,,,,3,Concrete, Cast-in-Place gray,Non-bearing,33.7973 BTU/(ft²·°F),2.4819 (h·ft²·°F)/BTU,Up to level: L1 - Block 35,0' - 0",,Core - Concrete 18",,,2Rqwfi9uL0W9XTWzRAs_GX,,C03,11' - 0",,122.38 CF,1' - 6",
0.7,,108 SF,B2010,Exterior Walls,,Parking,0' - 0",,,,1,Vertical,,,,,,,,,By Type,,Default,,,Basic Wall,Basic Wall: Core - Concrete 10",,4 HR,Core-shaft,0.7252 BTU/(h·ft²·°F),,1PXhyobVjFBBmnnrKsDRDb,,,,9' - 7",,,,New Construction,None,,,,,3,Concrete, Cast-in-Place gray,Non-bearing,18.7763 BTU/(ft²·°F),1.3789 (h·ft²·°F)/BTU,Up to level: L1 - Block 35,0' - 0",,Core - Concrete 10",,,2Rqwfi9uL0W9XTWzRAs_GP,,C01,11' - 0",,89.86 CF,0' - 10",
0.7,,110 SF,B2010,Exterior Walls,,Parking,0' - 0",,,,1,Vertical,,,,,,,,,By Type,,Default,,,Basic Wall,Basic Wall: Core - Concrete 18",,4 HR,Core-shaft,0.4029 BTU/(h·ft²·°F),,1PXhyobVjFBBmnnrKsD41d,,,,9' - 6",,,,New Construction,None,,,,,3,Concrete, Cast-in-Place gray,Non-bearing,33.7973 BTU/(ft²·°F),2.4819 (h·ft²·°F)/BTU,Up to level: L1 - Block 37,0' - 0",,Core - Concrete 18",,,2Rqwfi9uL0W9XTWzRAs_GX,,C03,13' - 5 1/2",,164.89 CF,1' - 6",
0.7,,133 SF,B2010,Exterior Walls,,Parking,0' - 0",,,,1,Vertical,,,,,,,,,By Type,,Default,,,Basic Wall,Basic Wall: Core - Concrete 10",,4 HR,Core-shaft,0.7252 BTU/(h·ft²·°F),,1PXhyobVjFBBmnnrKsD41b,,,,9' - 11 3/16",,,,New Construction,None,,,,,3,Concrete, Cast-in-Place gray,Non-bearing,18.7763 BTU/(ft²·°F),1.3789 (h·ft²·°F)/BTU,Up to level: L1 - Block 37,0' - 0",,Core - Concrete 10",,,2Rqwfi9uL0W9XTWzRAs_GP,,C01,13' - 5 1/2",,106.77 CF,0' - 10",
0.7,,100 SF,B2010,Exterior Walls,,Parking,0' - 0",,,,1,Vertical,,,,,,,,,By Type,,Default,,,Basic Wall,Basic Wall: Core - Concrete 10",,4 HR,Core-shaft,0.7252 BTU/(h·ft²·°F),,1PXhyobVjFBBmnnrKsD404,,,,8' - 7",,,,New Construction,None,,,,,3,Concrete, Cast-in-Place gray,Non-bearing,18.7763 BTU/(ft²·°F),1.3789 (h·ft²·°F)/BTU,Up to level: L1 - Block 37,0' - 0",,Core - Concrete 10",,,2Rqwfi9uL0W9XTWzRAs_GP,,C01,13' - 5 1/2",,83.18 CF,0' - 10",
0.7,,125 SF,C1010145,Partitions - Drywall w/ Metal Stud,,L1 - Block 37,0' - 0",,,,1,Vertical,,,,,,,,,By Type,,Default,,,Basic Wall,Basic Wall: Interior - 7 1/4" Partition (NR),,NR,Interior,0.0287 BTU/(h·ft²·°F),,1dmOxKdxr3uPB111oWAmgn,,,,14' - 7",,,,New Construction,None,,,,,3,Metal Stud Layer,Non-bearing,1.4441 BTU/(ft²·°F),34.8921 (h·ft²·°F)/BTU,Up to level: L2,-0' - 6",,Interior - 7 1/4" Partition (NR),,,1kJXG9J_12CxJk83GXH3Vz,,P04,11' - 0 1/2",,75.53 CF,0' - 7 1/4",
0.7,,106 SF,B2010,Exterior Walls,,Parking,0' - 0",,,,1,Vertical,,,,,,,,,By Type,,Default,,,Basic Wall,Basic Wall: Core - Concrete 18",,4 HR,Core-shaft,0.4029 BTU/(h·ft²·°F),,1zJ5d22gn4RA$hT3nRgklw,,,,8' - 7",,,,New Construction,None,,,,,3,Concrete, Cast-in-Place gray,Non-bearing,33.7973 BTU/(ft²·°F),2.4819 (h·ft²·°F)/BTU,Up to level: L1 - Block 37,0' - 0",,Core - Concrete 18",,,2Rqwfi9uL0W9XTWzRAs_GX,,C03,13' - 5 1/2",,159.67 CF,1' - 6",
0.7,,718 SF,C1010145,Partitions - Drywall w/ Metal Stud,,L2,-2' - 6",,,,1,Vertical,,,,,,,,,By Type,,Default,,,Basic Wall,Basic Wall: Party - 6 1/8" (2-hr),,2 HR,Interior,0.0234 BTU/(h·ft²·°F),,0s9hxL8vH4AQpm7LXCLUDP,,,,14' - 1 5/8",,,,New Construction,None,,,,,3,Metal Stud Layer,Non-bearing,5.1774 BTU/(ft²·°F),42.8246 (h·ft²·°F)/BTU,Up to level: R2,0' - 0",,Party - 6 1/8" (2-hr),,,1UzjuOoQr4P85_KNmJAtS$,,W01,53' - 3",,703.39 CF,0' - 11 3/4",
0.7,,489 SF,B2010,Exterior Walls,,L1 - Block 37,0' - 0",,,,1,Vertical,,,,,,,,,By Type,,Default,,,Basic Wall,Basic Wall: Core - Concrete 10",,4 HR,Core-shaft,0.7252 BTU/(h·ft²·°F),,0s9hxL8vH4AQpm7LXCLUs0,,,,9' - 8 9/16",,,,New Construction,None,,,,,3,Concrete, Cast-in-Place gray,Non-bearing,18.7763 BTU/(ft²·°F),1.3789 (h·ft²·°F)/BTU,Up to level: Parapet 2,0' - 0",,Core - Concrete 10",,,2Rqwfi9uL0W9XTWzRAs_GP,,C01,74' - 3 1/2",,407.35 CF,0' - 10",
0.7,,67 SF,C1010145,Partitions - Drywall w/ Metal Stud,,L1 - Block 35,0' - 0",,,,1,Vertical,,,,,,,,,By Type,,Default,,,Basic Wall,Basic Wall: Interior - 6 1/8" Partition (2-hr),,2 HR,Interior,0.0466 BTU/(h·ft²·°F),,0s9hxL8vH4AQpm7LXCLUmk,,,,5' - 11 7/8",,,,New Construction,None,,,,,3,Metal Stud Layer,Non-bearing,2.8757 BTU/(ft²·°F),21.4678 (h·ft²·°F)/BTU,Up to level: M1,-0' - 6",,Interior - 6 1/8" Partition (2-hr),,,1xZrMVYp52mhf4uMzw11Hp,,P06,10' - 11",,32.96 CF,0' - 6 1/8",
0.7,,269 SF,B2010158,Ext. Wall - Brick Veneer w/ Stud,,L1 - Block 35,0' - 0",,,,1,Vertical,,,,,,,,,By Type,,Default,,,Basic Wall,Basic Wall: Exterior - 10 1/4" Rainscreen w Insultation on Metal Stud,,2 HR,Exterior,0.0304 BTU/(h·ft²·°F),,0s9hxL8vH4AQpm7LXCLUn3,,,,40' - 10 1/16",,,,New Construction,None,,,,,3,,Non-bearing,14.9970 BTU/(ft²·°F),32.9206 (h·ft²·°F)/BTU,Up to level: L3,-0' - 6",,Exterior - 10 1/4" Rainscreen w Insultation on Metal Stud,,,2_V46gFRv1gwDUl815bqYC,,X03,24' - 3",,229.48 CF,0' - 10 1/4",
0.7,,159 SF,B2010158,Ext. Wall - Brick Veneer w/ Stud,,L1 - Block 35,0' - 0",,,,1,Vertical,,,,,,,,,By Type,,Default,,,Basic Wall,Basic Wall: Exterior - 12 5/8" Rainscreen w Insultation on Metal Stud,,2 HR,Exterior,0.0217 BTU/(h·ft²·°F),,0s9hxL8vH4AQpm7LXCLUwP,,,,15' - 9 5/16",,,,New Construction,None,,,,,3,,Non-bearing,14.9105 BTU/(ft²·°F),46.0097 (h·ft²·°F)/BTU,Up to level: L2,-3' - 1",,Exterior - 12 5/8" Rainscreen w Insultation on Metal Stud,,,3GC6dLJPT0_w0HkhCmqXpI,,X04,10' - 11",,166.97 CF,1' - 0 5/8",
0.7,,12 SF,B2010158,Ext. Wall - Brick Veneer w/ Stud,,L1 - Block 35,0' - 0",,,,1,Vertical,,,,,,,,,By Type,,Default,,,Basic Wall,Basic Wall: Exterior - 12 5/8" Rainscreen w Insultation on Metal Stud,,2 HR,Exterior,0.0217 BTU/(h·ft²·°F),,0s9hxL8vH4AQpm7LXCLUwj,,,,6' - 0",,,,New Construction,None,,,,,3,,Non-bearing,14.9105 BTU/(ft²·°F),46.0097 (h·ft²·°F)/BTU,Up to level: L2,-5' - 1",,Exterior - 12 5/8" Rainscreen w Insultation on Metal Stud,,,3GC6dLJPT0_w0HkhCmqXpI,,X04,8' - 11",,12.81 CF,1' - 0 5/8",
0.7,,63 SF,C1010145,Partitions - Drywall w/ Metal Stud,,L1 - Block 35,0' - 0",,,,1,Vertical,,,,,,,,,By Type,,Default,,,Basic Wall,Basic Wall: Interior - 4 7/8" Partition (1-hr),,1 HR,Interior,0.0472 BTU/(h·ft²·°F),,0s9hxL8vH4AQpm7LXCLUhZ,,,,14' - 8 1/2",,,,New Construction,None,,,,,3,Metal Stud Layer,Non-bearing,1.4406 BTU/(ft²·°F),21.1904 (h·ft²·°F)/BTU,Unconnected,0' - 0",,Interior - 4 7/8" Partition (1-hr),,,1xZrMVYp52mhf4uMzw11Hm,,P01,8' - 5",,25.44 CF,0' - 4 7/8",
0.7,,165 SF,C1010145,Partitions - Drywall w/ Metal Stud,,L1 - Block 35,0' - 0",,,,1,Vertical,,,,,,,,,By Type,,Default,,,Basic Wall,Basic Wall: Interior - 7 1/4" Partition (1 hr),,1 HR,Interior,0.0287 BTU/(h·ft²·°F),,0s9hxL8vH4AQpm7LXCLPLB,,,,15' - 10",,,,New Construction,None,,,,,3,Metal Stud Layer,Non-bearing,1.4441 BTU/(ft²·°F),34.8921 (h·ft²·°F)/BTU,Up to level: M1,-0' - 6",,Interior - 7 1/4" Partition (1 hr),,,2WiNTEbs96VfWyr2qfzjXE,,P03,10' - 11",,99.62 CF,0' - 7 1/4",
0.7,,198 SF,C1010145,Partitions - Drywall w/ Metal Stud,,L1 - Block 35,0' - 0",,,,1,Vertical,,,,,,,,,By Type,,Default,,,Basic Wall,Basic Wall: Interior - 4 7/8" Partition (1-hr),,1 HR,Interior,0.0472 BTU/(h·ft²·°F),,0s9hxL8vH4AQpm7LXCLPDW,,,,20' - 1 11/16",,,,New Construction,None,,,,,3,Metal Stud Layer,Non-bearing,1.4406 BTU/(ft²·°F),21.1904 (h·ft²·°F)/BTU,Up to level: M1,-0' - 6",,Interior - 4 7/8" Partition (1-hr),,,1xZrMVYp52mhf4uMzw11Hm,,P01,10' - 11",,80.24 CF,0' - 4 7/8",
0.7,,38 SF,C1010145,Partitions - Drywall w/ Metal Stud,,L1 - Block 35,0' - 0",,,,1,Vertical,,,,,,,,,By Type,,Default,,,Basic Wall,Basic Wall: Interior - 4 7/8" Partition (1-hr),,1 HR,Interior,0.0472 BTU/(h·ft²·°F),,0s9hxL8vH4AQpm7LXCLPFR,,,,3' - 6",,,,New Construction,None,,,,,3,Metal Stud Layer,Non-bearing,1.4406 BTU/(ft²·°F),21.1904 (h·ft²·°F)/BTU,Up to level: M1,-0' - 6",,Interior - 4 7/8" Partition (1-hr),,,1xZrMVYp52mhf4uMzw11Hm,,P01,10' - 11",,15.52 CF,0' - 4 7/8",
0.7,,24 SF,C1010145,Partitions - Drywall w/ Metal Stud,,L1 - Block 35,0' - 0",,,,1,Vertical,,,,,,,,,By Type,,Default,,,Basic Wall,Basic Wall: Interior - 4 7/8" Partition (1-hr),,1 HR,Interior,0.0472 BTU/(h·ft²·°F),,0s9hxL8vH4AQpm7LXCLPFb,,,,5' - 0 13/16",,,,New Construction,None,,,,,3,Metal Stud Layer,Non-bearing,1.4406 BTU/(ft²·°F),21.1904 (h·ft²·°F)/BTU,Up to level: M1,-0' - 6",,Interior - 4 7/8" Partition (1-hr),,,1xZrMVYp52mhf4uMzw11Hm,,P01,10' - 11",,9.67 CF,0' - 4 7/8",
0.7,,78 SF,C1010145,Partitions - Drywall w/ Metal Stud,,L1 - Block 37,0' - 0",,,,1,Vertical,,,,,,,,,By Type,,Default,,,Basic Wall,Basic Wall: Interior - 4 7/8" Partition (NR),,NR,Interior,0.0472 BTU/(h·ft²·°F),,15xKUPqIHAl8uhdIa8aCiu,,,,7' - 9 1/8",,,,New Construction,None,,,,,3,Metal Stud Layer,Non-bearing,1.4406 BTU/(ft²·°F),21.1904 (h·ft²·°F)/BTU,Up to level: L2,-0' - 6",,Interior - 4 7/8" Partition (NR),,,26$5pwZTH4A8RTAK02gn25,,P02,11' - 0 1/2",,31.54 CF,0' - 4 7/8",
0.7,,128 SF,C1010145,Partitions - Drywall w/ Metal Stud,,L1 - Block 37,0' - 0",,,,1,Vertical,,,,,,,,,By Type,,Default,,,Basic Wall,Basic Wall: Interior - 4 7/8" Partition (NR),,NR,Interior,0.0472 BTU/(h·ft²·°F),,15xKUPqIHAl8uhdIa8aCiv,,,,16' - 5 3/16",,,,New Construction,None,,,,,3,Metal Stud Layer,Non-bearing,1.4406 BTU/(ft²·°F),21.1904 (h·ft²·°F)/BTU,Up to level: L2,-0' - 6",,Interior - 4 7/8" Partition (NR),,,26$5pwZTH4A8RTAK02gn25,,P02,11' - 0 1/2",,52.08 CF,0' - 4 7/8",
0.7,,1214 SF,C1010145,Partitions - Drywall w/ Metal Stud,,L2,0' - 0",,,,1,Vertical,,,,,,,,,By Type,,Default,,,Basic Wall,Basic Wall: Party - 6 1/8" (2-hr),,2 HR,Interior,0.0234 BTU/(h·ft²·°F),,15xKUPqIHAl8uhdIa8aCPZ,,,,33' - 2 5/8",,,,New Construction,None,,,,,3,Metal Stud Layer,Non-bearing,5.1774 BTU/(ft²·°F),42.8246 (h·ft²·°F)/BTU,Up to level: L5,0' - 0",,Party - 6 1/8" (2-hr),,,1UzjuOoQr4P85_KNmJAtS$,,W01,37' - 5",,1188.42 CF,0' - 11 3/4",
0.7,,308 SF,C1010145,Partitions - Drywall w/ Metal Stud,,L2,0' - 0",,,,1,Vertical,,,,,,,,,By Type,,Default,,,Basic Wall,Basic Wall: Interior - 6 1/8" Partition (2-hr),,2 HR,Interior,0.0466 BTU/(h·ft²·°F),,15xKUPqIHAl8uhdIa8aCRt,,,,34' - 5 3/4",,,,New Construction,None,,,,,3,Metal Stud Layer,Non-bearing,2.8757 BTU/(ft²·°F),21.4678 (h·ft²·°F)/BTU,Up to level: L3,-0' - 6",,Interior - 6 1/8" Partition (2-hr),,,1xZrMVYp52mhf4uMzw11Hp,,P06,10' - 3",,156.73 CF,0' - 6 1/8",
0.7,,307 SF,C1010145,Partitions - Drywall w/ Metal Stud,,L2,0' - 0",,,,1,Vertical,,,,,,,,,By Type,,Default,,,Basic Wall,Basic Wall: Interior - 6 1/8" Partition (2-hr),,2 HR,Interior,0.0466 BTU/(h·ft²·°F),,15xKUPqIHAl8uhdIa8aC6J,,,,36' - 6 7/16",,,,New Construction,None,,,,,3,Metal Stud Layer,Non-bearing,2.8757 BTU/(ft²·°F),21.4678 (h·ft²·°F)/BTU,Up to level: L3,-2' - 5",,Interior - 6 1/8" Partition (2-hr),,,1xZrMVYp52mhf4uMzw11Hp,,P06,8' - 4",,156.94 CF,0' - 6 1/8",
0.7,,225 SF,C1010145,Partitions - Drywall w/ Metal Stud,,L2,0' - 0",,,,1,Vertical,,,,,,,,,By Type,,Default,,,Basic Wall,Basic Wall: Interior - 6 1/8" Partition (2-hr),,2 HR,Interior,0.0466 BTU/(h·ft²·°F),,15xKUPqIHAl8uhdIa8aC7K,,,,29' - 4 11/16",,,,New Construction,None,,,,,3,Metal Stud Layer,Non-bearing,2.8757 BTU/(ft²·°F),21.4678 (h·ft²·°F)/BTU,Up to level: L3,-2' - 3 1/2",,Interior - 6 1/8" Partition (2-hr),,,1xZrMVYp52mhf4uMzw11Hp,,P06,8' - 5 1/2",,114.74 CF,0' - 6 1/8",
0.7,,1131 SF,C1010145,Partitions - Drywall w/ Metal Stud,,L2,0' - 0",,,,1,Vertical,,,,,,,,,By Type,,Default,,,Basic Wall,Basic Wall: Party - 6 1/8" (2-hr),,2 HR,Interior,0.0234 BTU/(h·ft²·°F),,15xKUPqIHAl8uhdIa8aC0I,,,,30' - 0 7/16",,,,New Construction,None,,,,,3,Metal Stud Layer,Non-bearing,5.1774 BTU/(ft²·°F),42.8246 (h·ft²·°F)/BTU,Up to level: L5,0' - 0",,Party - 6 1/8" (2-hr),,,1UzjuOoQr4P85_KNmJAtS$,,W01,37' - 5",,1107.30 CF,0' - 11 3/4",
0.7,,1225 SF,C1010145,Partitions - Drywall w/ Metal Stud,,L2,0' - 0",,,,1,Vertical,,,,,,,,,By Type,,Default,,,Basic Wall,Basic Wall: Party - 6 1/8" (2-hr),,2 HR,Interior,0.0234 BTU/(h·ft²·°F),,15xKUPqIHAl8uhdIa8aC1X,,,,32' - 3 1/2",,,,New Construction,None,,,,,3,Metal Stud Layer,Non-bearing,5.1774 BTU/(ft²·°F),42.8246 (h·ft²·°F)/BTU,Up to level: L5,0' - 0",,Party - 6 1/8" (2-hr),,,1UzjuOoQr4P85_KNmJAtS$,,W01,37' - 5",,1199.95 CF,0' - 11 3/4",
0.7,,1118 SF,B2010,Exterior Walls,,L3,0' - 0",,,,1,Vertical,,,,,,,,,By Type,,Default,,,Basic Wall,Basic Wall: Core - Concrete 12",,4 HR,Core-shaft,0.6044 BTU/(h·ft²·°F),,15xKUPqIHAl8uhdIa8aC19,,,,22' - 6",,,,New Construction,None,,,,,3,Concrete, Cast-in-Place gray,Non-bearing,22.5315 BTU/(ft²·°F),1.6546 (h·ft²·°F)/BTU,Up to level: Parapet 2,0' - 0",,Core - Concrete 12",,,2Rqwfi9uL0W9XTWzRAs_ER,,C02,52' - 0",,1118.00 CF,1' - 0",
0.7,,413 SF,C1010145,Partitions - Drywall w/ Metal Stud,,L3,0' - 0",,,,1,Vertical,,,,,,,,,By Type,,Default,,,Basic Wall,Basic Wall: Interior - 6 1/8" Partition (2-hr),,2 HR,Interior,0.0466 BTU/(h·ft²·°F),,15xKUPqIHAl8uhdIa8aD_J,,,,33' - 4 9/16",,,,New Construction,None,,,,,3,Metal Stud Layer,Non-bearing,2.8757 BTU/(ft²·°F),21.4678 (h·ft²·°F)/BTU,Up to level: L4,-0' - 6",,Interior - 6 1/8" Partition (2-hr),,,1xZrMVYp52mhf4uMzw11Hp,,P06,12' - 10",,211.01 CF,0' - 6 1/8",
0.7,,407 SF,C1010145,Partitions - Drywall w/ Metal Stud,,L4,0' - 0",,,,1,Vertical,,,,,,,,,By Type,,Default,,,Basic Wall,Basic Wall: Interior - 6 1/8" Partition (2-hr),,2 HR,Interior,0.0466 BTU/(h·ft²·°F),,15xKUPqIHAl8uhdIa8aD$P,,,,34' - 8 3/8",,,,New Construction,None,,,,,3,Metal Stud Layer,Non-bearing,2.8757 BTU/(ft²·°F),21.4678 (h·ft²·°F)/BTU,Up to level: L5,-0' - 6",,Interior - 6 1/8" Partition (2-hr),,,1xZrMVYp52mhf4uMzw11Hp,,P06,12' - 10",,207.44 CF,0' - 6 1/8",
0.7,,412 SF,C1010145,Partitions - Drywall w/ Metal Stud,,L5,0' - 0",,,,1,Vertical,,,,,,,,,By Type,,Default,,,Basic Wall,Basic Wall: Interior - 6 1/8" Partition (2-hr),,2 HR,Interior,0.0466 BTU/(h·ft²·°F),,15xKUPqIHAl8uhdIa8aDuF,,,,33' - 4 9/16",,,,New Construction,None,,,,,3,Metal Stud Layer,Non-bearing,2.8757 BTU/(ft²·°F),21.4678 (h·ft²·°F)/BTU,Up to level: R2,-0' - 6",,Interior - 6 1/8" Partition (2-hr),,,1xZrMVYp52mhf4uMzw11Hp,,P06,12' - 10",,210.17 CF,0' - 6 1/8",
0.7,,290 SF,C1010145,Partitions - Drywall w/ Metal Stud,,L3,0' - 0",,,,1,Vertical,,,,,,,,,By Type,,Default,,,Basic Wall,Basic Wall: Interior - 6 1/8" Partition (2-hr),,2 HR,Interior,0.0466 BTU/(h·ft²·°F),,15xKUPqIHAl8uhdIa8aDaS,,,,29' - 3 1/4",,,,New Construction,None,,,,,3,Metal Stud Layer,Non-bearing,2.8757 BTU/(ft²·°F),21.4678 (h·ft²·°F)/BTU,Up to level: L4,-2' - 3 1/2",,Interior - 6 1/8" Partition (2-hr),,,1xZrMVYp52mhf4uMzw11Hp,,P06,11' - 0 1/2",,147.81 CF,0' - 6 1/8",
0.7,,379 SF,C1010145,Partitions - Drywall w/ Metal Stud,,L3,0' - 0",,,,1,Vertical,,,,,,,,,By Type,,Default,,,Basic Wall,Basic Wall: Interior - 6 1/8" Partition (2-hr),,2 HR,Interior,0.0466 BTU/(h·ft²·°F),,15xKUPqIHAl8uhdIa8aDbS,,,,37' - 0 7/16",,,,New Construction,None,,,,,3,Metal Stud Layer,Non-bearing,2.8757 BTU/(ft²·°F),21.4678 (h·ft²·°F)/BTU,Up to level: L4,-2' - 3 1/2",,Interior - 6 1/8" Partition (2-hr),,,1xZrMVYp52mhf4uMzw11Hp,,P06,11' - 0 1/2",,193.61 CF,0' - 6 1/8",
0.7,,154 SF,C1010145,Partitions - Drywall w/ Metal Stud,,L3,0' - 0",,,,1,Vertical,,,,,,,,,By Type,,Default,,,Basic Wall,Basic Wall: Interior - 6 1/8" Partition (2-hr),,2 HR,Interior,0.0466 BTU/(h·ft²·°F),,15xKUPqIHAl8uhdIa8aDcT,,,,16' - 3 7/32",,,,New Construction,None,,,,,3,Metal Stud Layer,Non-bearing,2.8757 BTU/(ft²·°F),21.4678 (h·ft²·°F)/BTU,Up to level: L4,0' - 0",,Interior - 6 1/8" Partition (2-hr),,,1xZrMVYp52mhf4uMzw11Hp,,P06,13' - 4",,79.32 CF,0' - 6 1/8",
0.7,,920 SF,C1010145,Partitions - Drywall w/ Metal Stud,,L4,0' - 0",,,,1,Vertical,,,,,,,,,By Type,,Default,,,Basic Wall,Basic Wall: Interior - 6 1/8" Partition (2-hr),,2 HR,Interior,0.0466 BTU/(h·ft²·°F),,15xKUPqIHAl8uhdIa8aDdG,,,,90' - 1 11/16",,,,New Construction,None,,,,,3,Metal Stud Layer,Non-bearing,2.8757 BTU/(ft²·°F),21.4678 (h·ft²·°F)/BTU,Up to level: L5,-2' - 3 1/2",,Interior - 6 1/8" Partition (2-hr),,,1xZrMVYp52mhf4uMzw11Hp,,P06,11' - 0 1/2",,469.62 CF,0' - 6 1/8",
0.7,,151 SF,C1010145,Partitions - Drywall w/ Metal Stud,,L4,0' - 0",,,,1,Vertical,,,,,,,,,By Type,,Default,,,Basic Wall,Basic Wall: Interior - 6 1/8" Partition (2-hr),,2 HR,Interior,0.0466 BTU/(h·ft²·°F),,15xKUPqIHAl8uhdIa8aDdH,,,,16' - 3 7/32",,,,New Construction,None,,,,,3,Metal Stud Layer,Non-bearing,2.8757 BTU/(ft²·°F),21.4678 (h·ft²·°F)/BTU,Up to level: L5,0' - 0",,Interior - 6 1/8" Partition (2-hr),,,1xZrMVYp52mhf4uMzw11Hp,,P06,13' - 4",,76.98 CF,0' - 6 1/8",
0.7,,54 SF,C1010145,Partitions - Drywall w/ Metal Stud,,L4,0' - 0",,,,1,Vertical,,,,,,,,,By Type,,Default,,,Basic Wall,Basic Wall: Interior - 6 1/8" Partition (2-hr),,2 HR,Interior,0.0466 BTU/(h·ft²·°F),,15xKUPqIHAl8uhdIa8aDZQ,,,,6' - 6 1/8",,,,New Construction,None,,,,,3,Metal Stud Layer,Non-bearing,2.8757 BTU/(ft²·°F),21.4678 (h·ft²·°F)/BTU,Up to level: L5,0' - 0",,Interior - 6 1/8" Partition (2-hr),,,1xZrMVYp52mhf4uMzw11Hp,,P06,13' - 4",,27.50 CF,0' - 6 1/8",
0.7,,462 SF,C1010145,Partitions - Drywall w/ Metal Stud,,L2,0' - 0",,,,1,Vertical,,,,,,,,,By Type,,Default,,,Basic Wall,Basic Wall: Interior - 6 1/8" Partition (2-hr),,2 HR,Interior,0.0466 BTU/(h·ft²·°F),,15xKUPqIHAl8uhdIa8aDkj,,,,47' - 5 3/8",,,,New Construction,None,,,,,3,Metal Stud Layer,Non-bearing,2.8757 BTU/(ft²·°F),21.4678 (h·ft²·°F)/BTU,Up to level: L3,-0' - 6",,Interior - 6 1/8" Partition (2-hr),,,1xZrMVYp52mhf4uMzw11Hp,,P06,10' - 3",,235.89 CF,0' - 6 1/8",
0.7,,125 SF,C1010145,Partitions - Drywall w/ Metal Stud,,L3,0' - 0",,,,1,Vertical,,,,,,,,,By Type,,Default,,,Basic Wall,Basic Wall: Interior - 6 1/8" Partition (2-hr),,2 HR,Interior,0.0466 BTU/(h·ft²·°F),,15xKUPqIHAl8uhdIa8aDk$,,,,9' - 7 5/16",,,,New Construction,None,,,,,3,Metal Stud Layer,Non-bearing,2.8757 BTU/(ft²·°F),21.4678 (h·ft²·°F)/BTU,Up to level: L4,0' - 0",,Interior - 6 1/8" Partition (2-hr),,,1xZrMVYp52mhf4uMzw11Hp,,P06,13' - 4",,63.66 CF,0' - 6 1/8",
0.7,,125 SF,C1010145,Partitions - Drywall w/ Metal Stud,,L4,0' - 0",,,,1,Vertical,,,,,,,,,By Type,,Default,,,Basic Wall,Basic Wall: Interior - 8 1/2" Partition (2-hr),,2 HR,Interior,0.0284 BTU/(h·ft²·°F),,15xKUPqIHAl8uhdIa8aDko,,,,9' - 8 7/8",,,,New Construction,None,,,,,3,Metal Stud Layer,Non-bearing,2.8793 BTU/(ft²·°F),35.1694 (h·ft²·°F)/BTU,Up to level: L5,0' - 0",,Interior - 8 1/2" Partition (2-hr),,,3Exf$uKEj6vBh5DuRp0arl,,P07,13' - 4",,88.34 CF,0' - 8 1/2",
0.7,,125 SF,C1010145,Partitions - Drywall w/ Metal Stud,,L5,0' - 0",,,,1,Vertical,,,,,,,,,By Type,,Default,,,Basic Wall,Basic Wall: Interior - 6 1/8" Partition (2-hr),,2 HR,Interior,0.0466 BTU/(h·ft²·°F),,15xKUPqIHAl8uhdIa8aDkr,,,,9' - 7 5/16",,,,New Construction,None,,,,,3,Metal Stud Layer,Non-bearing,2.8757 BTU/(ft²·°F),21.4678 (h·ft²·°F)/BTU,Up to level: R2,0' - 0",,Interior - 6 1/8" Partition (2-hr),,,1xZrMVYp52mhf4uMzw11Hp,,P06,13' - 4",,63.66 CF,0' - 6 1/8",
0.7,,649 SF,C1010145,Partitions - Drywall w/ Metal Stud,,L3,0' - 0",,,,1,Vertical,,,,,,,,,By Type,,Default,,,Basic Wall,Basic Wall: Interior - 6 1/8" Partition (2-hr),,2 HR,Interior,0.0466 BTU/(h·ft²·°F),,15xKUPqIHAl8uhdIa8aDlo,,,,52' - 7 9/32",,,,New Construction,None,,,,,3,Metal Stud Layer,Non-bearing,2.8757 BTU/(ft²·°F),21.4678 (h·ft²·°F)/BTU,Up to level: L4,-0' - 6",,Interior - 6 1/8" Partition (2-hr),,,1xZrMVYp52mhf4uMzw11Hp,,P06,12' - 10",,331.42 CF,0' - 6 1/8",
0.7,,649 SF,C1010145,Partitions - Drywall w/ Metal Stud,,L4,0' - 0",,,,1,Vertical,,,,,,,,,By Type,,Default,,,Basic Wall,Basic Wall: Interior - 6 1/8" Partition (2-hr),,2 HR,Interior,0.0466 BTU/(h·ft²·°F),,15xKUPqIHAl8uhdIa8aDe0,,,,52' - 7 9/32",,,,New Construction,None,,,,,3,Metal Stud Layer,Non-bearing,2.8757 BTU/(ft²·°F),21.4678 (h·ft²·°F)/BTU,Up to level: L5,-0' - 6",,Interior - 6 1/8" Partition (2-hr),,,1xZrMVYp52mhf4uMzw11Hp,,P06,12' - 10",,331.42 CF,0' - 6 1/8",
0.7,,576 SF,C1010145,Partitions - Drywall w/ Metal Stud,,L5,0' - 0",,,,1,Vertical,,,,,,,,,By Type,,Default,,,Basic Wall,Basic Wall: Interior - 6 1/8" Partition (2-hr),,2 HR,Interior,0.0466 BTU/(h·ft²·°F),,15xKUPqIHAl8uhdIa8aDgE,,,,47' - 4 1/2",,,,New Construction,None,,,,,3,Metal Stud Layer,Non-bearing,2.8757 BTU/(ft²·°F),21.4678 (h·ft²·°F)/BTU,Up to level: R2,-0' - 6",,Interior - 6 1/8" Partition (2-hr),,,1xZrMVYp52mhf4uMzw11Hp,,P06,12' - 10",,294.25 CF,0' - 6 1/8",
0.7,,182 SF,B2010158,Ext. Wall - Brick Veneer w/ Stud,,L5,0' - 0",,,,1,Vertical,,,,,,,,,By Type,,Default,,,Basic Wall,Basic Wall: Exterior - 12 5/8" Rainscreen w Insultation on Metal Stud,,2 HR,Exterior,0.0217 BTU/(h·ft²·°F),,15xKUPqIHAl8uhdIa8aD4Q,,,,25' - 9 1/2",,,,New Construction,None,,,,,3,,Non-bearing,14.9105 BTU/(ft²·°F),46.0097 (h·ft²·°F)/BTU,Up to level: R1,0' - 0",,Exterior - 12 5/8" Rainscreen w Insultation on Metal Stud,,,3GC6dLJPT0_w0HkhCmqXpI,,X04,7' - 2",,191.17 CF,1' - 0 5/8",
0.7,,188 SF,B2010158,Ext. Wall - Brick Veneer w/ Stud,,L5,0' - 0",,,,1,Vertical,,,,,,,,,By Type,,Default,,,Basic Wall,Basic Wall: Exterior - 12 5/8" Rainscreen w Insultation on Metal Stud,,2 HR,Exterior,0.0217 BTU/(h·ft²·°F),,15xKUPqIHAl8uhdIa8aD55,,,,25' - 9 1/2",,,,New Construction,None,,,,,3,,Non-bearing,14.9105 BTU/(ft²·°F),46.0097 (h·ft²·°F)/BTU,Up to level: R1,0' - 0",,Exterior - 12 5/8" Rainscreen w Insultation on Metal Stud,,,3GC6dLJPT0_w0HkhCmqXpI,,X04,7' - 2",,197.77 CF,1' - 0 5/8",
0.7,,269 SF,B2010158,Ext. Wall - Brick Veneer w/ Stud,,R2,0' - 0",,,,1,Vertical,,,,,,,,,By Type,,Default,,,Basic Wall,Basic Wall: Exterior - 10 1/4" Rainscreen w Insultation on Metal Stud,,2 HR,Exterior,0.0304 BTU/(h·ft²·°F),,15xKUPqIHAl8uhdIa8aD0K,,,,21' - 11 7/8",,,,New Construction,None,,,,,3,,Non-bearing,14.9970 BTU/(ft²·°F),32.9206 (h·ft²·°F)/BTU,Up to level: Parapet 2,0' - 0",,Exterior - 10 1/4" Rainscreen w Insultation on Metal Stud,,,2_V46gFRv1gwDUl815bqYC,,X03,12' - 0",,220.86 CF,0' - 10 1/4",
0.7,,63 SF,B2010158,Ext. Wall - Brick Veneer w/ Stud,,R2,0' - 0",,,,1,Vertical,,,,,,,,,By Type,,Default,,,Basic Wall,Basic Wall: Exterior - 10 1/4" Rainscreen w Insultation on Metal Stud,,2 HR,Exterior,0.0304 BTU/(h·ft²·°F),,15xKUPqIHAl8uhdIa8aD1n,,,,9' - 1 1/2",,,,New Construction,None,,,,,3,,Non-bearing,14.9970 BTU/(ft²·°F),32.9206 (h·ft²·°F)/BTU,Up to level: Parapet 2,0' - 0",,Exterior - 10 1/4" Rainscreen w Insultation on Metal Stud,,,2_V46gFRv1gwDUl815bqYC,,X03,12' - 0",,53.86 CF,0' - 10 1/4",
0.7,,205 SF,B2010158,Ext. Wall - Brick Veneer w/ Stud,,R2,0' - 0",,,,1,Vertical,,,,,,,,,By Type,,Default,,,Basic Wall,Basic Wall: Exterior - 10 1/4" Rainscreen w Insultation on Metal Stud,,2 HR,Exterior,0.0304 BTU/(h·ft²·°F),,15xKUPqIHAl8uhdIa8aD2l,,,,21' - 11 7/8",,,,New Construction,None,,,,,3,,Non-bearing,14.9970 BTU/(ft²·°F),32.9206 (h·ft²·°F)/BTU,Up to level: Parapet 2,0' - 0",,Exterior - 10 1/4" Rainscreen w Insultation on Metal Stud,,,2_V46gFRv1gwDUl815bqYC,,X03,12' - 0",,166.31 CF,0' - 10 1/4",
0.7,,738 SF,B2010,Exterior Walls,,L1 - Block 37,0' - 0",,,,1,Vertical,,,,,,,,,By Type,,Default,,,Basic Wall,Basic Wall: Core - Concrete 10",,4 HR,Core-shaft,0.7252 BTU/(h·ft²·°F),,2Lnwlbilr8xxJKRFN714ZR,,,,9' - 2",,,,New Construction,None,,,,,3,Concrete, Cast-in-Place gray,Non-bearing,18.7763 BTU/(ft²·°F),1.3789 (h·ft²·°F)/BTU,Up to level: Parapet 2,0' - 0",,Core - Concrete 10",,,2Rqwfi9uL0W9XTWzRAs_GP,,C01,74' - 3 1/2",,614.70 CF,0' - 10",
0.7,,551 SF,B2010,Exterior Walls,,L1 - Block 37,0' - 0",,,,1,Vertical,,,,,,,,,By Type,,Default,,,Basic Wall,Basic Wall: Core - Concrete 10",,4 HR,Core-shaft,0.7252 BTU/(h·ft²·°F),,2Lnwlbilr8xxJKRFN714zw,,,,8' - 10 11/16",,,,New Construction,None,,,,,3,Concrete, Cast-in-Place gray,Non-bearing,18.7763 BTU/(ft²·°F),1.3789 (h·ft²·°F)/BTU,Up to level: Parapet 2,0' - 0",,Core - Concrete 10",,,2Rqwfi9uL0W9XTWzRAs_GP,,C01,74' - 3 1/2",,459.16 CF,0' - 10",
0.7,,633 SF,B2010,Exterior Walls,,L1 - Block 35,0' - 0",,,,1,Vertical,,,,,,,,,By Type,,Default,,,Basic Wall,Basic Wall: Core - Concrete 10",,4 HR,Core-shaft,0.7252 BTU/(h·ft²·°F),,2Lnwlbilr8xxJKRFN714_u,,,,8' - 3",,,,New Construction,None,,,,,3,Concrete, Cast-in-Place gray,Non-bearing,18.7763 BTU/(ft²·°F),1.3789 (h·ft²·°F)/BTU,Up to level: Parapet 2,0' - 0",,Core - Concrete 10",,,2Rqwfi9uL0W9XTWzRAs_GP,,C01,76' - 9",,527.66 CF,0' - 10",
0.7,,639 SF,B2010,Exterior Walls,,L1 - Block 35,0' - 0",,,,1,Vertical,,,,,,,,,By Type,,Default,,,Basic Wall,Basic Wall: Core - Concrete 10",,4 HR,Core-shaft,0.7252 BTU/(h·ft²·°F),,2Lnwlbilr8xxJKRFN714uq,,,,9' - 3",,,,New Construction,None,,,,,3,Concrete, Cast-in-Place gray,Non-bearing,18.7763 BTU/(ft²·°F),1.3789 (h·ft²·°F)/BTU,Up to level: Parapet 2,0' - 0",,Core - Concrete 10",,,2Rqwfi9uL0W9XTWzRAs_GP,,C01,76' - 9",,532.75 CF,0' - 10",
0.7,,513 SF,B2010,Exterior Walls,,L1 - Block 35,0' - 0",,,,1,Vertical,,,,,,,,,By Type,,Default,,,Basic Wall,Basic Wall: Core - Concrete 10",,4 HR,Core-shaft,0.7252 BTU/(h·ft²·°F),,2Lnwlbilr8xxJKRFN714wY,,,,9' - 3",,,,New Construction,None,,,,,3,Concrete, Cast-in-Place gray,Non-bearing,18.7763 BTU/(ft²·°F),1.3789 (h·ft²·°F)/BTU,Up to level: Parapet 2,0' - 0",,Core - Concrete 10",,,2Rqwfi9uL0W9XTWzRAs_GP,,C01,76' - 9",,427.86 CF,0' - 10",
0.7,,273 SF,A1010200,Foundation Walls,,Parking,-0' - 6",,,,1,Vertical,,,,,,,,,By Type,,Default,,,Basic Wall,Basic Wall: Foundation - 24" Concrete,,4 HR,Foundation,0.3022 BTU/(h·ft²·°F),,1Un9ptyoX1vey29ZkM5BJc,,,,29' - 9 3/32",,,,New Construction,None,,,,,3,Concrete, Cast-in-Place gray,Non-bearing,45.0630 BTU/(ft²·°F),3.3092 (h·ft²·°F)/BTU,Up to level: L1 - Block 35,-2' - 0",,Foundation - 24" Concrete,,,2Rqwfi9uL0W9XTWzRAs_6e,,C04,9' - 6",,546.41 CF,2' - 0",
0.7,,273 SF,A1010200,Foundation Walls,,Parking,-0' - 6",,,,1,Vertical,,,,,,,,,By Type,,Default,,,Basic Wall,Basic Wall: Foundation - 24" Concrete,,4 HR,Foundation,0.3022 BTU/(h·ft²·°F),,1Un9ptyoX1vey29ZkM5AiS,,,,29' - 9 3/32",,,,New Construction,None,,,,,3,Concrete, Cast-in-Place gray,Non-bearing,45.0630 BTU/(ft²·°F),3.3092 (h·ft²·°F)/BTU,Up to level: L1 - Block 35,-2' - 0",,Foundation - 24" Concrete,,,2Rqwfi9uL0W9XTWzRAs_6e,,C04,9' - 6",,546.41 CF,2' - 0",
0.7,,433 SF,C1010145,Partitions - Drywall w/ Metal Stud,,L5,0' - 0",,,,1,Vertical,,,,,,,,,By Type,,Default,,,Basic Wall,Basic Wall: Party - 6 1/8" (2-hr),,2 HR,Interior,0.0234 BTU/(h·ft²·°F),,0K0FV0u6b9L9sDGL7lHFtF,,,,33' - 2 5/8",,,,New Construction,None,,,,,3,Metal Stud Layer,Non-bearing,5.1774 BTU/(ft²·°F),42.8246 (h·ft²·°F)/BTU,Up to level: R2,0' - 0",,Party - 6 1/8" (2-hr),,,1UzjuOoQr4P85_KNmJAtS$,,W01,13' - 4",,423.49 CF,0' - 11 3/4",
0.7,,433 SF,C1010145,Partitions - Drywall w/ Metal Stud,,L5,0' - 0",,,,1,Vertical,,,,,,,,,By Type,,Default,,,Basic Wall,Basic Wall: Party - 6 1/8" (2-hr),,2 HR,Interior,0.0234 BTU/(h·ft²·°F),,0K0FV0u6b9L9sDGL7lHFsP,,,,33' - 2 5/8",,,,New Construction,None,,,,,3,Metal Stud Layer,Non-bearing,5.1774 BTU/(ft²·°F),42.8246 (h·ft²·°F)/BTU,Up to level: R2,0' - 0",,Party - 6 1/8" (2-hr),,,1UzjuOoQr4P85_KNmJAtS$,,W01,13' - 4",,423.49 CF,0' - 11 3/4",
0.7,,17 SF,C1010145,Partitions - Drywall w/ Metal Stud,,L3,0' - 0",,,,1,Vertical,,,,,,,,,By Type,,Default,,,Basic Wall,Basic Wall: Interior - 4 7/8" Partition (NR),,NR,Interior,0.0472 BTU/(h·ft²·°F),,0K0FV0u6b9L9sDGL7lHFsF,,,,2' - 5 5/8",,,,New Construction,None,,,,,3,Metal Stud Layer,Non-bearing,1.4406 BTU/(ft²·°F),21.1904 (h·ft²·°F)/BTU,Unconnected,0' - 0",,Interior - 4 7/8" Partition (NR),,,26$5pwZTH4A8RTAK02gn25,,P02,8' - 0",,7.04 CF,0' - 4 7/8",
0.7,,78 SF,C1010145,Partitions - Drywall w/ Metal Stud,,L3,0' - 0",,,,1,Vertical,,,,,,,,,By Type,,Default,,,Basic Wall,Basic Wall: Interior - 7 1/4" Partition (NR),,NR,Interior,0.0287 BTU/(h·ft²·°F),,0K0FV0u6b9L9sDGL7lHFsE,,,,9' - 9 15/16",,,,New Construction,None,,,,,3,Metal Stud Layer,Non-bearing,1.4441 BTU/(ft²·°F),34.8921 (h·ft²·°F)/BTU,Unconnected,0' - 0",,Interior - 7 1/4" Partition (NR),,,1kJXG9J_12CxJk83GXH3Vz,,P04,8' - 0",,47.02 CF,0' - 7 1/4",
0.7,,5 SF,C1010145,Partitions - Drywall w/ Metal Stud,,L3,0' - 0",,,,1,Vertical,,,,,,,,,By Type,,Default,,,Basic Wall,Basic Wall: Interior - 4 7/8" Partition (NR),,NR,Interior,0.0472 BTU/(h·ft²·°F),,0K0FV0u6b9L9sDGL7lHFs9,,,,3' - 6 1/16",,,,New Construction,None,,,,,3,Metal Stud Layer,Non-bearing,1.4406 BTU/(ft²·°F),21.1904 (h·ft²·°F)/BTU,Unconnected,0' - 0",,Interior - 4 7/8" Partition (NR),,,26$5pwZTH4A8RTAK02gn25,,P02,8' - 0",,2.17 CF,0' - 4 7/8",
0.7,,20 SF,C1010145,Partitions - Drywall w/ Metal Stud,,L3,0' - 0",,,,1,Vertical,,,,,,,,,By Type,,Default,,,Basic Wall,Basic Wall: Interior - 4 7/8" Partition (NR),,NR,Interior,0.0472 BTU/(h·ft²·°F),,0K0FV0u6b9L9sDGL7lHFs8,,,,2' - 6",,,,New Construction,None,,,,,3,Metal Stud Layer,Non-bearing,1.4406 BTU/(ft²·°F),21.1904 (h·ft²·°F)/BTU,Unconnected,0' - 0",,Interior - 4 7/8" Partition (NR),,,26$5pwZTH4A8RTAK02gn25,,P02,8' - 0",,8.13 CF,0' - 4 7/8",
0.7,,17 SF,C1010145,Partitions - Drywall w/ Metal Stud,,L3,0' - 0",,,,1,Vertical,,,,,,,,,By Type,,Default,,,Basic Wall,Basic Wall: Interior - 4 7/8" Partition (NR),,NR,Interior,0.0472 BTU/(h·ft²·°F),,0K0FV0u6b9L9sDGL7lHFnR,,,,2' - 5 5/8",,,,New Construction,None,,,,,3,Metal Stud Layer,Non-bearing,1.4406 BTU/(ft²·°F),21.1904 (h·ft²·°F)/BTU,Unconnected,0' - 0",,Interior - 4 7/8" Partition (NR),,,26$5pwZTH4A8RTAK02gn25,,P02,8' - 0",,7.04 CF,0' - 4 7/8",
0.7,,26 SF,C1010145,Partitions - Drywall w/ Metal Stud,,L3,0' - 0",,,,1,Vertical,,,,,,,,,By Type,,Default,,,Basic Wall,Basic Wall: Interior - 4 7/8" Partition (NR),,NR,Interior,0.0472 BTU/(h·ft²·°F),,0K0FV0u6b9L9sDGL7lHFmu,,,,3' - 7 1/4",,,,New Construction,None,,,,,3,Metal Stud Layer,Non-bearing,1.4406 BTU/(ft²·°F),21.1904 (h·ft²·°F)/BTU,Unconnected,0' - 0",,Interior - 4 7/8" Partition (NR),,,26$5pwZTH4A8RTAK02gn25,,P02,8' - 0",,10.39 CF,0' - 4 7/8",
0.7,,17 SF,C1010145,Partitions - Drywall w/ Metal Stud,,L3,0' - 0",,,,1,Vertical,,,,,,,,,By Type,,Default,,,Basic Wall,Basic Wall: Interior - 4 7/8" Partition (NR),,NR,Interior,0.0472 BTU/(h·ft²·°F),,0K0FV0u6b9L9sDGL7lHFpv,,,,2' - 5 5/8",,,,New Construction,None,,,,,3,Metal Stud Layer,Non-bearing,1.4406 BTU/(ft²·°F),21.1904 (h·ft²·°F)/BTU,Unconnected,0' - 0",,Interior - 4 7/8" Partition (NR),,,26$5pwZTH4A8RTAK02gn25,,P02,8' - 0",,7.04 CF,0' - 4 7/8",
0.7,,14 SF,C1010145,Partitions - Drywall w/ Metal Stud,,L3,0' - 0",,,,1,Vertical,,,,,,,,,By Type,,Default,,,Basic Wall,Basic Wall: Interior - 4 7/8" Partition (NR),,NR,Interior,0.0472 BTU/(h·ft²·°F),,0K0FV0u6b9L9sDGL7lHFog,,,,1' - 11 7/8",,,,New Construction,None,,,,,3,Metal Stud Layer,Non-bearing,1.4406 BTU/(ft²·°F),21.1904 (h·ft²·°F)/BTU,Unconnected,0' - 0",,Interior - 4 7/8" Partition (NR),,,26$5pwZTH4A8RTAK02gn25,,P02,8' - 0",,5.48 CF,0' - 4 7/8",
0.7,,19 SF,C1010145,Partitions - Drywall w/ Metal Stud,,L3,0' - 0",,,,1,Vertical,,,,,,,,,By Type,,Default,,,Basic Wall,Basic Wall: Interior - 4 7/8" Partition (NR),,NR,Interior,0.0472 BTU/(h·ft²·°F),,0K0FV0u6b9L9sDGL7lHFje,,,,2' - 7 5/8",,,,New Construction,None,,,,,3,Metal Stud Layer,Non-bearing,1.4406 BTU/(ft²·°F),21.1904 (h·ft²·°F)/BTU,Unconnected,0' - 0",,Interior - 4 7/8" Partition (NR),,,26$5pwZTH4A8RTAK02gn25,,P02,8' - 0",,7.58 CF,0' - 4 7/8",
0.7,,21 SF,C1010145,Partitions - Drywall w/ Metal Stud,,L3,0' - 0",,,,1,Vertical,,,,,,,,,By Type,,Default,,,Basic Wall,Basic Wall: Interior - 4 7/8" Partition (NR),,NR,Interior,0.0472 BTU/(h·ft²·°F),,0K0FV0u6b9L9sDGL7lHC1J,,,,2' - 4 7/16",,,,New Construction,None,,,,,3,Metal Stud Layer,Non-bearing,1.4406 BTU/(ft²·°F),21.1904 (h·ft²·°F)/BTU,Unconnected,0' - 0",,Interior - 4 7/8" Partition (NR),,,26$5pwZTH4A8RTAK02gn25,,P02,8' - 0",,8.36 CF,0' - 4 7/8",
0.7,,3 SF,C1010145,Partitions - Drywall w/ Metal Stud,,L3,7' - 0",,,,1,Vertical,,,,,,,,,By Type,,Default,,,Basic Wall,Basic Wall: Interior - 4 7/8" Partition (NR),,NR,Interior,0.0472 BTU/(h·ft²·°F),,0K0FV0u6b9L9sDGL7lH9q9,,,,3' - 7 1/4",,,,New Construction,None,,,,,3,Metal Stud Layer,Non-bearing,1.4406 BTU/(ft²·°F),21.1904 (h·ft²·°F)/BTU,Unconnected,0' - 0",,Interior - 4 7/8" Partition (NR),,,26$5pwZTH4A8RTAK02gn25,,P02,1' - 0",,1.30 CF,0' - 4 7/8",
0.7,,17 SF,C1010145,Partitions - Drywall w/ Metal Stud,,L2,0' - 0",,,,1,Vertical,,,,,,,,,By Type,,Default,,,Basic Wall,Basic Wall: Interior - 4 7/8" Partition (NR),,NR,Interior,0.0472 BTU/(h·ft²·°F),,28fEL2KJH3nefH9oQJhuQ9,,,,2' - 5 5/8",,,,New Construction,None,,,,,3,Metal Stud Layer,Non-bearing,1.4406 BTU/(ft²·°F),21.1904 (h·ft²·°F)/BTU,Unconnected,0' - 0",,Interior - 4 7/8" Partition (NR),,,26$5pwZTH4A8RTAK02gn25,,P02,8' - 0",,7.04 CF,0' - 4 7/8",
0.7,,78 SF,C1010145,Partitions - Drywall w/ Metal Stud,,L2,0' - 0",,,,1,Vertical,,,,,,,,,By Type,,Default,,,Basic Wall,Basic Wall: Interior - 7 1/4" Partition (NR),,NR,Interior,0.0287 BTU/(h·ft²·°F),,28fEL2KJH3nefH9oQJhuQ8,,,,9' - 9 15/16",,,,New Construction,None,,,,,3,Metal Stud Layer,Non-bearing,1.4441 BTU/(ft²·°F),34.8921 (h·ft²·°F)/BTU,Unconnected,0' - 0",,Interior - 7 1/4" Partition (NR),,,1kJXG9J_12CxJk83GXH3Vz,,P04,8' - 0",,47.02 CF,0' - 7 1/4",
0.7,,5 SF,C1010145,Partitions - Drywall w/ Metal Stud,,L2,0' - 0",,,,1,Vertical,,,,,,,,,By Type,,Default,,,Basic Wall,Basic Wall: Interior - 4 7/8" Partition (NR),,NR,Interior,0.0472 BTU/(h·ft²·°F),,28fEL2KJH3nefH9oQJhuQF,,,,3' - 6 1/16",,,,New Construction,None,,,,,3,Metal Stud Layer,Non-bearing,1.4406 BTU/(ft²·°F),21.1904 (h·ft²·°F)/BTU,Unconnected,0' - 0",,Interior - 4 7/8" Partition (NR),,,26$5pwZTH4A8RTAK02gn25,,P02,8' - 0",,2.17 CF,0' - 4 7/8",
0.7,,20 SF,C1010145,Partitions - Drywall w/ Metal Stud,,L2,0' - 0",,,,1,Vertical,,,,,,,,,By Type,,Default,,,Basic Wall,Basic Wall: Interior - 4 7/8" Partition (NR),,NR,Interior,0.0472 BTU/(h·ft²·°F),,28fEL2KJH3nefH9oQJhuQE,,,,2' - 6",,,,New Construction,None,,,,,3,Metal Stud Layer,Non-bearing,1.4406 BTU/(ft²·°F),21.1904 (h·ft²·°F)/BTU,Unconnected,0' - 0",,Interior - 4 7/8" Partition (NR),,,26$5pwZTH4A8RTAK02gn25,,P02,8' - 0",,8.13 CF,0' - 4 7/8",
0.7,,17 SF,C1010145,Partitions - Drywall w/ Metal Stud,,L2,0' - 0",,,,1,Vertical,,,,,,,,,By Type,,Default,,,Basic Wall,Basic Wall: Interior - 4 7/8" Partition (NR),,NR,Interior,0.0472 BTU/(h·ft²·°F),,28fEL2KJH3nefH9oQJhuQD,,,,2' - 5 5/8",,,,New Construction,None,,,,,3,Metal Stud Layer,Non-bearing,1.4406 BTU/(ft²·°F),21.1904 (h·ft²·°F)/BTU,Unconnected,0' - 0",,Interior - 4 7/8" Partition (NR),,,26$5pwZTH4A8RTAK02gn25,,P02,8' - 0",,7.04 CF,0' - 4 7/8",
0.7,,26 SF,C1010145,Partitions - Drywall w/ Metal Stud,,L2,0' - 0",,,,1,Vertical,,,,,,,,,By Type,,Default,,,Basic Wall,Basic Wall: Interior - 4 7/8" Partition (NR),,NR,Interior,0.0472 BTU/(h·ft²·°F),,28fEL2KJH3nefH9oQJhuQp,,,,3' - 7 1/4",,,,New Construction,None,,,,,3,Metal Stud Layer,Non-bearing,1.4406 BTU/(ft²·°F),21.1904 (h·ft²·°F)/BTU,Unconnected,0' - 0",,Interior - 4 7/8" Partition (NR),,,26$5pwZTH4A8RTAK02gn25,,P02,8' - 0",,10.39 CF,0' - 4 7/8",
0.7,,17 SF,C1010145,Partitions - Drywall w/ Metal Stud,,L2,0' - 0",,,,1,Vertical,,,,,,,,,By Type,,Default,,,Basic Wall,Basic Wall: Interior - 4 7/8" Partition (NR),,NR,Interior,0.0472 BTU/(h·ft²·°F),,28fEL2KJH3nefH9oQJhuQo,,,,2' - 5 5/8",,,,New Construction,None,,,,,3,Metal Stud Layer,Non-bearing,1.4406 BTU/(ft²·°F),21.1904 (h·ft²·°F)/BTU,Unconnected,0' - 0",,Interior - 4 7/8" Partition (NR),,,26$5pwZTH4A8RTAK02gn25,,P02,8' - 0",,7.04 CF,0' - 4 7/8",
0.7,,14 SF,C1010145,Partitions - Drywall w/ Metal Stud,,L2,0' - 0",,,,1,Vertical,,,,,,,,,By Type,,Default,,,Basic Wall,Basic Wall: Interior - 4 7/8" Partition (NR),,NR,Interior,0.0472 BTU/(h·ft²·°F),,28fEL2KJH3nefH9oQJhuQn,,,,1' - 11 7/8",,,,New Construction,None,,,,,3,Metal Stud Layer,Non-bearing,1.4406 BTU/(ft²·°F),21.1904 (h·ft²·°F)/BTU,Unconnected,0' - 0",,Interior - 4 7/8" Partition (NR),,,26$5pwZTH4A8RTAK02gn25,,P02,8' - 0",,5.48 CF,0' - 4 7/8",
0.7,,19 SF,C1010145,Partitions - Drywall w/ Metal Stud,,L2,0' - 0",,,,1,Vertical,,,,,,,,,By Type,,Default,,,Basic Wall,Basic Wall: Interior - 4 7/8" Partition (NR),,NR,Interior,0.0472 BTU/(h·ft²·°F),,28fEL2KJH3nefH9oQJhuQm,,,,2' - 7 5/8",,,,New Construction,None,,,,,3,Metal Stud Layer,Non-bearing,1.4406 BTU/(ft²·°F),21.1904 (h·ft²·°F)/BTU,Unconnected,0' - 0",,Interior - 4 7/8" Partition (NR),,,26$5pwZTH4A8RTAK02gn25,,P02,8' - 0",,7.58 CF,0' - 4 7/8",
0.7,,21 SF,C1010145,Partitions - Drywall w/ Metal Stud,,L2,0' - 0",,,,1,Vertical,,,,,,,,,By Type,,Default,,,Basic Wall,Basic Wall: Interior - 4 7/8" Partition (NR),,NR,Interior,0.0472 BTU/(h·ft²·°F),,28fEL2KJH3nefH9oQJhuQs,,,,2' - 4 7/16",,,,New Construction,None,,,,,3,Metal Stud Layer,Non-bearing,1.4406 BTU/(ft²·°F),21.1904 (h·ft²·°F)/BTU,Unconnected,0' - 0",,Interior - 4 7/8" Partition (NR),,,26$5pwZTH4A8RTAK02gn25,,P02,8' - 0",,8.36 CF,0' - 4 7/8",
0.7,,3 SF,C1010145,Partitions - Drywall w/ Metal Stud,,L2,7' - 0",,,,1,Vertical,,,,,,,,,By Type,,Default,,,Basic Wall,Basic Wall: Interior - 4 7/8" Partition (NR),,NR,Interior,0.0472 BTU/(h·ft²·°F),,28fEL2KJH3nefH9oQJhuRG,,,,3' - 7 1/4",,,,New Construction,None,,,,,3,Metal Stud Layer,Non-bearing,1.4406 BTU/(ft²·°F),21.1904 (h·ft²·°F)/BTU,Unconnected,0' - 0",,Interior - 4 7/8" Partition (NR),,,26$5pwZTH4A8RTAK02gn25,,P02,1' - 0",,1.30 CF,0' - 4 7/8",
0.7,,17 SF,C1010145,Partitions - Drywall w/ Metal Stud,,L4,0' - 0",,,,1,Vertical,,,,,,,,,By Type,,Default,,,Basic Wall,Basic Wall: Interior - 4 7/8" Partition (NR),,NR,Interior,0.0472 BTU/(h·ft²·°F),,28fEL2KJH3nefH9oQJhuSL,,,,2' - 5 5/8",,,,New Construction,None,,,,,3,Metal Stud Layer,Non-bearing,1.4406 BTU/(ft²·°F),21.1904 (h·ft²·°F)/BTU,Unconnected,0' - 0",,Interior - 4 7/8" Partition (NR),,,26$5pwZTH4A8RTAK02gn25,,P02,8' - 0",,7.04 CF,0' - 4 7/8",
0.7,,78 SF,C1010145,Partitions - Drywall w/ Metal Stud,,L4,0' - 0",,,,1,Vertical,,,,,,,,,By Type,,Default,,,Basic Wall,Basic Wall: Interior - 7 1/4" Partition (NR),,NR,Interior,0.0287 BTU/(h·ft²·°F),,28fEL2KJH3nefH9oQJhuSK,,,,9' - 9 15/16",,,,New Construction,None,,,,,3,Metal Stud Layer,Non-bearing,1.4441 BTU/(ft²·°F),34.8921 (h·ft²·°F)/BTU,Unconnected,0' - 0",,Interior - 7 1/4" Partition (NR),,,1kJXG9J_12CxJk83GXH3Vz,,P04,8' - 0",,47.02 CF,0' - 7 1/4",
0.7,,5 SF,C1010145,Partitions - Drywall w/ Metal Stud,,L4,0' - 0",,,,1,Vertical,,,,,,,,,By Type,,Default,,,Basic Wall,Basic Wall: Interior - 4 7/8" Partition (NR),,NR,Interior,0.0472 BTU/(h·ft²·°F),,28fEL2KJH3nefH9oQJhuSR,,,,3' - 6 1/16",,,,New Construction,None,,,,,3,Metal Stud Layer,Non-bearing,1.4406 BTU/(ft²·°F),21.1904 (h·ft²·°F)/BTU,Unconnected,0' - 0",,Interior - 4 7/8" Partition (NR),,,26$5pwZTH4A8RTAK02gn25,,P02,8' - 0",,2.17 CF,0' - 4 7/8",
0.7,,20 SF,C1010145,Partitions - Drywall w/ Metal Stud,,L4,0' - 0",,,,1,Vertical,,,,,,,,,By Type,,Default,,,Basic Wall,Basic Wall: Interior - 4 7/8" Partition (NR),,NR,Interior,0.0472 BTU/(h·ft²·°F),,28fEL2KJH3nefH9oQJhuSQ,,,,2' - 6",,,,New Construction,None,,,,,3,Metal Stud Layer,Non-bearing,1.4406 BTU/(ft²·°F),21.1904 (h·ft²·°F)/BTU,Unconnected,0' - 0",,Interior - 4 7/8" Partition (NR),,,26$5pwZTH4A8RTAK02gn25,,P02,8' - 0",,8.13 CF,0' - 4 7/8",
0.7,,17 SF,C1010145,Partitions - Drywall w/ Metal Stud,,L4,0' - 0",,,,1,Vertical,,,,,,,,,By Type,,Default,,,Basic Wall,Basic Wall: Interior - 4 7/8" Partition (NR),,NR,Interior,0.0472 BTU/(h·ft²·°F),,28fEL2KJH3nefH9oQJhuSP,,,,2' - 5 5/8",,,,New Construction,None,,,,,3,Metal Stud Layer,Non-bearing,1.4406 BTU/(ft²·°F),21.1904 (h·ft²·°F)/BTU,Unconnected,0' - 0",,Interior - 4 7/8" Partition (NR),,,26$5pwZTH4A8RTAK02gn25,,P02,8' - 0",,7.04 CF,0' - 4 7/8",
0.7,,26 SF,C1010145,Partitions - Drywall w/ Metal Stud,,L4,0' - 0",,,,1,Vertical,,,,,,,,,By Type,,Default,,,Basic Wall,Basic Wall: Interior - 4 7/8" Partition (NR),,NR,Interior,0.0472 BTU/(h·ft²·°F),,28fEL2KJH3nefH9oQJhuSV,,,,3' - 7 1/4",,,,New Construction,None,,,,,3,Metal Stud Layer,Non-bearing,1.4406 BTU/(ft²·°F),21.1904 (h·ft²·°F)/BTU,Unconnected,0' - 0",,Interior - 4 7/8" Partition (NR),,,26$5pwZTH4A8RTAK02gn25,,P02,8' - 0",,10.39 CF,0' - 4 7/8",
0.7,,17 SF,C1010145,Partitions - Drywall w/ Metal Stud,,L4,0' - 0",,,,1,Vertical,,,,,,,,,By Type,,Default,,,Basic Wall,Basic Wall: Interior - 4 7/8" Partition (NR),,NR,Interior,0.0472 BTU/(h·ft²·°F),,28fEL2KJH3nefH9oQJhuSU,,,,2' - 5 5/8",,,,New Construction,None,,,,,3,Metal Stud Layer,Non-bearing,1.4406 BTU/(ft²·°F),21.1904 (h·ft²·°F)/BTU,Unconnected,0' - 0",,Interior - 4 7/8" Partition (NR),,,26$5pwZTH4A8RTAK02gn25,,P02,8' - 0",,7.04 CF,0' - 4 7/8",
0.7,,14 SF,C1010145,Partitions - Drywall w/ Metal Stud,,L4,0' - 0",,,,1,Vertical,,,,,,,,,By Type,,Default,,,Basic Wall,Basic Wall: Interior - 4 7/8" Partition (NR),,NR,Interior,0.0472 BTU/(h·ft²·°F),,28fEL2KJH3nefH9oQJhuST,,,,1' - 11 7/8",,,,New Construction,None,,,,,3,Metal Stud Layer,Non-bearing,1.4406 BTU/(ft²·°F),21.1904 (h·ft²·°F)/BTU,Unconnected,0' - 0",,Interior - 4 7/8" Partition (NR),,,26$5pwZTH4A8RTAK02gn25,,P02,8' - 0",,5.48 CF,0' - 4 7/8",
0.7,,19 SF,C1010145,Partitions - Drywall w/ Metal Stud,,L4,0' - 0",,,,1,Vertical,,,,,,,,,By Type,,Default,,,Basic Wall,Basic Wall: Interior - 4 7/8" Partition (NR),,NR,Interior,0.0472 BTU/(h·ft²·°F),,28fEL2KJH3nefH9oQJhuSS,,,,2' - 7 5/8",,,,New Construction,None,,,,,3,Metal Stud Layer,Non-bearing,1.4406 BTU/(ft²·°F),21.1904 (h·ft²·°F)/BTU,Unconnected,0' - 0",,Interior - 4 7/8" Partition (NR),,,26$5pwZTH4A8RTAK02gn25,,P02,8' - 0",,7.58 CF,0' - 4 7/8",
0.7,,21 SF,C1010145,Partitions - Drywall w/ Metal Stud,,L4,0' - 0",,,,1,Vertical,,,,,,,,,By Type,,Default,,,Basic Wall,Basic Wall: Interior - 4 7/8" Partition (NR),,NR,Interior,0.0472 BTU/(h·ft²·°F),,28fEL2KJH3nefH9oQJhuS2,,,,2' - 4 7/16",,,,New Construction,None,,,,,3,Metal Stud Layer,Non-bearing,1.4406 BTU/(ft²·°F),21.1904 (h·ft²·°F)/BTU,Unconnected,0' - 0",,Interior - 4 7/8" Partition (NR),,,26$5pwZTH4A8RTAK02gn25,,P02,8' - 0",,8.36 CF,0' - 4 7/8",
0.7,,3 SF,C1010145,Partitions - Drywall w/ Metal Stud,,L4,7' - 0",,,,1,Vertical,,,,,,,,,By Type,,Default,,,Basic Wall,Basic Wall: Interior - 4 7/8" Partition (NR),,NR,Interior,0.0472 BTU/(h·ft²·°F),,28fEL2KJH3nefH9oQJhuSy,,,,3' - 7 1/4",,,,New Construction,None,,,,,3,Metal Stud Layer,Non-bearing,1.4406 BTU/(ft²·°F),21.1904 (h·ft²·°F)/BTU,Unconnected,0' - 0",,Interior - 4 7/8" Partition (NR),,,26$5pwZTH4A8RTAK02gn25,,P02,1' - 0",,1.30 CF,0' - 4 7/8",
0.7,,17 SF,C1010145,Partitions - Drywall w/ Metal Stud,,L2,0' - 0",,,,1,Vertical,,,,,,,,,By Type,,Default,,,Basic Wall,Basic Wall: Interior - 4 7/8" Partition (NR),,NR,Interior,0.0472 BTU/(h·ft²·°F),,321qo6Jt58aRGW1V_saw2E,,,,2' - 5 5/8",,,,New Construction,None,,,,,3,Metal Stud Layer,Non-bearing,1.4406 BTU/(ft²·°F),21.1904 (h·ft²·°F)/BTU,Unconnected,0' - 0",,Interior - 4 7/8" Partition (NR),,,26$5pwZTH4A8RTAK02gn25,,P02,8' - 0",,7.04 CF,0' - 4 7/8",
0.7,,78 SF,C1010145,Partitions - Drywall w/ Metal Stud,,L2,0' - 0",,,,1,Vertical,,,,,,,,,By Type,,Default,,,Basic Wall,Basic Wall: Interior - 7 1/4" Partition (NR),,NR,Interior,0.0287 BTU/(h·ft²·°F),,321qo6Jt58aRGW1V_saw2F,,,,9' - 9 15/16",,,,New Construction,None,,,,,3,Metal Stud Layer,Non-bearing,1.4441 BTU/(ft²·°F),34.8921 (h·ft²·°F)/BTU,Unconnected,0' - 0",,Interior - 7 1/4" Partition (NR),,,1kJXG9J_12CxJk83GXH3Vz,,P04,8' - 0",,47.02 CF,0' - 7 1/4",
0.7,,17 SF,C1010145,Partitions - Drywall w/ Metal Stud,,L2,0' - 0",,,,1,Vertical,,,,,,,,,By Type,,Default,,,Basic Wall,Basic Wall: Interior - 4 7/8" Partition (NR),,NR,Interior,0.0472 BTU/(h·ft²·°F),,321qo6Jt58aRGW1V_saw2C,,,,4' - 6 9/16",,,,New Construction,None,,,,,3,Metal Stud Layer,Non-bearing,1.4406 BTU/(ft²·°F),21.1904 (h·ft²·°F)/BTU,Unconnected,0' - 0",,Interior - 4 7/8" Partition (NR),,,26$5pwZTH4A8RTAK02gn25,,P02,8' - 0",,6.87 CF,0' - 4 7/8",
0.7,,18 SF,C1010145,Partitions - Drywall w/ Metal Stud,,L2,0' - 0",,,,1,Vertical,,,,,,,,,By Type,,Default,,,Basic Wall,Basic Wall: Interior - 4 7/8" Partition (NR),,NR,Interior,0.0472 BTU/(h·ft²·°F),,321qo6Jt58aRGW1V_saw2D,,,,2' - 3 5/8",,,,New Construction,None,,,,,3,Metal Stud Layer,Non-bearing,1.4406 BTU/(ft²·°F),21.1904 (h·ft²·°F)/BTU,Unconnected,0' - 0",,Interior - 4 7/8" Partition (NR),,,26$5pwZTH4A8RTAK02gn25,,P02,8' - 0",,7.48 CF,0' - 4 7/8",
0.7,,17 SF,C1010145,Partitions - Drywall w/ Metal Stud,,L2,0' - 0",,,,1,Vertical,,,,,,,,,By Type,,Default,,,Basic Wall,Basic Wall: Interior - 4 7/8" Partition (NR),,NR,Interior,0.0472 BTU/(h·ft²·°F),,321qo6Jt58aRGW1V_saw2A,,,,2' - 5 5/8",,,,New Construction,None,,,,,3,Metal Stud Layer,Non-bearing,1.4406 BTU/(ft²·°F),21.1904 (h·ft²·°F)/BTU,Unconnected,0' - 0",,Interior - 4 7/8" Partition (NR),,,26$5pwZTH4A8RTAK02gn25,,P02,8' - 0",,7.04 CF,0' - 4 7/8",
0.7,,17 SF,C1010145,Partitions - Drywall w/ Metal Stud,,L2,0' - 0",,,,1,Vertical,,,,,,,,,By Type,,Default,,,Basic Wall,Basic Wall: Interior - 4 7/8" Partition (NR),,NR,Interior,0.0472 BTU/(h·ft²·°F),,321qo6Jt58aRGW1V_saw2B,,,,2' - 2 7/16",,,,New Construction,None,,,,,3,Metal Stud Layer,Non-bearing,1.4406 BTU/(ft²·°F),21.1904 (h·ft²·°F)/BTU,Unconnected,0' - 0",,Interior - 4 7/8" Partition (NR),,,26$5pwZTH4A8RTAK02gn25,,P02,8' - 0",,6.84 CF,0' - 4 7/8",
0.7,,26 SF,C1010145,Partitions - Drywall w/ Metal Stud,,L2,0' - 0",,,,1,Vertical,,,,,,,,,By Type,,Default,,,Basic Wall,Basic Wall: Interior - 4 7/8" Partition (NR),,NR,Interior,0.0472 BTU/(h·ft²·°F),,321qo6Jt58aRGW1V_saw28,,,,3' - 7 1/4",,,,New Construction,None,,,,,3,Metal Stud Layer,Non-bearing,1.4406 BTU/(ft²·°F),21.1904 (h·ft²·°F)/BTU,Unconnected,0' - 0",,Interior - 4 7/8" Partition (NR),,,26$5pwZTH4A8RTAK02gn25,,P02,8' - 0",,10.39 CF,0' - 4 7/8",
0.7,,17 SF,C1010145,Partitions - Drywall w/ Metal Stud,,L2,0' - 0",,,,1,Vertical,,,,,,,,,By Type,,Default,,,Basic Wall,Basic Wall: Interior - 4 7/8" Partition (NR),,NR,Interior,0.0472 BTU/(h·ft²·°F),,321qo6Jt58aRGW1V_saw29,,,,2' - 5 5/8",,,,New Construction,None,,,,,3,Metal Stud Layer,Non-bearing,1.4406 BTU/(ft²·°F),21.1904 (h·ft²·°F)/BTU,Unconnected,0' - 0",,Interior - 4 7/8" Partition (NR),,,26$5pwZTH4A8RTAK02gn25,,P02,8' - 0",,7.04 CF,0' - 4 7/8",
0.7,,13 SF,B2010,Exterior Walls,,L2,0' - 0",,,,1,Vertical,,,,,,,,,By Type,,Default,,,Basic Wall,Basic Wall: Chase - GWB & Metal Stud 2 1/4",,,Soffit,6.9498 BTU/(h·ft²·°F),,321qo6Jt58aRGW1V_saw2s,,,,1' - 4 7/8",,,,New Construction,None,,,,,3,Metal Furring,Non-bearing,8.3257 BTU/(ft²·°F),0.1439 (h·ft²·°F)/BTU,Unconnected,0' - 0",,Chase - GWB & Metal Stud 2 1/4",,,3_kk4p4U1Bdg7XGdF3sGJo,,S01,8' - 0",,2.39 CF,0' - 2 1/4",
0.7,,19 SF,C1010145,Partitions - Drywall w/ Metal Stud,,L2,0' - 0",,,,1,Vertical,,,,,,,,,By Type,,Default,,,Basic Wall,Basic Wall: Interior - 4 7/8" Partition (NR),,NR,Interior,0.0472 BTU/(h·ft²·°F),,321qo6Jt58aRGW1V_saw2t,,,,2' - 7 5/8",,,,New Construction,None,,,,,3,Metal Stud Layer,Non-bearing,1.4406 BTU/(ft²·°F),21.1904 (h·ft²·°F)/BTU,Unconnected,0' - 0",,Interior - 4 7/8" Partition (NR),,,26$5pwZTH4A8RTAK02gn25,,P02,8' - 0",,7.58 CF,0' - 4 7/8",
0.7,,21 SF,C1010145,Partitions - Drywall w/ Metal Stud,,L2,0' - 0",,,,1,Vertical,,,,,,,,,By Type,,Default,,,Basic Wall,Basic Wall: Interior - 4 7/8" Partition (NR),,NR,Interior,0.0472 BTU/(h·ft²·°F),,321qo6Jt58aRGW1V_saw2r,,,,2' - 4 7/16",,,,New Construction,None,,,,,3,Metal Stud Layer,Non-bearing,1.4406 BTU/(ft²·°F),21.1904 (h·ft²·°F)/BTU,Unconnected,0' - 0",,Interior - 4 7/8" Partition (NR),,,26$5pwZTH4A8RTAK02gn25,,P02,8' - 0",,8.36 CF,0' - 4 7/8",
0.7,,3 SF,C1010145,Partitions - Drywall w/ Metal Stud,,L2,7' - 0",,,,1,Vertical,,,,,,,,,By Type,,Default,,,Basic Wall,Basic Wall: Interior - 4 7/8" Partition (NR),,NR,Interior,0.0472 BTU/(h·ft²·°F),,321qo6Jt58aRGW1V_saw3N,,,,3' - 7 1/4",,,,New Construction,None,,,,,3,Metal Stud Layer,Non-bearing,1.4406 BTU/(ft²·°F),21.1904 (h·ft²·°F)/BTU,Unconnected,0' - 0",,Interior - 4 7/8" Partition (NR),,,26$5pwZTH4A8RTAK02gn25,,P02,1' - 0",,1.30 CF,0' - 4 7/8",
0.7,,17 SF,C1010145,Partitions - Drywall w/ Metal Stud,,L3,0' - 0",,,,1,Vertical,,,,,,,,,By Type,,Default,,,Basic Wall,Basic Wall: Interior - 4 7/8" Partition (NR),,NR,Interior,0.0472 BTU/(h·ft²·°F),,321qo6Jt58aRGW1V_saw9b,,,,2' - 5 5/8",,,,New Construction,None,,,,,3,Metal Stud Layer,Non-bearing,1.4406 BTU/(ft²·°F),21.1904 (h·ft²·°F)/BTU,Unconnected,0' - 0",,Interior - 4 7/8" Partition (NR),,,26$5pwZTH4A8RTAK02gn25,,P02,8' - 0",,7.04 CF,0' - 4 7/8",
0.7,,78 SF,C1010145,Partitions - Drywall w/ Metal Stud,,L3,0' - 0",,,,1,Vertical,,,,,,,,,By Type,,Default,,,Basic Wall,Basic Wall: Interior - 7 1/4" Partition (NR),,NR,Interior,0.0287 BTU/(h·ft²·°F),,321qo6Jt58aRGW1V_saw9Y,,,,9' - 9 15/16",,,,New Construction,None,,,,,3,Metal Stud Layer,Non-bearing,1.4441 BTU/(ft²·°F),34.8921 (h·ft²·°F)/BTU,Unconnected,0' - 0",,Interior - 7 1/4" Partition (NR),,,1kJXG9J_12CxJk83GXH3Vz,,P04,8' - 0",,47.02 CF,0' - 7 1/4",
0.7,,24 SF,C1010145,Partitions - Drywall w/ Metal Stud,,L3,0' - 0",,,,1,Vertical,,,,,,,,,By Type,,Default,,,Basic Wall,Basic Wall: Interior - 4 7/8" Partition (NR),,NR,Interior,0.0472 BTU/(h·ft²·°F),,321qo6Jt58aRGW1V_saw9Z,,,,3' - 6 1/16",,,,New Construction,None,,,,,3,Metal Stud Layer,Non-bearing,1.4406 BTU/(ft²·°F),21.1904 (h·ft²·°F)/BTU,Unconnected,0' - 0",,Interior - 4 7/8" Partition (NR),,,26$5pwZTH4A8RTAK02gn25,,P02,8' - 0",,9.75 CF,0' - 4 7/8",
0.7,,20 SF,C1010145,Partitions - Drywall w/ Metal Stud,,L3,0' - 0",,,,1,Vertical,,,,,,,,,By Type,,Default,,,Basic Wall,Basic Wall: Interior - 4 7/8" Partition (NR),,NR,Interior,0.0472 BTU/(h·ft²·°F),,321qo6Jt58aRGW1V_saw9W,,,,2' - 6",,,,New Construction,None,,,,,3,Metal Stud Layer,Non-bearing,1.4406 BTU/(ft²·°F),21.1904 (h·ft²·°F)/BTU,Unconnected,0' - 0",,Interior - 4 7/8" Partition (NR),,,26$5pwZTH4A8RTAK02gn25,,P02,8' - 0",,8.13 CF,0' - 4 7/8",
0.7,,17 SF,C1010145,Partitions - Drywall w/ Metal Stud,,L3,0' - 0",,,,1,Vertical,,,,,,,,,By Type,,Default,,,Basic Wall,Basic Wall: Interior - 4 7/8" Partition (NR),,NR,Interior,0.0472 BTU/(h·ft²·°F),,321qo6Jt58aRGW1V_saw9X,,,,2' - 5 5/8",,,,New Construction,None,,,,,3,Metal Stud Layer,Non-bearing,1.4406 BTU/(ft²·°F),21.1904 (h·ft²·°F)/BTU,Unconnected,0' - 0",,Interior - 4 7/8" Partition (NR),,,26$5pwZTH4A8RTAK02gn25,,P02,8' - 0",,7.04 CF,0' - 4 7/8",
0.7,,26 SF,C1010145,Partitions - Drywall w/ Metal Stud,,L3,0' - 0",,,,1,Vertical,,,,,,,,,By Type,,Default,,,Basic Wall,Basic Wall: Interior - 4 7/8" Partition (NR),,NR,Interior,0.0472 BTU/(h·ft²·°F),,321qo6Jt58aRGW1V_saw9l,,,,3' - 7 1/4",,,,New Construction,None,,,,,3,Metal Stud Layer,Non-bearing,1.4406 BTU/(ft²·°F),21.1904 (h·ft²·°F)/BTU,Unconnected,0' - 0",,Interior - 4 7/8" Partition (NR),,,26$5pwZTH4A8RTAK02gn25,,P02,8' - 0",,10.39 CF,0' - 4 7/8",
0.7,,17 SF,C1010145,Partitions - Drywall w/ Metal Stud,,L3,0' - 0",,,,1,Vertical,,,,,,,,,By Type,,Default,,,Basic Wall,Basic Wall: Interior - 4 7/8" Partition (NR),,NR,Interior,0.0472 BTU/(h·ft²·°F),,321qo6Jt58aRGW1V_saw9i,,,,2' - 5 5/8",,,,New Construction,None,,,,,3,Metal Stud Layer,Non-bearing,1.4406 BTU/(ft²·°F),21.1904 (h·ft²·°F)/BTU,Unconnected,0' - 0",,Interior - 4 7/8" Partition (NR),,,26$5pwZTH4A8RTAK02gn25,,P02,8' - 0",,7.04 CF,0' - 4 7/8",
0.7,,14 SF,C1010145,Partitions - Drywall w/ Metal Stud,,L3,0' - 0",,,,1,Vertical,,,,,,,,,By Type,,Default,,,Basic Wall,Basic Wall: Interior - 4 7/8" Partition (NR),,NR,Interior,0.0472 BTU/(h·ft²·°F),,321qo6Jt58aRGW1V_saw9j,,,,1' - 11 7/8",,,,New Construction,None,,,,,3,Metal Stud Layer,Non-bearing,1.4406 BTU/(ft²·°F),21.1904 (h·ft²·°F)/BTU,Unconnected,0' - 0",,Interior - 4 7/8" Partition (NR),,,26$5pwZTH4A8RTAK02gn25,,P02,8' - 0",,5.48 CF,0' - 4 7/8",
0.7,,19 SF,C1010145,Partitions - Drywall w/ Metal Stud,,L3,0' - 0",,,,1,Vertical,,,,,,,,,By Type,,Default,,,Basic Wall,Basic Wall: Interior - 4 7/8" Partition (NR),,NR,Interior,0.0472 BTU/(h·ft²·°F),,321qo6Jt58aRGW1V_saw9g,,,,2' - 7 5/8",,,,New Construction,None,,,,,3,Metal Stud Layer,Non-bearing,1.4406 BTU/(ft²·°F),21.1904 (h·ft²·°F)/BTU,Unconnected,0' - 0",,Interior - 4 7/8" Partition (NR),,,26$5pwZTH4A8RTAK02gn25,,P02,8' - 0",,7.58 CF,0' - 4 7/8",
0.7,,21 SF,C1010145,Partitions - Drywall w/ Metal Stud,,L3,0' - 0",,,,1,Vertical,,,,,,,,,By Type,,Default,,,Basic Wall,Basic Wall: Interior - 4 7/8" Partition (NR),,NR,Interior,0.0472 BTU/(h·ft²·°F),,321qo6Jt58aRGW1V_saw9e,,,,2' - 4 7/16",,,,New Construction,None,,,,,3,Metal Stud Layer,Non-bearing,1.4406 BTU/(ft²·°F),21.1904 (h·ft²·°F)/BTU,Unconnected,0' - 0",,Interior - 4 7/8" Partition (NR),,,26$5pwZTH4A8RTAK02gn25,,P02,8' - 0",,8.36 CF,0' - 4 7/8",
0.7,,3 SF,C1010145,Partitions - Drywall w/ Metal Stud,,L3,7' - 0",,,,1,Vertical,,,,,,,,,By Type,,Default,,,Basic Wall,Basic Wall: Interior - 4 7/8" Partition (NR),,NR,Interior,0.0472 BTU/(h·ft²·°F),,321qo6Jt58aRGW1V_sawAA,,,,3' - 7 1/4",,,,New Construction,None,,,,,3,Metal Stud Layer,Non-bearing,1.4406 BTU/(ft²·°F),21.1904 (h·ft²·°F)/BTU,Unconnected,0' - 0",,Interior - 4 7/8" Partition (NR),,,26$5pwZTH4A8RTAK02gn25,,P02,1' - 0",,1.30 CF,0' - 4 7/8",
0.7,,17 SF,C1010145,Partitions - Drywall w/ Metal Stud,,L4,0' - 0",,,,1,Vertical,,,,,,,,,By Type,,Default,,,Basic Wall,Basic Wall: Interior - 4 7/8" Partition (NR),,NR,Interior,0.0472 BTU/(h·ft²·°F),,321qo6Jt58aRGW1V_sawAo,,,,2' - 5 5/8",,,,New Construction,None,,,,,3,Metal Stud Layer,Non-bearing,1.4406 BTU/(ft²·°F),21.1904 (h·ft²·°F)/BTU,Unconnected,0' - 0",,Interior - 4 7/8" Partition (NR),,,26$5pwZTH4A8RTAK02gn25,,P02,8' - 0",,7.04 CF,0' - 4 7/8",
0.7,,78 SF,C1010145,Partitions - Drywall w/ Metal Stud,,L4,0' - 0",,,,1,Vertical,,,,,,,,,By Type,,Default,,,Basic Wall,Basic Wall: Interior - 7 1/4" Partition (NR),,NR,Interior,0.0287 BTU/(h·ft²·°F),,321qo6Jt58aRGW1V_sawAp,,,,9' - 9 15/16",,,,New Construction,None,,,,,3,Metal Stud Layer,Non-bearing,1.4441 BTU/(ft²·°F),34.8921 (h·ft²·°F)/BTU,Unconnected,0' - 0",,Interior - 7 1/4" Partition (NR),,,1kJXG9J_12CxJk83GXH3Vz,,P04,8' - 0",,47.02 CF,0' - 7 1/4",
0.7,,24 SF,C1010145,Partitions - Drywall w/ Metal Stud,,L4,0' - 0",,,,1,Vertical,,,,,,,,,By Type,,Default,,,Basic Wall,Basic Wall: Interior - 4 7/8" Partition (NR),,NR,Interior,0.0472 BTU/(h·ft²·°F),,321qo6Jt58aRGW1V_sawAm,,,,3' - 6 1/16",,,,New Construction,None,,,,,3,Metal Stud Layer,Non-bearing,1.4406 BTU/(ft²·°F),21.1904 (h·ft²·°F)/BTU,Unconnected,0' - 0",,Interior - 4 7/8" Partition (NR),,,26$5pwZTH4A8RTAK02gn25,,P02,8' - 0",,9.75 CF,0' - 4 7/8",
0.7,,20 SF,C1010145,Partitions - Drywall w/ Metal Stud,,L4,0' - 0",,,,1,Vertical,,,,,,,,,By Type,,Default,,,Basic Wall,Basic Wall: Interior - 4 7/8" Partition (NR),,NR,Interior,0.0472 BTU/(h·ft²·°F),,321qo6Jt58aRGW1V_sawAn,,,,2' - 6",,,,New Construction,None,,,,,3,Metal Stud Layer,Non-bearing,1.4406 BTU/(ft²·°F),21.1904 (h·ft²·°F)/BTU,Unconnected,0' - 0",,Interior - 4 7/8" Partition (NR),,,26$5pwZTH4A8RTAK02gn25,,P02,8' - 0",,8.13 CF,0' - 4 7/8",
0.7,,17 SF,C1010145,Partitions - Drywall w/ Metal Stud,,L4,0' - 0",,,,1,Vertical,,,,,,,,,By Type,,Default,,,Basic Wall,Basic Wall: Interior - 4 7/8" Partition (NR),,NR,Interior,0.0472 BTU/(h·ft²·°F),,321qo6Jt58aRGW1V_sawA_,,,,2' - 5 5/8",,,,New Construction,None,,,,,3,Metal Stud Layer,Non-bearing,1.4406 BTU/(ft²·°F),21.1904 (h·ft²·°F)/BTU,Unconnected,0' - 0",,Interior - 4 7/8" Partition (NR),,,26$5pwZTH4A8RTAK02gn25,,P02,8' - 0",,7.04 CF,0' - 4 7/8",
0.7,,26 SF,C1010145,Partitions - Drywall w/ Metal Stud,,L4,0' - 0",,,,1,Vertical,,,,,,,,,By Type,,Default,,,Basic Wall,Basic Wall: Interior - 4 7/8" Partition (NR),,NR,Interior,0.0472 BTU/(h·ft²·°F),,321qo6Jt58aRGW1V_sawAy,,,,3' - 7 1/4",,,,New Construction,None,,,,,3,Metal Stud Layer,Non-bearing,1.4406 BTU/(ft²·°F),21.1904 (h·ft²·°F)/BTU,Unconnected,0' - 0",,Interior - 4 7/8" Partition (NR),,,26$5pwZTH4A8RTAK02gn25,,P02,8' - 0",,10.39 CF,0' - 4 7/8",
0.7,,17 SF,C1010145,Partitions - Drywall w/ Metal Stud,,L4,0' - 0",,,,1,Vertical,,,,,,,,,By Type,,Default,,,Basic Wall,Basic Wall: Interior - 4 7/8" Partition (NR),,NR,Interior,0.0472 BTU/(h·ft²·°F),,321qo6Jt58aRGW1V_sawAz,,,,2' - 5 5/8",,,,New Construction,None,,,,,3,Metal Stud Layer,Non-bearing,1.4406 BTU/(ft²·°F),21.1904 (h·ft²·°F)/BTU,Unconnected,0' - 0",,Interior - 4 7/8" Partition (NR),,,26$5pwZTH4A8RTAK02gn25,,P02,8' - 0",,7.04 CF,0' - 4 7/8",
0.7,,14 SF,C1010145,Partitions - Drywall w/ Metal Stud,,L4,0' - 0",,,,1,Vertical,,,,,,,,,By Type,,Default,,,Basic Wall,Basic Wall: Interior - 4 7/8" Partition (NR),,NR,Interior,0.0472 BTU/(h·ft²·°F),,321qo6Jt58aRGW1V_sawAw,,,,1' - 11 7/8",,,,New Construction,None,,,,,3,Metal Stud Layer,Non-bearing,1.4406 BTU/(ft²·°F),21.1904 (h·ft²·°F)/BTU,Unconnected,0' - 0",,Interior - 4 7/8" Partition (NR),,,26$5pwZTH4A8RTAK02gn25,,P02,8' - 0",,5.48 CF,0' - 4 7/8",
0.7,,19 SF,C1010145,Partitions - Drywall w/ Metal Stud,,L4,0' - 0",,,,1,Vertical,,,,,,,,,By Type,,Default,,,Basic Wall,Basic Wall: Interior - 4 7/8" Partition (NR),,NR,Interior,0.0472 BTU/(h·ft²·°F),,321qo6Jt58aRGW1V_sawAx,,,,2' - 7 5/8",,,,New Construction,None,,,,,3,Metal Stud Layer,Non-bearing,1.4406 BTU/(ft²·°F),21.1904 (h·ft²·°F)/BTU,Unconnected,0' - 0",,Interior - 4 7/8" Partition (NR),,,26$5pwZTH4A8RTAK02gn25,,P02,8' - 0",,7.58 CF,0' - 4 7/8",
0.7,,21 SF,C1010145,Partitions - Drywall w/ Metal Stud,,L4,0' - 0",,,,1,Vertical,,,,,,,,,By Type,,Default,,,Basic Wall,Basic Wall: Interior - 4 7/8" Partition (NR),,NR,Interior,0.0472 BTU/(h·ft²·°F),,321qo6Jt58aRGW1V_sawAv,,,,2' - 4 7/16",,,,New Construction,None,,,,,3,Metal Stud Layer,Non-bearing,1.4406 BTU/(ft²·°F),21.1904 (h·ft²·°F)/BTU,Unconnected,0' - 0",,Interior - 4 7/8" Partition (NR),,,26$5pwZTH4A8RTAK02gn25,,P02,8' - 0",,8.36 CF,0' - 4 7/8",
0.7,,3 SF,C1010145,Partitions - Drywall w/ Metal Stud,,L4,7' - 0",,,,1,Vertical,,,,,,,,,By Type,,Default,,,Basic Wall,Basic Wall: Interior - 4 7/8" Partition (NR),,NR,Interior,0.0472 BTU/(h·ft²·°F),,321qo6Jt58aRGW1V_sawBR,,,,3' - 7 1/4",,,,New Construction,None,,,,,3,Metal Stud Layer,Non-bearing,1.4406 BTU/(ft²·°F),21.1904 (h·ft²·°F)/BTU,Unconnected,0' - 0",,Interior - 4 7/8" Partition (NR),,,26$5pwZTH4A8RTAK02gn25,,P02,1' - 0",,1.30 CF,0' - 4 7/8",
0.7,,17 SF,C1010145,Partitions - Drywall w/ Metal Stud,,L3,0' - 0",,,,1,Vertical,,,,,,,,,By Type,,Default,,,Basic Wall,Basic Wall: Interior - 4 7/8" Partition (NR),,NR,Interior,0.0472 BTU/(h·ft²·°F),,321qo6Jt58aRGW1V_sawBY,,,,2' - 5 5/8",,,,New Construction,None,,,,,3,Metal Stud Layer,Non-bearing,1.4406 BTU/(ft²·°F),21.1904 (h·ft²·°F)/BTU,Unconnected,0' - 0",,Interior - 4 7/8" Partition (NR),,,26$5pwZTH4A8RTAK02gn25,,P02,8' - 0",,7.04 CF,0' - 4 7/8",
0.7,,78 SF,C1010145,Partitions - Drywall w/ Metal Stud,,L3,0' - 0",,,,1,Vertical,,,,,,,,,By Type,,Default,,,Basic Wall,Basic Wall: Interior - 7 1/4" Partition (NR),,NR,Interior,0.0287 BTU/(h·ft²·°F),,321qo6Jt58aRGW1V_sawBZ,,,,9' - 9 15/16",,,,New Construction,None,,,,,3,Metal Stud Layer,Non-bearing,1.4441 BTU/(ft²·°F),34.8921 (h·ft²·°F)/BTU,Unconnected,0' - 0",,Interior - 7 1/4" Partition (NR),,,1kJXG9J_12CxJk83GXH3Vz,,P04,8' - 0",,47.02 CF,0' - 7 1/4",
0.7,,17 SF,C1010145,Partitions - Drywall w/ Metal Stud,,L3,0' - 0",,,,1,Vertical,,,,,,,,,By Type,,Default,,,Basic Wall,Basic Wall: Interior - 4 7/8" Partition (NR),,NR,Interior,0.0472 BTU/(h·ft²·°F),,321qo6Jt58aRGW1V_sawBW,,,,4' - 6 9/16",,,,New Construction,None,,,,,3,Metal Stud Layer,Non-bearing,1.4406 BTU/(ft²·°F),21.1904 (h·ft²·°F)/BTU,Unconnected,0' - 0",,Interior - 4 7/8" Partition (NR),,,26$5pwZTH4A8RTAK02gn25,,P02,8' - 0",,6.87 CF,0' - 4 7/8",
0.7,,18 SF,C1010145,Partitions - Drywall w/ Metal Stud,,L3,0' - 0",,,,1,Vertical,,,,,,,,,By Type,,Default,,,Basic Wall,Basic Wall: Interior - 4 7/8" Partition (NR),,NR,Interior,0.0472 BTU/(h·ft²·°F),,321qo6Jt58aRGW1V_sawBX,,,,2' - 3 5/8",,,,New Construction,None,,,,,3,Metal Stud Layer,Non-bearing,1.4406 BTU/(ft²·°F),21.1904 (h·ft²·°F)/BTU,Unconnected,0' - 0",,Interior - 4 7/8" Partition (NR),,,26$5pwZTH4A8RTAK02gn25,,P02,8' - 0",,7.48 CF,0' - 4 7/8",
0.7,,17 SF,C1010145,Partitions - Drywall w/ Metal Stud,,L3,0' - 0",,,,1,Vertical,,,,,,,,,By Type,,Default,,,Basic Wall,Basic Wall: Interior - 4 7/8" Partition (NR),,NR,Interior,0.0472 BTU/(h·ft²·°F),,321qo6Jt58aRGW1V_sawBk,,,,2' - 5 5/8",,,,New Construction,None,,,,,3,Metal Stud Layer,Non-bearing,1.4406 BTU/(ft²·°F),21.1904 (h·ft²·°F)/BTU,Unconnected,0' - 0",,Interior - 4 7/8" Partition (NR),,,26$5pwZTH4A8RTAK02gn25,,P02,8' - 0",,7.04 CF,0' - 4 7/8",
0.7,,17 SF,C1010145,Partitions - Drywall w/ Metal Stud,,L3,0' - 0",,,,1,Vertical,,,,,,,,,By Type,,Default,,,Basic Wall,Basic Wall: Interior - 4 7/8" Partition (NR),,NR,Interior,0.0472 BTU/(h·ft²·°F),,321qo6Jt58aRGW1V_sawBl,,,,2' - 2 7/16",,,,New Construction,None,,,,,3,Metal Stud Layer,Non-bearing,1.4406 BTU/(ft²·°F),21.1904 (h·ft²·°F)/BTU,Unconnected,0' - 0",,Interior - 4 7/8" Partition (NR),,,26$5pwZTH4A8RTAK02gn25,,P02,8' - 0",,6.84 CF,0' - 4 7/8",
0.7,,26 SF,C1010145,Partitions - Drywall w/ Metal Stud,,L3,0' - 0",,,,1,Vertical,,,,,,,,,By Type,,Default,,,Basic Wall,Basic Wall: Interior - 4 7/8" Partition (NR),,NR,Interior,0.0472 BTU/(h·ft²·°F),,321qo6Jt58aRGW1V_sawBi,,,,3' - 7 1/4",,,,New Construction,None,,,,,3,Metal Stud Layer,Non-bearing,1.4406 BTU/(ft²·°F),21.1904 (h·ft²·°F)/BTU,Unconnected,0' - 0",,Interior - 4 7/8" Partition (NR),,,26$5pwZTH4A8RTAK02gn25,,P02,8' - 0",,10.39 CF,0' - 4 7/8",
0.7,,17 SF,C1010145,Partitions - Drywall w/ Metal Stud,,L3,0' - 0",,,,1,Vertical,,,,,,,,,By Type,,Default,,,Basic Wall,Basic Wall: Interior - 4 7/8" Partition (NR),,NR,Interior,0.0472 BTU/(h·ft²·°F),,321qo6Jt58aRGW1V_sawBj,,,,2' - 5 5/8",,,,New Construction,None,,,,,3,Metal Stud Layer,Non-bearing,1.4406 BTU/(ft²·°F),21.1904 (h·ft²·°F)/BTU,Unconnected,0' - 0",,Interior - 4 7/8" Partition (NR),,,26$5pwZTH4A8RTAK02gn25,,P02,8' - 0",,7.04 CF,0' - 4 7/8",
0.7,,13 SF,B2010,Exterior Walls,,L3,0' - 0",,,,1,Vertical,,,,,,,,,By Type,,Default,,,Basic Wall,Basic Wall: Chase - GWB & Metal Stud 2 1/4",,,Soffit,6.9498 BTU/(h·ft²·°F),,321qo6Jt58aRGW1V_sawBg,,,,1' - 4 7/8",,,,New Construction,None,,,,,3,Metal Furring,Non-bearing,8.3257 BTU/(ft²·°F),0.1439 (h·ft²·°F)/BTU,Unconnected,0' - 0",,Chase - GWB & Metal Stud 2 1/4",,,3_kk4p4U1Bdg7XGdF3sGJo,,S01,8' - 0",,2.39 CF,0' - 2 1/4",
0.7,,19 SF,C1010145,Partitions - Drywall w/ Metal Stud,,L3,0' - 0",,,,1,Vertical,,,,,,,,,By Type,,Default,,,Basic Wall,Basic Wall: Interior - 4 7/8" Partition (NR),,NR,Interior,0.0472 BTU/(h·ft²·°F),,321qo6Jt58aRGW1V_sawBh,,,,2' - 7 5/8",,,,New Construction,None,,,,,3,Metal Stud Layer,Non-bearing,1.4406 BTU/(ft²·°F),21.1904 (h·ft²·°F)/BTU,Unconnected,0' - 0",,Interior - 4 7/8" Partition (NR),,,26$5pwZTH4A8RTAK02gn25,,P02,8' - 0",,7.58 CF,0' - 4 7/8",
0.7,,21 SF,C1010145,Partitions - Drywall w/ Metal Stud,,L3,0' - 0",,,,1,Vertical,,,,,,,,,By Type,,Default,,,Basic Wall,Basic Wall: Interior - 4 7/8" Partition (NR),,NR,Interior,0.0472 BTU/(h·ft²·°F),,321qo6Jt58aRGW1V_sawBf,,,,2' - 4 7/16",,,,New Construction,None,,,,,3,Metal Stud Layer,Non-bearing,1.4406 BTU/(ft²·°F),21.1904 (h·ft²·°F)/BTU,Unconnected,0' - 0",,Interior - 4 7/8" Partition (NR),,,26$5pwZTH4A8RTAK02gn25,,P02,8' - 0",,8.36 CF,0' - 4 7/8",
0.7,,3 SF,C1010145,Partitions - Drywall w/ Metal Stud,,L3,7' - 0",,,,1,Vertical,,,,,,,,,By Type,,Default,,,Basic Wall,Basic Wall: Interior - 4 7/8" Partition (NR),,NR,Interior,0.0472 BTU/(h·ft²·°F),,321qo6Jt58aRGW1V_sawCB,,,,3' - 7 1/4",,,,New Construction,None,,,,,3,Metal Stud Layer,Non-bearing,1.4406 BTU/(ft²·°F),21.1904 (h·ft²·°F)/BTU,Unconnected,0' - 0",,Interior - 4 7/8" Partition (NR),,,26$5pwZTH4A8RTAK02gn25,,P02,1' - 0",,1.30 CF,0' - 4 7/8",
0.7,,17 SF,C1010145,Partitions - Drywall w/ Metal Stud,,L4,0' - 0",,,,1,Vertical,,,,,,,,,By Type,,Default,,,Basic Wall,Basic Wall: Interior - 4 7/8" Partition (NR),,NR,Interior,0.0472 BTU/(h·ft²·°F),,321qo6Jt58aRGW1V_sawCp,,,,2' - 5 5/8",,,,New Construction,None,,,,,3,Metal Stud Layer,Non-bearing,1.4406 BTU/(ft²·°F),21.1904 (h·ft²·°F)/BTU,Unconnected,0' - 0",,Interior - 4 7/8" Partition (NR),,,26$5pwZTH4A8RTAK02gn25,,P02,8' - 0",,7.04 CF,0' - 4 7/8",
0.7,,78 SF,C1010145,Partitions - Drywall w/ Metal Stud,,L4,0' - 0",,,,1,Vertical,,,,,,,,,By Type,,Default,,,Basic Wall,Basic Wall: Interior - 7 1/4" Partition (NR),,NR,Interior,0.0287 BTU/(h·ft²·°F),,321qo6Jt58aRGW1V_sawCm,,,,9' - 9 15/16",,,,New Construction,None,,,,,3,Metal Stud Layer,Non-bearing,1.4441 BTU/(ft²·°F),34.8921 (h·ft²·°F)/BTU,Unconnected,0' - 0",,Interior - 7 1/4" Partition (NR),,,1kJXG9J_12CxJk83GXH3Vz,,P04,8' - 0",,47.02 CF,0' - 7 1/4",
0.7,,17 SF,C1010145,Partitions - Drywall w/ Metal Stud,,L4,0' - 0",,,,1,Vertical,,,,,,,,,By Type,,Default,,,Basic Wall,Basic Wall: Interior - 4 7/8" Partition (NR),,NR,Interior,0.0472 BTU/(h·ft²·°F),,321qo6Jt58aRGW1V_sawCn,,,,4' - 6 9/16",,,,New Construction,None,,,,,3,Metal Stud Layer,Non-bearing,1.4406 BTU/(ft²·°F),21.1904 (h·ft²·°F)/BTU,Unconnected,0' - 0",,Interior - 4 7/8" Partition (NR),,,26$5pwZTH4A8RTAK02gn25,,P02,8' - 0",,6.87 CF,0' - 4 7/8",
0.7,,18 SF,C1010145,Partitions - Drywall w/ Metal Stud,,L4,0' - 0",,,,1,Vertical,,,,,,,,,By Type,,Default,,,Basic Wall,Basic Wall: Interior - 4 7/8" Partition (NR),,NR,Interior,0.0472 BTU/(h·ft²·°F),,321qo6Jt58aRGW1V_sawC_,,,,2' - 3 5/8",,,,New Construction,None,,,,,3,Metal Stud Layer,Non-bearing,1.4406 BTU/(ft²·°F),21.1904 (h·ft²·°F)/BTU,Unconnected,0' - 0",,Interior - 4 7/8" Partition (NR),,,26$5pwZTH4A8RTAK02gn25,,P02,8' - 0",,7.48 CF,0' - 4 7/8",
0.7,,17 SF,C1010145,Partitions - Drywall w/ Metal Stud,,L4,0' - 0",,,,1,Vertical,,,,,,,,,By Type,,Default,,,Basic Wall,Basic Wall: Interior - 4 7/8" Partition (NR),,NR,Interior,0.0472 BTU/(h·ft²·°F),,321qo6Jt58aRGW1V_sawC$,,,,2' - 5 5/8",,,,New Construction,None,,,,,3,Metal Stud Layer,Non-bearing,1.4406 BTU/(ft²·°F),21.1904 (h·ft²·°F)/BTU,Unconnected,0' - 0",,Interior - 4 7/8" Partition (NR),,,26$5pwZTH4A8RTAK02gn25,,P02,8' - 0",,7.04 CF,0' - 4 7/8",
0.7,,17 SF,C1010145,Partitions - Drywall w/ Metal Stud,,L4,0' - 0",,,,1,Vertical,,,,,,,,,By Type,,Default,,,Basic Wall,Basic Wall: Interior - 4 7/8" Partition (NR),,NR,Interior,0.0472 BTU/(h·ft²·°F),,321qo6Jt58aRGW1V_sawCy,,,,2' - 2 7/16",,,,New Construction,None,,,,,3,Metal Stud Layer,Non-bearing,1.4406 BTU/(ft²·°F),21.1904 (h·ft²·°F)/BTU,Unconnected,0' - 0",,Interior - 4 7/8" Partition (NR),,,26$5pwZTH4A8RTAK02gn25,,P02,8' - 0",,6.84 CF,0' - 4 7/8",
0.7,,26 SF,C1010145,Partitions - Drywall w/ Metal Stud,,L4,0' - 0",,,,1,Vertical,,,,,,,,,By Type,,Default,,,Basic Wall,Basic Wall: Interior - 4 7/8" Partition (NR),,NR,Interior,0.0472 BTU/(h·ft²·°F),,321qo6Jt58aRGW1V_sawCz,,,,3' - 7 1/4",,,,New Construction,None,,,,,3,Metal Stud Layer,Non-bearing,1.4406 BTU/(ft²·°F),21.1904 (h·ft²·°F)/BTU,Unconnected,0' - 0",,Interior - 4 7/8" Partition (NR),,,26$5pwZTH4A8RTAK02gn25,,P02,8' - 0",,10.39 CF,0' - 4 7/8",
0.7,,17 SF,C1010145,Partitions - Drywall w/ Metal Stud,,L4,0' - 0",,,,1,Vertical,,,,,,,,,By Type,,Default,,,Basic Wall,Basic Wall: Interior - 4 7/8" Partition (NR),,NR,Interior,0.0472 BTU/(h·ft²·°F),,321qo6Jt58aRGW1V_sawCw,,,,2' - 5 5/8",,,,New Construction,None,,,,,3,Metal Stud Layer,Non-bearing,1.4406 BTU/(ft²·°F),21.1904 (h·ft²·°F)/BTU,Unconnected,0' - 0",,Interior - 4 7/8" Partition (NR),,,26$5pwZTH4A8RTAK02gn25,,P02,8' - 0",,7.04 CF,0' - 4 7/8",
0.7,,13 SF,B2010,Exterior Walls,,L4,0' - 0",,,,1,Vertical,,,,,,,,,By Type,,Default,,,Basic Wall,Basic Wall: Chase - GWB & Metal Stud 2 1/4",,,Soffit,6.9498 BTU/(h·ft²·°F),,321qo6Jt58aRGW1V_sawCx,,,,1' - 4 7/8",,,,New Construction,None,,,,,3,Metal Furring,Non-bearing,8.3257 BTU/(ft²·°F),0.1439 (h·ft²·°F)/BTU,Unconnected,0' - 0",,Chase - GWB & Metal Stud 2 1/4",,,3_kk4p4U1Bdg7XGdF3sGJo,,S01,8' - 0",,2.39 CF,0' - 2 1/4",
0.7,,19 SF,C1010145,Partitions - Drywall w/ Metal Stud,,L4,0' - 0",,,,1,Vertical,,,,,,,,,By Type,,Default,,,Basic Wall,Basic Wall: Interior - 4 7/8" Partition (NR),,NR,Interior,0.0472 BTU/(h·ft²·°F),,321qo6Jt58aRGW1V_sawCu,,,,2' - 7 5/8",,,,New Construction,None,,,,,3,Metal Stud Layer,Non-bearing,1.4406 BTU/(ft²·°F),21.1904 (h·ft²·°F)/BTU,Unconnected,0' - 0",,Interior - 4 7/8" Partition (NR),,,26$5pwZTH4A8RTAK02gn25,,P02,8' - 0",,7.58 CF,0' - 4 7/8",
0.7,,21 SF,C1010145,Partitions - Drywall w/ Metal Stud,,L4,0' - 0",,,,1,Vertical,,,,,,,,,By Type,,Default,,,Basic Wall,Basic Wall: Interior - 4 7/8" Partition (NR),,NR,Interior,0.0472 BTU/(h·ft²·°F),,321qo6Jt58aRGW1V_sawCc,,,,2' - 4 7/16",,,,New Construction,None,,,,,3,Metal Stud Layer,Non-bearing,1.4406 BTU/(ft²·°F),21.1904 (h·ft²·°F)/BTU,Unconnected,0' - 0",,Interior - 4 7/8" Partition (NR),,,26$5pwZTH4A8RTAK02gn25,,P02,8' - 0",,8.36 CF,0' - 4 7/8",
0.7,,3 SF,C1010145,Partitions - Drywall w/ Metal Stud,,L4,7' - 0",,,,1,Vertical,,,,,,,,,By Type,,Default,,,Basic Wall,Basic Wall: Interior - 4 7/8" Partition (NR),,NR,Interior,0.0472 BTU/(h·ft²·°F),,321qo6Jt58aRGW1V_sawDO,,,,3' - 7 1/4",,,,New Construction,None,,,,,3,Metal Stud Layer,Non-bearing,1.4406 BTU/(ft²·°F),21.1904 (h·ft²·°F)/BTU,Unconnected,0' - 0",,Interior - 4 7/8" Partition (NR),,,26$5pwZTH4A8RTAK02gn25,,P02,1' - 0",,1.30 CF,0' - 4 7/8",
0.7,,17 SF,C1010145,Partitions - Drywall w/ Metal Stud,,L5,0' - 0",,,,1,Vertical,,,,,,,,,By Type,,Default,,,Basic Wall,Basic Wall: Interior - 4 7/8" Partition (NR),,NR,Interior,0.0472 BTU/(h·ft²·°F),,321qo6Jt58aRGW1V_sawD0,,,,2' - 5 5/8",,,,New Construction,None,,,,,3,Metal Stud Layer,Non-bearing,1.4406 BTU/(ft²·°F),21.1904 (h·ft²·°F)/BTU,Unconnected,0' - 0",,Interior - 4 7/8" Partition (NR),,,26$5pwZTH4A8RTAK02gn25,,P02,8' - 0",,7.04 CF,0' - 4 7/8",
0.7,,78 SF,C1010145,Partitions - Drywall w/ Metal Stud,,L5,0' - 0",,,,1,Vertical,,,,,,,,,By Type,,Default,,,Basic Wall,Basic Wall: Interior - 7 1/4" Partition (NR),,NR,Interior,0.0287 BTU/(h·ft²·°F),,321qo6Jt58aRGW1V_sawD1,,,,9' - 9 15/16",,,,New Construction,None,,,,,3,Metal Stud Layer,Non-bearing,1.4441 BTU/(ft²·°F),34.8921 (h·ft²·°F)/BTU,Unconnected,0' - 0",,Interior - 7 1/4" Partition (NR),,,1kJXG9J_12CxJk83GXH3Vz,,P04,8' - 0",,47.02 CF,0' - 7 1/4",
0.7,,17 SF,C1010145,Partitions - Drywall w/ Metal Stud,,L5,0' - 0",,,,1,Vertical,,,,,,,,,By Type,,Default,,,Basic Wall,Basic Wall: Interior - 4 7/8" Partition (NR),,NR,Interior,0.0472 BTU/(h·ft²·°F),,321qo6Jt58aRGW1V_sawDE,,,,4' - 6 9/16",,,,New Construction,None,,,,,3,Metal Stud Layer,Non-bearing,1.4406 BTU/(ft²·°F),21.1904 (h·ft²·°F)/BTU,Unconnected,0' - 0",,Interior - 4 7/8" Partition (NR),,,26$5pwZTH4A8RTAK02gn25,,P02,8' - 0",,6.87 CF,0' - 4 7/8",
0.7,,18 SF,C1010145,Partitions - Drywall w/ Metal Stud,,L5,0' - 0",,,,1,Vertical,,,,,,,,,By Type,,Default,,,Basic Wall,Basic Wall: Interior - 4 7/8" Partition (NR),,NR,Interior,0.0472 BTU/(h·ft²·°F),,321qo6Jt58aRGW1V_sawDF,,,,2' - 3 5/8",,,,New Construction,None,,,,,3,Metal Stud Layer,Non-bearing,1.4406 BTU/(ft²·°F),21.1904 (h·ft²·°F)/BTU,Unconnected,0' - 0",,Interior - 4 7/8" Partition (NR),,,26$5pwZTH4A8RTAK02gn25,,P02,8' - 0",,7.48 CF,0' - 4 7/8",
0.7,,17 SF,C1010145,Partitions - Drywall w/ Metal Stud,,L5,0' - 0",,,,1,Vertical,,,,,,,,,By Type,,Default,,,Basic Wall,Basic Wall: Interior - 4 7/8" Partition (NR),,NR,Interior,0.0472 BTU/(h·ft²·°F),,321qo6Jt58aRGW1V_sawDC,,,,2' - 5 5/8",,,,New Construction,None,,,,,3,Metal Stud Layer,Non-bearing,1.4406 BTU/(ft²·°F),21.1904 (h·ft²·°F)/BTU,Unconnected,0' - 0",,Interior - 4 7/8" Partition (NR),,,26$5pwZTH4A8RTAK02gn25,,P02,8' - 0",,7.04 CF,0' - 4 7/8",
0.7,,17 SF,C1010145,Partitions - Drywall w/ Metal Stud,,L5,0' - 0",,,,1,Vertical,,,,,,,,,By Type,,Default,,,Basic Wall,Basic Wall: Interior - 4 7/8" Partition (NR),,NR,Interior,0.0472 BTU/(h·ft²·°F),,321qo6Jt58aRGW1V_sawDD,,,,2' - 2 7/16",,,,New Construction,None,,,,,3,Metal Stud Layer,Non-bearing,1.4406 BTU/(ft²·°F),21.1904 (h·ft²·°F)/BTU,Unconnected,0' - 0",,Interior - 4 7/8" Partition (NR),,,26$5pwZTH4A8RTAK02gn25,,P02,8' - 0",,6.84 CF,0' - 4 7/8",
0.7,,26 SF,C1010145,Partitions - Drywall w/ Metal Stud,,L5,0' - 0",,,,1,Vertical,,,,,,,,,By Type,,Default,,,Basic Wall,Basic Wall: Interior - 4 7/8" Partition (NR),,NR,Interior,0.0472 BTU/(h·ft²·°F),,321qo6Jt58aRGW1V_sawDA,,,,3' - 7 1/4",,,,New Construction,None,,,,,3,Metal Stud Layer,Non-bearing,1.4406 BTU/(ft²·°F),21.1904 (h·ft²·°F)/BTU,Unconnected,0' - 0",,Interior - 4 7/8" Partition (NR),,,26$5pwZTH4A8RTAK02gn25,,P02,8' - 0",,10.39 CF,0' - 4 7/8",
0.7,,17 SF,C1010145,Partitions - Drywall w/ Metal Stud,,L5,0' - 0",,,,1,Vertical,,,,,,,,,By Type,,Default,,,Basic Wall,Basic Wall: Interior - 4 7/8" Partition (NR),,NR,Interior,0.0472 BTU/(h·ft²·°F),,321qo6Jt58aRGW1V_sawDB,,,,2' - 5 5/8",,,,New Construction,None,,,,,3,Metal Stud Layer,Non-bearing,1.4406 BTU/(ft²·°F),21.1904 (h·ft²·°F)/BTU,Unconnected,0' - 0",,Interior - 4 7/8" Partition (NR),,,26$5pwZTH4A8RTAK02gn25,,P02,8' - 0",,7.04 CF,0' - 4 7/8",
0.7,,13 SF,B2010,Exterior Walls,,L5,0' - 0",,,,1,Vertical,,,,,,,,,By Type,,Default,,,Basic Wall,Basic Wall: Chase - GWB & Metal Stud 2 1/4",,,Soffit,6.9498 BTU/(h·ft²·°F),,321qo6Jt58aRGW1V_sawD8,,,,1' - 4 7/8",,,,New Construction,None,,,,,3,Metal Furring,Non-bearing,8.3257 BTU/(ft²·°F),0.1439 (h·ft²·°F)/BTU,Unconnected,0' - 0",,Chase - GWB & Metal Stud 2 1/4",,,3_kk4p4U1Bdg7XGdF3sGJo,,S01,8' - 0",,2.39 CF,0' - 2 1/4",
0.7,,19 SF,C1010145,Partitions - Drywall w/ Metal Stud,,L5,0' - 0",,,,1,Vertical,,,,,,,,,By Type,,Default,,,Basic Wall,Basic Wall: Interior - 4 7/8" Partition (NR),,NR,Interior,0.0472 BTU/(h·ft²·°F),,321qo6Jt58aRGW1V_sawD9,,,,2' - 7 5/8",,,,New Construction,None,,,,,3,Metal Stud Layer,Non-bearing,1.4406 BTU/(ft²·°F),21.1904 (h·ft²·°F)/BTU,Unconnected,0' - 0",,Interior - 4 7/8" Partition (NR),,,26$5pwZTH4A8RTAK02gn25,,P02,8' - 0",,7.58 CF,0' - 4 7/8",
0.7,,21 SF,C1010145,Partitions - Drywall w/ Metal Stud,,L5,0' - 0",,,,1,Vertical,,,,,,,,,By Type,,Default,,,Basic Wall,Basic Wall: Interior - 4 7/8" Partition (NR),,NR,Interior,0.0472 BTU/(h·ft²·°F),,321qo6Jt58aRGW1V_sawDt,,,,2' - 4 7/16",,,,New Construction,None,,,,,3,Metal Stud Layer,Non-bearing,1.4406 BTU/(ft²·°F),21.1904 (h·ft²·°F)/BTU,Unconnected,0' - 0",,Interior - 4 7/8" Partition (NR),,,26$5pwZTH4A8RTAK02gn25,,P02,8' - 0",,8.36 CF,0' - 4 7/8",
0.7,,3 SF,C1010145,Partitions - Drywall w/ Metal Stud,,L5,7' - 0",,,,1,Vertical,,,,,,,,,By Type,,Default,,,Basic Wall,Basic Wall: Interior - 4 7/8" Partition (NR),,NR,Interior,0.0472 BTU/(h·ft²·°F),,321qo6Jt58aRGW1V_sawDf,,,,3' - 7 1/4",,,,New Construction,None,,,,,3,Metal Stud Layer,Non-bearing,1.4406 BTU/(ft²·°F),21.1904 (h·ft²·°F)/BTU,Unconnected,0' - 0",,Interior - 4 7/8" Partition (NR),,,26$5pwZTH4A8RTAK02gn25,,P02,1' - 0",,1.30 CF,0' - 4 7/8",
0.7,,54 SF,C1010145,Partitions - Drywall w/ Metal Stud,,L3,0' - 0",,,,1,Vertical,,,,,,,,,By Type,,Default,,,Basic Wall,Basic Wall: Interior - 6 1/8" Partition (2-hr),,2 HR,Interior,0.0466 BTU/(h·ft²·°F),,321qo6Jt58aRGW1V_sawPp,,,,6' - 6 1/8",,,,New Construction,None,,,,,3,Metal Stud Layer,Non-bearing,2.8757 BTU/(ft²·°F),21.4678 (h·ft²·°F)/BTU,Up to level: L4,0' - 0",,Interior - 6 1/8" Partition (2-hr),,,1xZrMVYp52mhf4uMzw11Hp,,P06,13' - 4",,27.50 CF,0' - 6 1/8",
0.7,,47 SF,B2010,Exterior Walls,,Parking,0' - 0",,,,1,Vertical,,,,,,,,,By Type,,Default,,,Basic Wall,Basic Wall: Interior - CMU 8",,2 HR,Interior,1.1821 BTU/(h·ft²·°F),,3aJHYCIlHAIBfmGnzR8dfj,,,,7' - 10 1/2",,,,New Construction,None,,,,,3,Concrete Masonry Units,Non-bearing,14.3254 BTU/(ft²·°F),0.8460 (h·ft²·°F)/BTU,Up to level: L1 - Block 35,0' - 0",,Interior - CMU 8",,,3hI3j47xLFP97ZPHNL_W03,,P08,11' - 0",,29.61 CF,0' - 7 5/8",
0.7,,92 SF,B2010,Exterior Walls,,Parking,0' - 0",,,,1,Vertical,,,,,,,,,By Type,,Default,,,Basic Wall,Basic Wall: Interior - CMU 8",,2 HR,Interior,1.1821 BTU/(h·ft²·°F),,3aJHYCIlHAIBfmGnzR8dlO,,,,14' - 2 1/2",,,,New Construction,None,,,,,3,Concrete Masonry Units,Non-bearing,14.3254 BTU/(ft²·°F),0.8460 (h·ft²·°F)/BTU,Up to level: L1 - Block 35,0' - 0",,Interior - CMU 8",,,3hI3j47xLFP97ZPHNL_W03,,P08,11' - 0",,58.34 CF,0' - 7 5/8",
0.7,,103 SF,B2010,Exterior Walls,,Parking,0' - 0",,,,1,Vertical,,,,,,,,,By Type,,Default,,,Basic Wall,Basic Wall: Interior - CMU 8",,2 HR,Interior,1.1821 BTU/(h·ft²·°F),,3aJHYCIlHAIBfmGnzR8diu,,,,10' - 0 3/8",,,,New Construction,None,,,,,3,Concrete Masonry Units,Non-bearing,14.3254 BTU/(ft²·°F),0.8460 (h·ft²·°F)/BTU,Up to level: L1 - Block 35,0' - 0",,Interior - CMU 8",,,3hI3j47xLFP97ZPHNL_W03,,P08,11' - 0",,65.67 CF,0' - 7 5/8",
0.7,,222 SF,B2010,Exterior Walls,,Parking,0' - 0",,,,1,Vertical,,,,,,,,,By Type,,Default,,,Basic Wall,Basic Wall: Interior - CMU 8",,2 HR,Interior,1.1821 BTU/(h·ft²·°F),,3aJHYCIlHAIBfmGnzR8c1z,,,,16' - 4 15/16",,,,New Construction,None,,,,,3,Concrete Masonry Units,Non-bearing,14.3254 BTU/(ft²·°F),0.8460 (h·ft²·°F)/BTU,Up to level: L1 - Block 43,0' - 0",,Interior - CMU 8",,,3hI3j47xLFP97ZPHNL_W03,,P08,16' - 11",,140.80 CF,0' - 7 5/8",
0.7,,60 SF,C1010145,Partitions - Drywall w/ Metal Stud,,L2,0' - 0",,,,1,Vertical,,,,,,,,,By Type,,Default,,,Basic Wall,Basic Wall: Interior - 8 1/2" Partition (2-hr),,2 HR,Interior,0.0284 BTU/(h·ft²·°F),,3ZL7WePCX6muLjKss6X3jq,,,,6' - 7 9/16",,,,New Construction,None,,,,,3,Metal Stud Layer,Non-bearing,2.8793 BTU/(ft²·°F),35.1694 (h·ft²·°F)/BTU,Up to level: L3,0' - 0",,Interior - 8 1/2" Partition (2-hr),,,3Exf$uKEj6vBh5DuRp0arl,,P07,10' - 9",,42.65 CF,0' - 8 1/2",
0.7,,33 SF,C1010145,Partitions - Drywall w/ Metal Stud,,L2,0' - 0",,,,1,Vertical,,,,,,,,,By Type,,Default,,,Basic Wall,Basic Wall: Interior - 7 1/4" Partition (NR),,NR,Interior,0.0287 BTU/(h·ft²·°F),,1sqRaCGxn09vsPk5LktIqC,,,,4' - 4 7/16",,,,New Construction,None,,,,,3,Metal Stud Layer,Non-bearing,1.4441 BTU/(ft²·°F),34.8921 (h·ft²·°F)/BTU,Unconnected,0' - 0",,Interior - 7 1/4" Partition (NR),,,1kJXG9J_12CxJk83GXH3Vz,,P04,8' - 0",,19.89 CF,0' - 7 1/4",
0.7,,4 SF,C1010145,Partitions - Drywall w/ Metal Stud,,L2,7' - 0",,,,1,Vertical,,,,,,,,,By Type,,Default,,,Basic Wall,Basic Wall: Interior - 4 7/8" Partition (NR),,NR,Interior,0.0472 BTU/(h·ft²·°F),,1sqRaCGxn09vsPk5LktIpl,,,,4' - 4 7/16",,,,New Construction,None,,,,,3,Metal Stud Layer,Non-bearing,1.4406 BTU/(ft²·°F),21.1904 (h·ft²·°F)/BTU,Unconnected,0' - 0",,Interior - 4 7/8" Partition (NR),,,26$5pwZTH4A8RTAK02gn25,,P02,1' - 0",,1.55 CF,0' - 4 7/8",
0.7,,97 SF,C1010145,Partitions - Drywall w/ Metal Stud,,L2,0' - 0",,,,1,Vertical,,,,,,,,,By Type,,Default,,,Basic Wall,Basic Wall: Interior - 7 1/4" Partition (NR),,NR,Interior,0.0287 BTU/(h·ft²·°F),,1sqRaCGxn09vsPk5LktInD,,,,12' - 5 11/16",,,,New Construction,None,,,,,3,Metal Stud Layer,Non-bearing,1.4441 BTU/(ft²·°F),34.8921 (h·ft²·°F)/BTU,Unconnected,0' - 0",,Interior - 7 1/4" Partition (NR),,,1kJXG9J_12CxJk83GXH3Vz,,P04,8' - 0",,57.92 CF,0' - 7 1/4",
0.7,,19 SF,C1010145,Partitions - Drywall w/ Metal Stud,,L2,0' - 0",,,,1,Vertical,,,,,,,,,By Type,,Default,,,Basic Wall,Basic Wall: Interior - 4 7/8" Partition (NR),,NR,Interior,0.0472 BTU/(h·ft²·°F),,1sqRaCGxn09vsPk5LktInC,,,,2' - 8 3/8",,,,New Construction,None,,,,,3,Metal Stud Layer,Non-bearing,1.4406 BTU/(ft²·°F),21.1904 (h·ft²·°F)/BTU,Unconnected,0' - 0",,Interior - 4 7/8" Partition (NR),,,26$5pwZTH4A8RTAK02gn25,,P02,8' - 0",,7.79 CF,0' - 4 7/8",
0.7,,24 SF,C1010145,Partitions - Drywall w/ Metal Stud,,L2,0' - 0",,,,1,Vertical,,,,,,,,,By Type,,Default,,,Basic Wall,Basic Wall: Interior - 4 7/8" Partition (NR),,NR,Interior,0.0472 BTU/(h·ft²·°F),,1sqRaCGxn09vsPk5LktJVz,,,,3' - 4 1/4",,,,New Construction,None,,,,,3,Metal Stud Layer,Non-bearing,1.4406 BTU/(ft²·°F),21.1904 (h·ft²·°F)/BTU,Unconnected,0' - 0",,Interior - 4 7/8" Partition (NR),,,26$5pwZTH4A8RTAK02gn25,,P02,8' - 0",,9.75 CF,0' - 4 7/8",
0.7,,24 SF,C1010145,Partitions - Drywall w/ Metal Stud,,L2,0' - 0",,,,1,Vertical,,,,,,,,,By Type,,Default,,,Basic Wall,Basic Wall: Interior - 4 7/8" Partition (NR),,NR,Interior,0.0472 BTU/(h·ft²·°F),,1sqRaCGxn09vsPk5LktJVy,,,,3' - 4 1/4",,,,New Construction,None,,,,,3,Metal Stud Layer,Non-bearing,1.4406 BTU/(ft²·°F),21.1904 (h·ft²·°F)/BTU,Unconnected,0' - 0",,Interior - 4 7/8" Partition (NR),,,26$5pwZTH4A8RTAK02gn25,,P02,8' - 0",,9.75 CF,0' - 4 7/8",
0.7,,16 SF,C1010145,Partitions - Drywall w/ Metal Stud,,L2,0' - 0",,,,1,Vertical,,,,,,,,,By Type,,Default,,,Basic Wall,Basic Wall: Interior - 4 7/8" Partition (NR),,NR,Interior,0.0472 BTU/(h·ft²·°F),,1sqRaCGxn09vsPk5LktLAI,,,,5' - 4 7/16",,,,New Construction,None,,,,,3,Metal Stud Layer,Non-bearing,1.4406 BTU/(ft²·°F),21.1904 (h·ft²·°F)/BTU,Unconnected,0' - 0",,Interior - 4 7/8" Partition (NR),,,26$5pwZTH4A8RTAK02gn25,,P02,8' - 0",,6.55 CF,0' - 4 7/8",
0.7,,36 SF,C1010145,Partitions - Drywall w/ Metal Stud,,L2,0' - 0",,,,1,Vertical,,,,,,,,,By Type,,Default,,,Basic Wall,Basic Wall: Interior - 7 1/4" Partition (NR),,NR,Interior,0.0287 BTU/(h·ft²·°F),,1sqRaCGxn09vsPk5LktLJD,,,,4' - 6 1/2",,,,New Construction,None,,,,,3,Metal Stud Layer,Non-bearing,1.4441 BTU/(ft²·°F),34.8921 (h·ft²·°F)/BTU,Unconnected,0' - 0",,Interior - 7 1/4" Partition (NR),,,1kJXG9J_12CxJk83GXH3Vz,,P04,8' - 0",,21.70 CF,0' - 7 1/4",
0.7,,4 SF,B2010,Exterior Walls,,L2,7' - 0",,,,1,Vertical,,,,,,,,,By Type,,Default,,,Basic Wall,Basic Wall: Generic - 6",,,Exterior,,,1sqRaCGxn09vsPk5LktLJE,,,,4' - 6 1/2",,,,New Construction,None,,,,,3,<By Category>,Non-bearing,,,Unconnected,0' - 0",,Generic - 6",,,1xZrMVYp52mhf4uMzw11HW,,G04,1' - 0",,2.04 CF,0' - 6",
0.7,,17 SF,C1010145,Partitions - Drywall w/ Metal Stud,,L2,0' - 0",,,,1,Vertical,,,,,,,,,By Type,,Default,,,Basic Wall,Basic Wall: Interior - 4 7/8" Partition (NR),,NR,Interior,0.0472 BTU/(h·ft²·°F),,1sqRaCGxn09vsPk5LktLJ5,,,,2' - 1 3/8",,,,New Construction,None,,,,,3,Metal Stud Layer,Non-bearing,1.4406 BTU/(ft²·°F),21.1904 (h·ft²·°F)/BTU,Unconnected,0' - 0",,Interior - 4 7/8" Partition (NR),,,26$5pwZTH4A8RTAK02gn25,,P02,8' - 0",,6.70 CF,0' - 4 7/8",
0.7,,68 SF,C1010145,Partitions - Drywall w/ Metal Stud,,L2,0' - 0",,,,1,Vertical,,,,,,,,,By Type,,Default,,,Basic Wall,Basic Wall: Interior - 7 1/4" Partition (NR),,NR,Interior,0.0287 BTU/(h·ft²·°F),,1sqRaCGxn09vsPk5LktLWB,,,,8' - 9 7/8",,,,New Construction,None,,,,,3,Metal Stud Layer,Non-bearing,1.4441 BTU/(ft²·°F),34.8921 (h·ft²·°F)/BTU,Unconnected,0' - 0",,Interior - 7 1/4" Partition (NR),,,1kJXG9J_12CxJk83GXH3Vz,,P04,8' - 0",,41.18 CF,0' - 7 1/4",
0.7,,101 SF,C1010145,Partitions - Drywall w/ Metal Stud,,L2,0' - 0",,,,1,Vertical,,,,,,,,,By Type,,Default,,,Basic Wall,Basic Wall: Interior - 8 1/2" Partition (2-hr),,2 HR,Interior,0.0284 BTU/(h·ft²·°F),,1sqRaCGxn09vsPk5LktLjT,,,,9' - 8 7/8",,,,New Construction,None,,,,,3,Metal Stud Layer,Non-bearing,2.8793 BTU/(ft²·°F),35.1694 (h·ft²·°F)/BTU,Up to level: L3,-0' - 6",,Interior - 8 1/2" Partition (2-hr),,,3Exf$uKEj6vBh5DuRp0arl,,P07,10' - 3",,71.62 CF,0' - 8 1/2",
0.7,,23 SF,C1010145,Partitions - Drywall w/ Metal Stud,,L2,0' - 0",,,,1,Vertical,,,,,,,,,By Type,,Default,,,Basic Wall,Basic Wall: Interior - 4 7/8" Partition (NR),,NR,Interior,0.0472 BTU/(h·ft²·°F),,1sqRaCGxn09vsPk5LktLjU,,,,3' - 3 1/8",,,,New Construction,None,,,,,3,Metal Stud Layer,Non-bearing,1.4406 BTU/(ft²·°F),21.1904 (h·ft²·°F)/BTU,Unconnected,0' - 0",,Interior - 4 7/8" Partition (NR),,,26$5pwZTH4A8RTAK02gn25,,P02,8' - 0",,9.45 CF,0' - 4 7/8",
0.7,,149 SF,C1010145,Partitions - Drywall w/ Metal Stud,,L3,0' - 0",,,,1,Vertical,,,,,,,,,By Type,,Default,,,Basic Wall,Basic Wall: Interior - 4 7/8" Partition (NR),,NR,Interior,0.0472 BTU/(h·ft²·°F),,3kc6SqM9H57QHDXaSHOqNm,,,,14' - 1 15/16",,,,New Construction,None,,,,,3,Metal Stud Layer,Non-bearing,1.4406 BTU/(ft²·°F),21.1904 (h·ft²·°F)/BTU,Up to level: L4,-0' - 6",,Interior - 4 7/8" Partition (NR),,,26$5pwZTH4A8RTAK02gn25,,P02,12' - 10",,60.69 CF,0' - 4 7/8",
0.7,,1118 SF,B2010,Exterior Walls,,L3,0' - 0",,,,1,Vertical,,,,,,,,,By Type,,Default,,,Basic Wall,Basic Wall: Core - Concrete 12",,4 HR,Core-shaft,0.6044 BTU/(h·ft²·°F),,2gDGg7MA90nQHvffsvVnfP,,,,22' - 6",,,,New Construction,None,,,,,3,Concrete, Cast-in-Place gray,Non-bearing,22.5315 BTU/(ft²·°F),1.6546 (h·ft²·°F)/BTU,Up to level: Parapet 2,0' - 0",,Core - Concrete 12",,,2Rqwfi9uL0W9XTWzRAs_ER,,C02,52' - 0",,1117.72 CF,1' - 0",
0.7,,35 SF,C1010145,Partitions - Drywall w/ Metal Stud,,L2,0' - 0",,,,1,Vertical,,,,,,,,,By Type,,Default,,,Basic Wall,Basic Wall: Interior - 4 7/8" Partition (NR),,NR,Interior,0.0472 BTU/(h·ft²·°F),,2edGu3VRXAYQxyAyIU13Lm,,,,6' - 0",,,,New Construction,None,,,,,3,Metal Stud Layer,Non-bearing,1.4406 BTU/(ft²·°F),21.1904 (h·ft²·°F)/BTU,Up to level: L3,-0' - 6",,Interior - 4 7/8" Partition (NR),,,26$5pwZTH4A8RTAK02gn25,,P02,10' - 3",,14.12 CF,0' - 4 7/8",
0.7,,83 SF,C1010145,Partitions - Drywall w/ Metal Stud,,R2,0' - 0",,,,1,Vertical,,,,,,,,,By Type,,Default,,,Basic Wall,Basic Wall: Interior - 7 1/4" Partition (NR),,NR,Interior,0.0287 BTU/(h·ft²·°F),,2DrlDkmyDFLerHNnIG0pjB,,,,9' - 1 1/2",,,,New Construction,None,,,,,3,Metal Stud Layer,Non-bearing,1.4441 BTU/(ft²·°F),34.8921 (h·ft²·°F)/BTU,Up to level: R3,0' - 0",,Interior - 7 1/4" Partition (NR),,,1kJXG9J_12CxJk83GXH3Vz,,P04,10' - 0",,49.97 CF,0' - 7 1/4",
0.7,,83 SF,C1010145,Partitions - Drywall w/ Metal Stud,,R2,0' - 0",,,,1,Vertical,,,,,,,,,By Type,,Default,,,Basic Wall,Basic Wall: Interior - 4 7/8" Partition (NR),,NR,Interior,0.0472 BTU/(h·ft²·°F),,2DrlDkmyDFLerHNnIG0pkq,,,,9' - 1 1/2",,,,New Construction,None,,,,,3,Metal Stud Layer,Non-bearing,1.4406 BTU/(ft²·°F),21.1904 (h·ft²·°F)/BTU,Up to level: R3,0' - 0",,Interior - 4 7/8" Partition (NR),,,26$5pwZTH4A8RTAK02gn25,,P02,10' - 0",,33.60 CF,0' - 4 7/8",
0.7,,96 SF,B2010158,Ext. Wall - Brick Veneer w/ Stud,,R2,0' - 0",,,,1,Vertical,,,,,,,,,By Type,,Default,,,Basic Wall,Basic Wall: Exterior - 10 1/4" Rainscreen w Insultation on Metal Stud,,2 HR,Exterior,0.0304 BTU/(h·ft²·°F),,2DrlDkmyDFLerHNnIG0pbC,,,,8' - 0 7/8",,,,New Construction,None,,,,,3,,Non-bearing,14.9970 BTU/(ft²·°F),32.9206 (h·ft²·°F)/BTU,Up to level: Parapet 2,0' - 0",,Exterior - 10 1/4" Rainscreen w Insultation on Metal Stud,,,2_V46gFRv1gwDUl815bqYC,,X03,12' - 0",,78.77 CF,0' - 10 1/4",
0.7,,112 SF,B2010158,Ext. Wall - Brick Veneer w/ Stud,,R2,0' - 0",,,,1,Vertical,,,,,,,,,By Type,,Default,,,Basic Wall,Basic Wall: Exterior - 10 1/4" Rainscreen w Insultation on Metal Stud,,2 HR,Exterior,0.0304 BTU/(h·ft²·°F),,2DrlDkmyDFLerHNnIG0paV,,,,17' - 0 3/4",,,,New Construction,None,,,,,3,,Non-bearing,14.9970 BTU/(ft²·°F),32.9206 (h·ft²·°F)/BTU,Up to level: Parapet 2,0' - 0",,Exterior - 10 1/4" Rainscreen w Insultation on Metal Stud,,,2_V46gFRv1gwDUl815bqYC,,X03,12' - 0",,95.55 CF,0' - 10 1/4",
0.7,,85 SF,B2010158,Ext. Wall - Brick Veneer w/ Stud,,R2,0' - 0",,,,1,Vertical,,,,,,,,,By Type,,Default,,,Basic Wall,Basic Wall: Exterior - 10 1/4" Rainscreen w Insultation on Metal Stud,,2 HR,Exterior,0.0304 BTU/(h·ft²·°F),,2DrlDkmyDFLerHNnIG0pdm,,,,8' - 0 7/8",,,,New Construction,None,,,,,3,,Non-bearing,14.9970 BTU/(ft²·°F),32.9206 (h·ft²·°F)/BTU,Up to level: Parapet 2,0' - 0",,Exterior - 10 1/4" Rainscreen w Insultation on Metal Stud,,,2_V46gFRv1gwDUl815bqYC,,X03,12' - 0",,70.38 CF,0' - 10 1/4",
0.7,,17 SF,C1010145,Partitions - Drywall w/ Metal Stud,,L4,0' - 0",,,,1,Vertical,,,,,,,,,By Type,,Default,,,Basic Wall,Basic Wall: Interior - 4 7/8" Partition (NR),,NR,Interior,0.0472 BTU/(h·ft²·°F),,2DrlDkmyDFLerHNnIG0pSW,,,,2' - 4 5/8",,,,New Construction,None,,,,,3,Metal Stud Layer,Non-bearing,1.4406 BTU/(ft²·°F),21.1904 (h·ft²·°F)/BTU,Unconnected,0' - 0",,Interior - 4 7/8" Partition (NR),,,26$5pwZTH4A8RTAK02gn25,,P02,8' - 0",,6.77 CF,0' - 4 7/8",
0.7,,64 SF,C1010145,Partitions - Drywall w/ Metal Stud,,L4,0' - 0",,,,1,Vertical,,,,,,,,,By Type,,Default,,,Basic Wall,Basic Wall: Interior - 7 1/4" Partition (NR),,NR,Interior,0.0287 BTU/(h·ft²·°F),,2DrlDkmyDFLerHNnIG0pSU,,,,8' - 3 15/16",,,,New Construction,None,,,,,3,Metal Stud Layer,Non-bearing,1.4441 BTU/(ft²·°F),34.8921 (h·ft²·°F)/BTU,Unconnected,0' - 0",,Interior - 7 1/4" Partition (NR),,,1kJXG9J_12CxJk83GXH3Vz,,P04,8' - 0",,38.79 CF,0' - 7 1/4",
0.7,,17 SF,C1010145,Partitions - Drywall w/ Metal Stud,,L4,0' - 0",,,,1,Vertical,,,,,,,,,By Type,,Default,,,Basic Wall,Basic Wall: Interior - 4 7/8" Partition (NR),,NR,Interior,0.0472 BTU/(h·ft²·°F),,2DrlDkmyDFLerHNnIG0pSV,,,,2' - 6",,,,New Construction,None,,,,,3,Metal Stud Layer,Non-bearing,1.4406 BTU/(ft²·°F),21.1904 (h·ft²·°F)/BTU,Unconnected,0' - 0",,Interior - 4 7/8" Partition (NR),,,26$5pwZTH4A8RTAK02gn25,,P02,8' - 0",,6.80 CF,0' - 4 7/8",
0.7,,42 SF,C1010145,Partitions - Drywall w/ Metal Stud,,L4,0' - 0",,,,1,Vertical,,,,,,,,,By Type,,Default,,,Basic Wall,Basic Wall: Interior - 4 7/8" Partition (NR),,NR,Interior,0.0472 BTU/(h·ft²·°F),,2DrlDkmyDFLerHNnIG0pST,,,,8' - 11 15/16",,,,New Construction,None,,,,,3,Metal Stud Layer,Non-bearing,1.4406 BTU/(ft²·°F),21.1904 (h·ft²·°F)/BTU,Unconnected,0' - 0",,Interior - 4 7/8" Partition (NR),,,26$5pwZTH4A8RTAK02gn25,,P02,8' - 0",,16.84 CF,0' - 4 7/8",
0.7,,29 SF,C1010145,Partitions - Drywall w/ Metal Stud,,L4,0' - 0",,,,1,Vertical,,,,,,,,,By Type,,Default,,,Basic Wall,Basic Wall: Interior - 4 7/8" Partition (NR),,NR,Interior,0.0472 BTU/(h·ft²·°F),,2DrlDkmyDFLerHNnIG0pSQ,,,,3' - 6 1/16",,,,New Construction,None,,,,,3,Metal Stud Layer,Non-bearing,1.4406 BTU/(ft²·°F),21.1904 (h·ft²·°F)/BTU,Unconnected,0' - 0",,Interior - 4 7/8" Partition (NR),,,26$5pwZTH4A8RTAK02gn25,,P02,8' - 0",,11.71 CF,0' - 4 7/8",
0.7,,17 SF,C1010145,Partitions - Drywall w/ Metal Stud,,L4,0' - 0",,,,1,Vertical,,,,,,,,,By Type,,Default,,,Basic Wall,Basic Wall: Interior - 4 7/8" Partition (NR),,NR,Interior,0.0472 BTU/(h·ft²·°F),,2DrlDkmyDFLerHNnIG0pSR,,,,2' - 5 5/8",,,,New Construction,None,,,,,3,Metal Stud Layer,Non-bearing,1.4406 BTU/(ft²·°F),21.1904 (h·ft²·°F)/BTU,Unconnected,0' - 0",,Interior - 4 7/8" Partition (NR),,,26$5pwZTH4A8RTAK02gn25,,P02,8' - 0",,7.04 CF,0' - 4 7/8",
0.7,,21 SF,C1010145,Partitions - Drywall w/ Metal Stud,,L4,0' - 0",,,,1,Vertical,,,,,,,,,By Type,,Default,,,Basic Wall,Basic Wall: Interior - 4 7/8" Partition (NR),,NR,Interior,0.0472 BTU/(h·ft²·°F),,2DrlDkmyDFLerHNnIG0pSN,,,,2' - 4 7/16",,,,New Construction,None,,,,,3,Metal Stud Layer,Non-bearing,1.4406 BTU/(ft²·°F),21.1904 (h·ft²·°F)/BTU,Unconnected,0' - 0",,Interior - 4 7/8" Partition (NR),,,26$5pwZTH4A8RTAK02gn25,,P02,8' - 0",,8.36 CF,0' - 4 7/8",
0.7,,3 SF,C1010145,Partitions - Drywall w/ Metal Stud,,L4,7' - 0",,,,1,Vertical,,,,,,,,,By Type,,Default,,,Basic Wall,Basic Wall: Interior - 4 7/8" Partition (NR),,NR,Interior,0.0472 BTU/(h·ft²·°F),,2DrlDkmyDFLerHNnIG0pVv,,,,3' - 7 1/4",,,,New Construction,None,,,,,3,Metal Stud Layer,Non-bearing,1.4406 BTU/(ft²·°F),21.1904 (h·ft²·°F)/BTU,Unconnected,0' - 0",,Interior - 4 7/8" Partition (NR),,,26$5pwZTH4A8RTAK02gn25,,P02,1' - 0",,1.30 CF,0' - 4 7/8",
0.7,,78 SF,C1010145,Partitions - Drywall w/ Metal Stud,,L4,0' - 0",,,,1,Vertical,,,,,,,,,By Type,,Default,,,Basic Wall,Basic Wall: Interior - 7 1/4" Partition (NR),,NR,Interior,0.0287 BTU/(h·ft²·°F),,2DrlDkmyDFLerHNnIG0pI6,,,,9' - 9 15/16",,,,New Construction,None,,,,,3,Metal Stud Layer,Non-bearing,1.4441 BTU/(ft²·°F),34.8921 (h·ft²·°F)/BTU,Unconnected,0' - 0",,Interior - 7 1/4" Partition (NR),,,1kJXG9J_12CxJk83GXH3Vz,,P04,8' - 0",,47.02 CF,0' - 7 1/4",
0.7,,17 SF,C1010145,Partitions - Drywall w/ Metal Stud,,L4,0' - 0",,,,1,Vertical,,,,,,,,,By Type,,Default,,,Basic Wall,Basic Wall: Interior - 4 7/8" Partition (NR),,NR,Interior,0.0472 BTU/(h·ft²·°F),,2DrlDkmyDFLerHNnIG0pI7,,,,2' - 4 5/8",,,,New Construction,None,,,,,3,Metal Stud Layer,Non-bearing,1.4406 BTU/(ft²·°F),21.1904 (h·ft²·°F)/BTU,Unconnected,0' - 0",,Interior - 4 7/8" Partition (NR),,,26$5pwZTH4A8RTAK02gn25,,P02,8' - 0",,6.77 CF,0' - 4 7/8",
0.7,,20 SF,C1010145,Partitions - Drywall w/ Metal Stud,,L4,0' - 0",,,,1,Vertical,,,,,,,,,By Type,,Default,,,Basic Wall,Basic Wall: Interior - 4 7/8" Partition (NR),,NR,Interior,0.0472 BTU/(h·ft²·°F),,2DrlDkmyDFLerHNnIG0pI4,,,,2' - 9 5/8",,,,New Construction,None,,,,,3,Metal Stud Layer,Non-bearing,1.4406 BTU/(ft²·°F),21.1904 (h·ft²·°F)/BTU,Unconnected,0' - 0",,Interior - 4 7/8" Partition (NR),,,26$5pwZTH4A8RTAK02gn25,,P02,8' - 0",,8.13 CF,0' - 4 7/8",
0.7,,203 SF,C1010145,Partitions - Drywall w/ Metal Stud,,L5,-0' - 6",,,,1,Vertical,,,,,,,,,By Type,,Default,,,Basic Wall,Basic Wall: Interior - 8 1/2" Partition (2-hr),,2 HR,Interior,0.0284 BTU/(h·ft²·°F),,2DrlDkmyDFLerHNnIG0ojI,,,,23' - 10",,,,New Construction,None,,,,,3,Metal Stud Layer,Non-bearing,2.8793 BTU/(ft²·°F),35.1694 (h·ft²·°F)/BTU,Up to level: R1,1' - 2 1/2",,Interior - 8 1/2" Partition (2-hr),,,3Exf$uKEj6vBh5DuRp0arl,,P07,8' - 10 1/2",,143.29 CF,0' - 8 1/2",
0.7,,337 SF,A1010200,Foundation Walls,,Parking,-0' - 6",,,,1,Vertical,,,,,,,,,By Type,,Default,,,Basic Wall,Basic Wall: Foundation - 24" Concrete,,4 HR,Foundation,0.3022 BTU/(h·ft²·°F),,18SmciEl5FgwUxcp2ZdVQp,,,,20' - 6 27/32",,,,New Construction,None,,,,,3,Concrete, Cast-in-Place gray,Non-bearing,45.0630 BTU/(ft²·°F),3.3092 (h·ft²·°F)/BTU,Up to level: L1 - Block 43,0' - 0",,Foundation - 24" Concrete,,,2Rqwfi9uL0W9XTWzRAs_6e,,C04,17' - 5",,671.66 CF,2' - 0",
0.7,,357 SF,B2010,Exterior Walls,,Parking,-0' - 6",,,,1,Vertical,,,,,,,,,By Type,,Default,,,Basic Wall,Basic Wall: Core - Concrete 18",,4 HR,Core-shaft,0.4029 BTU/(h·ft²·°F),,31rKK5OS94d9cPXIYeNUQ1,,,,23' - 9 1/2",,,,New Construction,None,,,,,3,Concrete, Cast-in-Place gray,Non-bearing,33.7973 BTU/(ft²·°F),2.4819 (h·ft²·°F)/BTU,Up to level: L1 - Block 37,0' - 0",,Core - Concrete 18",,,2Rqwfi9uL0W9XTWzRAs_GX,,C03,13' - 11 1/2",,534.78 CF,1' - 6",
0.7,,357 SF,B2010,Exterior Walls,,Parking,-0' - 6",,,,1,Vertical,,,,,,,,,By Type,,Default,,,Basic Wall,Basic Wall: Core - Concrete 12",,4 HR,Core-shaft,0.6044 BTU/(h·ft²·°F),,31rKK5OS94d9cPXIYeNUQ2,,,,23' - 9 1/2",,,,New Construction,None,,,,,3,Concrete, Cast-in-Place gray,Non-bearing,22.5315 BTU/(ft²·°F),1.6546 (h·ft²·°F)/BTU,Up to level: L1 - Block 37,0' - 0",,Core - Concrete 12",,,2Rqwfi9uL0W9XTWzRAs_ER,,C02,13' - 11 1/2",,356.52 CF,1' - 0",
0.7,,90 SF,B2010,Exterior Walls,,L1 - Block 37,0' - 0",,,,1,Vertical,,,,,,,,,By Type,,Default,,,Basic Wall,Basic Wall: Core - Concrete 12",,4 HR,Core-shaft,0.6044 BTU/(h·ft²·°F),,31rKK5OS94d9cPXIYeNUQS,,,,7' - 0 5/16",,,,New Construction,None,,,,,3,Concrete, Cast-in-Place gray,Non-bearing,22.5315 BTU/(ft²·°F),1.6546 (h·ft²·°F)/BTU,Up to level: L2,0' - 0",,Core - Concrete 12",,,2Rqwfi9uL0W9XTWzRAs_ER,,C02,11' - 6 1/2",,90.29 CF,1' - 0",
0.7,,191 SF,B2010,Exterior Walls,,L1 - Block 37,0' - 0",,,,1,Vertical,,,,,,,,,By Type,,Default,,,Basic Wall,Basic Wall: Core - Concrete 12",,4 HR,Core-shaft,0.6044 BTU/(h·ft²·°F),,31rKK5OS94d9cPXIYeNUQT,,,,17' - 0 1/2",,,,New Construction,None,,,,,3,Concrete, Cast-in-Place gray,Non-bearing,22.5315 BTU/(ft²·°F),1.6546 (h·ft²·°F)/BTU,Up to level: L2,0' - 0",,Core - Concrete 12",,,2Rqwfi9uL0W9XTWzRAs_ER,,C02,11' - 6 1/2",,190.92 CF,1' - 0",
0.7,,87 SF,B2010,Exterior Walls,,L1 - Block 37,0' - 0",,,,1,Vertical,,,,,,,,,By Type,,Default,,,Basic Wall,Basic Wall: Core - Concrete 12",,4 HR,Core-shaft,0.6044 BTU/(h·ft²·°F),,31rKK5OS94d9cPXIYeNUQH,,,,7' - 0",,,,New Construction,None,,,,,3,Concrete, Cast-in-Place gray,Non-bearing,22.5315 BTU/(ft²·°F),1.6546 (h·ft²·°F)/BTU,Up to level: L2,0' - 0",,Core - Concrete 12",,,2Rqwfi9uL0W9XTWzRAs_ER,,C02,11' - 6 1/2",,86.56 CF,1' - 0",
0.7,,1412 SF,B2010,Exterior Walls,,L2,0' - 0",,,,1,Vertical,,,,,,,,,By Type,,Default,,,Basic Wall,Basic Wall: Core - Concrete 12",,4 HR,Core-shaft,0.6044 BTU/(h·ft²·°F),,31rKK5OS94d9cPXIYeNUQK,,,,23' - 0",,,,New Construction,None,,,,,3,Concrete, Cast-in-Place gray,Non-bearing,22.5315 BTU/(ft²·°F),1.6546 (h·ft²·°F)/BTU,Up to level: Parapet 2,0' - 0",,Core - Concrete 12",,,2Rqwfi9uL0W9XTWzRAs_ER,,C02,62' - 9",,1411.60 CF,1' - 0",
0.7,,556 SF,B2010,Exterior Walls,,L1 - Block 37,0' - 0",,,,1,Vertical,,,,,,,,,By Type,,Default,,,Basic Wall,Basic Wall: Core - Concrete 12",,4 HR,Core-shaft,0.6044 BTU/(h·ft²·°F),,31rKK5OS94d9cPXIYeNUhO,,,,10' - 0 1/16",,,,New Construction,None,,,,,3,Concrete, Cast-in-Place gray,Non-bearing,22.5315 BTU/(ft²·°F),1.6546 (h·ft²·°F)/BTU,Up to level: Parapet 2,0' - 0",,Core - Concrete 12",,,2Rqwfi9uL0W9XTWzRAs_ER,,C02,74' - 3 1/2",,555.68 CF,1' - 0",
0.7,,331 SF,C1010145,Partitions - Drywall w/ Metal Stud,,L1 - Block 37,0' - 0",,,,1,Vertical,,,,,,,,,By Type,,Default,,,Basic Wall,Basic Wall: Interior - 6 1/8" Partition (2-hr),,2 HR,Interior,0.0466 BTU/(h·ft²·°F),,3k0mOVrxHEQhEN_aJoHyjV,,,,5' - 7 1/16",,,,New Construction,None,,,,,3,Metal Stud Layer,Non-bearing,2.8757 BTU/(ft²·°F),21.4678 (h·ft²·°F)/BTU,Up to level: R2,-0' - 6",,Interior - 6 1/8" Partition (2-hr),,,1xZrMVYp52mhf4uMzw11Hp,,P06,61' - 9 1/2",,168.87 CF,0' - 6 1/8",
0.7,,611 SF,C1010145,Partitions - Drywall w/ Metal Stud,,L1 - Block 37,0' - 0",,,,1,Vertical,,,,,,,,,By Type,,Default,,,Basic Wall,Basic Wall: Interior - 6 1/8" Partition (2-hr),,2 HR,Interior,0.0466 BTU/(h·ft²·°F),,3k0mOVrxHEQhEN_aJoHyYh,,,,9' - 11",,,,New Construction,None,,,,,3,Metal Stud Layer,Non-bearing,2.8757 BTU/(ft²·°F),21.4678 (h·ft²·°F)/BTU,Up to level: R2,-0' - 6",,Interior - 6 1/8" Partition (2-hr),,,1xZrMVYp52mhf4uMzw11Hp,,P06,61' - 9 1/2",,311.72 CF,0' - 6 1/8",
0.7,,62 SF,C1010145,Partitions - Drywall w/ Metal Stud,,L1 - Block 37,0' - 0",,,,1,Vertical,,,,,,,,,By Type,,Default,,,Basic Wall,Basic Wall: Interior - 6 1/8" Partition (2-hr),,2 HR,Interior,0.0466 BTU/(h·ft²·°F),,3k0mOVrxHEQhEN_aJoHyYK,,,,5' - 10 3/4",,,,New Construction,None,,,,,3,Metal Stud Layer,Non-bearing,2.8757 BTU/(ft²·°F),21.4678 (h·ft²·°F)/BTU,Up to level: L2,-0' - 6",,Interior - 6 1/8" Partition (2-hr),,,1xZrMVYp52mhf4uMzw11Hp,,P06,11' - 0 1/2",,31.43 CF,0' - 6 1/8",
0.7,,306 SF,C1010145,Partitions - Drywall w/ Metal Stud,,L1 - Block 37,0' - 0",,,,1,Vertical,,,,,,,,,By Type,,Default,,,Basic Wall,Basic Wall: Interior - 6 1/8" Partition (2-hr),,2 HR,Interior,0.0466 BTU/(h·ft²·°F),,3k0mOVrxHEQhEN_aJoHyua,,,,5' - 2 1/8",,,,New Construction,None,,,,,3,Metal Stud Layer,Non-bearing,2.8757 BTU/(ft²·°F),21.4678 (h·ft²·°F)/BTU,Up to level: R2,-0' - 6",,Interior - 6 1/8" Partition (2-hr),,,1xZrMVYp52mhf4uMzw11Hp,,P06,61' - 9 1/2",,153.14 CF,0' - 6 1/8",
0.7,,269 SF,C1010145,Partitions - Drywall w/ Metal Stud,,L1 - Block 37,8' - 0",,,,1,Vertical,,,,,,,,,By Type,,Default,,,Basic Wall,Basic Wall: Interior - 6 1/8" Partition (2-hr),,2 HR,Interior,0.0466 BTU/(h·ft²·°F),,3k0mOVrxHEQhEN_aJoHyvg,,,,5' - 8 1/16",,,,New Construction,None,,,,,3,Metal Stud Layer,Non-bearing,2.8757 BTU/(ft²·°F),21.4678 (h·ft²·°F)/BTU,Up to level: R2,-0' - 6",,Interior - 6 1/8" Partition (2-hr),,,1xZrMVYp52mhf4uMzw11Hp,,P06,53' - 9 1/2",,137.28 CF,0' - 6 1/8",
0.7,,35 SF,B2010158,Ext. Wall - Brick Veneer w/ Stud,,R2,0' - 0",,,,1,Vertical,,,,,,,,,By Type,,Default,,,Basic Wall,Basic Wall: Exterior - 10 1/4" Rainscreen w Insultation on Metal Stud,,2 HR,Exterior,0.0304 BTU/(h·ft²·°F),,3k0mOVrxHEQhEN_aJoHy_D,,,,5' - 9 7/8",,,,New Construction,None,,,,,3,,Non-bearing,14.9970 BTU/(ft²·°F),32.9206 (h·ft²·°F)/BTU,Up to level: Parapet 2,0' - 0",,Exterior - 10 1/4" Rainscreen w Insultation on Metal Stud,,,2_V46gFRv1gwDUl815bqYC,,X03,12' - 0",,30.16 CF,0' - 10 1/4",
0.7,,39 SF,B2010158,Ext. Wall - Brick Veneer w/ Stud,,R2,0' - 0",,,,1,Vertical,,,,,,,,,By Type,,Default,,,Basic Wall,Basic Wall: Exterior - 10 1/4" Rainscreen w Insultation on Metal Stud,,2 HR,Exterior,0.0304 BTU/(h·ft²·°F),,3k0mOVrxHEQhEN_aJoHyzZ,,,,5' - 8 1/4",,,,New Construction,None,,,,,3,,Non-bearing,14.9970 BTU/(ft²·°F),32.9206 (h·ft²·°F)/BTU,Up to level: Parapet 2,0' - 0",,Exterior - 10 1/4" Rainscreen w Insultation on Metal Stud,,,2_V46gFRv1gwDUl815bqYC,,X03,12' - 0",,33.04 CF,0' - 10 1/4",
0.7,,135 SF,C1010145,Partitions - Drywall w/ Metal Stud,,L1 - Block 37,0' - 0",,,,1,Vertical,,,,,,,,,By Type,,Default,,,Basic Wall,Basic Wall: Interior - 6 1/8" Partition (2-hr),,2 HR,Interior,0.0466 BTU/(h·ft²·°F),,3k0mOVrxHEQhEN_aJoHzDX,,,,12' - 6 7/8",,,,New Construction,None,,,,,3,Metal Stud Layer,Non-bearing,2.8757 BTU/(ft²·°F),21.4678 (h·ft²·°F)/BTU,Up to level: L2,-0' - 6",,Interior - 6 1/8" Partition (2-hr),,,1xZrMVYp52mhf4uMzw11Hp,,P06,11' - 0 1/2",,69.02 CF,0' - 6 1/8",
0.7,,84 SF,B2010,Exterior Walls,,Parking,-0' - 6",,,,1,Vertical,,,,,,,,,By Type,,Default,,,Basic Wall,Basic Wall: Core - Concrete 18",,4 HR,Core-shaft,0.4029 BTU/(h·ft²·°F),,3ILb7oItT50eCRbCAAdIRS,,,,9' - 7 1/2",,,,New Construction,None,,,,,3,Concrete, Cast-in-Place gray,Non-bearing,33.7973 BTU/(ft²·°F),2.4819 (h·ft²·°F)/BTU,Up to level: L1 - Block 37,0' - 0",,Core - Concrete 18",,,2Rqwfi9uL0W9XTWzRAs_GX,,C03,13' - 11 1/2",,126.12 CF,1' - 6",
0.7,,93 SF,C1010145,Partitions - Drywall w/ Metal Stud,,L2,0' - 0",,,,1,Vertical,,,,,,,,,By Type,,Default,,,Basic Wall,Basic Wall: Interior - 8 1/2" Partition (2-hr),,2 HR,Interior,0.0284 BTU/(h·ft²·°F),,3ILb7oItT50eCRbCAAdIGK,,,,9' - 6 7/8",,,,New Construction,None,,,,,3,Metal Stud Layer,Non-bearing,2.8793 BTU/(ft²·°F),35.1694 (h·ft²·°F)/BTU,Up to level: L3,-0' - 6",,Interior - 8 1/2" Partition (2-hr),,,3Exf$uKEj6vBh5DuRp0arl,,P07,10' - 3",,65.64 CF,0' - 8 1/2",
0.7,,161 SF,C1010145,Partitions - Drywall w/ Metal Stud,,L2,0' - 0",,,,1,Vertical,,,,,,,,,By Type,,Default,,,Basic Wall,Basic Wall: Interior - 4 7/8" Partition (NR),,NR,Interior,0.0472 BTU/(h·ft²·°F),,3ILb7oItT50eCRbCAAdIIQ,,,,16' - 1",,,,New Construction,None,,,,,3,Metal Stud Layer,Non-bearing,1.4406 BTU/(ft²·°F),21.1904 (h·ft²·°F)/BTU,Up to level: L3,-0' - 6",,Interior - 4 7/8" Partition (NR),,,26$5pwZTH4A8RTAK02gn25,,P02,10' - 3",,65.23 CF,0' - 4 7/8",
0.7,,33 SF,C1010145,Partitions - Drywall w/ Metal Stud,,L2,0' - 0",,,,1,Vertical,,,,,,,,,By Type,,Default,,,Basic Wall,Basic Wall: Interior - 4 7/8" Partition (NR),,NR,Interior,0.0472 BTU/(h·ft²·°F),,3ILb7oItT50eCRbCAAdII_,,,,4' - 0 3/8",,,,New Construction,None,,,,,3,Metal Stud Layer,Non-bearing,1.4406 BTU/(ft²·°F),21.1904 (h·ft²·°F)/BTU,Up to level: L3,-0' - 6",,Interior - 4 7/8" Partition (NR),,,26$5pwZTH4A8RTAK02gn25,,P02,10' - 3",,13.40 CF,0' - 4 7/8",
0.7,,124 SF,C1010145,Partitions - Drywall w/ Metal Stud,,L3,0' - 0",,,,1,Vertical,,,,,,,,,By Type,,Default,,,Basic Wall,Basic Wall: Interior - 7 1/4" Partition (NR),,NR,Interior,0.0287 BTU/(h·ft²·°F),,3ILb7oItT50eCRbCAAdIMU,,,,9' - 7 1/2",,,,New Construction,None,,,,,3,Metal Stud Layer,Non-bearing,1.4441 BTU/(ft²·°F),34.8921 (h·ft²·°F)/BTU,Up to level: L4,-0' - 6",,Interior - 7 1/4" Partition (NR),,,1kJXG9J_12CxJk83GXH3Vz,,P04,12' - 10",,75.19 CF,0' - 7 1/4",
0.7,,40 SF,C1010145,Partitions - Drywall w/ Metal Stud,,L3,0' - 0",,,,1,Vertical,,,,,,,,,By Type,,Default,,,Basic Wall,Basic Wall: Interior - 4 7/8" Partition (NR),,NR,Interior,0.0472 BTU/(h·ft²·°F),,3ILb7oItT50eCRbCAAdIMT,,,,3' - 10 9/16",,,,New Construction,None,,,,,3,Metal Stud Layer,Non-bearing,1.4406 BTU/(ft²·°F),21.1904 (h·ft²·°F)/BTU,Up to level: L4,-0' - 6",,Interior - 4 7/8" Partition (NR),,,26$5pwZTH4A8RTAK02gn25,,P02,12' - 10",,16.10 CF,0' - 4 7/8",
0.7,,124 SF,C1010145,Partitions - Drywall w/ Metal Stud,,L4,0' - 0",,,,1,Vertical,,,,,,,,,By Type,,Default,,,Basic Wall,Basic Wall: Interior - 7 1/4" Partition (NR),,NR,Interior,0.0287 BTU/(h·ft²·°F),,3ILb7oItT50eCRbCAAdINK,,,,9' - 7 1/2",,,,New Construction,None,,,,,3,Metal Stud Layer,Non-bearing,1.4441 BTU/(ft²·°F),34.8921 (h·ft²·°F)/BTU,Up to level: L5,-0' - 6",,Interior - 7 1/4" Partition (NR),,,1kJXG9J_12CxJk83GXH3Vz,,P04,12' - 10",,75.19 CF,0' - 7 1/4",
0.7,,40 SF,C1010145,Partitions - Drywall w/ Metal Stud,,L4,0' - 0",,,,1,Vertical,,,,,,,,,By Type,,Default,,,Basic Wall,Basic Wall: Interior - 4 7/8" Partition (NR),,NR,Interior,0.0472 BTU/(h·ft²·°F),,3ILb7oItT50eCRbCAAdINR,,,,3' - 10 9/16",,,,New Construction,None,,,,,3,Metal Stud Layer,Non-bearing,1.4406 BTU/(ft²·°F),21.1904 (h·ft²·°F)/BTU,Up to level: L5,-0' - 6",,Interior - 4 7/8" Partition (NR),,,26$5pwZTH4A8RTAK02gn25,,P02,12' - 10",,16.10 CF,0' - 4 7/8",
0.7,,76 SF,C1010145,Partitions - Drywall w/ Metal Stud,,L5,0' - 0",,,,1,Vertical,,,,,,,,,By Type,,Default,,,Basic Wall,Basic Wall: Interior - 7 1/4" Partition (NR),,NR,Interior,0.0287 BTU/(h·ft²·°F),,3ILb7oItT50eCRbCAAdINi,,,,9' - 4 1/16",,,,New Construction,None,,,,,3,Metal Stud Layer,Non-bearing,1.4441 BTU/(ft²·°F),34.8921 (h·ft²·°F)/BTU,Up to level: Block 39 - Parapet,-0' - 6",,Interior - 7 1/4" Partition (NR),,,1kJXG9J_12CxJk83GXH3Vz,,P04,8' - 8",,45.65 CF,0' - 7 1/4",
0.7,,50 SF,C1010145,Partitions - Drywall w/ Metal Stud,,L5,0' - 0",,,,1,Vertical,,,,,,,,,By Type,,Default,,,Basic Wall,Basic Wall: Party - 6 1/8" (2-hr),,2 HR,Interior,0.0234 BTU/(h·ft²·°F),,3ILb7oItT50eCRbCAAdLeJ,,,,3' - 8 7/8",,,,New Construction,None,,,,,3,Metal Stud Layer,Non-bearing,5.1774 BTU/(ft²·°F),42.8246 (h·ft²·°F)/BTU,Up to level: R2,0' - 0",,Party - 6 1/8" (2-hr),,,1UzjuOoQr4P85_KNmJAtS$,,W01,13' - 4",,48.82 CF,0' - 11 3/4",
0.7,,54 SF,C1010145,Partitions - Drywall w/ Metal Stud,,L4,0' - 0",,,,1,Vertical,,,,,,,,,By Type,,Default,,,Basic Wall,Basic Wall: Interior - 7 1/4" Partition (NR),,NR,Interior,0.0287 BTU/(h·ft²·°F),,0U4XQxUbT6Kgsr80BN4mQz,,,,10' - 1 15/16",,,,New Construction,None,,,,,3,Metal Stud Layer,Non-bearing,1.4441 BTU/(ft²·°F),34.8921 (h·ft²·°F)/BTU,Unconnected,0' - 0",,Interior - 7 1/4" Partition (NR),,,1kJXG9J_12CxJk83GXH3Vz,,P04,8' - 0",,32.65 CF,0' - 7 1/4",
0.7,,4 SF,C1010145,Partitions - Drywall w/ Metal Stud,,L4,7' - 0",,,,1,Vertical,,,,,,,,,By Type,,Default,,,Basic Wall,Basic Wall: Interior - 4 7/8" Partition (NR),,NR,Interior,0.0472 BTU/(h·ft²·°F),,0U4XQxUbT6Kgsr80BN4mQt,,,,5' - 0 5/16",,,,New Construction,None,,,,,3,Metal Stud Layer,Non-bearing,1.4406 BTU/(ft²·°F),21.1904 (h·ft²·°F)/BTU,Unconnected,0' - 0",,Interior - 4 7/8" Partition (NR),,,26$5pwZTH4A8RTAK02gn25,,P02,1' - 0",,1.82 CF,0' - 4 7/8",
0.7,,104 SF,C1010145,Partitions - Drywall w/ Metal Stud,,L4,0' - 0",,,,1,Vertical,,,,,,,,,By Type,,Default,,,Basic Wall,Basic Wall: Interior - 7 1/4" Partition (NR),,NR,Interior,0.0287 BTU/(h·ft²·°F),,0U4XQxUbT6Kgsr80BN4mQn,,,,13' - 3 9/32",,,,New Construction,None,,,,,3,Metal Stud Layer,Non-bearing,1.4441 BTU/(ft²·°F),34.8921 (h·ft²·°F)/BTU,Unconnected,0' - 0",,Interior - 7 1/4" Partition (NR),,,1kJXG9J_12CxJk83GXH3Vz,,P04,8' - 0",,62.57 CF,0' - 7 1/4",
0.7,,19 SF,C1010145,Partitions - Drywall w/ Metal Stud,,L4,0' - 0",,,,1,Vertical,,,,,,,,,By Type,,Default,,,Basic Wall,Basic Wall: Interior - 4 7/8" Partition (NR),,NR,Interior,0.0472 BTU/(h·ft²·°F),,0U4XQxUbT6Kgsr80BN4mQm,,,,2' - 7 5/8",,,,New Construction,None,,,,,3,Metal Stud Layer,Non-bearing,1.4406 BTU/(ft²·°F),21.1904 (h·ft²·°F)/BTU,Unconnected,0' - 0",,Interior - 4 7/8" Partition (NR),,,26$5pwZTH4A8RTAK02gn25,,P02,8' - 0",,7.58 CF,0' - 4 7/8",
0.7,,29 SF,C1010145,Partitions - Drywall w/ Metal Stud,,L4,0' - 0",,,,1,Vertical,,,,,,,,,By Type,,Default,,,Basic Wall,Basic Wall: Interior - 4 7/8" Partition (NR),,NR,Interior,0.0472 BTU/(h·ft²·°F),,0U4XQxUbT6Kgsr80BN4mQg,,,,3' - 9",,,,New Construction,None,,,,,3,Metal Stud Layer,Non-bearing,1.4406 BTU/(ft²·°F),21.1904 (h·ft²·°F)/BTU,Unconnected,0' - 0",,Interior - 4 7/8" Partition (NR),,,26$5pwZTH4A8RTAK02gn25,,P02,8' - 0",,11.68 CF,0' - 4 7/8",
0.7,,25 SF,C1010145,Partitions - Drywall w/ Metal Stud,,L4,0' - 0",,,,1,Vertical,,,,,,,,,By Type,,Default,,,Basic Wall,Basic Wall: Interior - 4 7/8" Partition (NR),,NR,Interior,0.0472 BTU/(h·ft²·°F),,0U4XQxUbT6Kgsr80BN4mQb,,,,3' - 8 3/32",,,,New Construction,None,,,,,3,Metal Stud Layer,Non-bearing,1.4406 BTU/(ft²·°F),21.1904 (h·ft²·°F)/BTU,Unconnected,0' - 0",,Interior - 4 7/8" Partition (NR),,,26$5pwZTH4A8RTAK02gn25,,P02,8' - 0",,10.22 CF,0' - 4 7/8",
0.7,,16 SF,C1010145,Partitions - Drywall w/ Metal Stud,,L4,0' - 0",,,,1,Vertical,,,,,,,,,By Type,,Default,,,Basic Wall,Basic Wall: Interior - 7 1/4" Partition (NR),,NR,Interior,0.0287 BTU/(h·ft²·°F),,0U4XQxUbT6Kgsr80BN4mQc,,,,2' - 1 3/16",,,,New Construction,None,,,,,3,Metal Stud Layer,Non-bearing,1.4441 BTU/(ft²·°F),34.8921 (h·ft²·°F)/BTU,Unconnected,0' - 0",,Interior - 7 1/4" Partition (NR),,,1kJXG9J_12CxJk83GXH3Vz,,P04,8' - 0",,9.67 CF,0' - 7 1/4",
0.7,,33 SF,C1010145,Partitions - Drywall w/ Metal Stud,,L4,0' - 0",,,,1,Vertical,,,,,,,,,By Type,,Default,,,Basic Wall,Basic Wall: Interior - 7 1/4" Partition (NR),,NR,Interior,0.0287 BTU/(h·ft²·°F),,0U4XQxUbT6Kgsr80BN4mnx,,,,4' - 4 7/16",,,,New Construction,None,,,,,3,Metal Stud Layer,Non-bearing,1.4441 BTU/(ft²·°F),34.8921 (h·ft²·°F)/BTU,Unconnected,0' - 0",,Interior - 7 1/4" Partition (NR),,,1kJXG9J_12CxJk83GXH3Vz,,P04,8' - 0",,19.89 CF,0' - 7 1/4",
0.7,,4 SF,C1010145,Partitions - Drywall w/ Metal Stud,,L4,7' - 0",,,,1,Vertical,,,,,,,,,By Type,,Default,,,Basic Wall,Basic Wall: Interior - 4 7/8" Partition (NR),,NR,Interior,0.0472 BTU/(h·ft²·°F),,0U4XQxUbT6Kgsr80BN4mnj,,,,4' - 4 7/16",,,,New Construction,None,,,,,3,Metal Stud Layer,Non-bearing,1.4406 BTU/(ft²·°F),21.1904 (h·ft²·°F)/BTU,Unconnected,0' - 0",,Interior - 4 7/8" Partition (NR),,,26$5pwZTH4A8RTAK02gn25,,P02,1' - 0",,1.55 CF,0' - 4 7/8",
0.7,,95 SF,C1010145,Partitions - Drywall w/ Metal Stud,,L4,0' - 0",,,,1,Vertical,,,,,,,,,By Type,,Default,,,Basic Wall,Basic Wall: Interior - 7 1/4" Partition (NR),,NR,Interior,0.0287 BTU/(h·ft²·°F),,0U4XQxUbT6Kgsr80BN4mnk,,,,12' - 2 7/16",,,,New Construction,None,,,,,3,Metal Stud Layer,Non-bearing,1.4441 BTU/(ft²·°F),34.8921 (h·ft²·°F)/BTU,Unconnected,0' - 0",,Interior - 7 1/4" Partition (NR),,,1kJXG9J_12CxJk83GXH3Vz,,P04,8' - 0",,57.60 CF,0' - 7 1/4",
0.7,,19 SF,C1010145,Partitions - Drywall w/ Metal Stud,,L4,0' - 0",,,,1,Vertical,,,,,,,,,By Type,,Default,,,Basic Wall,Basic Wall: Interior - 4 7/8" Partition (NR),,NR,Interior,0.0472 BTU/(h·ft²·°F),,0U4XQxUbT6Kgsr80BN4mnf,,,,2' - 8 3/8",,,,New Construction,None,,,,,3,Metal Stud Layer,Non-bearing,1.4406 BTU/(ft²·°F),21.1904 (h·ft²·°F)/BTU,Unconnected,0' - 0",,Interior - 4 7/8" Partition (NR),,,26$5pwZTH4A8RTAK02gn25,,P02,8' - 0",,7.79 CF,0' - 4 7/8",
0.7,,24 SF,C1010145,Partitions - Drywall w/ Metal Stud,,L4,0' - 0",,,,1,Vertical,,,,,,,,,By Type,,Default,,,Basic Wall,Basic Wall: Interior - 4 7/8" Partition (NR),,NR,Interior,0.0472 BTU/(h·ft²·°F),,0U4XQxUbT6Kgsr80BN4mnZ,,,,3' - 5 7/8",,,,New Construction,None,,,,,3,Metal Stud Layer,Non-bearing,1.4406 BTU/(ft²·°F),21.1904 (h·ft²·°F)/BTU,Unconnected,0' - 0",,Interior - 4 7/8" Partition (NR),,,26$5pwZTH4A8RTAK02gn25,,P02,8' - 0",,9.75 CF,0' - 4 7/8",
0.7,,24 SF,C1010145,Partitions - Drywall w/ Metal Stud,,L4,0' - 0",,,,1,Vertical,,,,,,,,,By Type,,Default,,,Basic Wall,Basic Wall: Interior - 4 7/8" Partition (NR),,NR,Interior,0.0472 BTU/(h·ft²·°F),,0U4XQxUbT6Kgsr80BN4mnY,,,,3' - 5 7/8",,,,New Construction,None,,,,,3,Metal Stud Layer,Non-bearing,1.4406 BTU/(ft²·°F),21.1904 (h·ft²·°F)/BTU,Unconnected,0' - 0",,Interior - 4 7/8" Partition (NR),,,26$5pwZTH4A8RTAK02gn25,,P02,8' - 0",,9.75 CF,0' - 4 7/8",
0.7,,54 SF,C1010145,Partitions - Drywall w/ Metal Stud,,L3,0' - 0",,,,1,Vertical,,,,,,,,,By Type,,Default,,,Basic Wall,Basic Wall: Interior - 7 1/4" Partition (NR),,NR,Interior,0.0287 BTU/(h·ft²·°F),,0U4XQxUbT6Kgsr80BN4mqk,,,,10' - 1 15/16",,,,New Construction,None,,,,,3,Metal Stud Layer,Non-bearing,1.4441 BTU/(ft²·°F),34.8921 (h·ft²·°F)/BTU,Unconnected,0' - 0",,Interior - 7 1/4" Partition (NR),,,1kJXG9J_12CxJk83GXH3Vz,,P04,8' - 0",,32.65 CF,0' - 7 1/4",
0.7,,4 SF,C1010145,Partitions - Drywall w/ Metal Stud,,L3,7' - 0",,,,1,Vertical,,,,,,,,,By Type,,Default,,,Basic Wall,Basic Wall: Interior - 4 7/8" Partition (NR),,NR,Interior,0.0472 BTU/(h·ft²·°F),,0U4XQxUbT6Kgsr80BN4mqW,,,,5' - 0 5/16",,,,New Construction,None,,,,,3,Metal Stud Layer,Non-bearing,1.4406 BTU/(ft²·°F),21.1904 (h·ft²·°F)/BTU,Unconnected,0' - 0",,Interior - 4 7/8" Partition (NR),,,26$5pwZTH4A8RTAK02gn25,,P02,1' - 0",,1.82 CF,0' - 4 7/8",
0.7,,103 SF,C1010145,Partitions - Drywall w/ Metal Stud,,L3,0' - 0",,,,1,Vertical,,,,,,,,,By Type,,Default,,,Basic Wall,Basic Wall: Interior - 7 1/4" Partition (NR),,NR,Interior,0.0287 BTU/(h·ft²·°F),,0U4XQxUbT6Kgsr80BN4mqZ,,,,13' - 2 1/8",,,,New Construction,None,,,,,3,Metal Stud Layer,Non-bearing,1.4441 BTU/(ft²·°F),34.8921 (h·ft²·°F)/BTU,Unconnected,0' - 0",,Interior - 7 1/4" Partition (NR),,,1kJXG9J_12CxJk83GXH3Vz,,P04,8' - 0",,62.11 CF,0' - 7 1/4",
0.7,,19 SF,C1010145,Partitions - Drywall w/ Metal Stud,,L3,0' - 0",,,,1,Vertical,,,,,,,,,By Type,,Default,,,Basic Wall,Basic Wall: Interior - 4 7/8" Partition (NR),,NR,Interior,0.0472 BTU/(h·ft²·°F),,0U4XQxUbT6Kgsr80BN4mqY,,,,2' - 7 5/8",,,,New Construction,None,,,,,3,Metal Stud Layer,Non-bearing,1.4406 BTU/(ft²·°F),21.1904 (h·ft²·°F)/BTU,Unconnected,0' - 0",,Interior - 4 7/8" Partition (NR),,,26$5pwZTH4A8RTAK02gn25,,P02,8' - 0",,7.58 CF,0' - 4 7/8",
0.7,,30 SF,C1010145,Partitions - Drywall w/ Metal Stud,,L3,0' - 0",,,,1,Vertical,,,,,,,,,By Type,,Default,,,Basic Wall,Basic Wall: Interior - 4 7/8" Partition (NR),,NR,Interior,0.0472 BTU/(h·ft²·°F),,0U4XQxUbT6Kgsr80BN4mqK,,,,3' - 9",,,,New Construction,None,,,,,3,Metal Stud Layer,Non-bearing,1.4406 BTU/(ft²·°F),21.1904 (h·ft²·°F)/BTU,Unconnected,0' - 0",,Interior - 4 7/8" Partition (NR),,,26$5pwZTH4A8RTAK02gn25,,P02,8' - 0",,12.19 CF,0' - 4 7/8",
0.7,,25 SF,C1010145,Partitions - Drywall w/ Metal Stud,,L3,0' - 0",,,,1,Vertical,,,,,,,,,By Type,,Default,,,Basic Wall,Basic Wall: Interior - 4 7/8" Partition (NR),,NR,Interior,0.0472 BTU/(h·ft²·°F),,0U4XQxUbT6Kgsr80BN4mqN,,,,3' - 6 15/16",,,,New Construction,None,,,,,3,Metal Stud Layer,Non-bearing,1.4406 BTU/(ft²·°F),21.1904 (h·ft²·°F)/BTU,Unconnected,0' - 0",,Interior - 4 7/8" Partition (NR),,,26$5pwZTH4A8RTAK02gn25,,P02,8' - 0",,9.91 CF,0' - 4 7/8",
0.7,,16 SF,C1010145,Partitions - Drywall w/ Metal Stud,,L3,0' - 0",,,,1,Vertical,,,,,,,,,By Type,,Default,,,Basic Wall,Basic Wall: Interior - 7 1/4" Partition (NR),,NR,Interior,0.0287 BTU/(h·ft²·°F),,0U4XQxUbT6Kgsr80BN4mqG,,,,2' - 1 3/16",,,,New Construction,None,,,,,3,Metal Stud Layer,Non-bearing,1.4441 BTU/(ft²·°F),34.8921 (h·ft²·°F)/BTU,Unconnected,0' - 0",,Interior - 7 1/4" Partition (NR),,,1kJXG9J_12CxJk83GXH3Vz,,P04,8' - 0",,9.67 CF,0' - 7 1/4",
0.7,,33 SF,C1010145,Partitions - Drywall w/ Metal Stud,,L3,0' - 0",,,,1,Vertical,,,,,,,,,By Type,,Default,,,Basic Wall,Basic Wall: Interior - 7 1/4" Partition (NR),,NR,Interior,0.0287 BTU/(h·ft²·°F),,0U4XQxUbT6Kgsr80BN4mqB,,,,4' - 4 7/16",,,,New Construction,None,,,,,3,Metal Stud Layer,Non-bearing,1.4441 BTU/(ft²·°F),34.8921 (h·ft²·°F)/BTU,Unconnected,0' - 0",,Interior - 7 1/4" Partition (NR),,,1kJXG9J_12CxJk83GXH3Vz,,P04,8' - 0",,19.89 CF,0' - 7 1/4",
0.7,,4 SF,C1010145,Partitions - Drywall w/ Metal Stud,,L3,7' - 0",,,,1,Vertical,,,,,,,,,By Type,,Default,,,Basic Wall,Basic Wall: Interior - 4 7/8" Partition (NR),,NR,Interior,0.0472 BTU/(h·ft²·°F),,0U4XQxUbT6Kgsr80BN4mrz,,,,4' - 4 7/16",,,,New Construction,None,,,,,3,Metal Stud Layer,Non-bearing,1.4406 BTU/(ft²·°F),21.1904 (h·ft²·°F)/BTU,Unconnected,0' - 0",,Interior - 4 7/8" Partition (NR),,,26$5pwZTH4A8RTAK02gn25,,P02,1' - 0",,1.55 CF,0' - 4 7/8",
0.7,,95 SF,C1010145,Partitions - Drywall w/ Metal Stud,,L3,0' - 0",,,,1,Vertical,,,,,,,,,By Type,,Default,,,Basic Wall,Basic Wall: Interior - 7 1/4" Partition (NR),,NR,Interior,0.0287 BTU/(h·ft²·°F),,0U4XQxUbT6Kgsr80BN4mr_,,,,12' - 2 7/16",,,,New Construction,None,,,,,3,Metal Stud Layer,Non-bearing,1.4441 BTU/(ft²·°F),34.8921 (h·ft²·°F)/BTU,Unconnected,0' - 0",,Interior - 7 1/4" Partition (NR),,,1kJXG9J_12CxJk83GXH3Vz,,P04,8' - 0",,57.60 CF,0' - 7 1/4",
0.7,,19 SF,C1010145,Partitions - Drywall w/ Metal Stud,,L3,0' - 0",,,,1,Vertical,,,,,,,,,By Type,,Default,,,Basic Wall,Basic Wall: Interior - 4 7/8" Partition (NR),,NR,Interior,0.0472 BTU/(h·ft²·°F),,0U4XQxUbT6Kgsr80BN4mrv,,,,2' - 8 3/8",,,,New Construction,None,,,,,3,Metal Stud Layer,Non-bearing,1.4406 BTU/(ft²·°F),21.1904 (h·ft²·°F)/BTU,Unconnected,0' - 0",,Interior - 4 7/8" Partition (NR),,,26$5pwZTH4A8RTAK02gn25,,P02,8' - 0",,7.79 CF,0' - 4 7/8",
0.7,,24 SF,C1010145,Partitions - Drywall w/ Metal Stud,,L3,0' - 0",,,,1,Vertical,,,,,,,,,By Type,,Default,,,Basic Wall,Basic Wall: Interior - 4 7/8" Partition (NR),,NR,Interior,0.0472 BTU/(h·ft²·°F),,0U4XQxUbT6Kgsr80BN4mrp,,,,3' - 5 7/8",,,,New Construction,None,,,,,3,Metal Stud Layer,Non-bearing,1.4406 BTU/(ft²·°F),21.1904 (h·ft²·°F)/BTU,Unconnected,0' - 0",,Interior - 4 7/8" Partition (NR),,,26$5pwZTH4A8RTAK02gn25,,P02,8' - 0",,9.75 CF,0' - 4 7/8",
0.7,,24 SF,C1010145,Partitions - Drywall w/ Metal Stud,,L3,0' - 0",,,,1,Vertical,,,,,,,,,By Type,,Default,,,Basic Wall,Basic Wall: Interior - 4 7/8" Partition (NR),,NR,Interior,0.0472 BTU/(h·ft²·°F),,0U4XQxUbT6Kgsr80BN4mro,,,,3' - 5 7/8",,,,New Construction,None,,,,,3,Metal Stud Layer,Non-bearing,1.4406 BTU/(ft²·°F),21.1904 (h·ft²·°F)/BTU,Unconnected,0' - 0",,Interior - 4 7/8" Partition (NR),,,26$5pwZTH4A8RTAK02gn25,,P02,8' - 0",,9.75 CF,0' - 4 7/8",
0.7,,34 SF,C1010145,Partitions - Drywall w/ Metal Stud,,L5,0' - 0",,,,1,Vertical,,,,,,,,,By Type,,Default,,,Basic Wall,Basic Wall: Interior - 7 1/4" Partition (NR),,NR,Interior,0.0287 BTU/(h·ft²·°F),,0U4XQxUbT6Kgsr80BN4ms4,,,,4' - 5 1/16",,,,New Construction,None,,,,,3,Metal Stud Layer,Non-bearing,1.4441 BTU/(ft²·°F),34.8921 (h·ft²·°F)/BTU,Unconnected,0' - 0",,Interior - 7 1/4" Partition (NR),,,1kJXG9J_12CxJk83GXH3Vz,,P04,8' - 0",,20.39 CF,0' - 7 1/4",
0.7,,4 SF,C1010145,Partitions - Drywall w/ Metal Stud,,L5,7' - 0",,,,1,Vertical,,,,,,,,,By Type,,Default,,,Basic Wall,Basic Wall: Interior - 4 7/8" Partition (NR),,NR,Interior,0.0472 BTU/(h·ft²·°F),,0U4XQxUbT6Kgsr80BN4mt_,,,,4' - 5 1/16",,,,New Construction,None,,,,,3,Metal Stud Layer,Non-bearing,1.4406 BTU/(ft²·°F),21.1904 (h·ft²·°F)/BTU,Unconnected,0' - 0",,Interior - 4 7/8" Partition (NR),,,26$5pwZTH4A8RTAK02gn25,,P02,1' - 0",,1.76 CF,0' - 4 7/8",
0.7,,95 SF,C1010145,Partitions - Drywall w/ Metal Stud,,L5,0' - 0",,,,1,Vertical,,,,,,,,,By Type,,Default,,,Basic Wall,Basic Wall: Interior - 7 1/4" Partition (NR),,NR,Interior,0.0287 BTU/(h·ft²·°F),,0U4XQxUbT6Kgsr80BN4mtx,,,,12' - 2 7/16",,,,New Construction,None,,,,,3,Metal Stud Layer,Non-bearing,1.4441 BTU/(ft²·°F),34.8921 (h·ft²·°F)/BTU,Unconnected,0' - 0",,Interior - 7 1/4" Partition (NR),,,1kJXG9J_12CxJk83GXH3Vz,,P04,8' - 0",,57.60 CF,0' - 7 1/4",
0.7,,19 SF,C1010145,Partitions - Drywall w/ Metal Stud,,L5,0' - 0",,,,1,Vertical,,,,,,,,,By Type,,Default,,,Basic Wall,Basic Wall: Interior - 4 7/8" Partition (NR),,NR,Interior,0.0472 BTU/(h·ft²·°F),,0U4XQxUbT6Kgsr80BN4mtw,,,,2' - 8 3/8",,,,New Construction,None,,,,,3,Metal Stud Layer,Non-bearing,1.4406 BTU/(ft²·°F),21.1904 (h·ft²·°F)/BTU,Unconnected,0' - 0",,Interior - 4 7/8" Partition (NR),,,26$5pwZTH4A8RTAK02gn25,,P02,8' - 0",,7.79 CF,0' - 4 7/8",
0.7,,24 SF,C1010145,Partitions - Drywall w/ Metal Stud,,L5,0' - 0",,,,1,Vertical,,,,,,,,,By Type,,Default,,,Basic Wall,Basic Wall: Interior - 4 7/8" Partition (NR),,NR,Interior,0.0472 BTU/(h·ft²·°F),,0U4XQxUbT6Kgsr80BN4mti,,,,3' - 5 7/8",,,,New Construction,None,,,,,3,Metal Stud Layer,Non-bearing,1.4406 BTU/(ft²·°F),21.1904 (h·ft²·°F)/BTU,Unconnected,0' - 0",,Interior - 4 7/8" Partition (NR),,,26$5pwZTH4A8RTAK02gn25,,P02,8' - 0",,9.75 CF,0' - 4 7/8",
0.7,,28 SF,C1010145,Partitions - Drywall w/ Metal Stud,,L5,0' - 0",,,,1,Vertical,,,,,,,,,By Type,,Default,,,Basic Wall,Basic Wall: Interior - 4 7/8" Partition (NR),,NR,Interior,0.0472 BTU/(h·ft²·°F),,0U4XQxUbT6Kgsr80BN4mtl,,,,3' - 5 7/8",,,,New Construction,None,,,,,3,Metal Stud Layer,Non-bearing,1.4406 BTU/(ft²·°F),21.1904 (h·ft²·°F)/BTU,Unconnected,0' - 0",,Interior - 4 7/8" Partition (NR),,,26$5pwZTH4A8RTAK02gn25,,P02,8' - 0",,11.25 CF,0' - 4 7/8",
,,383 SF,B2020200,Curtain Walls,,L1 - Block 43,0' - 0",,,,1,Vertical,,,,,,,,,By Type,,Default,,,Curtain Wall,Curtain Wall: Glazing Wall - Stair,,,Exterior,,,0q9es9kCD4oOj_kMIudRU8,,,,6' - 4 1/2",,,,New Construction,None,,,,,,,Non-bearing,,,Up to level: R2,1' - 3",,Glazing Wall - Stair,,,352q71U$z9ZA8jPYzlCpCf,,,60' - 1",,,,
0.7,,37 SF,B2010158,Ext. Wall - Brick Veneer w/ Stud,,L5,0' - 0",,,,1,Vertical,,,,,,,,,By Type,,Default,,,Basic Wall,Basic Wall: Exterior - 12 5/8" Rainscreen w Insultation on Metal Stud,,2 HR,Exterior,0.0217 BTU/(h·ft²·°F),,0pVukYwInEK9lFZWWLB0OG,,,,20' - 5 3/8",,,,New Construction,None,,,,,3,,Non-bearing,14.9105 BTU/(ft²·°F),46.0097 (h·ft²·°F)/BTU,Unconnected,0' - 0",,Exterior - 12 5/8" Rainscreen w Insultation on Metal Stud,,,3GC6dLJPT0_w0HkhCmqXpI,,X04,1' - 11",,38.31 CF,1' - 0 5/8",
0.7,,48 SF,B2010100,Exterior Wall Construction,,L2,-0' - 9",,,,1,Vertical,,,,,,,,,By Type,,Default,,,Basic Wall,Basic Wall: Exterior - 9 7/8" EIFS on Mtl. Stud,,,Exterior,0.0191 BTU/(h·ft²·°F),,3egT28ZeX4oR$CJC1uG0Wj,,,,24' - 0",,,,New Construction,None,,,,,3,Metal Stud Layer,Non-bearing,1.4552 BTU/(ft²·°F),52.3950 (h·ft²·°F)/BTU,Unconnected,0' - 0",,Exterior - 9 7/8" EIFS on Mtl. Stud,,,1oiHnm6YP1r9AXc47IRd6I,,X02,2' - 0",,39.50 CF,0' - 9 7/8",
,,108 SF,B2020200,Curtain Walls,,L5,3' - 8",,,,1,Vertical,,,,,,,,,By Type,,Default,,,Curtain Wall,Curtain Wall: Glazing Wall - Stair,,,Exterior,,,2ch6GiTYr6ofWwBJULtROn,,,,6' - 4 1/2",,,,New Construction,None,,,,,,,Non-bearing,,,Up to level: R3,-2' - 9",,Glazing Wall - Stair,,,352q71U$z9ZA8jPYzlCpCf,,,16' - 11",,,,
0.7,,117 SF,A1010200,Foundation Walls,,Parking,-0' - 6",,,,1,Vertical,,,,,,,,,By Type,,Default,,,Basic Wall,Basic Wall: Foundation - 24" Concrete,,4 HR,Foundation,0.3022 BTU/(h·ft²·°F),,343IftMCP4UOCLPJnm95Bz,,,,9' - 7 1/2",,,,New Construction,None,,,,,3,Concrete, Cast-in-Place gray,Non-bearing,45.0630 BTU/(ft²·°F),3.3092 (h·ft²·°F)/BTU,Up to level: L1 - Block 37,0' - 0",,Foundation - 24" Concrete,,,2Rqwfi9uL0W9XTWzRAs_6e,,C04,13' - 11 1/2",,233.80 CF,2' - 0",
0.7,,239 SF,B2010,Exterior Walls,,L1 - Block 37,0' - 0",,,,1,Vertical,,,,,,,,,By Type,,Default,,,Basic Wall,Basic Wall: Core - Concrete 12",,4 HR,Core-shaft,0.6044 BTU/(h·ft²·°F),,343IftMCP4UOCLPJnm95Bx,,,,9' - 4 1/2",,,,New Construction,None,,,,,3,Concrete, Cast-in-Place gray,Non-bearing,22.5315 BTU/(ft²·°F),1.6546 (h·ft²·°F)/BTU,Up to level: Parapet 2,0' - 0",,Core - Concrete 12",,,2Rqwfi9uL0W9XTWzRAs_ER,,C02,74' - 3 1/2",,239.16 CF,1' - 0",
,,383 SF,B2020200,Curtain Walls,,L1 - Block 43,0' - 0",,,,1,Vertical,,,,,,,,,By Type,,Default,,,Curtain Wall,Curtain Wall: Glazing Wall - Stair,,,Exterior,,,343IftMCP4UOCLPJnm955b,,,,6' - 4 1/2",,,,New Construction,None,,,,,,,Non-bearing,,,Up to level: R2,1' - 3",,Glazing Wall - Stair,,,352q71U$z9ZA8jPYzlCpCf,,,60' - 1",,,,
,,27 SF,B2020200,Curtain Walls,,L5,2' - 8",,,,1,Vertical,,,,,,,,,By Type,,Default,,,Curtain Wall,Curtain Wall: _Not Defined,,,Exterior,,,04b3cqL6T7nASkHPv$no5N,,,,3' - 6",,,,New Construction,None,,,,,,,Non-bearing,,,Up to level: Parapet,-7' - 8",,_Not Defined,,,2mjs6M6G98BxHa18ZZD5sI,,CW01,7' - 8",,,,
0.7,,35 SF,B2010158,Ext. Wall - Brick Veneer w/ Stud,,L5,0' - 0",,,,1,Vertical,,,,,,,,,By Type,,Default,,,Basic Wall,Basic Wall: Exterior - 12 5/8" Rainscreen w Insultation on Metal Stud,,2 HR,Exterior,0.0217 BTU/(h·ft²·°F),,04b3cqL6T7nASkHPv$no5d,,,,4' - 8 5/8",,,,New Construction,None,,,,,3,,Non-bearing,14.9105 BTU/(ft²·°F),46.0097 (h·ft²·°F)/BTU,Up to level: Parapet,-3' - 1",,Exterior - 12 5/8" Rainscreen w Insultation on Metal Stud,,,3GC6dLJPT0_w0HkhCmqXpI,,X04,14' - 11",,34.82 CF,1' - 0 5/8",
0.7,,15 SF,B2010,Exterior Walls,,Parapet,-3' - 1",2' - 1 5/32",,,1,Tapered,10.00°,0.00°,,No,,,,,By Type,,Default,,10.00°,Basic Wall,Basic Wall: Solar Wall (Parapet),,,Exterior,0.0124 BTU/(h·ft²·°F),,04b3cqL6T7nASkHPv$no5a,,0.00°,,5' - 4 13/16",,,,New Construction,None,,,,,3,Metal Stud Layer,Non-bearing,14.9195 BTU/(ft²·°F),80.6244 (h·ft²·°F)/BTU,Up to level: Parapet,0' - 0",1' - 6 5/8",Solar Wall (Parapet),,,3Ru9F5xwXAzeAHqeD6XM7K,,,3' - 1",,24.29 CF,1' - 6 5/8",Top
0.7,,41 SF,B2010158,Ext. Wall - Brick Veneer w/ Stud,,L5,0' - 0",,,,1,Vertical,,,,,,,,,By Type,,Default,,,Basic Wall,Basic Wall: Exterior - 12 5/8" Rainscreen w Insultation on Metal Stud,,2 HR,Exterior,0.0217 BTU/(h·ft²·°F),,04b3cqL6T7nASkHPv$no5b,,,,3' - 5 27/32",,,,New Construction,None,,,,,3,,Non-bearing,14.9105 BTU/(ft²·°F),46.0097 (h·ft²·°F)/BTU,Up to level: Parapet,-3' - 1",,Exterior - 12 5/8" Rainscreen w Insultation on Metal Stud,,,3GC6dLJPT0_w0HkhCmqXpI,,X04,14' - 11",,38.92 CF,1' - 0 5/8",
0.7,,10 SF,B2010,Exterior Walls,,Parapet,-3' - 1",2' - 1 5/32",,,1,Tapered,10.00°,0.00°,,No,,,,,By Type,,Default,,10.00°,Basic Wall,Basic Wall: Solar Wall (Parapet),,,Exterior,0.0124 BTU/(h·ft²·°F),,04b3cqL6T7nASkHPv$no5g,,0.00°,,3' - 11 9/32",,,,New Construction,None,,,,,3,Metal Stud Layer,Non-bearing,14.9195 BTU/(ft²·°F),80.6244 (h·ft²·°F)/BTU,Up to level: Parapet,0' - 0",1' - 6 5/8",Solar Wall (Parapet),,,3Ru9F5xwXAzeAHqeD6XM7K,,,3' - 1",,15.35 CF,1' - 6 5/8",Top
0.7,,255 SF,B2010,Exterior Walls,,L5,0' - 0",5' - 2 9/16",,,1,Tapered,10.00°,0.00°,,No,,,,,By Type,,Default,,10.00°,Basic Wall,Basic Wall: Solar Wall (Multi-Level),,2 HR,Exterior,0.0087 BTU/(h·ft²·°F),,04b3cqL6T7nASkHPv$no5f,,0.00°,,15' - 8 11/16",,,,New Construction,None,,,,,3,Metal Stud Layer,Non-bearing,14.9282 BTU/(ft²·°F),114.3377 (h·ft²·°F)/BTU,Up to level: Parapet,0' - 0",2' - 0 15/32",Solar Wall (Multi-Level),,,21ziHPczP1f8jI2FIqwQuv,,,18' - 0",,884.27 CF,2' - 0 15/32",Top
,,120 SF,B2020200,Curtain Walls,,L3,2' - 0",,,,1,Vertical,,,,,,,,,By Type,,Default,,,Curtain Wall,Curtain Wall: _Not Defined,,,Exterior,,,04b3cqL6T7nASkHPv$no5s,,,,3' - 5",,,,New Construction,None,,,,,,,Non-bearing,,,Up to level: R2,-3' - 0",,_Not Defined,,,2mjs6M6G98BxHa18ZZD5sI,,CW01,35' - 0",,,,
0.7,,162 SF,B2010158,Ext. Wall - Brick Veneer w/ Stud,,L5,0' - 0",,,,1,Vertical,,,,,,,,,By Type,,Default,,,Basic Wall,Basic Wall: Exterior - 12 5/8" Rainscreen w Insultation on Metal Stud,,2 HR,Exterior,0.0217 BTU/(h·ft²·°F),,04b3cqL6T7nASkHPv$no4H,,,,10' - 0 1/4",,,,New Construction,None,,,,,3,,Non-bearing,14.9105 BTU/(ft²·°F),46.0097 (h·ft²·°F)/BTU,Up to level: Parapet,0' - 0",,Exterior - 12 5/8" Rainscreen w Insultation on Metal Stud,,,3GC6dLJPT0_w0HkhCmqXpI,,X04,18' - 0",,170.03 CF,1' - 0 5/8",
0.7,,89 SF,B2010158,Ext. Wall - Brick Veneer w/ Stud,,L3,-5' - 0",,,,1,Vertical,,,,,,,,,By Type,,Default,,,Basic Wall,Basic Wall: Exterior - 12 5/8" Rainscreen w Insultation on Metal Stud,,2 HR,Exterior,0.0217 BTU/(h·ft²·°F),,04b3cqL6T7nASkHPv$no4M,,,,3' - 11 5/16",,,,New Construction,None,,,,,3,,Non-bearing,14.9105 BTU/(ft²·°F),46.0097 (h·ft²·°F)/BTU,Up to level: Parapet,-3' - 1",,Exterior - 12 5/8" Rainscreen w Insultation on Metal Stud,,,3GC6dLJPT0_w0HkhCmqXpI,,X04,46' - 7",,88.21 CF,1' - 0 5/8",
0.7,,255 SF,B2010,Exterior Walls,,L5,0' - 0",5' - 2 9/16",,,1,Tapered,10.00°,0.00°,,No,,,,,By Type,,Default,,10.00°,Basic Wall,Basic Wall: Solar Wall (Multi-Level),,2 HR,Exterior,0.0087 BTU/(h·ft²·°F),,04b3cqL6T7nASkHPv$no4e,,0.00°,,15' - 8 11/16",,,,New Construction,None,,,,,3,Metal Stud Layer,Non-bearing,14.9282 BTU/(ft²·°F),114.3377 (h·ft²·°F)/BTU,Up to level: Parapet,0' - 0",2' - 0 15/32",Solar Wall (Multi-Level),,,21ziHPczP1f8jI2FIqwQuv,,,18' - 0",,867.85 CF,2' - 0 15/32",Top
,,120 SF,B2020200,Curtain Walls,,L3,2' - 0",,,,1,Vertical,,,,,,,,,By Type,,Default,,,Curtain Wall,Curtain Wall: _Not Defined,,,Exterior,,,04b3cqL6T7nASkHPv$no4f,,,,3' - 5",,,,New Construction,None,,,,,,,Non-bearing,,,Up to level: R2,-3' - 0",,_Not Defined,,,2mjs6M6G98BxHa18ZZD5sI,,CW01,35' - 0",,,,
0.7,,162 SF,B2010158,Ext. Wall - Brick Veneer w/ Stud,,L5,0' - 0",,,,1,Vertical,,,,,,,,,By Type,,Default,,,Basic Wall,Basic Wall: Exterior - 12 5/8" Rainscreen w Insultation on Metal Stud,,2 HR,Exterior,0.0217 BTU/(h·ft²·°F),,04b3cqL6T7nASkHPv$nox8,,,,10' - 0 1/4",,,,New Construction,None,,,,,3,,Non-bearing,14.9105 BTU/(ft²·°F),46.0097 (h·ft²·°F)/BTU,Up to level: Parapet,0' - 0",,Exterior - 12 5/8" Rainscreen w Insultation on Metal Stud,,,3GC6dLJPT0_w0HkhCmqXpI,,X04,18' - 0",,170.03 CF,1' - 0 5/8",
0.7,,255 SF,B2010,Exterior Walls,,L5,0' - 0",5' - 2 9/16",,,1,Tapered,10.00°,0.00°,,No,,,,,By Type,,Default,,10.00°,Basic Wall,Basic Wall: Solar Wall (Multi-Level),,2 HR,Exterior,0.0087 BTU/(h·ft²·°F),,04b3cqL6T7nASkHPv$noxc,,0.00°,,15' - 8 11/16",,,,New Construction,None,,,,,3,Metal Stud Layer,Non-bearing,14.9282 BTU/(ft²·°F),114.3377 (h·ft²·°F)/BTU,Up to level: Parapet,0' - 0",2' - 0 15/32",Solar Wall (Multi-Level),,,21ziHPczP1f8jI2FIqwQuv,,,18' - 0",,884.29 CF,2' - 0 15/32",Top
0.7,,162 SF,B2010158,Ext. Wall - Brick Veneer w/ Stud,,L5,0' - 0",,,,1,Vertical,,,,,,,,,By Type,,Default,,,Basic Wall,Basic Wall: Exterior - 12 5/8" Rainscreen w Insultation on Metal Stud,,2 HR,Exterior,0.0217 BTU/(h·ft²·°F),,04b3cqL6T7nASkHPv$noxd,,,,10' - 0 1/4",,,,New Construction,None,,,,,3,,Non-bearing,14.9105 BTU/(ft²·°F),46.0097 (h·ft²·°F)/BTU,Up to level: Parapet,0' - 0",,Exterior - 12 5/8" Rainscreen w Insultation on Metal Stud,,,3GC6dLJPT0_w0HkhCmqXpI,,X04,18' - 0",,170.03 CF,1' - 0 5/8",
0.7,,89 SF,B2010158,Ext. Wall - Brick Veneer w/ Stud,,L3,-5' - 0",,,,1,Vertical,,,,,,,,,By Type,,Default,,,Basic Wall,Basic Wall: Exterior - 12 5/8" Rainscreen w Insultation on Metal Stud,,2 HR,Exterior,0.0217 BTU/(h·ft²·°F),,04b3cqL6T7nASkHPv$noxb,,,,3' - 11 5/16",,,,New Construction,None,,,,,3,,Non-bearing,14.9105 BTU/(ft²·°F),46.0097 (h·ft²·°F)/BTU,Up to level: Parapet,-3' - 1",,Exterior - 12 5/8" Rainscreen w Insultation on Metal Stud,,,3GC6dLJPT0_w0HkhCmqXpI,,X04,46' - 7",,87.84 CF,1' - 0 5/8",
0.7,,11 SF,B2010,Exterior Walls,,Parapet,-3' - 1",2' - 1 5/32",,,1,Tapered,10.00°,0.00°,,No,,,,,By Type,,Default,,10.00°,Basic Wall,Basic Wall: Solar Wall (Parapet),,,Exterior,0.0124 BTU/(h·ft²·°F),,04b3cqL6T7nASkHPv$noxg,,0.00°,,3' - 11 5/16",,,,New Construction,None,,,,,3,Metal Stud Layer,Non-bearing,14.9195 BTU/(ft²·°F),80.6244 (h·ft²·°F)/BTU,Up to level: Parapet,0' - 0",1' - 6 5/8",Solar Wall (Parapet),,,3Ru9F5xwXAzeAHqeD6XM7K,,,3' - 1",,19.21 CF,1' - 6 5/8",Top
0.7,,11 SF,B2010,Exterior Walls,,Parapet,-3' - 1",2' - 1 5/32",,,1,Tapered,10.00°,0.00°,,No,,,,,By Type,,Default,,10.00°,Basic Wall,Basic Wall: Solar Wall (Parapet),,,Exterior,0.0124 BTU/(h·ft²·°F),,04b3cqL6T7nASkHPv$noxh,,0.00°,,3' - 11 5/16",,,,New Construction,None,,,,,3,Metal Stud Layer,Non-bearing,14.9195 BTU/(ft²·°F),80.6244 (h·ft²·°F)/BTU,Up to level: Parapet,0' - 0",1' - 6 5/8",Solar Wall (Parapet),,,3Ru9F5xwXAzeAHqeD6XM7K,,,3' - 1",,19.21 CF,1' - 6 5/8",Top
0.7,,11 SF,B2010,Exterior Walls,,Parapet,-3' - 1",2' - 1 5/32",,,1,Tapered,10.00°,0.00°,,No,,,,,By Type,,Default,,10.00°,Basic Wall,Basic Wall: Solar Wall (Parapet),,,Exterior,0.0124 BTU/(h·ft²·°F),,04b3cqL6T7nASkHPv$noxe,,0.00°,,3' - 11 5/16",,,,New Construction,None,,,,,3,Metal Stud Layer,Non-bearing,14.9195 BTU/(ft²·°F),80.6244 (h·ft²·°F)/BTU,Up to level: Parapet,0' - 0",1' - 6 5/8",Solar Wall (Parapet),,,3Ru9F5xwXAzeAHqeD6XM7K,,,3' - 1",,15.02 CF,1' - 6 5/8",Top
0.7,,253 SF,B2010,Exterior Walls,,L5,0' - 0",4' - 11 5/8",,,1,Tapered,10.00°,0.00°,,No,,,,,By Type,,Default,,10.00°,Basic Wall,Basic Wall: Solar Wall (L5),,2 HR,Exterior,0.0103 BTU/(h·ft²·°F),,04b3cqL6T7nASkHPv$noxf,,0.00°,,15' - 8 11/16",,,,New Construction,None,,,,,3,Metal Stud Layer,Non-bearing,14.9238 BTU/(ft²·°F),97.3909 (h·ft²·°F)/BTU,Up to level: Parapet,0' - 0",1' - 9 17/32",Solar Wall (L5),,,3Ru9F5xwXAzeAHqeD6XM5O,,,18' - 0",,806.27 CF,1' - 9 17/32",Top
0.7,,89 SF,B2010158,Ext. Wall - Brick Veneer w/ Stud,,L5,0' - 0",,,,1,Vertical,,,,,,,,,By Type,,Default,,,Basic Wall,Basic Wall: Exterior - 12 5/8" Rainscreen w Insultation on Metal Stud,,2 HR,Exterior,0.0217 BTU/(h·ft²·°F),,04b3cqL6T7nASkHPv$noxo,,,,5' - 0 7/16",,,,New Construction,None,,,,,3,,Non-bearing,14.9105 BTU/(ft²·°F),46.0097 (h·ft²·°F)/BTU,Up to level: Parapet,0' - 0",,Exterior - 12 5/8" Rainscreen w Insultation on Metal Stud,,,3GC6dLJPT0_w0HkhCmqXpI,,X04,18' - 0",,88.97 CF,1' - 0 5/8",
,-10.00°,824 SF,B2020200,Curtain Walls,,L3,-5' - 0",,,,1,Slanted,,,,,,,,,By Type,,Default,,,Curtain Wall,Curtain Wall: Solar Panels,,,Exterior,,,04b3cqL6T7nASkHPv$noxp,,,,16' - 4",,,,New Construction,None,,,,,,,Non-bearing,,,Up to level: Parapet,0' - 0",,Solar Panels,,,0pAoNk_y14Lv6l2XP5fu3k,,,49' - 8",,,,
,-10.00°,824 SF,B2020200,Curtain Walls,,L3,-5' - 0",,,,1,Slanted,,,,,,,,,By Type,,Default,,,Curtain Wall,Curtain Wall: Solar Panels,,,Exterior,,,04b3cqL6T7nASkHPv$nour,,,,16' - 4",,,,New Construction,None,,,,,,,Non-bearing,,,Up to level: Parapet,0' - 0",,Solar Panels,,,0pAoNk_y14Lv6l2XP5fu3k,,,49' - 8",,,,
,-10.00°,824 SF,B2020200,Curtain Walls,,L3,-5' - 0",,,,1,Slanted,,,,,,,,,By Type,,Default,,,Curtain Wall,Curtain Wall: Solar Panels,,,Exterior,,,04b3cqL6T7nASkHPv$noz$,,,,16' - 4",,,,New Construction,None,,,,,,,Non-bearing,,,Up to level: Parapet,0' - 0",,Solar Panels,,,0pAoNk_y14Lv6l2XP5fu3k,,,49' - 8",,,,
,-10.00°,283 SF,B2020200,Curtain Walls,,L5,0' - 11",,,,1,Slanted,,,,,,,,,By Type,,Default,,,Curtain Wall,Curtain Wall: Solar Panels,,,Exterior,,,04b3cqL6T7nASkHPv$non1,,,,16' - 4",,,,New Construction,None,,,,,,,Non-bearing,,,Up to level: Parapet,0' - 0",,Solar Panels,,,0pAoNk_y14Lv6l2XP5fu3k,,,17' - 1",,,,
0.7,,214 SF,B2010,Exterior Walls,,L5,0' - 0",4' - 11 5/8",,,1,Tapered,10.00°,0.00°,,No,,,,,By Type,,Default,,10.00°,Basic Wall,Basic Wall: Solar Wall (L5),,2 HR,Exterior,0.0103 BTU/(h·ft²·°F),,04b3cqL6T7nASkHPv$nomO,,0.00°,,12' - 4 11/16",,,,New Construction,None,,,,,3,Metal Stud Layer,Non-bearing,14.9238 BTU/(ft²·°F),97.3909 (h·ft²·°F)/BTU,Up to level: Parapet,0' - 0",1' - 9 17/32",Solar Wall (L5),,,3Ru9F5xwXAzeAHqeD6XM5O,,,18' - 0",,694.16 CF,1' - 9 17/32",Top
0.7,,72 SF,B2010158,Ext. Wall - Brick Veneer w/ Stud,,L5,0' - 0",,,,1,Vertical,,,,,,,,,By Type,,Default,,,Basic Wall,Basic Wall: Exterior - 14 5/8" Rainscreen w Insultation on Metal Stud,,2 HR,Exterior,0.0174 BTU/(h·ft²·°F),,04b3cqL6T7nASkHPv$nomP,,,,4' - 4 15/32",,,,New Construction,None,,,,,3,,Non-bearing,14.9135 BTU/(ft²·°F),57.5480 (h·ft²·°F)/BTU,Up to level: Parapet,0' - 0",,Exterior - 14 5/8" Rainscreen w Insultation on Metal Stud,,,38Ozd1J$fFHu9SwugZC0Rw,,X07,18' - 0",,87.55 CF,1' - 2 5/8",
,-10.00°,226 SF,B2020200,Curtain Walls,,L5,1' - 0",,,,1,Slanted,,,,,,,,,By Type,,Default,,,Curtain Wall,Curtain Wall: Solar Panels,,,Exterior,,,04b3cqL6T7nASkHPv$nomU,,,,13' - 1",,,,New Construction,None,,,,,,,Non-bearing,,,Up to level: Parapet,0' - 0",,Solar Panels,,,0pAoNk_y14Lv6l2XP5fu3k,,,17' - 0",,,,
0.7,,198 SF,B2010,Exterior Walls,,L5,0' - 0",4' - 11 5/8",,,1,Tapered,10.00°,0.00°,,No,,,,,By Type,,Default,,10.00°,Basic Wall,Basic Wall: Solar Wall (L5),,2 HR,Exterior,0.0103 BTU/(h·ft²·°F),,04b3cqL6T7nASkHPv$notU,,0.00°,,12' - 6",,,,New Construction,None,,,,,3,Metal Stud Layer,Non-bearing,14.9238 BTU/(ft²·°F),97.3909 (h·ft²·°F)/BTU,Up to level: Parapet,0' - 0",1' - 9 17/32",Solar Wall (L5),,,3Ru9F5xwXAzeAHqeD6XM5O,,,18' - 0",,645.38 CF,1' - 9 17/32",Top
0.7,,115 SF,B2010158,Ext. Wall - Brick Veneer w/ Stud,,L5,0' - 0",,,,1,Vertical,,,,,,,,,By Type,,Default,,,Basic Wall,Basic Wall: Exterior - 12 5/8" Rainscreen w Insultation on Metal Stud,,2 HR,Exterior,0.0217 BTU/(h·ft²·°F),,04b3cqL6T7nASkHPv$notZ,,,,2' - 9 19/32",,,,New Construction,None,,,,,3,,Non-bearing,14.9105 BTU/(ft²·°F),46.0097 (h·ft²·°F)/BTU,Up to level: Parapet,0' - 0",,Exterior - 12 5/8" Rainscreen w Insultation on Metal Stud,,,3GC6dLJPT0_w0HkhCmqXpI,,X04,18' - 0",,116.05 CF,1' - 0 5/8",
,-10.00°,226 SF,B2020200,Curtain Walls,,L5,1' - 0",,,,1,Slanted,,,,,,,,,By Type,,Default,,,Curtain Wall,Curtain Wall: Solar Panels,,,Exterior,,,04b3cqL6T7nASkHPv$notW,,,,13' - 1",,,,New Construction,None,,,,,,,Non-bearing,,,Up to level: Parapet,0' - 0",,Solar Panels,,,0pAoNk_y14Lv6l2XP5fu3k,,,17' - 0",,,,
,,27 SF,B2020200,Curtain Walls,,L5,1' - 4",,,,1,Vertical,,,,,,,,,By Type,,Default,,,Curtain Wall,Curtain Wall: _Not Defined,,,Exterior,,,04b3cqL6T7nASkHPv$nosU,,,,3' - 2 1/8",,,,New Construction,None,,,,,,,Non-bearing,,,Up to level: Parapet,-7' - 8",,_Not Defined,,,2mjs6M6G98BxHa18ZZD5sI,,CW01,9' - 0",,,,
0.7,,25 SF,B2010158,Ext. Wall - Brick Veneer w/ Stud,,L5,0' - 0",,,,1,Vertical,,,,,,,,,By Type,,Default,,,Basic Wall,Basic Wall: Exterior - 12 5/8" Rainscreen w Insultation on Metal Stud,,2 HR,Exterior,0.0217 BTU/(h·ft²·°F),,04b3cqL6T7nASkHPv$nosk,,,,4' - 1",,,,New Construction,None,,,,,3,,Non-bearing,14.9105 BTU/(ft²·°F),46.0097 (h·ft²·°F)/BTU,Up to level: Parapet,-3' - 1",,Exterior - 12 5/8" Rainscreen w Insultation on Metal Stud,,,3GC6dLJPT0_w0HkhCmqXpI,,X04,14' - 11",,26.11 CF,1' - 0 5/8",
0.7,,11 SF,B2010,Exterior Walls,,Parapet,-3' - 1",2' - 1 5/32",,,1,Tapered,10.00°,0.00°,,No,,,,,By Type,,Default,,10.00°,Basic Wall,Basic Wall: Solar Wall (Parapet),,,Exterior,0.0124 BTU/(h·ft²·°F),,04b3cqL6T7nASkHPv$nosl,,0.00°,,4' - 1",,,,New Construction,None,,,,,3,Metal Stud Layer,Non-bearing,14.9195 BTU/(ft²·°F),80.6244 (h·ft²·°F)/BTU,Up to level: Parapet,0' - 0",1' - 6 5/8",Solar Wall (Parapet),,,3Ru9F5xwXAzeAHqeD6XM7K,,,3' - 1",,19.53 CF,1' - 6 5/8",Top
0.7,,98 SF,B2010158,Ext. Wall - Brick Veneer w/ Stud,,L5,0' - 0",,,,1,Vertical,,,,,,,,,By Type,,Default,,,Basic Wall,Basic Wall: Exterior - 12 5/8" Rainscreen w Insultation on Metal Stud,,2 HR,Exterior,0.0217 BTU/(h·ft²·°F),,04b3cqL6T7nASkHPv$nosi,,,,5' - 7 25/32",,,,New Construction,None,,,,,3,,Non-bearing,14.9105 BTU/(ft²·°F),46.0097 (h·ft²·°F)/BTU,Up to level: Parapet,0' - 0",,Exterior - 12 5/8" Rainscreen w Insultation on Metal Stud,,,3GC6dLJPT0_w0HkhCmqXpI,,X04,18' - 0",,102.27 CF,1' - 0 5/8",
,,24 SF,B2020200,Curtain Walls,,L5,2' - 8",,,,1,Vertical,,,,,,,,,By Type,,Default,,,Curtain Wall,Curtain Wall: _Not Defined,,,Exterior,,,04b3cqL6T7nASkHPv$norM,,,,3' - 1",,,,New Construction,None,,,,,,,Non-bearing,,,Up to level: Parapet,-7' - 8",,_Not Defined,,,2mjs6M6G98BxHa18ZZD5sI,,CW01,7' - 8",,,,
0.7,,12 SF,B2010,Exterior Walls,,Parapet,-3' - 1",,,,1,Vertical,10.00°,0.00°,,,,,,,By Type,,Default,,,Basic Wall,Basic Wall: Solar Wall (Parapet),,,Exterior,0.0124 BTU/(h·ft²·°F),,04b3cqL6T7nASkHPv$nord,,,,4' - 0",,,,New Construction,None,,,,,3,Metal Stud Layer,Non-bearing,14.9195 BTU/(ft²·°F),80.6244 (h·ft²·°F)/BTU,Up to level: Parapet,0' - 0",,Solar Wall (Parapet),,,3Ru9F5xwXAzeAHqeD6XM7K,,,3' - 1",,19.14 CF,1' - 6 5/8",Top
0.7,,15 SF,B2010158,Ext. Wall - Brick Veneer w/ Stud,,L5,0' - 0",,,,1,Vertical,,,,,,,,,By Type,,Default,,,Basic Wall,Basic Wall: Exterior - 12 5/8" Rainscreen w Insultation on Metal Stud,,2 HR,Exterior,0.0217 BTU/(h·ft²·°F),,04b3cqL6T7nASkHPv$nora,,,,1' - 4 7/16",,,,New Construction,None,,,,,3,,Non-bearing,14.9105 BTU/(ft²·°F),46.0097 (h·ft²·°F)/BTU,Up to level: Parapet,-3' - 1",,Exterior - 12 5/8" Rainscreen w Insultation on Metal Stud,,,3GC6dLJPT0_w0HkhCmqXpI,,X04,14' - 11",,12.42 CF,1' - 0 5/8",
0.7,,3 SF,B2010,Exterior Walls,,Parapet,-3' - 1",2' - 1 5/32",,,1,Tapered,10.00°,0.00°,,No,,,,,By Type,,Default,,10.00°,Basic Wall,Basic Wall: Solar Wall (Parapet),,,Exterior,0.0124 BTU/(h·ft²·°F),,04b3cqL6T7nASkHPv$norb,,0.00°,,1' - 0 7/16",,,,New Construction,None,,,,,3,Metal Stud Layer,Non-bearing,14.9195 BTU/(ft²·°F),80.6244 (h·ft²·°F)/BTU,Up to level: Parapet,0' - 0",1' - 6 5/8",Solar Wall (Parapet),,,3Ru9F5xwXAzeAHqeD6XM7K,,,3' - 1",,2.94 CF,1' - 6 5/8",Top
0.7,,71 SF,C1010145,Partitions - Drywall w/ Metal Stud,,L5,0' - 0",,,,1,Vertical,,,,,,,,,By Type,,Default,,,Basic Wall,Basic Wall: Party - 6 1/8" (2-hr),,2 HR,Interior,0.0234 BTU/(h·ft²·°F),,04b3cqL6T7nASkHPv$norg,,,,7' - 10",,,,New Construction,None,,,,,3,Metal Stud Layer,Non-bearing,5.1774 BTU/(ft²·°F),42.8246 (h·ft²·°F)/BTU,Up to level: R2,0' - 0",,Party - 6 1/8" (2-hr),,,1UzjuOoQr4P85_KNmJAtS$,,W01,13' - 4",,58.17 CF,0' - 11 3/4",
0.7,,185 SF,B2010158,Ext. Wall - Brick Veneer w/ Stud,,L3,-5' - 0",,,,1,Vertical,,,,,,,,,By Type,,Default,,,Basic Wall,Basic Wall: Exterior - 12 5/8" Rainscreen w Insultation on Metal Stud,,2 HR,Exterior,0.0217 BTU/(h·ft²·°F),,04b3cqL6T7nASkHPv$nore,,,,4' - 10 15/32",,,,New Construction,None,,,,,3,,Non-bearing,14.9105 BTU/(ft²·°F),46.0097 (h·ft²·°F)/BTU,Up to level: Parapet,-3' - 1",,Exterior - 12 5/8" Rainscreen w Insultation on Metal Stud,,,3GC6dLJPT0_w0HkhCmqXpI,,X04,46' - 7",,184.54 CF,1' - 0 5/8",
0.7,,33 SF,B2010158,Ext. Wall - Brick Veneer w/ Stud,,L5,0' - 0",,,,1,Vertical,,,,,,,,,By Type,,Default,,,Basic Wall,Basic Wall: Exterior - 12 5/8" Rainscreen w Insultation on Metal Stud,,2 HR,Exterior,0.0217 BTU/(h·ft²·°F),,04b3cqL6T7nASkHPv$noqS,,,,4' - 2 11/16",,,,New Construction,None,,,,,3,,Non-bearing,14.9105 BTU/(ft²·°F),46.0097 (h·ft²·°F)/BTU,Up to level: Parapet,-3' - 1",,Exterior - 12 5/8" Rainscreen w Insultation on Metal Stud,,,3GC6dLJPT0_w0HkhCmqXpI,,X04,14' - 11",,34.37 CF,1' - 0 5/8",
0.7,,214 SF,B2010,Exterior Walls,,L5,0' - 0",4' - 11 5/8",,,1,Tapered,10.00°,0.00°,,No,,,,,By Type,,Default,,10.00°,Basic Wall,Basic Wall: Solar Wall (L5),,2 HR,Exterior,0.0103 BTU/(h·ft²·°F),,04b3cqL6T7nASkHPv$noqT,,0.00°,,12' - 5 11/16",,,,New Construction,None,,,,,3,Metal Stud Layer,Non-bearing,14.9238 BTU/(ft²·°F),97.3909 (h·ft²·°F)/BTU,Up to level: Parapet,0' - 0",1' - 9 17/32",Solar Wall (L5),,,3Ru9F5xwXAzeAHqeD6XM5O,,,18' - 0",,690.37 CF,1' - 9 17/32",Top
0.7,,61 SF,B2010158,Ext. Wall - Brick Veneer w/ Stud,,L5,0' - 0",,,,1,Vertical,,,,,,,,,By Type,,Default,,,Basic Wall,Basic Wall: Exterior - 12 5/8" Rainscreen w Insultation on Metal Stud,,2 HR,Exterior,0.0217 BTU/(h·ft²·°F),,04b3cqL6T7nASkHPv$noqc,,,,4' - 6 7/8",,,,New Construction,None,,,,,3,,Non-bearing,14.9105 BTU/(ft²·°F),46.0097 (h·ft²·°F)/BTU,Up to level: Parapet,0' - 0",,Exterior - 12 5/8" Rainscreen w Insultation on Metal Stud,,,3GC6dLJPT0_w0HkhCmqXpI,,X04,18' - 0",,50.66 CF,1' - 0 5/8",
,-10.00°,226 SF,B2020200,Curtain Walls,,L5,1' - 0",,,,1,Slanted,,,,,,,,,By Type,,Default,,,Curtain Wall,Curtain Wall: Solar Panels,,,Exterior,,,04b3cqL6T7nASkHPv$noqd,,,,13' - 1",,,,New Construction,None,,,,,,,Non-bearing,,,Up to level: Parapet,0' - 0",,Solar Panels,,,0pAoNk_y14Lv6l2XP5fu3k,,,17' - 0",,,,
0.7,,13 SF,B2010,Exterior Walls,,Parapet,-3' - 1",2' - 1 5/32",,,1,Tapered,10.00°,0.00°,,No,,,,,By Type,,Default,,10.00°,Basic Wall,Basic Wall: Solar Wall (Parapet),,,Exterior,0.0124 BTU/(h·ft²·°F),,04b3cqL6T7nASkHPv$noh$,,0.00°,,4' - 6 13/32",,,,New Construction,None,,,,,3,Metal Stud Layer,Non-bearing,14.9195 BTU/(ft²·°F),80.6244 (h·ft²·°F)/BTU,Up to level: Parapet,0' - 0",1' - 6 5/8",Solar Wall (Parapet),,,3Ru9F5xwXAzeAHqeD6XM7K,,,3' - 1",,20.18 CF,1' - 6 5/8",Top
0.7,,261 SF,B2010,Exterior Walls,,L3,-5' - 0",5' - 3 1/4",,,1,Tapered,10.00°,0.00°,,No,,,,,By Type,,Default,,10.00°,Basic Wall,Basic Wall: Solar Wall (Multi-Level),,2 HR,Exterior,0.0087 BTU/(h·ft²·°F),,04b3cqL6T7nASkHPv$nohy,,0.00°,,15' - 8 11/16",,,,New Construction,None,,,,,3,Metal Stud Layer,Non-bearing,14.9282 BTU/(ft²·°F),114.3377 (h·ft²·°F)/BTU,Up to level: L4,0' - 0",2' - 0 15/32",Solar Wall (Multi-Level),,,21ziHPczP1f8jI2FIqwQuv,,,18' - 4",,956.54 CF,2' - 0 15/32",Top
0.7,,178 SF,B2010,Exterior Walls,,L4,0' - 0",4' - 4 11/16",,,1,Tapered,10.00°,0.00°,,No,,,,,By Type,,Default,,10.00°,Basic Wall,Basic Wall: Solar Wall (Multi-Level),,2 HR,Exterior,0.0087 BTU/(h·ft²·°F),,04b3cqL6T7nASkHPv$nog5,,0.00°,,15' - 8 11/16",,,,New Construction,None,,,,,3,Metal Stud Layer,Non-bearing,14.9282 BTU/(ft²·°F),114.3377 (h·ft²·°F)/BTU,Up to level: L5,0' - 0",2' - 0 15/32",Solar Wall (Multi-Level),,,21ziHPczP1f8jI2FIqwQuv,,,13' - 4",,548.59 CF,2' - 0 15/32",Top
0.7,,101 SF,B2010158,Ext. Wall - Brick Veneer w/ Stud,,L3,-5' - 0",,,,1,Vertical,,,,,,,,,By Type,,Default,,,Basic Wall,Basic Wall: Exterior - 12 5/8" Rainscreen w Insultation on Metal Stud,,2 HR,Exterior,0.0217 BTU/(h·ft²·°F),,04b3cqL6T7nASkHPv$nogI,,,,6' - 2 15/32",,,,New Construction,None,,,,,3,,Non-bearing,14.9105 BTU/(ft²·°F),46.0097 (h·ft²·°F)/BTU,Up to level: L4,0' - 0",,Exterior - 12 5/8" Rainscreen w Insultation on Metal Stud,,,3GC6dLJPT0_w0HkhCmqXpI,,X04,18' - 4",,106.25 CF,1' - 0 5/8",
0.7,,42 SF,B2010158,Ext. Wall - Brick Veneer w/ Stud,,L4,0' - 0",,,,1,Vertical,,,,,,,,,By Type,,Default,,,Basic Wall,Basic Wall: Exterior - 12 5/8" Rainscreen w Insultation on Metal Stud,,2 HR,Exterior,0.0217 BTU/(h·ft²·°F),,04b3cqL6T7nASkHPv$nogJ,,,,3' - 10 1/4",,,,New Construction,None,,,,,3,,Non-bearing,14.9105 BTU/(ft²·°F),46.0097 (h·ft²·°F)/BTU,Up to level: L5,0' - 0",,Exterior - 12 5/8" Rainscreen w Insultation on Metal Stud,,,3GC6dLJPT0_w0HkhCmqXpI,,X04,13' - 4",,44.41 CF,1' - 0 5/8",
0.7,,262 SF,B2010158,Ext. Wall - Brick Veneer w/ Stud,,L3,-5' - 0",,,,1,Vertical,,,,,,,,,By Type,,Default,,,Basic Wall,Basic Wall: Exterior - 12 5/8" Rainscreen w Insultation on Metal Stud,,2 HR,Exterior,0.0217 BTU/(h·ft²·°F),,04b3cqL6T7nASkHPv$nogG,,,,15' - 6 17/32",,,,New Construction,None,,,,,3,,Non-bearing,14.9105 BTU/(ft²·°F),46.0097 (h·ft²·°F)/BTU,Up to level: L4,0' - 0",,Exterior - 12 5/8" Rainscreen w Insultation on Metal Stud,,,3GC6dLJPT0_w0HkhCmqXpI,,X04,18' - 4",,273.60 CF,1' - 0 5/8",
0.7,,162 SF,B2010158,Ext. Wall - Brick Veneer w/ Stud,,L4,0' - 0",,,,1,Vertical,,,,,,,,,By Type,,Default,,,Basic Wall,Basic Wall: Exterior - 12 5/8" Rainscreen w Insultation on Metal Stud,,2 HR,Exterior,0.0217 BTU/(h·ft²·°F),,04b3cqL6T7nASkHPv$nogH,,,,13' - 2 5/16",,,,New Construction,None,,,,,3,,Non-bearing,14.9105 BTU/(ft²·°F),46.0097 (h·ft²·°F)/BTU,Up to level: L5,0' - 0",,Exterior - 12 5/8" Rainscreen w Insultation on Metal Stud,,,3GC6dLJPT0_w0HkhCmqXpI,,X04,13' - 4",,170.77 CF,1' - 0 5/8",
0.7,,261 SF,B2010,Exterior Walls,,L3,-5' - 0",5' - 3 1/4",,,1,Tapered,10.00°,0.00°,,No,,,,,By Type,,Default,,10.00°,Basic Wall,Basic Wall: Solar Wall (Multi-Level),,2 HR,Exterior,0.0087 BTU/(h·ft²·°F),,04b3cqL6T7nASkHPv$nogM,,0.00°,,15' - 8 11/16",,,,New Construction,None,,,,,3,Metal Stud Layer,Non-bearing,14.9282 BTU/(ft²·°F),114.3377 (h·ft²·°F)/BTU,Up to level: L4,0' - 0",2' - 0 15/32",Solar Wall (Multi-Level),,,21ziHPczP1f8jI2FIqwQuv,,,18' - 4",,956.54 CF,2' - 0 15/32",Top
0.7,,178 SF,B2010,Exterior Walls,,L4,0' - 0",4' - 4 11/16",,,1,Tapered,10.00°,0.00°,,No,,,,,By Type,,Default,,10.00°,Basic Wall,Basic Wall: Solar Wall (Multi-Level),,2 HR,Exterior,0.0087 BTU/(h·ft²·°F),,04b3cqL6T7nASkHPv$nogV,,0.00°,,15' - 8 11/16",,,,New Construction,None,,,,,3,Metal Stud Layer,Non-bearing,14.9282 BTU/(ft²·°F),114.3377 (h·ft²·°F)/BTU,Up to level: L5,0' - 0",2' - 0 15/32",Solar Wall (Multi-Level),,,21ziHPczP1f8jI2FIqwQuv,,,13' - 4",,548.59 CF,2' - 0 15/32",Top
0.7,,82 SF,B2010158,Ext. Wall - Brick Veneer w/ Stud,,L3,-5' - 0",,,,1,Vertical,,,,,,,,,By Type,,Default,,,Basic Wall,Basic Wall: Exterior - 12 5/8" Rainscreen w Insultation on Metal Stud,,2 HR,Exterior,0.0217 BTU/(h·ft²·°F),,04b3cqL6T7nASkHPv$noga,,,,6' - 0 7/32",,,,New Construction,None,,,,,3,,Non-bearing,14.9105 BTU/(ft²·°F),46.0097 (h·ft²·°F)/BTU,Up to level: L4,0' - 0",,Exterior - 12 5/8" Rainscreen w Insultation on Metal Stud,,,3GC6dLJPT0_w0HkhCmqXpI,,X04,18' - 4",,86.04 CF,1' - 0 5/8",
0.7,,28 SF,B2010158,Ext. Wall - Brick Veneer w/ Stud,,L4,0' - 0",,,,1,Vertical,,,,,,,,,By Type,,Default,,,Basic Wall,Basic Wall: Exterior - 12 5/8" Rainscreen w Insultation on Metal Stud,,2 HR,Exterior,0.0217 BTU/(h·ft²·°F),,04b3cqL6T7nASkHPv$nogb,,,,3' - 8",,,,New Construction,None,,,,,3,,Non-bearing,14.9105 BTU/(ft²·°F),46.0097 (h·ft²·°F)/BTU,Up to level: L5,0' - 0",,Exterior - 12 5/8" Rainscreen w Insultation on Metal Stud,,,3GC6dLJPT0_w0HkhCmqXpI,,X04,13' - 4",,29.71 CF,1' - 0 5/8",
0.7,,262 SF,B2010158,Ext. Wall - Brick Veneer w/ Stud,,L3,-5' - 0",,,,1,Vertical,,,,,,,,,By Type,,Default,,,Basic Wall,Basic Wall: Exterior - 12 5/8" Rainscreen w Insultation on Metal Stud,,2 HR,Exterior,0.0217 BTU/(h·ft²·°F),,04b3cqL6T7nASkHPv$nogg,,,,15' - 6 17/32",,,,New Construction,None,,,,,3,,Non-bearing,14.9105 BTU/(ft²·°F),46.0097 (h·ft²·°F)/BTU,Up to level: L4,0' - 0",,Exterior - 12 5/8" Rainscreen w Insultation on Metal Stud,,,3GC6dLJPT0_w0HkhCmqXpI,,X04,18' - 4",,273.42 CF,1' - 0 5/8",
0.7,,162 SF,B2010158,Ext. Wall - Brick Veneer w/ Stud,,L4,0' - 0",,,,1,Vertical,,,,,,,,,By Type,,Default,,,Basic Wall,Basic Wall: Exterior - 12 5/8" Rainscreen w Insultation on Metal Stud,,2 HR,Exterior,0.0217 BTU/(h·ft²·°F),,04b3cqL6T7nASkHPv$nogh,,,,13' - 2 5/16",,,,New Construction,None,,,,,3,,Non-bearing,14.9105 BTU/(ft²·°F),46.0097 (h·ft²·°F)/BTU,Up to level: L5,0' - 0",,Exterior - 12 5/8" Rainscreen w Insultation on Metal Stud,,,3GC6dLJPT0_w0HkhCmqXpI,,X04,13' - 4",,170.77 CF,1' - 0 5/8",
0.7,,261 SF,B2010,Exterior Walls,,L3,-5' - 0",5' - 3 1/4",,,1,Tapered,10.00°,0.00°,,No,,,,,By Type,,Default,,10.00°,Basic Wall,Basic Wall: Solar Wall (Multi-Level),,2 HR,Exterior,0.0087 BTU/(h·ft²·°F),,04b3cqL6T7nASkHPv$noge,,0.00°,,15' - 8 11/16",,,,New Construction,None,,,,,3,Metal Stud Layer,Non-bearing,14.9282 BTU/(ft²·°F),114.3377 (h·ft²·°F)/BTU,Up to level: L4,0' - 0",2' - 0 15/32",Solar Wall (Multi-Level),,,21ziHPczP1f8jI2FIqwQuv,,,18' - 4",,956.54 CF,2' - 0 15/32",Top
0.7,,164 SF,B2010,Exterior Walls,,L4,0' - 0",4' - 4 11/16",,,1,Tapered,10.00°,0.00°,,No,,,,,By Type,,Default,,10.00°,Basic Wall,Basic Wall: Solar Wall (Multi-Level),,2 HR,Exterior,0.0087 BTU/(h·ft²·°F),,04b3cqL6T7nASkHPv$nogn,,0.00°,,15' - 8 11/16",,,,New Construction,None,,,,,3,Metal Stud Layer,Non-bearing,14.9282 BTU/(ft²·°F),114.3377 (h·ft²·°F)/BTU,Up to level: L5,0' - 0",2' - 0 15/32",Solar Wall (Multi-Level),,,21ziHPczP1f8jI2FIqwQuv,,,13' - 4",,503.54 CF,2' - 0 15/32",Top
0.7,,82 SF,B2010158,Ext. Wall - Brick Veneer w/ Stud,,L3,-5' - 0",,,,1,Vertical,,,,,,,,,By Type,,Default,,,Basic Wall,Basic Wall: Exterior - 12 5/8" Rainscreen w Insultation on Metal Stud,,2 HR,Exterior,0.0217 BTU/(h·ft²·°F),,04b3cqL6T7nASkHPv$nog_,,,,6' - 0 7/32",,,,New Construction,None,,,,,3,,Non-bearing,14.9105 BTU/(ft²·°F),46.0097 (h·ft²·°F)/BTU,Up to level: L4,0' - 0",,Exterior - 12 5/8" Rainscreen w Insultation on Metal Stud,,,3GC6dLJPT0_w0HkhCmqXpI,,X04,18' - 4",,86.04 CF,1' - 0 5/8",
0.7,,28 SF,B2010158,Ext. Wall - Brick Veneer w/ Stud,,L4,0' - 0",,,,1,Vertical,,,,,,,,,By Type,,Default,,,Basic Wall,Basic Wall: Exterior - 12 5/8" Rainscreen w Insultation on Metal Stud,,2 HR,Exterior,0.0217 BTU/(h·ft²·°F),,04b3cqL6T7nASkHPv$nog$,,,,3' - 8",,,,New Construction,None,,,,,3,,Non-bearing,14.9105 BTU/(ft²·°F),46.0097 (h·ft²·°F)/BTU,Up to level: L5,0' - 0",,Exterior - 12 5/8" Rainscreen w Insultation on Metal Stud,,,3GC6dLJPT0_w0HkhCmqXpI,,X04,13' - 4",,29.71 CF,1' - 0 5/8",
0.7,,64 SF,B2010158,Ext. Wall - Brick Veneer w/ Stud,,L4,0' - 0",,,,1,Vertical,,,,,,,,,By Type,,Default,,,Basic Wall,Basic Wall: Exterior - 12 5/8" Rainscreen w Insultation on Metal Stud,,2 HR,Exterior,0.0217 BTU/(h·ft²·°F),,04b3cqL6T7nASkHPv$nogz,,,,2' - 4 3/16",,,,New Construction,None,,,,,3,,Non-bearing,14.9105 BTU/(ft²·°F),46.0097 (h·ft²·°F)/BTU,Up to level: L5,0' - 0",,Exterior - 12 5/8" Rainscreen w Insultation on Metal Stud,,,3GC6dLJPT0_w0HkhCmqXpI,,X04,13' - 4",,52.68 CF,1' - 0 5/8",
,,31 SF,B2020200,Curtain Walls,,L5,1' - 4",,,,1,Vertical,,,,,,,,,By Type,,Default,,,Curtain Wall,Curtain Wall: _Not Defined,,,Exterior,,,04b3cqL6T7nASkHPv$nof2,,,,3' - 5",,,,New Construction,None,,,,,,,Non-bearing,,,Up to level: Parapet,-7' - 8",,_Not Defined,,,2mjs6M6G98BxHa18ZZD5sI,,CW01,9' - 0",,,,
0.7,,21 SF,B2010158,Ext. Wall - Brick Veneer w/ Stud,,L5,0' - 0",,,,1,Vertical,,,,,,,,,By Type,,Default,,,Basic Wall,Basic Wall: Exterior - 12 5/8" Rainscreen w Insultation on Metal Stud,,2 HR,Exterior,0.0217 BTU/(h·ft²·°F),,04b3cqL6T7nASkHPv$nofI,,,,3' - 5",,,,New Construction,None,,,,,3,,Non-bearing,14.9105 BTU/(ft²·°F),46.0097 (h·ft²·°F)/BTU,Up to level: Parapet,-1' - 11",,Exterior - 12 5/8" Rainscreen w Insultation on Metal Stud,,,3GC6dLJPT0_w0HkhCmqXpI,,X04,16' - 1",,23.69 CF,1' - 0 5/8",
0.7,,289 SF,B2010,Exterior Walls,,L3,0' - 0",,,,1,Vertical,,,,,,,,,By Type,,Default,,,Basic Wall,Basic Wall: Chase - GWB & Metal Stud 6 5/8",,1 HR,Soffit,6.3327 BTU/(h·ft²·°F),,2HJPHz$LL92Ori_VKXvn3R,,,,37' - 8 1/8",,,,New Construction,None,,,,,3,Metal Furring,Non-bearing,28.8093 BTU/(ft²·°F),0.1579 (h·ft²·°F)/BTU,Up to level: L4,0' - 0",,Chase - GWB & Metal Stud 6 5/8",,,1YueUxVJH8SwhLiH$TP6Xo,,S04,13' - 4",,158.35 CF,0' - 6 5/8",
0.7,,20 SF,C1010145,Partitions - Drywall w/ Metal Stud,,L1 - Block 35,0' - 0",,,,1,Vertical,,,,,,,,,By Type,,Default,,,Basic Wall,Basic Wall: Interior - 4 7/8" Partition (NR),,NR,Interior,0.0472 BTU/(h·ft²·°F),,2BVeQ1SqP5AhTNOyGjrJYR,,,,6' - 1 11/16",,,,New Construction,None,,,,,3,Metal Stud Layer,Non-bearing,1.4406 BTU/(ft²·°F),21.1904 (h·ft²·°F)/BTU,Unconnected,0' - 0",,Interior - 4 7/8" Partition (NR),,,26$5pwZTH4A8RTAK02gn25,,P02,3' - 4 1/2",,8.11 CF,0' - 4 7/8",
0.7,,9 SF,C1010145,Partitions - Drywall w/ Metal Stud,,L1 - Block 35,0' - 0",,,,1,Vertical,,,,,,,,,By Type,,Default,,,Basic Wall,Basic Wall: Interior - 4 7/8" Partition (NR),,NR,Interior,0.0472 BTU/(h·ft²·°F),,2BVeQ1SqP5AhTNOyGjrJYO,,,,2' - 11 7/16",,,,New Construction,None,,,,,3,Metal Stud Layer,Non-bearing,1.4406 BTU/(ft²·°F),21.1904 (h·ft²·°F)/BTU,Unconnected,0' - 0",,Interior - 4 7/8" Partition (NR),,,26$5pwZTH4A8RTAK02gn25,,P02,3' - 4 1/2",,3.77 CF,0' - 4 7/8",
0.7,,175 SF,C1010145,Partitions - Drywall w/ Metal Stud,,L1 - Block 35,0' - 0",,,,1,Vertical,,,,,,,,,By Type,,Default,,,Basic Wall,Basic Wall: Interior - 4 7/8" Partition (NR),,NR,Interior,0.0472 BTU/(h·ft²·°F),,2BVeQ1SqP5AhTNOyGjrJYt,,,,16' - 0",,,,New Construction,None,,,,,3,Metal Stud Layer,Non-bearing,1.4406 BTU/(ft²·°F),21.1904 (h·ft²·°F)/BTU,Up to level: M1,-0' - 6",,Interior - 4 7/8" Partition (NR),,,26$5pwZTH4A8RTAK02gn25,,P02,10' - 11",,70.96 CF,0' - 4 7/8",
0.7,,2 SF,B2010,Exterior Walls,,L1 - Block 37,0' - 0",,,,1,Vertical,,,,,,,,,By Type,,Default,,,Basic Wall,Basic Wall: Chase - GWB & Metal Stud 3 1/8",,,Soffit,6.8169 BTU/(h·ft²·°F),,2fwH4HdQr6iflgTlDmKOpn,,,,0' - 6 11/16",,,,New Construction,None,,,,,3,Metal Furring,Non-bearing,12.4224 BTU/(ft²·°F),0.1467 (h·ft²·°F)/BTU,Up to level: L2,0' - 0",,Chase - GWB & Metal Stud 3 1/8",,,09eUxCNaz3lOO$6VIXc4cu,,S02,11' - 6 1/2",,0.56 CF,0' - 3 1/8",
0.7,,35 SF,B2010,Exterior Walls,,L2,0' - 0",,,,1,Vertical,,,,,,,,,By Type,,Default,,,Basic Wall,Basic Wall: Chase - GWB & Metal Stud 6 5/8",,1 HR,Soffit,6.3327 BTU/(h·ft²·°F),,1XxZuChPD6jwkRBI5xp8pZ,,,,36' - 8 23/32",,,,New Construction,None,,,,,3,Metal Furring,Non-bearing,28.8093 BTU/(ft²·°F),0.1579 (h·ft²·°F)/BTU,Up to level: L3,-2' - 5",,Chase - GWB & Metal Stud 6 5/8",,,1YueUxVJH8SwhLiH$TP6Xo,,S04,8' - 4",,19.34 CF,0' - 6 5/8",
0.7,,149 SF,C1010145,Partitions - Drywall w/ Metal Stud,,L5,0' - 0",,,,1,Vertical,,,,,,,,,By Type,,Default,,,Basic Wall,Basic Wall: Interior - 4 7/8" Partition (NR),,NR,Interior,0.0472 BTU/(h·ft²·°F),,3AQwX$e_j0ZPcGzWWO1ijq,,,,14' - 1 15/16",,,,New Construction,None,,,,,3,Metal Stud Layer,Non-bearing,1.4406 BTU/(ft²·°F),21.1904 (h·ft²·°F)/BTU,Up to level: R2,-0' - 6",,Interior - 4 7/8" Partition (NR),,,26$5pwZTH4A8RTAK02gn25,,P02,12' - 10",,60.69 CF,0' - 4 7/8",
0.7,,145 SF,B2010,Exterior Walls,,Parking,0' - 0",,,,1,Vertical,,,,,,,,,By Type,,Default,,,Basic Wall,Basic Wall: Interior - CMU 8",,2 HR,Interior,1.1821 BTU/(h·ft²·°F),,3hI3j47xLFP97ZPHNL_W8v,,,,14' - 2 1/2",,,,New Construction,None,,,,,3,Concrete Masonry Units,Non-bearing,14.3254 BTU/(ft²·°F),0.8460 (h·ft²·°F)/BTU,Up to level: L1 - Block 35,0' - 0",,Interior - CMU 8",,,3hI3j47xLFP97ZPHNL_W03,,P08,11' - 0",,92.32 CF,0' - 7 5/8",
0.7,,518 SF,B2010,Exterior Walls,,L1 - Block 43,0' - 0",,,,1,Vertical,,,,,,,,,By Type,,Default,,,Basic Wall,Basic Wall: Core - Concrete 12",,4 HR,Core-shaft,0.6044 BTU/(h·ft²·°F),,0YJ8xtZP17Ah3VLuKNceef,,,,28' - 6",,,,New Construction,None,,,,,3,Concrete, Cast-in-Place gray,Non-bearing,22.5315 BTU/(ft²·°F),1.6546 (h·ft²·°F)/BTU,Up to level: L3,0' - 0",,Core - Concrete 12",,,2Rqwfi9uL0W9XTWzRAs_ER,,C02,18' - 10",,517.92 CF,1' - 0",
0.7,,403 SF,C1010145,Partitions - Drywall w/ Metal Stud,,L2,0' - 0",,,,1,Vertical,,,,,,,,,By Type,,Default,,,Basic Wall,Basic Wall: Party - 6 1/8" (2-hr),,2 HR,Interior,0.0234 BTU/(h·ft²·°F),,2G$QYqfX19sBhO_tWjoBSE,,,,9' - 8 7/8",,,,New Construction,None,,,,,3,Metal Stud Layer,Non-bearing,5.1774 BTU/(ft²·°F),42.8246 (h·ft²·°F)/BTU,Up to level: R2,0' - 0",,Party - 6 1/8" (2-hr),,,1UzjuOoQr4P85_KNmJAtS$,,W01,50' - 9",,394.52 CF,0' - 11 3/4",
0.7,,77 SF,B2010,Exterior Walls,,L1 - Block 35,0' - 0",,,,1,Vertical,,,,,,,,,By Type,,Default,,,Basic Wall,Basic Wall: Core - Concrete 12",,4 HR,Core-shaft,0.6044 BTU/(h·ft²·°F),,3FDTNrVMX5CROAaE1LHtFy,,,,1' - 0 5/16",,,,New Construction,None,,,,,3,Concrete, Cast-in-Place gray,Non-bearing,22.5315 BTU/(ft²·°F),1.6546 (h·ft²·°F)/BTU,Up to level: Parapet 2,0' - 0",,Core - Concrete 12",,,2Rqwfi9uL0W9XTWzRAs_ER,,C02,76' - 9",,76.89 CF,1' - 0",
0.7,,199 SF,B2010,Exterior Walls,,L1 - Block 37,0' - 0",,,,1,Vertical,,,,,,,,,By Type,,Default,,,Basic Wall,Basic Wall: Core - Concrete 12",,4 HR,Core-shaft,0.6044 BTU/(h·ft²·°F),,3Ff9G3z7n2P9bWgey4$W9L,,,,17' - 8 7/8",,,,New Construction,None,,,,,3,Concrete, Cast-in-Place gray,Non-bearing,22.5315 BTU/(ft²·°F),1.6546 (h·ft²·°F)/BTU,Up to level: L2,0' - 0",,Core - Concrete 12",,,2Rqwfi9uL0W9XTWzRAs_ER,,C02,11' - 6 1/2",,198.74 CF,1' - 0",
0.7,,124 SF,C1010145,Partitions - Drywall w/ Metal Stud,,L1 - Block 35,0' - 0",,,,1,Vertical,,,,,,,,,By Type,,Default,,,Basic Wall,Basic Wall: Interior - 4 7/8" Partition (NR),,NR,Interior,0.0472 BTU/(h·ft²·°F),,3Ff9G3z7n2P9bWgey4$WfW,,,,15' - 10",,,,New Construction,None,,,,,3,Metal Stud Layer,Non-bearing,1.4406 BTU/(ft²·°F),21.1904 (h·ft²·°F)/BTU,Up to level: M1,-0' - 6",,Interior - 4 7/8" Partition (NR),,,26$5pwZTH4A8RTAK02gn25,,P02,10' - 11",,50.27 CF,0' - 4 7/8",
0.7,,83 SF,C1010145,Partitions - Drywall w/ Metal Stud,,L1 - Block 35,0' - 0",,,,1,Vertical,,,,,,,,,By Type,,Default,,,Basic Wall,Basic Wall: Interior - 4 7/8" Partition (NR),,NR,Interior,0.0472 BTU/(h·ft²·°F),,3Ff9G3z7n2P9bWgey4$We3,,,,7' - 5 13/16",,,,New Construction,None,,,,,3,Metal Stud Layer,Non-bearing,1.4406 BTU/(ft²·°F),21.1904 (h·ft²·°F)/BTU,Up to level: M1,-0' - 6",,Interior - 4 7/8" Partition (NR),,,26$5pwZTH4A8RTAK02gn25,,P02,10' - 11",,33.63 CF,0' - 4 7/8",
0.7,,76 SF,C1010145,Partitions - Drywall w/ Metal Stud,,L1 - Block 35,0' - 0",,,,1,Vertical,,,,,,,,,By Type,,Default,,,Basic Wall,Basic Wall: Interior - 4 7/8" Partition (NR),,NR,Interior,0.0472 BTU/(h·ft²·°F),,3Ff9G3z7n2P9bWgey4$WlG,,,,7' - 5 13/16",,,,New Construction,None,,,,,3,Metal Stud Layer,Non-bearing,1.4406 BTU/(ft²·°F),21.1904 (h·ft²·°F)/BTU,Up to level: M1,-0' - 6",,Interior - 4 7/8" Partition (NR),,,26$5pwZTH4A8RTAK02gn25,,P02,10' - 11",,30.95 CF,0' - 4 7/8",
0.7,,7 SF,C1010145,Partitions - Drywall w/ Metal Stud,,L1 - Block 35,0' - 0",,,,1,Vertical,,,,,,,,,By Type,,Default,,,Basic Wall,Basic Wall: Interior - 4 7/8" Partition (NR),,NR,Interior,0.0472 BTU/(h·ft²·°F),,3Ff9G3z7n2P9bWgey4$X05,,,,3' - 4 3/8",,,,New Construction,None,,,,,3,Metal Stud Layer,Non-bearing,1.4406 BTU/(ft²·°F),21.1904 (h·ft²·°F)/BTU,Up to level: M1,-3' - 2 3/4",,Interior - 4 7/8" Partition (NR),,,26$5pwZTH4A8RTAK02gn25,,P02,8' - 2 1/4",,2.99 CF,0' - 4 7/8",
0.7,,185 SF,B2010158,Ext. Wall - Brick Veneer w/ Stud,,L1 - Block 35,0' - 0",,,,1,Vertical,,,,,,,,,By Type,,Default,,,Basic Wall,Basic Wall: Exterior - 10 1/4" Rainscreen w Insultation on Metal Stud,,2 HR,Exterior,0.0304 BTU/(h·ft²·°F),,0S48Krk_r2AxoJZN1L_mZF,,,,9' - 7 3/4",,,,New Construction,None,,,,,3,,Non-bearing,14.9970 BTU/(ft²·°F),32.9206 (h·ft²·°F)/BTU,Up to level: L3,-0' - 6",,Exterior - 10 1/4" Rainscreen w Insultation on Metal Stud,,,2_V46gFRv1gwDUl815bqYC,,X03,24' - 3",,157.21 CF,0' - 10 1/4",
0.7,,231 SF,B2010158,Ext. Wall - Brick Veneer w/ Stud,,L1 - Block 35,0' - 0",,,,1,Vertical,,,,,,,,,By Type,,Default,,,Basic Wall,Basic Wall: Exterior - 10 1/4" Rainscreen w Insultation on Metal Stud,,2 HR,Exterior,0.0304 BTU/(h·ft²·°F),,3mks2_u4L1H8gzLpnGF_dr,,,,9' - 7 3/8",,,,New Construction,None,,,,,3,,Non-bearing,14.9970 BTU/(ft²·°F),32.9206 (h·ft²·°F)/BTU,Up to level: L3,-0' - 6",,Exterior - 10 1/4" Rainscreen w Insultation on Metal Stud,,,2_V46gFRv1gwDUl815bqYC,,X03,24' - 3",,197.38 CF,0' - 10 1/4",
0.7,,697 SF,B2010,Exterior Walls,,L1 - Block 35,0' - 0",,,,1,Vertical,,,,,,,,,By Type,,Default,,,Basic Wall,Basic Wall: Chase - GWB & Metal Stud 4 1/4",,,Soffit,6.6534 BTU/(h·ft²·°F),,1_JXCb1er8YQ4atKTVBfBS,,,,30' - 2 3/16",,,,New Construction,None,,,,,3,Metal Furring,Non-bearing,17.6896 BTU/(ft²·°F),0.1503 (h·ft²·°F)/BTU,Up to level: L3,-0' - 6",,Chase - GWB & Metal Stud 4 1/4",,,3FDTNrVMX5CROAaE1LHtAP,,S03,24' - 3",,246.79 CF,0' - 4 1/4",
0.7,,1475 SF,B2010,Exterior Walls,,L3,-10' - 9",,,,1,Vertical,,,,,,,,,By Type,,Default,,,Basic Wall,Basic Wall: Core - Concrete 12",,4 HR,Core-shaft,0.6044 BTU/(h·ft²·°F),,1_JXCb1er8YQ4atKTVBf9A,,,,23' - 8 11/16",,,,New Construction,None,,,,,3,Concrete, Cast-in-Place gray,Non-bearing,22.5315 BTU/(ft²·°F),1.6546 (h·ft²·°F)/BTU,Up to level: Parapet 2,0' - 0",,Core - Concrete 12",,,2Rqwfi9uL0W9XTWzRAs_ER,,C02,62' - 9",,1466.90 CF,1' - 0",
0.7,,67 SF,B2010,Exterior Walls,,L1 - Block 35,0' - 0",,,,1,Vertical,,,,,,,,,By Type,,Default,,,Basic Wall,Basic Wall: Block 37 Pilaster,,,Exterior,0.0382 BTU/(h·ft²·°F),,2Z7cWsHNH8jQlG_zvTKbuO,,,,1' - 11 3/32",,,,New Construction,None,,,,,3,Metal Stud Layer,Non-bearing,5.8711 BTU/(ft²·°F),26.2081 (h·ft²·°F)/BTU,Up to level: L5,1' - 11",,Block 37 Pilaster,,,22VViu9P52ZuhF1OYoJQd9,,,53' - 4",,44.74 CF,0' - 8",
0.7,,46 SF,B2010,Exterior Walls,,L1 - Block 35,0' - 0",,,,1,Vertical,,,,,,,,,By Type,,Default,,,Basic Wall,Basic Wall: Block 37 Pilaster,,,Exterior,0.0382 BTU/(h·ft²·°F),,2Z7cWsHNH8jQlG_zvTKbw6,,,,0' - 6 1/4",,,,New Construction,None,,,,,3,Metal Stud Layer,Non-bearing,5.8711 BTU/(ft²·°F),26.2081 (h·ft²·°F)/BTU,Up to level: L5,1' - 11",,Block 37 Pilaster,,,22VViu9P52ZuhF1OYoJQd9,,,53' - 4",,30.37 CF,0' - 8",
0.7,,59 SF,C1010145,Partitions - Drywall w/ Metal Stud,,L2,0' - 0",,,,1,Vertical,,,,,,,,,By Type,,Default,,,Basic Wall,Basic Wall: Interior - 7 1/4" Partition (NR),,NR,Interior,0.0287 BTU/(h·ft²·°F),,0F8MBhrI9DsuFtYcLuUhcN,,,,7' - 5 1/8",,,,New Construction,None,,,,,3,Metal Stud Layer,Non-bearing,1.4441 BTU/(ft²·°F),34.8921 (h·ft²·°F)/BTU,Unconnected,0' - 0",,Interior - 7 1/4" Partition (NR),,,1kJXG9J_12CxJk83GXH3Vz,,P04,8' - 0",,35.90 CF,0' - 7 1/4",
0.7,,59 SF,C1010145,Partitions - Drywall w/ Metal Stud,,L3,0' - 0",,,,1,Vertical,,,,,,,,,By Type,,Default,,,Basic Wall,Basic Wall: Interior - 7 1/4" Partition (NR),,NR,Interior,0.0287 BTU/(h·ft²·°F),,0F8MBhrI9DsuFtYcLuUhGT,,,,7' - 5 1/8",,,,New Construction,None,,,,,3,Metal Stud Layer,Non-bearing,1.4441 BTU/(ft²·°F),34.8921 (h·ft²·°F)/BTU,Unconnected,0' - 0",,Interior - 7 1/4" Partition (NR),,,1kJXG9J_12CxJk83GXH3Vz,,P04,8' - 0",,35.90 CF,0' - 7 1/4",
0.7,,61 SF,C1010145,Partitions - Drywall w/ Metal Stud,,L2,0' - 0",,,,1,Vertical,,,,,,,,,By Type,,Default,,,Basic Wall,Basic Wall: Interior - 7 1/4" Partition (NR),,NR,Interior,0.0287 BTU/(h·ft²·°F),,0F8MBhrI9DsuFtYcLuUhGv,,,,7' - 7 1/2",,,,New Construction,None,,,,,3,Metal Stud Layer,Non-bearing,1.4441 BTU/(ft²·°F),34.8921 (h·ft²·°F)/BTU,Unconnected,0' - 0",,Interior - 7 1/4" Partition (NR),,,1kJXG9J_12CxJk83GXH3Vz,,P04,8' - 0",,36.85 CF,0' - 7 1/4",
0.7,,59 SF,C1010145,Partitions - Drywall w/ Metal Stud,,L4,0' - 0",,,,1,Vertical,,,,,,,,,By Type,,Default,,,Basic Wall,Basic Wall: Interior - 7 1/4" Partition (NR),,NR,Interior,0.0287 BTU/(h·ft²·°F),,0F8MBhrI9DsuFtYcLuUhGd,,,,7' - 5 1/8",,,,New Construction,None,,,,,3,Metal Stud Layer,Non-bearing,1.4441 BTU/(ft²·°F),34.8921 (h·ft²·°F)/BTU,Unconnected,0' - 0",,Interior - 7 1/4" Partition (NR),,,1kJXG9J_12CxJk83GXH3Vz,,P04,8' - 0",,35.90 CF,0' - 7 1/4",
0.7,,59 SF,C1010145,Partitions - Drywall w/ Metal Stud,,L3,0' - 0",,,,1,Vertical,,,,,,,,,By Type,,Default,,,Basic Wall,Basic Wall: Interior - 7 1/4" Partition (NR),,NR,Interior,0.0287 BTU/(h·ft²·°F),,0F8MBhrI9DsuFtYcLuUhJL,,,,7' - 5 1/8",,,,New Construction,None,,,,,3,Metal Stud Layer,Non-bearing,1.4441 BTU/(ft²·°F),34.8921 (h·ft²·°F)/BTU,Unconnected,0' - 0",,Interior - 7 1/4" Partition (NR),,,1kJXG9J_12CxJk83GXH3Vz,,P04,8' - 0",,35.90 CF,0' - 7 1/4",
0.7,,59 SF,C1010145,Partitions - Drywall w/ Metal Stud,,L4,0' - 0",,,,1,Vertical,,,,,,,,,By Type,,Default,,,Basic Wall,Basic Wall: Interior - 7 1/4" Partition (NR),,NR,Interior,0.0287 BTU/(h·ft²·°F),,0F8MBhrI9DsuFtYcLuUhJ3,,,,7' - 5 1/8",,,,New Construction,None,,,,,3,Metal Stud Layer,Non-bearing,1.4441 BTU/(ft²·°F),34.8921 (h·ft²·°F)/BTU,Unconnected,0' - 0",,Interior - 7 1/4" Partition (NR),,,1kJXG9J_12CxJk83GXH3Vz,,P04,8' - 0",,35.90 CF,0' - 7 1/4",
0.7,,61 SF,C1010145,Partitions - Drywall w/ Metal Stud,,L3,0' - 0",,,,1,Vertical,,,,,,,,,By Type,,Default,,,Basic Wall,Basic Wall: Interior - 7 1/4" Partition (NR),,NR,Interior,0.0287 BTU/(h·ft²·°F),,0F8MBhrI9DsuFtYcLuUhJn,,,,7' - 7 1/2",,,,New Construction,None,,,,,3,Metal Stud Layer,Non-bearing,1.4441 BTU/(ft²·°F),34.8921 (h·ft²·°F)/BTU,Unconnected,0' - 0",,Interior - 7 1/4" Partition (NR),,,1kJXG9J_12CxJk83GXH3Vz,,P04,8' - 0",,36.85 CF,0' - 7 1/4",
0.7,,61 SF,C1010145,Partitions - Drywall w/ Metal Stud,,L4,0' - 0",,,,1,Vertical,,,,,,,,,By Type,,Default,,,Basic Wall,Basic Wall: Interior - 7 1/4" Partition (NR),,NR,Interior,0.0287 BTU/(h·ft²·°F),,0F8MBhrI9DsuFtYcLuUhIV,,,,7' - 7 1/2",,,,New Construction,None,,,,,3,Metal Stud Layer,Non-bearing,1.4441 BTU/(ft²·°F),34.8921 (h·ft²·°F)/BTU,Unconnected,0' - 0",,Interior - 7 1/4" Partition (NR),,,1kJXG9J_12CxJk83GXH3Vz,,P04,8' - 0",,36.85 CF,0' - 7 1/4",
0.7,,61 SF,C1010145,Partitions - Drywall w/ Metal Stud,,L5,0' - 0",,,,1,Vertical,,,,,,,,,By Type,,Default,,,Basic Wall,Basic Wall: Interior - 7 1/4" Partition (NR),,NR,Interior,0.0287 BTU/(h·ft²·°F),,0F8MBhrI9DsuFtYcLuUhID,,,,7' - 7 1/2",,,,New Construction,None,,,,,3,Metal Stud Layer,Non-bearing,1.4441 BTU/(ft²·°F),34.8921 (h·ft²·°F)/BTU,Unconnected,0' - 0",,Interior - 7 1/4" Partition (NR),,,1kJXG9J_12CxJk83GXH3Vz,,P04,8' - 0",,36.85 CF,0' - 7 1/4",
0.7,,59 SF,C1010145,Partitions - Drywall w/ Metal Stud,,L4,0' - 0",,,,1,Vertical,,,,,,,,,By Type,,Default,,,Basic Wall,Basic Wall: Interior - 7 1/4" Partition (NR),,NR,Interior,0.0287 BTU/(h·ft²·°F),,2PZ1VtXBH3AwJgJCsievIr,,,,7' - 5 1/8",,,,New Construction,None,,,,,3,Metal Stud Layer,Non-bearing,1.4441 BTU/(ft²·°F),34.8921 (h·ft²·°F)/BTU,Unconnected,0' - 0",,Interior - 7 1/4" Partition (NR),,,1kJXG9J_12CxJk83GXH3Vz,,P04,8' - 0",,35.90 CF,0' - 7 1/4",
0.7,,14 SF,C1010145,Partitions - Drywall w/ Metal Stud,,L2,0' - 0",,,,1,Vertical,,,,,,,,,By Type,,Default,,,Basic Wall,Basic Wall: Interior - 4 7/8" Partition (NR),,NR,Interior,0.0472 BTU/(h·ft²·°F),,3_kk4p4U1Bdg7XGdF3sJg7,,,,2' - 0 15/16",,,,New Construction,None,,,,,3,Metal Stud Layer,Non-bearing,1.4406 BTU/(ft²·°F),21.1904 (h·ft²·°F)/BTU,Unconnected,0' - 0",,Interior - 4 7/8" Partition (NR),,,26$5pwZTH4A8RTAK02gn25,,P02,8' - 0",,5.79 CF,0' - 4 7/8",
0.7,,9 SF,B2010,Exterior Walls,,L2,0' - 0",,,,1,Vertical,,,,,,,,,By Type,,Default,,,Basic Wall,Basic Wall: Chase - GWB & Metal Stud 2 1/4",,,Soffit,6.9498 BTU/(h·ft²·°F),,3_kk4p4U1Bdg7XGdF3sGLf,,,,1' - 3 1/8",,,,New Construction,None,,,,,3,Metal Furring,Non-bearing,8.3257 BTU/(ft²·°F),0.1439 (h·ft²·°F)/BTU,Unconnected,0' - 0",,Chase - GWB & Metal Stud 2 1/4",,,3_kk4p4U1Bdg7XGdF3sGJo,,S01,8' - 0",,1.61 CF,0' - 2 1/4",
0.7,,14 SF,C1010145,Partitions - Drywall w/ Metal Stud,,L3,0' - 0",,,,1,Vertical,,,,,,,,,By Type,,Default,,,Basic Wall,Basic Wall: Interior - 4 7/8" Partition (NR),,NR,Interior,0.0472 BTU/(h·ft²·°F),,3_kk4p4U1Bdg7XGdF3sGTb,,,,2' - 0 15/16",,,,New Construction,None,,,,,3,Metal Stud Layer,Non-bearing,1.4406 BTU/(ft²·°F),21.1904 (h·ft²·°F)/BTU,Unconnected,0' - 0",,Interior - 4 7/8" Partition (NR),,,26$5pwZTH4A8RTAK02gn25,,P02,8' - 0",,5.79 CF,0' - 4 7/8",
0.7,,9 SF,B2010,Exterior Walls,,L3,0' - 0",,,,1,Vertical,,,,,,,,,By Type,,Default,,,Basic Wall,Basic Wall: Chase - GWB & Metal Stud 2 1/4",,,Soffit,6.9498 BTU/(h·ft²·°F),,3_kk4p4U1Bdg7XGdF3sGTa,,,,1' - 3 1/8",,,,New Construction,None,,,,,3,Metal Furring,Non-bearing,8.3257 BTU/(ft²·°F),0.1439 (h·ft²·°F)/BTU,Unconnected,0' - 0",,Chase - GWB & Metal Stud 2 1/4",,,3_kk4p4U1Bdg7XGdF3sGJo,,S01,8' - 0",,1.61 CF,0' - 2 1/4",
0.7,,14 SF,C1010145,Partitions - Drywall w/ Metal Stud,,L4,0' - 0",,,,1,Vertical,,,,,,,,,By Type,,Default,,,Basic Wall,Basic Wall: Interior - 4 7/8" Partition (NR),,NR,Interior,0.0472 BTU/(h·ft²·°F),,3_kk4p4U1Bdg7XGdF3sGTQ,,,,2' - 0 15/16",,,,New Construction,None,,,,,3,Metal Stud Layer,Non-bearing,1.4406 BTU/(ft²·°F),21.1904 (h·ft²·°F)/BTU,Unconnected,0' - 0",,Interior - 4 7/8" Partition (NR),,,26$5pwZTH4A8RTAK02gn25,,P02,8' - 0",,5.79 CF,0' - 4 7/8",
0.7,,9 SF,B2010,Exterior Walls,,L4,0' - 0",,,,1,Vertical,,,,,,,,,By Type,,Default,,,Basic Wall,Basic Wall: Chase - GWB & Metal Stud 2 1/4",,,Soffit,6.9498 BTU/(h·ft²·°F),,3_kk4p4U1Bdg7XGdF3sGTP,,,,1' - 3 1/8",,,,New Construction,None,,,,,3,Metal Furring,Non-bearing,8.3257 BTU/(ft²·°F),0.1439 (h·ft²·°F)/BTU,Unconnected,0' - 0",,Chase - GWB & Metal Stud 2 1/4",,,3_kk4p4U1Bdg7XGdF3sGJo,,S01,8' - 0",,1.61 CF,0' - 2 1/4",
0.7,,14 SF,C1010145,Partitions - Drywall w/ Metal Stud,,L5,0' - 0",,,,1,Vertical,,,,,,,,,By Type,,Default,,,Basic Wall,Basic Wall: Interior - 4 7/8" Partition (NR),,NR,Interior,0.0472 BTU/(h·ft²·°F),,3_kk4p4U1Bdg7XGdF3sGTF,,,,2' - 0 15/16",,,,New Construction,None,,,,,3,Metal Stud Layer,Non-bearing,1.4406 BTU/(ft²·°F),21.1904 (h·ft²·°F)/BTU,Unconnected,0' - 0",,Interior - 4 7/8" Partition (NR),,,26$5pwZTH4A8RTAK02gn25,,P02,8' - 0",,5.79 CF,0' - 4 7/8",
0.7,,9 SF,B2010,Exterior Walls,,L5,0' - 0",,,,1,Vertical,,,,,,,,,By Type,,Default,,,Basic Wall,Basic Wall: Chase - GWB & Metal Stud 2 1/4",,,Soffit,6.9498 BTU/(h·ft²·°F),,3_kk4p4U1Bdg7XGdF3sGTE,,,,1' - 3 1/8",,,,New Construction,None,,,,,3,Metal Furring,Non-bearing,8.3257 BTU/(ft²·°F),0.1439 (h·ft²·°F)/BTU,Unconnected,0' - 0",,Chase - GWB & Metal Stud 2 1/4",,,3_kk4p4U1Bdg7XGdF3sGJo,,S01,8' - 0",,1.61 CF,0' - 2 1/4",
0.7,,52 SF,C1010145,Partitions - Drywall w/ Metal Stud,,L5,0' - 0",,,,1,Vertical,,,,,,,,,By Type,,Default,,,Basic Wall,Basic Wall: Interior - 4 7/8" Partition (NR),,NR,Interior,0.0472 BTU/(h·ft²·°F),,2CYMLiCRX28Bytt8lqanAh,,,,4' - 3 3/8",,,,New Construction,None,,,,,3,Metal Stud Layer,Non-bearing,1.4406 BTU/(ft²·°F),21.1904 (h·ft²·°F)/BTU,Up to level: R2,-0' - 6",,Interior - 4 7/8" Partition (NR),,,26$5pwZTH4A8RTAK02gn25,,P02,12' - 10",,20.99 CF,0' - 4 7/8",
0.7,,10 SF,B2010,Exterior Walls,,L5,0' - 0",,,,1,Vertical,,,,,,,,,By Type,,Default,,,Basic Wall,Basic Wall: Chase - GWB & Metal Stud 2 1/4",,,Soffit,6.9498 BTU/(h·ft²·°F),,2CYMLiCRX28Bytt8lqanFV,,,,1' - 3 1/8",,,,New Construction,None,,,,,3,Metal Furring,Non-bearing,8.3257 BTU/(ft²·°F),0.1439 (h·ft²·°F)/BTU,Unconnected,0' - 0",,Chase - GWB & Metal Stud 2 1/4",,,3_kk4p4U1Bdg7XGdF3sGJo,,S01,8' - 0",,1.89 CF,0' - 2 1/4",
0.7,,11 SF,B2010,Exterior Walls,,L5,0' - 0",,,,1,Vertical,,,,,,,,,By Type,,Default,,,Basic Wall,Basic Wall: Chase - GWB & Metal Stud 2 1/4",,,Soffit,6.9498 BTU/(h·ft²·°F),,2CYMLiCRX28Bytt8lqan2f,,,,1' - 4 7/8",,,,New Construction,None,,,,,3,Metal Furring,Non-bearing,8.3257 BTU/(ft²·°F),0.1439 (h·ft²·°F)/BTU,Unconnected,0' - 0",,Chase - GWB & Metal Stud 2 1/4",,,3_kk4p4U1Bdg7XGdF3sGJo,,S01,8' - 0",,2.11 CF,0' - 2 1/4",
0.7,,24 SF,C1010145,Partitions - Drywall w/ Metal Stud,,L5,0' - 0",,,,1,Vertical,,,,,,,,,By Type,,Default,,,Basic Wall,Basic Wall: Interior - 7 1/4" Partition (NR),,NR,Interior,0.0287 BTU/(h·ft²·°F),,2CYMLiCRX28Bytt8lqan3s,,,,3' - 4 3/4",,,,New Construction,None,,,,,3,Metal Stud Layer,Non-bearing,1.4441 BTU/(ft²·°F),34.8921 (h·ft²·°F)/BTU,Unconnected,0' - 0",,Interior - 7 1/4" Partition (NR),,,1kJXG9J_12CxJk83GXH3Vz,,P04,8' - 0",,14.50 CF,0' - 7 1/4",
0.7,,10 SF,B2010,Exterior Walls,,L2,0' - 0",,,,1,Vertical,,,,,,,,,By Type,,Default,,,Basic Wall,Basic Wall: Chase - GWB & Metal Stud 2 1/4",,,Soffit,6.9498 BTU/(h·ft²·°F),,2CYMLiCRX28Bytt8lqanuH,,,,1' - 3 1/8",,,,New Construction,None,,,,,3,Metal Furring,Non-bearing,8.3257 BTU/(ft²·°F),0.1439 (h·ft²·°F)/BTU,Unconnected,0' - 0",,Chase - GWB & Metal Stud 2 1/4",,,3_kk4p4U1Bdg7XGdF3sGJo,,S01,8' - 0",,1.89 CF,0' - 2 1/4",
0.7,,11 SF,B2010,Exterior Walls,,L2,0' - 0",,,,1,Vertical,,,,,,,,,By Type,,Default,,,Basic Wall,Basic Wall: Chase - GWB & Metal Stud 2 1/4",,,Soffit,6.9498 BTU/(h·ft²·°F),,2CYMLiCRX28Bytt8lqanuI,,,,1' - 4 7/8",,,,New Construction,None,,,,,3,Metal Furring,Non-bearing,8.3257 BTU/(ft²·°F),0.1439 (h·ft²·°F)/BTU,Unconnected,0' - 0",,Chase - GWB & Metal Stud 2 1/4",,,3_kk4p4U1Bdg7XGdF3sGJo,,S01,8' - 0",,2.11 CF,0' - 2 1/4",
0.7,,24 SF,C1010145,Partitions - Drywall w/ Metal Stud,,L2,0' - 0",,,,1,Vertical,,,,,,,,,By Type,,Default,,,Basic Wall,Basic Wall: Interior - 7 1/4" Partition (NR),,NR,Interior,0.0287 BTU/(h·ft²·°F),,2CYMLiCRX28Bytt8lqanuJ,,,,3' - 4 3/4",,,,New Construction,None,,,,,3,Metal Stud Layer,Non-bearing,1.4441 BTU/(ft²·°F),34.8921 (h·ft²·°F)/BTU,Unconnected,0' - 0",,Interior - 7 1/4" Partition (NR),,,1kJXG9J_12CxJk83GXH3Vz,,P04,8' - 0",,14.50 CF,0' - 7 1/4",
0.7,,10 SF,B2010,Exterior Walls,,L3,0' - 0",,,,1,Vertical,,,,,,,,,By Type,,Default,,,Basic Wall,Basic Wall: Chase - GWB & Metal Stud 2 1/4",,,Soffit,6.9498 BTU/(h·ft²·°F),,2CYMLiCRX28Bytt8lqanv7,,,,1' - 3 1/8",,,,New Construction,None,,,,,3,Metal Furring,Non-bearing,8.3257 BTU/(ft²·°F),0.1439 (h·ft²·°F)/BTU,Unconnected,0' - 0",,Chase - GWB & Metal Stud 2 1/4",,,3_kk4p4U1Bdg7XGdF3sGJo,,S01,8' - 0",,1.89 CF,0' - 2 1/4",
0.7,,11 SF,B2010,Exterior Walls,,L3,0' - 0",,,,1,Vertical,,,,,,,,,By Type,,Default,,,Basic Wall,Basic Wall: Chase - GWB & Metal Stud 2 1/4",,,Soffit,6.9498 BTU/(h·ft²·°F),,2CYMLiCRX28Bytt8lqanv8,,,,1' - 4 7/8",,,,New Construction,None,,,,,3,Metal Furring,Non-bearing,8.3257 BTU/(ft²·°F),0.1439 (h·ft²·°F)/BTU,Unconnected,0' - 0",,Chase - GWB & Metal Stud 2 1/4",,,3_kk4p4U1Bdg7XGdF3sGJo,,S01,8' - 0",,2.11 CF,0' - 2 1/4",
0.7,,24 SF,C1010145,Partitions - Drywall w/ Metal Stud,,L3,0' - 0",,,,1,Vertical,,,,,,,,,By Type,,Default,,,Basic Wall,Basic Wall: Interior - 7 1/4" Partition (NR),,NR,Interior,0.0287 BTU/(h·ft²·°F),,2CYMLiCRX28Bytt8lqanv9,,,,3' - 4 3/4",,,,New Construction,None,,,,,3,Metal Stud Layer,Non-bearing,1.4441 BTU/(ft²·°F),34.8921 (h·ft²·°F)/BTU,Unconnected,0' - 0",,Interior - 7 1/4" Partition (NR),,,1kJXG9J_12CxJk83GXH3Vz,,P04,8' - 0",,14.50 CF,0' - 7 1/4",
0.7,,10 SF,B2010,Exterior Walls,,L4,0' - 0",,,,1,Vertical,,,,,,,,,By Type,,Default,,,Basic Wall,Basic Wall: Chase - GWB & Metal Stud 2 1/4",,,Soffit,6.9498 BTU/(h·ft²·°F),,2CYMLiCRX28Bytt8lqan_z,,,,1' - 3 1/8",,,,New Construction,None,,,,,3,Metal Furring,Non-bearing,8.3257 BTU/(ft²·°F),0.1439 (h·ft²·°F)/BTU,Unconnected,0' - 0",,Chase - GWB & Metal Stud 2 1/4",,,3_kk4p4U1Bdg7XGdF3sGJo,,S01,8' - 0",,1.89 CF,0' - 2 1/4",
0.7,,11 SF,B2010,Exterior Walls,,L4,0' - 0",,,,1,Vertical,,,,,,,,,By Type,,Default,,,Basic Wall,Basic Wall: Chase - GWB & Metal Stud 2 1/4",,,Soffit,6.9498 BTU/(h·ft²·°F),,2CYMLiCRX28Bytt8lqan__,,,,1' - 4 7/8",,,,New Construction,None,,,,,3,Metal Furring,Non-bearing,8.3257 BTU/(ft²·°F),0.1439 (h·ft²·°F)/BTU,Unconnected,0' - 0",,Chase - GWB & Metal Stud 2 1/4",,,3_kk4p4U1Bdg7XGdF3sGJo,,S01,8' - 0",,2.11 CF,0' - 2 1/4",
0.7,,24 SF,C1010145,Partitions - Drywall w/ Metal Stud,,L4,0' - 0",,,,1,Vertical,,,,,,,,,By Type,,Default,,,Basic Wall,Basic Wall: Interior - 7 1/4" Partition (NR),,NR,Interior,0.0287 BTU/(h·ft²·°F),,2CYMLiCRX28Bytt8lqan_$,,,,3' - 4 3/4",,,,New Construction,None,,,,,3,Metal Stud Layer,Non-bearing,1.4441 BTU/(ft²·°F),34.8921 (h·ft²·°F)/BTU,Unconnected,0' - 0",,Interior - 7 1/4" Partition (NR),,,1kJXG9J_12CxJk83GXH3Vz,,P04,8' - 0",,14.50 CF,0' - 7 1/4",
0.7,,113 SF,B2010,Exterior Walls,,L1 - Block 37,0' - 0",,,,1,Vertical,,,,,,,,,By Type,,Default,,,Basic Wall,Basic Wall: Chase - GWB & Metal Stud 3 1/8",,,Soffit,6.8169 BTU/(h·ft²·°F),,09eUxCNaz3lOO$6VIXc4gJ,,,,10' - 1 9/16",,,,New Construction,None,,,,,3,Metal Furring,Non-bearing,12.4224 BTU/(ft²·°F),0.1467 (h·ft²·°F)/BTU,Up to level: L2,-0' - 6",,Chase - GWB & Metal Stud 3 1/8",,,09eUxCNaz3lOO$6VIXc4cu,,S02,11' - 0 1/2",,29.50 CF,0' - 3 1/8",
0.7,,96 SF,B2010,Exterior Walls,,L1 - Block 37,0' - 0",,,,1,Vertical,,,,,,,,,By Type,,Default,,,Basic Wall,Basic Wall: Chase - GWB & Metal Stud 3 1/8",,,Soffit,6.8169 BTU/(h·ft²·°F),,09eUxCNaz3lOO$6VIXc4Tq,,,,9' - 5 1/4",,,,New Construction,None,,,,,3,Metal Furring,Non-bearing,12.4224 BTU/(ft²·°F),0.1467 (h·ft²·°F)/BTU,Up to level: L2,-0' - 6",,Chase - GWB & Metal Stud 3 1/8",,,09eUxCNaz3lOO$6VIXc4cu,,S02,11' - 0 1/2",,25.13 CF,0' - 3 1/8",
0.7,,97 SF,B2010,Exterior Walls,,L2,0' - 0",,,,1,Vertical,,,,,,,,,By Type,,Default,,,Basic Wall,Basic Wall: Core - Concrete 12",,4 HR,Core-shaft,0.6044 BTU/(h·ft²·°F),,0diyFkYn13LhiY6isZhHBu,,,,1' - 0 1/2",,,,New Construction,None,,,,,3,Concrete, Cast-in-Place gray,Non-bearing,22.5315 BTU/(ft²·°F),1.6546 (h·ft²·°F)/BTU,Up to level: Parapet 2,0' - 0",,Core - Concrete 12",,,2Rqwfi9uL0W9XTWzRAs_ER,,C02,62' - 9",,96.74 CF,1' - 0",
0.7,,97 SF,B2010,Exterior Walls,,L2,0' - 0",,,,1,Vertical,,,,,,,,,By Type,,Default,,,Basic Wall,Basic Wall: Core - Concrete 12",,4 HR,Core-shaft,0.6044 BTU/(h·ft²·°F),,0diyFkYn13LhiY6isZhH6F,,,,1' - 0 1/2",,,,New Construction,None,,,,,3,Concrete, Cast-in-Place gray,Non-bearing,22.5315 BTU/(ft²·°F),1.6546 (h·ft²·°F)/BTU,Up to level: Parapet 2,0' - 0",,Core - Concrete 12",,,2Rqwfi9uL0W9XTWzRAs_ER,,C02,62' - 9",,96.74 CF,1' - 0",
0.7,,65 SF,C1010145,Partitions - Drywall w/ Metal Stud,,L1 - Block 43,0' - 0",,,,1,Vertical,,,,,,,,,By Type,,Default,,,Basic Wall,Basic Wall: Party - 6 1/8" (2-hr),,2 HR,Interior,0.0234 BTU/(h·ft²·°F),,3HG04Ne1b5W8ZXjO0Xv6S9,,,,3' - 5 1/8",,,,New Construction,None,,,,,3,Metal Stud Layer,Non-bearing,5.1774 BTU/(ft²·°F),42.8246 (h·ft²·°F)/BTU,Up to level: L3,0' - 0",,Party - 6 1/8" (2-hr),,,1UzjuOoQr4P85_KNmJAtS$,,W01,18' - 10",,62.85 CF,0' - 11 3/4",
0.7,,166 SF,B2010,Exterior Walls,,L1 - Block 43,0' - 0",,,,1,Vertical,,,,,,,,,By Type,,Default,,,Basic Wall,Basic Wall: Core - Concrete 12",,4 HR,Core-shaft,0.6044 BTU/(h·ft²·°F),,0OJjI_wr5DjxGFObFsiQg5,,,,9' - 4 1/2",,,,New Construction,None,,,,,3,Concrete, Cast-in-Place gray,Non-bearing,22.5315 BTU/(ft²·°F),1.6546 (h·ft²·°F)/BTU,Up to level: L3,0' - 0",,Core - Concrete 12",,,2Rqwfi9uL0W9XTWzRAs_ER,,C02,18' - 10",,163.01 CF,1' - 0",
0.7,,431 SF,B2010,Exterior Walls,,L3,0' - 0",,,,1,Vertical,,,,,,,,,By Type,,Default,,,Basic Wall,Basic Wall: Core - Concrete 12",,4 HR,Core-shaft,0.6044 BTU/(h·ft²·°F),,0OJjI_wr5DjxGFObFsiQen,,,,9' - 4 1/2",,,,New Construction,None,,,,,3,Concrete, Cast-in-Place gray,Non-bearing,22.5315 BTU/(ft²·°F),1.6546 (h·ft²·°F)/BTU,Up to level: Parapet 2,0' - 0",,Core - Concrete 12",,,2Rqwfi9uL0W9XTWzRAs_ER,,C02,52' - 0",,431.35 CF,1' - 0",
0.7,,275 SF,B2010,Exterior Walls,,Parking,-0' - 6",,,,1,Vertical,,,,,,,,,By Type,,Default,,,Basic Wall,Basic Wall: Core - Concrete 12",,4 HR,Core-shaft,0.6044 BTU/(h·ft²·°F),,0OJjI_wr5DjxGFObFsiQdT,,,,9' - 7 1/2",,,,New Construction,None,,,,,3,Concrete, Cast-in-Place gray,Non-bearing,22.5315 BTU/(ft²·°F),1.6546 (h·ft²·°F)/BTU,Up to level: L3,0' - 0",,Core - Concrete 12",,,2Rqwfi9uL0W9XTWzRAs_ER,,C02,36' - 3",,274.96 CF,1' - 0",
0.7,,681 SF,B2010,Exterior Walls,,L1 - Block 37,0' - 0",,,,1,Vertical,,,,,,,,,By Type,,Default,,,Basic Wall,Basic Wall: Chase - GWB & Metal Stud 3 1/8",,,Soffit,6.8169 BTU/(h·ft²·°F),,3UWv$DRqb5r9d6smiWX_1y,,,,31' - 4 9/16",,,,New Construction,None,,,,,3,Metal Furring,Non-bearing,12.4224 BTU/(ft²·°F),0.1467 (h·ft²·°F)/BTU,Up to level: L3,-0' - 6",,Chase - GWB & Metal Stud 3 1/8",,,09eUxCNaz3lOO$6VIXc4cu,,S02,21' - 9 1/2",,177.30 CF,0' - 3 1/8",
0.7,,224 SF,B2010,Exterior Walls,,L1 - Block 43,0' - 0",,,,1,Vertical,,,,,,,,,By Type,,Default,,,Basic Wall,Basic Wall: Chase - GWB & Metal Stud 3 1/8",,,Soffit,6.8169 BTU/(h·ft²·°F),,3UWv$DRqb5r9d6smiWX_1x,,,,29' - 6",,,,New Construction,None,,,,,3,Metal Furring,Non-bearing,12.4224 BTU/(ft²·°F),0.1467 (h·ft²·°F)/BTU,Up to level: L2,-0' - 6",,Chase - GWB & Metal Stud 3 1/8",,,09eUxCNaz3lOO$6VIXc4cu,,S02,7' - 7",,58.26 CF,0' - 3 1/8",
0.7,,191 SF,B2010,Exterior Walls,,L1 - Block 37,0' - 0",,,,1,Vertical,,,,,,,,,By Type,,Default,,,Basic Wall,Basic Wall: Chase - GWB & Metal Stud 3 1/8",,,Soffit,6.8169 BTU/(h·ft²·°F),,3UWv$DRqb5r9d6smiWX_1k,,,,17' - 8 11/16",,,,New Construction,None,,,,,3,Metal Furring,Non-bearing,12.4224 BTU/(ft²·°F),0.1467 (h·ft²·°F)/BTU,Up to level: L2,-0' - 6",,Chase - GWB & Metal Stud 3 1/8",,,09eUxCNaz3lOO$6VIXc4cu,,S02,11' - 0 1/2",,49.83 CF,0' - 3 1/8",
0.7,,264 SF,B2010158,Ext. Wall - Brick Veneer w/ Stud,,L1 - Block 35,0' - 0",,,,1,Vertical,,,,,,,,,By Type,,Default,,,Basic Wall,Basic Wall: Exterior - 5 3/8" Rainscreen w Insultation (for Concrete Core Walls),,,Exterior,0.0899 BTU/(h·ft²·°F),,3UWv$DRqb5r9d6smiWX_7x,,,,11' - 5 1/4",,,,New Construction,None,,,,,3,,Non-bearing,13.4664 BTU/(ft²·°F),11.1177 (h·ft²·°F)/BTU,Up to level: L3,-0' - 6",,Exterior - 5 3/8" Rainscreen w Insultation (for Concrete Core Walls),,,2cPAAN9ynEiAVL2RHeqi5J,,X01,24' - 3",,118.07 CF,0' - 5 3/8",
0.7,,84 SF,B2010,Exterior Walls,,L1 - Block 37,0' - 0",,,,1,Vertical,,,,,,,,,By Type,,Default,,,Basic Wall,Basic Wall: Chase - GWB & Metal Stud 3 1/8",,,Soffit,6.8169 BTU/(h·ft²·°F),,3UWv$DRqb5r9d6smiWX_4G,,,,10' - 0 15/16",,,,New Construction,None,,,,,3,Metal Furring,Non-bearing,12.4224 BTU/(ft²·°F),0.1467 (h·ft²·°F)/BTU,Up to level: L2,-0' - 6",,Chase - GWB & Metal Stud 3 1/8",,,09eUxCNaz3lOO$6VIXc4cu,,S02,11' - 0 1/2",,21.75 CF,0' - 3 1/8",
0.7,,78 SF,B2010,Exterior Walls,,L1 - Block 43,0' - 0",,,,1,Vertical,,,,,,,,,By Type,,Default,,,Basic Wall,Basic Wall: Chase - GWB & Metal Stud 4 1/4",,,Soffit,6.6534 BTU/(h·ft²·°F),,3UWv$DRqb5r9d6smiWX_B8,,,,9' - 11 1/2",,,,New Construction,None,,,,,3,Metal Furring,Non-bearing,17.6896 BTU/(ft²·°F),0.1503 (h·ft²·°F)/BTU,Up to level: L2,0' - 0",,Chase - GWB & Metal Stud 4 1/4",,,3FDTNrVMX5CROAaE1LHtAP,,S03,8' - 1",,26.44 CF,0' - 4 1/4",
0.7,,49 SF,B2010,Exterior Walls,,L1 - Block 43,0' - 0",,,,1,Vertical,,,,,,,,,By Type,,Default,,,Basic Wall,Basic Wall: Chase - GWB & Metal Stud 4 1/4",,,Soffit,6.6534 BTU/(h·ft²·°F),,3UWv$DRqb5r9d6smiWX_9B,,,,6' - 8 1/2",,,,New Construction,None,,,,,3,Metal Furring,Non-bearing,17.6896 BTU/(ft²·°F),0.1503 (h·ft²·°F)/BTU,Up to level: L2,0' - 0",,Chase - GWB & Metal Stud 4 1/4",,,3FDTNrVMX5CROAaE1LHtAP,,S03,8' - 1",,16.98 CF,0' - 4 1/4",
0.7,,9 SF,B2010,Exterior Walls,,L1 - Block 37,0' - 0",,,,1,Vertical,,,,,,,,,By Type,,Default,,,Basic Wall,Basic Wall: Chase - GWB & Metal Stud 3 1/8",,,Soffit,6.8169 BTU/(h·ft²·°F),,3UWv$DRqb5r9d6smiWX_JK,,,,1' - 1 9/16",,,,New Construction,None,,,,,3,Metal Furring,Non-bearing,12.4224 BTU/(ft²·°F),0.1467 (h·ft²·°F)/BTU,Up to level: L2,-0' - 6",,Chase - GWB & Metal Stud 3 1/8",,,09eUxCNaz3lOO$6VIXc4cu,,S02,11' - 0 1/2",,2.22 CF,0' - 3 1/8",
0.7,,130 SF,B2010,Exterior Walls,,M1,-3' - 1",,,,1,Vertical,,,,,,,,,By Type,,Default,,,Basic Wall,Basic Wall: Chase - GWB & Metal Stud 4 1/4",,,Soffit,6.6534 BTU/(h·ft²·°F),,1YueUxVJH8SwhLiH$TP6mE,,,,8' - 6",,,,New Construction,None,,,,,3,Metal Furring,Non-bearing,17.6896 BTU/(ft²·°F),0.1503 (h·ft²·°F)/BTU,Up to level: L3,-0' - 6",,Chase - GWB & Metal Stud 4 1/4",,,3FDTNrVMX5CROAaE1LHtAP,,S03,15' - 11",,45.92 CF,0' - 4 1/4",
0.7,,31 SF,B2010,Exterior Walls,,M1,-2' - 8",,,,1,Vertical,,,,,,,,,By Type,,Default,,,Basic Wall,Basic Wall: Chase - GWB & Metal Stud 4 1/4",,,Soffit,6.6534 BTU/(h·ft²·°F),,1YueUxVJH8SwhLiH$TP6pH,,,,2' - 4 9/16",,,,New Construction,None,,,,,3,Metal Furring,Non-bearing,17.6896 BTU/(ft²·°F),0.1503 (h·ft²·°F)/BTU,Up to level: L3,-0' - 6",,Chase - GWB & Metal Stud 4 1/4",,,3FDTNrVMX5CROAaE1LHtAP,,S03,15' - 6",,11.15 CF,0' - 4 1/4",
0.7,,122 SF,B2010,Exterior Walls,,M1,0' - 0",,,,1,Vertical,,,,,,,,,By Type,,Default,,,Basic Wall,Basic Wall: Chase - GWB & Metal Stud 3 1/8",,,Soffit,6.8169 BTU/(h·ft²·°F),,1YueUxVJH8SwhLiH$TP6t9,,,,9' - 0 13/16",,,,New Construction,None,,,,,3,Metal Furring,Non-bearing,12.4224 BTU/(ft²·°F),0.1467 (h·ft²·°F)/BTU,Up to level: L3,-0' - 6",,Chase - GWB & Metal Stud 3 1/8",,,09eUxCNaz3lOO$6VIXc4cu,,S02,12' - 10",,31.82 CF,0' - 3 1/8",
0.7,,92 SF,B2010,Exterior Walls,,M1,0' - 0",,,,1,Vertical,,,,,,,,,By Type,,Default,,,Basic Wall,Basic Wall: Chase - GWB & Metal Stud 6 5/8",,1 HR,Soffit,6.3327 BTU/(h·ft²·°F),,1YueUxVJH8SwhLiH$TP6tF,,,,7' - 9 5/8",,,,New Construction,None,,,,,3,Metal Furring,Non-bearing,28.8093 BTU/(ft²·°F),0.1579 (h·ft²·°F)/BTU,Up to level: L3,-0' - 6",,Chase - GWB & Metal Stud 6 5/8",,,1YueUxVJH8SwhLiH$TP6Xo,,S04,12' - 10",,50.63 CF,0' - 6 5/8",
0.7,,94 SF,B2010,Exterior Walls,,M1,0' - 0",,,,1,Vertical,,,,,,,,,By Type,,Default,,,Basic Wall,Basic Wall: Chase - GWB & Metal Stud 3 1/8",,,Soffit,6.8169 BTU/(h·ft²·°F),,1YueUxVJH8SwhLiH$TP6tE,,,,9' - 2 9/16",,,,New Construction,None,,,,,3,Metal Furring,Non-bearing,12.4224 BTU/(ft²·°F),0.1467 (h·ft²·°F)/BTU,Up to level: L3,-0' - 6",,Chase - GWB & Metal Stud 3 1/8",,,09eUxCNaz3lOO$6VIXc4cu,,S02,12' - 10",,24.36 CF,0' - 3 1/8",
0.7,,117 SF,B2010,Exterior Walls,,M1,0' - 0",,,,1,Vertical,,,,,,,,,By Type,,Default,,,Basic Wall,Basic Wall: Chase - GWB & Metal Stud 4 1/4",,,Soffit,6.6534 BTU/(h·ft²·°F),,1YueUxVJH8SwhLiH$TP6w2,,,,9' - 4 1/8",,,,New Construction,None,,,,,3,Metal Furring,Non-bearing,17.6896 BTU/(ft²·°F),0.1503 (h·ft²·°F)/BTU,Up to level: L3,-0' - 6",,Chase - GWB & Metal Stud 4 1/4",,,3FDTNrVMX5CROAaE1LHtAP,,S03,12' - 10",,41.29 CF,0' - 4 1/4",
0.7,,75 SF,B2010,Exterior Walls,,M1,0' - 0",,,,1,Vertical,,,,,,,,,By Type,,Default,,,Basic Wall,Basic Wall: Chase - GWB & Metal Stud 3 1/8",,,Soffit,6.8169 BTU/(h·ft²·°F),,1YueUxVJH8SwhLiH$TP6w9,,,,6' - 4 7/16",,,,New Construction,None,,,,,3,Metal Furring,Non-bearing,12.4224 BTU/(ft²·°F),0.1467 (h·ft²·°F)/BTU,Up to level: L3,-0' - 6",,Chase - GWB & Metal Stud 3 1/8",,,09eUxCNaz3lOO$6VIXc4cu,,S02,12' - 10",,19.50 CF,0' - 3 1/8",
0.7,,104 SF,B2010,Exterior Walls,,L1 - Block 35,0' - 0",,,,1,Vertical,,,,,,,,,By Type,,Default,,,Basic Wall,Basic Wall: Chase - GWB & Metal Stud 4 1/4",,,Soffit,6.6534 BTU/(h·ft²·°F),,1YueUxVJH8SwhLiH$TP6lI,,,,9' - 0 13/16",,,,New Construction,None,,,,,3,Metal Furring,Non-bearing,17.6896 BTU/(ft²·°F),0.1503 (h·ft²·°F)/BTU,Up to level: M1,-0' - 6",,Chase - GWB & Metal Stud 4 1/4",,,3FDTNrVMX5CROAaE1LHtAP,,S03,10' - 11",,36.81 CF,0' - 4 1/4",
0.7,,77 SF,B2010,Exterior Walls,,L1 - Block 35,0' - 0",,,,1,Vertical,,,,,,,,,By Type,,Default,,,Basic Wall,Basic Wall: Chase - GWB & Metal Stud 6 5/8",,1 HR,Soffit,6.3327 BTU/(h·ft²·°F),,1YueUxVJH8SwhLiH$TP6lH,,,,7' - 9 1/16",,,,New Construction,None,,,,,3,Metal Furring,Non-bearing,28.8093 BTU/(ft²·°F),0.1579 (h·ft²·°F)/BTU,Up to level: M1,-0' - 6",,Chase - GWB & Metal Stud 6 5/8",,,1YueUxVJH8SwhLiH$TP6Xo,,S04,10' - 11",,42.50 CF,0' - 6 5/8",
0.7,,70 SF,B2010,Exterior Walls,,L1 - Block 35,0' - 0",,,,1,Vertical,,,,,,,,,By Type,,Default,,,Basic Wall,Basic Wall: Chase - GWB & Metal Stud 3 1/8",,,Soffit,6.8169 BTU/(h·ft²·°F),,1YueUxVJH8SwhLiH$TP6lG,,,,9' - 2 1/4",,,,New Construction,None,,,,,3,Metal Furring,Non-bearing,12.4224 BTU/(ft²·°F),0.1467 (h·ft²·°F)/BTU,Up to level: M1,-0' - 6",,Chase - GWB & Metal Stud 3 1/8",,,09eUxCNaz3lOO$6VIXc4cu,,S02,10' - 11",,18.31 CF,0' - 3 1/8",
0.7,,97 SF,B2010,Exterior Walls,,L1 - Block 35,0' - 0",,,,1,Vertical,,,,,,,,,By Type,,Default,,,Basic Wall,Basic Wall: Chase - GWB & Metal Stud 4 1/4",,,Soffit,6.6534 BTU/(h·ft²·°F),,1YueUxVJH8SwhLiH$TP6lN,,,,9' - 2 11/16",,,,New Construction,None,,,,,3,Metal Furring,Non-bearing,17.6896 BTU/(ft²·°F),0.1503 (h·ft²·°F)/BTU,Up to level: M1,-0' - 6",,Chase - GWB & Metal Stud 4 1/4",,,3FDTNrVMX5CROAaE1LHtAP,,S03,10' - 11",,34.19 CF,0' - 4 1/4",
0.7,,43 SF,B2010,Exterior Walls,,L1 - Block 35,0' - 0",,,,1,Vertical,,,,,,,,,By Type,,Default,,,Basic Wall,Basic Wall: Chase - GWB & Metal Stud 3 1/8",,,Soffit,6.8169 BTU/(h·ft²·°F),,1YueUxVJH8SwhLiH$TP6lM,,,,6' - 3 13/16",,,,New Construction,None,,,,,3,Metal Furring,Non-bearing,12.4224 BTU/(ft²·°F),0.1467 (h·ft²·°F)/BTU,Up to level: M1,-0' - 6",,Chase - GWB & Metal Stud 3 1/8",,,09eUxCNaz3lOO$6VIXc4cu,,S02,10' - 11",,11.22 CF,0' - 3 1/8",
0.7,,46 SF,B2010,Exterior Walls,,L1 - Block 35,0' - 0",,,,1,Vertical,,,,,,,,,By Type,,Default,,,Basic Wall,Basic Wall: Block 37 Pilaster,,,Exterior,0.0382 BTU/(h·ft²·°F),,11S5xlW0P8HPomo2uMIjiJ,,,,0' - 6 1/4",,,,New Construction,None,,,,,3,Metal Stud Layer,Non-bearing,5.8711 BTU/(ft²·°F),26.2081 (h·ft²·°F)/BTU,Up to level: L5,1' - 11",,Block 37 Pilaster,,,22VViu9P52ZuhF1OYoJQd9,,,53' - 4",,30.37 CF,0' - 8",
0.7,,101 SF,B2010,Exterior Walls,,L1 - Block 37,0' - 0",,,,1,Vertical,,,,,,,,,By Type,,Default,,,Basic Wall,Basic Wall: Chase - GWB & Metal Stud 3 1/8",,,Soffit,6.8169 BTU/(h·ft²·°F),,0Ra9vgVKX869dfZ6jBvion,,,,9' - 1 23/32",,,,New Construction,None,,,,,3,Metal Furring,Non-bearing,12.4224 BTU/(ft²·°F),0.1467 (h·ft²·°F)/BTU,Up to level: L2,-0' - 6",,Chase - GWB & Metal Stud 3 1/8",,,09eUxCNaz3lOO$6VIXc4cu,,S02,11' - 0 1/2",,26.29 CF,0' - 3 1/8",
0.7,,18 SF,B2010,Exterior Walls,,L1 - Block 37,0' - 0",,,,1,Vertical,,,,,,,,,By Type,,Default,,,Basic Wall,Basic Wall: Furring - GWB & Channels 1 7/8",,NR,Soffit,7.0083 BTU/(h·ft²·°F),,0Ra9vgVKX869dfZ6jBviw_,,,,1' - 5 9/16",,,,New Construction,None,,,,,3,Metal Furring,Non-bearing,6.5700 BTU/(ft²·°F),0.1427 (h·ft²·°F)/BTU,Up to level: L2,0' - 0",,Furring - GWB & Channels 1 7/8",,,03a7pYrhz1rhXmz4tulSVU,,S05,11' - 6 1/2",,2.87 CF,0' - 1 7/8",
0.7,,38 SF,C1010145,Partitions - Drywall w/ Metal Stud,,L2,0' - 0",,,,1,Vertical,,,,,,,,,By Type,,Default,,,Basic Wall,Basic Wall: Interior - 5 1/2" Partition (1-hr Smoke),,1 HR Smoke,Interior,0.0469 BTU/(h·ft²·°F),,3Exf$uKEj6vBh5DuRp1RVW,,,,6' - 6 1/8",,,,New Construction,None,,,,,3,Metal Stud Layer,Non-bearing,2.1582 BTU/(ft²·°F),21.3291 (h·ft²·°F)/BTU,Up to level: L3,-0' - 6",,Interior - 5 1/2" Partition (1-hr Smoke),,,0O5ZCyMCrCOQ6uiL7qfqK4,,P05,10' - 3",,17.59 CF,0' - 5 1/2",
0.7,,108 SF,B2010,Exterior Walls,,L2,0' - 0",,,,1,Vertical,,,,,,,,,By Type,,Default,,,Basic Wall,Basic Wall: Chase - GWB & Metal Stud 3 1/8",,,Soffit,6.8169 BTU/(h·ft²·°F),,3Exf$uKEj6vBh5DuRp1ROq,,,,10' - 3 1/8",,,,New Construction,None,,,,,3,Metal Furring,Non-bearing,12.4224 BTU/(ft²·°F),0.1467 (h·ft²·°F)/BTU,Up to level: L3,-0' - 6",,Chase - GWB & Metal Stud 3 1/8",,,09eUxCNaz3lOO$6VIXc4cu,,S02,10' - 3",,28.08 CF,0' - 3 1/8",
0.7,,96 SF,B2010,Exterior Walls,,L2,0' - 0",,,,1,Vertical,,,,,,,,,By Type,,Default,,,Basic Wall,Basic Wall: Chase - GWB & Metal Stud 3 1/8",,,Soffit,6.8169 BTU/(h·ft²·°F),,3Exf$uKEj6vBh5DuRp1ROr,,,,9' - 4 1/8",,,,New Construction,None,,,,,3,Metal Furring,Non-bearing,12.4224 BTU/(ft²·°F),0.1467 (h·ft²·°F)/BTU,Up to level: L3,-0' - 6",,Chase - GWB & Metal Stud 3 1/8",,,09eUxCNaz3lOO$6VIXc4cu,,S02,10' - 3",,24.94 CF,0' - 3 1/8",
0.7,,44 SF,B2010,Exterior Walls,,L2,0' - 0",,,,1,Vertical,,,,,,,,,By Type,,Default,,,Basic Wall,Basic Wall: Chase - GWB & Metal Stud 3 1/8",,,Soffit,6.8169 BTU/(h·ft²·°F),,3Exf$uKEj6vBh5DuRp1ROo,,,,4' - 7 9/16",,,,New Construction,None,,,,,3,Metal Furring,Non-bearing,12.4224 BTU/(ft²·°F),0.1467 (h·ft²·°F)/BTU,Up to level: L3,-0' - 6",,Chase - GWB & Metal Stud 3 1/8",,,09eUxCNaz3lOO$6VIXc4cu,,S02,10' - 3",,11.33 CF,0' - 3 1/8",
0.7,,302 SF,B2010,Exterior Walls,,L2,0' - 0",,,,1,Vertical,,,,,,,,,By Type,,Default,,,Basic Wall,Basic Wall: Chase - GWB & Metal Stud 3 1/8",,,Soffit,6.8169 BTU/(h·ft²·°F),,3Exf$uKEj6vBh5DuRp1ROm,,,,29' - 8 11/16",,,,New Construction,None,,,,,3,Metal Furring,Non-bearing,12.4224 BTU/(ft²·°F),0.1467 (h·ft²·°F)/BTU,Up to level: L3,-0' - 6",,Chase - GWB & Metal Stud 3 1/8",,,09eUxCNaz3lOO$6VIXc4cu,,S02,10' - 3",,78.74 CF,0' - 3 1/8",
0.7,,250 SF,B2010,Exterior Walls,,L2,0' - 0",,,,1,Vertical,,,,,,,,,By Type,,Default,,,Basic Wall,Basic Wall: Chase - GWB & Metal Stud 3 1/8",,,Soffit,6.8169 BTU/(h·ft²·°F),,3Exf$uKEj6vBh5DuRp1ROn,,,,23' - 7 3/4",,,,New Construction,None,,,,,3,Metal Furring,Non-bearing,12.4224 BTU/(ft²·°F),0.1467 (h·ft²·°F)/BTU,Up to level: L3,0' - 0",,Chase - GWB & Metal Stud 3 1/8",,,09eUxCNaz3lOO$6VIXc4cu,,S02,10' - 9",,65.09 CF,0' - 3 1/8",
0.7,,75 SF,B2010,Exterior Walls,,L2,0' - 0",,,,1,Vertical,,,,,,,,,By Type,,Default,,,Basic Wall,Basic Wall: Chase - GWB & Metal Stud 3 1/8",,,Soffit,6.8169 BTU/(h·ft²·°F),,3Exf$uKEj6vBh5DuRp1ROk,,,,10' - 2 1/2",,,,New Construction,None,,,,,3,Metal Furring,Non-bearing,12.4224 BTU/(ft²·°F),0.1467 (h·ft²·°F)/BTU,Up to level: L3,-0' - 6",,Chase - GWB & Metal Stud 3 1/8",,,09eUxCNaz3lOO$6VIXc4cu,,S02,10' - 3",,19.65 CF,0' - 3 1/8",
0.7,,82 SF,B2010,Exterior Walls,,L2,0' - 0",,,,1,Vertical,,,,,,,,,By Type,,Default,,,Basic Wall,Basic Wall: Chase - GWB & Metal Stud 3 1/8",,,Soffit,6.8169 BTU/(h·ft²·°F),,3Exf$uKEj6vBh5DuRp1ROl,,,,10' - 10 15/16",,,,New Construction,None,,,,,3,Metal Furring,Non-bearing,12.4224 BTU/(ft²·°F),0.1467 (h·ft²·°F)/BTU,Up to level: L3,-0' - 6",,Chase - GWB & Metal Stud 3 1/8",,,09eUxCNaz3lOO$6VIXc4cu,,S02,10' - 3",,21.47 CF,0' - 3 1/8",
0.7,,72 SF,B2010,Exterior Walls,,L2,0' - 0",,,,1,Vertical,,,,,,,,,By Type,,Default,,,Basic Wall,Basic Wall: Chase - GWB & Metal Stud 3 1/8",,,Soffit,6.8169 BTU/(h·ft²·°F),,3Exf$uKEj6vBh5DuRp1ROi,,,,10' - 7 5/8",,,,New Construction,None,,,,,3,Metal Furring,Non-bearing,12.4224 BTU/(ft²·°F),0.1467 (h·ft²·°F)/BTU,Up to level: L3,-0' - 6",,Chase - GWB & Metal Stud 3 1/8",,,09eUxCNaz3lOO$6VIXc4cu,,S02,10' - 3",,18.66 CF,0' - 3 1/8",
0.7,,12 SF,B2010,Exterior Walls,,L2,0' - 0",,,,1,Vertical,,,,,,,,,By Type,,Default,,,Basic Wall,Basic Wall: Furring - GWB & Channels 1 7/8",,NR,Soffit,7.0083 BTU/(h·ft²·°F),,3Exf$uKEj6vBh5DuRp1ROj,,,,1' - 5 9/16",,,,New Construction,None,,,,,3,Metal Furring,Non-bearing,6.5700 BTU/(ft²·°F),0.1427 (h·ft²·°F)/BTU,Up to level: L3,0' - 0",,Furring - GWB & Channels 1 7/8",,,03a7pYrhz1rhXmz4tulSVU,,S05,10' - 9",,1.81 CF,0' - 1 7/8",
0.7,,33 SF,C1010145,Partitions - Drywall w/ Metal Stud,,L3,0' - 0",,,,1,Vertical,,,,,,,,,By Type,,Default,,,Basic Wall,Basic Wall: Interior - 7 1/4" Partition (NR),,NR,Interior,0.0287 BTU/(h·ft²·°F),,1do79UPsT5QgT3kMg0ohrQ,,,,4' - 4 7/16",,,,New Construction,None,,,,,3,Metal Stud Layer,Non-bearing,1.4441 BTU/(ft²·°F),34.8921 (h·ft²·°F)/BTU,Unconnected,0' - 0",,Interior - 7 1/4" Partition (NR),,,1kJXG9J_12CxJk83GXH3Vz,,P04,8' - 0",,19.89 CF,0' - 7 1/4",
0.7,,4 SF,C1010145,Partitions - Drywall w/ Metal Stud,,L3,7' - 0",,,,1,Vertical,,,,,,,,,By Type,,Default,,,Basic Wall,Basic Wall: Interior - 4 7/8" Partition (NR),,NR,Interior,0.0472 BTU/(h·ft²·°F),,1do79UPsT5QgT3kMg0ohra,,,,4' - 4 7/16",,,,New Construction,None,,,,,3,Metal Stud Layer,Non-bearing,1.4406 BTU/(ft²·°F),21.1904 (h·ft²·°F)/BTU,Unconnected,0' - 0",,Interior - 4 7/8" Partition (NR),,,26$5pwZTH4A8RTAK02gn25,,P02,1' - 0",,1.55 CF,0' - 4 7/8",
0.7,,97 SF,C1010145,Partitions - Drywall w/ Metal Stud,,L3,0' - 0",,,,1,Vertical,,,,,,,,,By Type,,Default,,,Basic Wall,Basic Wall: Interior - 7 1/4" Partition (NR),,NR,Interior,0.0287 BTU/(h·ft²·°F),,1do79UPsT5QgT3kMg0ohrf,,,,12' - 5 11/16",,,,New Construction,None,,,,,3,Metal Stud Layer,Non-bearing,1.4441 BTU/(ft²·°F),34.8921 (h·ft²·°F)/BTU,Unconnected,0' - 0",,Interior - 7 1/4" Partition (NR),,,1kJXG9J_12CxJk83GXH3Vz,,P04,8' - 0",,58.86 CF,0' - 7 1/4",
0.7,,19 SF,C1010145,Partitions - Drywall w/ Metal Stud,,L3,0' - 0",,,,1,Vertical,,,,,,,,,By Type,,Default,,,Basic Wall,Basic Wall: Interior - 4 7/8" Partition (NR),,NR,Interior,0.0472 BTU/(h·ft²·°F),,1do79UPsT5QgT3kMg0ohre,,,,2' - 8 3/8",,,,New Construction,None,,,,,3,Metal Stud Layer,Non-bearing,1.4406 BTU/(ft²·°F),21.1904 (h·ft²·°F)/BTU,Unconnected,0' - 0",,Interior - 4 7/8" Partition (NR),,,26$5pwZTH4A8RTAK02gn25,,P02,8' - 0",,7.79 CF,0' - 4 7/8",
0.7,,24 SF,C1010145,Partitions - Drywall w/ Metal Stud,,L3,0' - 0",,,,1,Vertical,,,,,,,,,By Type,,Default,,,Basic Wall,Basic Wall: Interior - 4 7/8" Partition (NR),,NR,Interior,0.0472 BTU/(h·ft²·°F),,1do79UPsT5QgT3kMg0ohro,,,,3' - 4 1/4",,,,New Construction,None,,,,,3,Metal Stud Layer,Non-bearing,1.4406 BTU/(ft²·°F),21.1904 (h·ft²·°F)/BTU,Unconnected,0' - 0",,Interior - 4 7/8" Partition (NR),,,26$5pwZTH4A8RTAK02gn25,,P02,8' - 0",,9.75 CF,0' - 4 7/8",
0.7,,24 SF,C1010145,Partitions - Drywall w/ Metal Stud,,L3,0' - 0",,,,1,Vertical,,,,,,,,,By Type,,Default,,,Basic Wall,Basic Wall: Interior - 4 7/8" Partition (NR),,NR,Interior,0.0472 BTU/(h·ft²·°F),,1do79UPsT5QgT3kMg0ohrr,,,,3' - 4 1/4",,,,New Construction,None,,,,,3,Metal Stud Layer,Non-bearing,1.4406 BTU/(ft²·°F),21.1904 (h·ft²·°F)/BTU,Unconnected,0' - 0",,Interior - 4 7/8" Partition (NR),,,26$5pwZTH4A8RTAK02gn25,,P02,8' - 0",,9.75 CF,0' - 4 7/8",
0.7,,33 SF,C1010145,Partitions - Drywall w/ Metal Stud,,L4,0' - 0",,,,1,Vertical,,,,,,,,,By Type,,Default,,,Basic Wall,Basic Wall: Interior - 7 1/4" Partition (NR),,NR,Interior,0.0287 BTU/(h·ft²·°F),,1do79UPsT5QgT3kMg0ohoL,,,,4' - 4 7/16",,,,New Construction,None,,,,,3,Metal Stud Layer,Non-bearing,1.4441 BTU/(ft²·°F),34.8921 (h·ft²·°F)/BTU,Unconnected,0' - 0",,Interior - 7 1/4" Partition (NR),,,1kJXG9J_12CxJk83GXH3Vz,,P04,8' - 0",,19.89 CF,0' - 7 1/4",
0.7,,4 SF,C1010145,Partitions - Drywall w/ Metal Stud,,L4,7' - 0",,,,1,Vertical,,,,,,,,,By Type,,Default,,,Basic Wall,Basic Wall: Interior - 4 7/8" Partition (NR),,NR,Interior,0.0472 BTU/(h·ft²·°F),,1do79UPsT5QgT3kMg0ohoV,,,,4' - 4 7/16",,,,New Construction,None,,,,,3,Metal Stud Layer,Non-bearing,1.4406 BTU/(ft²·°F),21.1904 (h·ft²·°F)/BTU,Unconnected,0' - 0",,Interior - 4 7/8" Partition (NR),,,26$5pwZTH4A8RTAK02gn25,,P02,1' - 0",,1.55 CF,0' - 4 7/8",
0.7,,97 SF,C1010145,Partitions - Drywall w/ Metal Stud,,L4,0' - 0",,,,1,Vertical,,,,,,,,,By Type,,Default,,,Basic Wall,Basic Wall: Interior - 7 1/4" Partition (NR),,NR,Interior,0.0287 BTU/(h·ft²·°F),,1do79UPsT5QgT3kMg0ohoW,,,,12' - 5 11/16",,,,New Construction,None,,,,,3,Metal Stud Layer,Non-bearing,1.4441 BTU/(ft²·°F),34.8921 (h·ft²·°F)/BTU,Unconnected,0' - 0",,Interior - 7 1/4" Partition (NR),,,1kJXG9J_12CxJk83GXH3Vz,,P04,8' - 0",,58.86 CF,0' - 7 1/4",
0.7,,19 SF,C1010145,Partitions - Drywall w/ Metal Stud,,L4,0' - 0",,,,1,Vertical,,,,,,,,,By Type,,Default,,,Basic Wall,Basic Wall: Interior - 4 7/8" Partition (NR),,NR,Interior,0.0472 BTU/(h·ft²·°F),,1do79UPsT5QgT3kMg0ohoZ,,,,2' - 8 3/8",,,,New Construction,None,,,,,3,Metal Stud Layer,Non-bearing,1.4406 BTU/(ft²·°F),21.1904 (h·ft²·°F)/BTU,Unconnected,0' - 0",,Interior - 4 7/8" Partition (NR),,,26$5pwZTH4A8RTAK02gn25,,P02,8' - 0",,7.79 CF,0' - 4 7/8",
0.7,,24 SF,C1010145,Partitions - Drywall w/ Metal Stud,,L4,0' - 0",,,,1,Vertical,,,,,,,,,By Type,,Default,,,Basic Wall,Basic Wall: Interior - 4 7/8" Partition (NR),,NR,Interior,0.0472 BTU/(h·ft²·°F),,1do79UPsT5QgT3kMg0ohoj,,,,3' - 4 1/4",,,,New Construction,None,,,,,3,Metal Stud Layer,Non-bearing,1.4406 BTU/(ft²·°F),21.1904 (h·ft²·°F)/BTU,Unconnected,0' - 0",,Interior - 4 7/8" Partition (NR),,,26$5pwZTH4A8RTAK02gn25,,P02,8' - 0",,9.75 CF,0' - 4 7/8",
0.7,,24 SF,C1010145,Partitions - Drywall w/ Metal Stud,,L4,0' - 0",,,,1,Vertical,,,,,,,,,By Type,,Default,,,Basic Wall,Basic Wall: Interior - 4 7/8" Partition (NR),,NR,Interior,0.0472 BTU/(h·ft²·°F),,1do79UPsT5QgT3kMg0ohoi,,,,3' - 4 1/4",,,,New Construction,None,,,,,3,Metal Stud Layer,Non-bearing,1.4406 BTU/(ft²·°F),21.1904 (h·ft²·°F)/BTU,Unconnected,0' - 0",,Interior - 4 7/8" Partition (NR),,,26$5pwZTH4A8RTAK02gn25,,P02,8' - 0",,9.75 CF,0' - 4 7/8",
0.7,,33 SF,C1010145,Partitions - Drywall w/ Metal Stud,,L5,0' - 0",,,,1,Vertical,,,,,,,,,By Type,,Default,,,Basic Wall,Basic Wall: Interior - 7 1/4" Partition (NR),,NR,Interior,0.0287 BTU/(h·ft²·°F),,1do79UPsT5QgT3kMg0ohpC,,,,4' - 4 7/16",,,,New Construction,None,,,,,3,Metal Stud Layer,Non-bearing,1.4441 BTU/(ft²·°F),34.8921 (h·ft²·°F)/BTU,Unconnected,0' - 0",,Interior - 7 1/4" Partition (NR),,,1kJXG9J_12CxJk83GXH3Vz,,P04,8' - 0",,19.89 CF,0' - 7 1/4",
0.7,,4 SF,C1010145,Partitions - Drywall w/ Metal Stud,,L5,7' - 0",,,,1,Vertical,,,,,,,,,By Type,,Default,,,Basic Wall,Basic Wall: Interior - 4 7/8" Partition (NR),,NR,Interior,0.0472 BTU/(h·ft²·°F),,1do79UPsT5QgT3kMg0ohpM,,,,4' - 4 7/16",,,,New Construction,None,,,,,3,Metal Stud Layer,Non-bearing,1.4406 BTU/(ft²·°F),21.1904 (h·ft²·°F)/BTU,Unconnected,0' - 0",,Interior - 4 7/8" Partition (NR),,,26$5pwZTH4A8RTAK02gn25,,P02,1' - 0",,1.55 CF,0' - 4 7/8",
0.7,,97 SF,C1010145,Partitions - Drywall w/ Metal Stud,,L5,0' - 0",,,,1,Vertical,,,,,,,,,By Type,,Default,,,Basic Wall,Basic Wall: Interior - 7 1/4" Partition (NR),,NR,Interior,0.0287 BTU/(h·ft²·°F),,1do79UPsT5QgT3kMg0ohpR,,,,12' - 5 11/16",,,,New Construction,None,,,,,3,Metal Stud Layer,Non-bearing,1.4441 BTU/(ft²·°F),34.8921 (h·ft²·°F)/BTU,Unconnected,0' - 0",,Interior - 7 1/4" Partition (NR),,,1kJXG9J_12CxJk83GXH3Vz,,P04,8' - 0",,58.86 CF,0' - 7 1/4",
0.7,,19 SF,C1010145,Partitions - Drywall w/ Metal Stud,,L5,0' - 0",,,,1,Vertical,,,,,,,,,By Type,,Default,,,Basic Wall,Basic Wall: Interior - 4 7/8" Partition (NR),,NR,Interior,0.0472 BTU/(h·ft²·°F),,1do79UPsT5QgT3kMg0ohpQ,,,,2' - 8 3/8",,,,New Construction,None,,,,,3,Metal Stud Layer,Non-bearing,1.4406 BTU/(ft²·°F),21.1904 (h·ft²·°F)/BTU,Unconnected,0' - 0",,Interior - 4 7/8" Partition (NR),,,26$5pwZTH4A8RTAK02gn25,,P02,8' - 0",,7.79 CF,0' - 4 7/8",
0.7,,24 SF,C1010145,Partitions - Drywall w/ Metal Stud,,L5,0' - 0",,,,1,Vertical,,,,,,,,,By Type,,Default,,,Basic Wall,Basic Wall: Interior - 4 7/8" Partition (NR),,NR,Interior,0.0472 BTU/(h·ft²·°F),,1do79UPsT5QgT3kMg0ohpa,,,,3' - 4 1/4",,,,New Construction,None,,,,,3,Metal Stud Layer,Non-bearing,1.4406 BTU/(ft²·°F),21.1904 (h·ft²·°F)/BTU,Unconnected,0' - 0",,Interior - 4 7/8" Partition (NR),,,26$5pwZTH4A8RTAK02gn25,,P02,8' - 0",,9.75 CF,0' - 4 7/8",
0.7,,24 SF,C1010145,Partitions - Drywall w/ Metal Stud,,L5,0' - 0",,,,1,Vertical,,,,,,,,,By Type,,Default,,,Basic Wall,Basic Wall: Interior - 4 7/8" Partition (NR),,NR,Interior,0.0472 BTU/(h·ft²·°F),,1do79UPsT5QgT3kMg0ohpd,,,,3' - 4 1/4",,,,New Construction,None,,,,,3,Metal Stud Layer,Non-bearing,1.4406 BTU/(ft²·°F),21.1904 (h·ft²·°F)/BTU,Unconnected,0' - 0",,Interior - 4 7/8" Partition (NR),,,26$5pwZTH4A8RTAK02gn25,,P02,8' - 0",,9.75 CF,0' - 4 7/8",
0.7,,54 SF,C1010145,Partitions - Drywall w/ Metal Stud,,L3,0' - 0",,,,1,Vertical,,,,,,,,,By Type,,Default,,,Basic Wall,Basic Wall: Interior - 5 1/2" Partition (1-hr Smoke),,1 HR Smoke,Interior,0.0469 BTU/(h·ft²·°F),,1do79UPsT5QgT3kMg0ohn6,,,,6' - 6 1/8",,,,New Construction,None,,,,,3,Metal Stud Layer,Non-bearing,2.1582 BTU/(ft²·°F),21.3291 (h·ft²·°F)/BTU,Up to level: L4,-0' - 6",,Interior - 5 1/2" Partition (1-hr Smoke),,,0O5ZCyMCrCOQ6uiL7qfqK4,,P05,12' - 10",,24.70 CF,0' - 5 1/2",
0.7,,116 SF,C1010145,Partitions - Drywall w/ Metal Stud,,L3,0' - 0",,,,1,Vertical,,,,,,,,,By Type,,Default,,,Basic Wall,Basic Wall: Interior - 8 1/2" Partition (2-hr),,2 HR,Interior,0.0284 BTU/(h·ft²·°F),,1do79UPsT5QgT3kMg0oh_i,,,,9' - 6 7/8",,,,New Construction,None,,,,,3,Metal Stud Layer,Non-bearing,2.8793 BTU/(ft²·°F),35.1694 (h·ft²·°F)/BTU,Up to level: L4,-0' - 6",,Interior - 8 1/2" Partition (2-hr),,,3Exf$uKEj6vBh5DuRp0arl,,P07,12' - 10",,82.45 CF,0' - 8 1/2",
0.7,,298 SF,B2010,Exterior Walls,,L3,0' - 0",,,,1,Vertical,,,,,,,,,By Type,,Default,,,Basic Wall,Basic Wall: Chase - GWB & Metal Stud 3 1/8",,,Soffit,6.8169 BTU/(h·ft²·°F),,1do79UPsT5QgT3kMg0oh_l,,,,23' - 7 3/4",,,,New Construction,None,,,,,3,Metal Furring,Non-bearing,12.4224 BTU/(ft²·°F),0.1467 (h·ft²·°F)/BTU,Up to level: L4,-0' - 6",,Chase - GWB & Metal Stud 3 1/8",,,09eUxCNaz3lOO$6VIXc4cu,,S02,12' - 10",,77.70 CF,0' - 3 1/8",
0.7,,112 SF,B2010,Exterior Walls,,L3,0' - 0",,,,1,Vertical,,,,,,,,,By Type,,Default,,,Basic Wall,Basic Wall: Chase - GWB & Metal Stud 3 1/8",,,Soffit,6.8169 BTU/(h·ft²·°F),,1do79UPsT5QgT3kMg0oh_k,,,,10' - 7 5/8",,,,New Construction,None,,,,,3,Metal Furring,Non-bearing,12.4224 BTU/(ft²·°F),0.1467 (h·ft²·°F)/BTU,Up to level: L4,-0' - 6",,Chase - GWB & Metal Stud 3 1/8",,,09eUxCNaz3lOO$6VIXc4cu,,S02,12' - 10",,29.18 CF,0' - 3 1/8",
0.7,,54 SF,C1010145,Partitions - Drywall w/ Metal Stud,,L4,0' - 0",,,,1,Vertical,,,,,,,,,By Type,,Default,,,Basic Wall,Basic Wall: Interior - 5 1/2" Partition (1-hr Smoke),,1 HR Smoke,Interior,0.0469 BTU/(h·ft²·°F),,1do79UPsT5QgT3kMg0ohue,,,,6' - 6 1/8",,,,New Construction,None,,,,,3,Metal Stud Layer,Non-bearing,2.1582 BTU/(ft²·°F),21.3291 (h·ft²·°F)/BTU,Up to level: L5,-0' - 6",,Interior - 5 1/2" Partition (1-hr Smoke),,,0O5ZCyMCrCOQ6uiL7qfqK4,,P05,12' - 10",,24.69 CF,0' - 5 1/2",
0.7,,116 SF,C1010145,Partitions - Drywall w/ Metal Stud,,L4,0' - 0",,,,1,Vertical,,,,,,,,,By Type,,Default,,,Basic Wall,Basic Wall: Interior - 8 1/2" Partition (2-hr),,2 HR,Interior,0.0284 BTU/(h·ft²·°F),,1do79UPsT5QgT3kMg0ohug,,,,9' - 6 7/8",,,,New Construction,None,,,,,3,Metal Stud Layer,Non-bearing,2.8793 BTU/(ft²·°F),35.1694 (h·ft²·°F)/BTU,Up to level: L5,-0' - 6",,Interior - 8 1/2" Partition (2-hr),,,3Exf$uKEj6vBh5DuRp0arl,,P07,12' - 10",,82.45 CF,0' - 8 1/2",
0.7,,298 SF,B2010,Exterior Walls,,L4,0' - 0",,,,1,Vertical,,,,,,,,,By Type,,Default,,,Basic Wall,Basic Wall: Chase - GWB & Metal Stud 3 1/8",,,Soffit,6.8169 BTU/(h·ft²·°F),,1do79UPsT5QgT3kMg0ohuj,,,,23' - 7 3/4",,,,New Construction,None,,,,,3,Metal Furring,Non-bearing,12.4224 BTU/(ft²·°F),0.1467 (h·ft²·°F)/BTU,Up to level: L5,-0' - 6",,Chase - GWB & Metal Stud 3 1/8",,,09eUxCNaz3lOO$6VIXc4cu,,S02,12' - 10",,77.70 CF,0' - 3 1/8",
0.7,,96 SF,B2010,Exterior Walls,,L4,0' - 0",,,,1,Vertical,,,,,,,,,By Type,,Default,,,Basic Wall,Basic Wall: Chase - GWB & Metal Stud 3 1/8",,,Soffit,6.8169 BTU/(h·ft²·°F),,1do79UPsT5QgT3kMg0ohui,,,,10' - 7 5/8",,,,New Construction,None,,,,,3,Metal Furring,Non-bearing,12.4224 BTU/(ft²·°F),0.1467 (h·ft²·°F)/BTU,Up to level: L5,-0' - 6",,Chase - GWB & Metal Stud 3 1/8",,,09eUxCNaz3lOO$6VIXc4cu,,S02,12' - 10",,24.97 CF,0' - 3 1/8",
0.7,,43 SF,C1010145,Partitions - Drywall w/ Metal Stud,,L5,0' - 0",,,,1,Vertical,,,,,,,,,By Type,,Default,,,Basic Wall,Basic Wall: Interior - 5 1/2" Partition (1-hr Smoke),,1 HR Smoke,Interior,0.0469 BTU/(h·ft²·°F),,1do79UPsT5QgT3kMg0ohun,,,,4' - 4 5/16",,,,New Construction,None,,,,,3,Metal Stud Layer,Non-bearing,2.1582 BTU/(ft²·°F),21.3291 (h·ft²·°F)/BTU,Up to level: R2,-0' - 6",,Interior - 5 1/2" Partition (1-hr Smoke),,,0O5ZCyMCrCOQ6uiL7qfqK4,,P05,12' - 10",,16.94 CF,0' - 5 1/2",
0.7,,116 SF,C1010145,Partitions - Drywall w/ Metal Stud,,L5,0' - 0",,,,1,Vertical,,,,,,,,,By Type,,Default,,,Basic Wall,Basic Wall: Interior - 8 1/2" Partition (2-hr),,2 HR,Interior,0.0284 BTU/(h·ft²·°F),,1do79UPsT5QgT3kMg0ohup,,,,9' - 6 7/8",,,,New Construction,None,,,,,3,Metal Stud Layer,Non-bearing,2.8793 BTU/(ft²·°F),35.1694 (h·ft²·°F)/BTU,Up to level: R2,-0' - 6",,Interior - 8 1/2" Partition (2-hr),,,3Exf$uKEj6vBh5DuRp0arl,,P07,12' - 10",,82.45 CF,0' - 8 1/2",
0.7,,298 SF,B2010,Exterior Walls,,L5,0' - 0",,,,1,Vertical,,,,,,,,,By Type,,Default,,,Basic Wall,Basic Wall: Chase - GWB & Metal Stud 3 1/8",,,Soffit,6.8169 BTU/(h·ft²·°F),,1do79UPsT5QgT3kMg0ohuo,,,,23' - 7 3/4",,,,New Construction,None,,,,,3,Metal Furring,Non-bearing,12.4224 BTU/(ft²·°F),0.1467 (h·ft²·°F)/BTU,Up to level: R2,-0' - 6",,Chase - GWB & Metal Stud 3 1/8",,,09eUxCNaz3lOO$6VIXc4cu,,S02,12' - 10",,77.70 CF,0' - 3 1/8",
0.7,,109 SF,B2010,Exterior Walls,,L5,0' - 0",,,,1,Vertical,,,,,,,,,By Type,,Default,,,Basic Wall,Basic Wall: Chase - GWB & Metal Stud 3 1/8",,,Soffit,6.8169 BTU/(h·ft²·°F),,1do79UPsT5QgT3kMg0ohur,,,,10' - 7 5/8",,,,New Construction,None,,,,,3,Metal Furring,Non-bearing,12.4224 BTU/(ft²·°F),0.1467 (h·ft²·°F)/BTU,Up to level: R2,-0' - 6",,Chase - GWB & Metal Stud 3 1/8",,,09eUxCNaz3lOO$6VIXc4cu,,S02,12' - 10",,28.31 CF,0' - 3 1/8",
0.7,,69 SF,C1010145,Partitions - Drywall w/ Metal Stud,,L5,0' - 0",,,,1,Vertical,,,,,,,,,By Type,,Default,,,Basic Wall,Basic Wall: Interior - 5 1/2" Partition (1-hr Smoke),,1 HR Smoke,Interior,0.0469 BTU/(h·ft²·°F),,2XHYIYzAHChPcvcG26L_xP,,,,6' - 3 21/32",,,,New Construction,None,,,,,3,Metal Stud Layer,Non-bearing,2.1582 BTU/(ft²·°F),21.3291 (h·ft²·°F)/BTU,Up to level: R2,-0' - 6",,Interior - 5 1/2" Partition (1-hr Smoke),,,0O5ZCyMCrCOQ6uiL7qfqK4,,P05,12' - 10",,28.56 CF,0' - 5 1/2",
0.7,,135 SF,B2010,Exterior Walls,,L3,0' - 0",,,,1,Vertical,,,,,,,,,By Type,,Default,,,Basic Wall,Basic Wall: Chase - GWB & Metal Stud 3 1/8",,,Soffit,6.8169 BTU/(h·ft²·°F),,2XHYIYzAHChPcvcG26L__$,,,,10' - 3 1/8",,,,New Construction,None,,,,,3,Metal Furring,Non-bearing,12.4224 BTU/(ft²·°F),0.1467 (h·ft²·°F)/BTU,Up to level: L4,-0' - 6",,Chase - GWB & Metal Stud 3 1/8",,,09eUxCNaz3lOO$6VIXc4cu,,S02,12' - 10",,35.16 CF,0' - 3 1/8",
0.7,,120 SF,B2010,Exterior Walls,,L3,0' - 0",,,,1,Vertical,,,,,,,,,By Type,,Default,,,Basic Wall,Basic Wall: Chase - GWB & Metal Stud 3 1/8",,,Soffit,6.8169 BTU/(h·ft²·°F),,2XHYIYzAHChPcvcG26L__u,,,,9' - 4 1/8",,,,New Construction,None,,,,,3,Metal Furring,Non-bearing,12.4224 BTU/(ft²·°F),0.1467 (h·ft²·°F)/BTU,Up to level: L4,-0' - 6",,Chase - GWB & Metal Stud 3 1/8",,,09eUxCNaz3lOO$6VIXc4cu,,S02,12' - 10",,31.23 CF,0' - 3 1/8",
0.7,,54 SF,B2010,Exterior Walls,,L3,0' - 0",,,,1,Vertical,,,,,,,,,By Type,,Default,,,Basic Wall,Basic Wall: Chase - GWB & Metal Stud 3 1/8",,,Soffit,6.8169 BTU/(h·ft²·°F),,2XHYIYzAHChPcvcG26L__v,,,,4' - 7 9/16",,,,New Construction,None,,,,,3,Metal Furring,Non-bearing,12.4224 BTU/(ft²·°F),0.1467 (h·ft²·°F)/BTU,Up to level: L4,-0' - 6",,Chase - GWB & Metal Stud 3 1/8",,,09eUxCNaz3lOO$6VIXc4cu,,S02,12' - 10",,14.19 CF,0' - 3 1/8",
0.7,,102 SF,B2010,Exterior Walls,,L3,0' - 0",,,,1,Vertical,,,,,,,,,By Type,,Default,,,Basic Wall,Basic Wall: Chase - GWB & Metal Stud 3 1/8",,,Soffit,6.8169 BTU/(h·ft²·°F),,2XHYIYzAHChPcvcG26L__w,,,,10' - 2 1/2",,,,New Construction,None,,,,,3,Metal Furring,Non-bearing,12.4224 BTU/(ft²·°F),0.1467 (h·ft²·°F)/BTU,Up to level: L4,-0' - 6",,Chase - GWB & Metal Stud 3 1/8",,,09eUxCNaz3lOO$6VIXc4cu,,S02,12' - 10",,26.49 CF,0' - 3 1/8",
0.7,,14 SF,B2010,Exterior Walls,,L3,0' - 0",,,,1,Vertical,,,,,,,,,By Type,,Default,,,Basic Wall,Basic Wall: Furring - GWB & Channels 1 7/8",,NR,Soffit,7.0083 BTU/(h·ft²·°F),,2XHYIYzAHChPcvcG26L__x,,,,1' - 5 9/16",,,,New Construction,None,,,,,3,Metal Furring,Non-bearing,6.5700 BTU/(ft²·°F),0.1427 (h·ft²·°F)/BTU,Up to level: L4,-0' - 6",,Furring - GWB & Channels 1 7/8",,,03a7pYrhz1rhXmz4tulSVU,,S05,12' - 10",,2.16 CF,0' - 1 7/8",
0.7,,135 SF,B2010,Exterior Walls,,L4,0' - 0",,,,1,Vertical,,,,,,,,,By Type,,Default,,,Basic Wall,Basic Wall: Chase - GWB & Metal Stud 3 1/8",,,Soffit,6.8169 BTU/(h·ft²·°F),,2XHYIYzAHChPcvcG26L_$7,,,,10' - 3 1/8",,,,New Construction,None,,,,,3,Metal Furring,Non-bearing,12.4224 BTU/(ft²·°F),0.1467 (h·ft²·°F)/BTU,Up to level: L5,-0' - 6",,Chase - GWB & Metal Stud 3 1/8",,,09eUxCNaz3lOO$6VIXc4cu,,S02,12' - 10",,35.16 CF,0' - 3 1/8",
0.7,,120 SF,B2010,Exterior Walls,,L4,0' - 0",,,,1,Vertical,,,,,,,,,By Type,,Default,,,Basic Wall,Basic Wall: Chase - GWB & Metal Stud 3 1/8",,,Soffit,6.8169 BTU/(h·ft²·°F),,2XHYIYzAHChPcvcG26L_$0,,,,9' - 4 1/8",,,,New Construction,None,,,,,3,Metal Furring,Non-bearing,12.4224 BTU/(ft²·°F),0.1467 (h·ft²·°F)/BTU,Up to level: L5,-0' - 6",,Chase - GWB & Metal Stud 3 1/8",,,09eUxCNaz3lOO$6VIXc4cu,,S02,12' - 10",,31.23 CF,0' - 3 1/8",
0.7,,54 SF,B2010,Exterior Walls,,L4,0' - 0",,,,1,Vertical,,,,,,,,,By Type,,Default,,,Basic Wall,Basic Wall: Chase - GWB & Metal Stud 3 1/8",,,Soffit,6.8169 BTU/(h·ft²·°F),,2XHYIYzAHChPcvcG26L_$1,,,,4' - 7 9/16",,,,New Construction,None,,,,,3,Metal Furring,Non-bearing,12.4224 BTU/(ft²·°F),0.1467 (h·ft²·°F)/BTU,Up to level: L5,-0' - 6",,Chase - GWB & Metal Stud 3 1/8",,,09eUxCNaz3lOO$6VIXc4cu,,S02,12' - 10",,14.19 CF,0' - 3 1/8",
0.7,,102 SF,B2010,Exterior Walls,,L4,0' - 0",,,,1,Vertical,,,,,,,,,By Type,,Default,,,Basic Wall,Basic Wall: Chase - GWB & Metal Stud 3 1/8",,,Soffit,6.8169 BTU/(h·ft²·°F),,2XHYIYzAHChPcvcG26L_$2,,,,10' - 2 1/2",,,,New Construction,None,,,,,3,Metal Furring,Non-bearing,12.4224 BTU/(ft²·°F),0.1467 (h·ft²·°F)/BTU,Up to level: L5,-0' - 6",,Chase - GWB & Metal Stud 3 1/8",,,09eUxCNaz3lOO$6VIXc4cu,,S02,12' - 10",,26.49 CF,0' - 3 1/8",
0.7,,14 SF,B2010,Exterior Walls,,L4,0' - 0",,,,1,Vertical,,,,,,,,,By Type,,Default,,,Basic Wall,Basic Wall: Furring - GWB & Channels 1 7/8",,NR,Soffit,7.0083 BTU/(h·ft²·°F),,2XHYIYzAHChPcvcG26L_$3,,,,1' - 5 9/16",,,,New Construction,None,,,,,3,Metal Furring,Non-bearing,6.5700 BTU/(ft²·°F),0.1427 (h·ft²·°F)/BTU,Up to level: L5,-0' - 6",,Furring - GWB & Channels 1 7/8",,,03a7pYrhz1rhXmz4tulSVU,,S05,12' - 10",,2.16 CF,0' - 1 7/8",
0.7,,135 SF,B2010,Exterior Walls,,L5,0' - 0",,,,1,Vertical,,,,,,,,,By Type,,Default,,,Basic Wall,Basic Wall: Chase - GWB & Metal Stud 3 1/8",,,Soffit,6.8169 BTU/(h·ft²·°F),,2XHYIYzAHChPcvcG26L_yF,,,,10' - 3 1/8",,,,New Construction,None,,,,,3,Metal Furring,Non-bearing,12.4224 BTU/(ft²·°F),0.1467 (h·ft²·°F)/BTU,Up to level: R2,-0' - 6",,Chase - GWB & Metal Stud 3 1/8",,,09eUxCNaz3lOO$6VIXc4cu,,S02,12' - 10",,35.16 CF,0' - 3 1/8",
0.7,,120 SF,B2010,Exterior Walls,,L5,0' - 0",,,,1,Vertical,,,,,,,,,By Type,,Default,,,Basic Wall,Basic Wall: Chase - GWB & Metal Stud 3 1/8",,,Soffit,6.8169 BTU/(h·ft²·°F),,2XHYIYzAHChPcvcG26L_y8,,,,9' - 4 1/8",,,,New Construction,None,,,,,3,Metal Furring,Non-bearing,12.4224 BTU/(ft²·°F),0.1467 (h·ft²·°F)/BTU,Up to level: R2,-0' - 6",,Chase - GWB & Metal Stud 3 1/8",,,09eUxCNaz3lOO$6VIXc4cu,,S02,12' - 10",,31.23 CF,0' - 3 1/8",
0.7,,54 SF,B2010,Exterior Walls,,L5,0' - 0",,,,1,Vertical,,,,,,,,,By Type,,Default,,,Basic Wall,Basic Wall: Chase - GWB & Metal Stud 3 1/8",,,Soffit,6.8169 BTU/(h·ft²·°F),,2XHYIYzAHChPcvcG26L_y9,,,,4' - 7 9/16",,,,New Construction,None,,,,,3,Metal Furring,Non-bearing,12.4224 BTU/(ft²·°F),0.1467 (h·ft²·°F)/BTU,Up to level: R2,-0' - 6",,Chase - GWB & Metal Stud 3 1/8",,,09eUxCNaz3lOO$6VIXc4cu,,S02,12' - 10",,14.19 CF,0' - 3 1/8",
0.7,,102 SF,B2010,Exterior Walls,,L5,0' - 0",,,,1,Vertical,,,,,,,,,By Type,,Default,,,Basic Wall,Basic Wall: Chase - GWB & Metal Stud 3 1/8",,,Soffit,6.8169 BTU/(h·ft²·°F),,2XHYIYzAHChPcvcG26L_yA,,,,10' - 2 1/2",,,,New Construction,None,,,,,3,Metal Furring,Non-bearing,12.4224 BTU/(ft²·°F),0.1467 (h·ft²·°F)/BTU,Up to level: R2,-0' - 6",,Chase - GWB & Metal Stud 3 1/8",,,09eUxCNaz3lOO$6VIXc4cu,,S02,12' - 10",,26.49 CF,0' - 3 1/8",
0.7,,14 SF,B2010,Exterior Walls,,L5,0' - 0",,,,1,Vertical,,,,,,,,,By Type,,Default,,,Basic Wall,Basic Wall: Furring - GWB & Channels 1 7/8",,NR,Soffit,7.0083 BTU/(h·ft²·°F),,2XHYIYzAHChPcvcG26L_yB,,,,1' - 5 9/16",,,,New Construction,None,,,,,3,Metal Furring,Non-bearing,6.5700 BTU/(ft²·°F),0.1427 (h·ft²·°F)/BTU,Up to level: R2,-0' - 6",,Furring - GWB & Channels 1 7/8",,,03a7pYrhz1rhXmz4tulSVU,,S05,12' - 10",,2.16 CF,0' - 1 7/8",
0.7,,16 SF,C1010145,Partitions - Drywall w/ Metal Stud,,L4,0' - 0",,,,1,Vertical,,,,,,,,,By Type,,Default,,,Basic Wall,Basic Wall: Interior - 4 7/8" Partition (NR),,NR,Interior,0.0472 BTU/(h·ft²·°F),,2Ytno7yd91dQAhhP73Exwj,,,,5' - 4 7/16",,,,New Construction,None,,,,,3,Metal Stud Layer,Non-bearing,1.4406 BTU/(ft²·°F),21.1904 (h·ft²·°F)/BTU,Unconnected,0' - 0",,Interior - 4 7/8" Partition (NR),,,26$5pwZTH4A8RTAK02gn25,,P02,8' - 0",,6.55 CF,0' - 4 7/8",
0.7,,36 SF,C1010145,Partitions - Drywall w/ Metal Stud,,L4,0' - 0",,,,1,Vertical,,,,,,,,,By Type,,Default,,,Basic Wall,Basic Wall: Interior - 7 1/4" Partition (NR),,NR,Interior,0.0287 BTU/(h·ft²·°F),,2Ytno7yd91dQAhhP73Exwi,,,,4' - 6 1/2",,,,New Construction,None,,,,,3,Metal Stud Layer,Non-bearing,1.4441 BTU/(ft²·°F),34.8921 (h·ft²·°F)/BTU,Unconnected,0' - 0",,Interior - 7 1/4" Partition (NR),,,1kJXG9J_12CxJk83GXH3Vz,,P04,8' - 0",,21.70 CF,0' - 7 1/4",
0.7,,4 SF,B2010,Exterior Walls,,L4,7' - 0",,,,1,Vertical,,,,,,,,,By Type,,Default,,,Basic Wall,Basic Wall: Generic - 6",,,Exterior,,,2Ytno7yd91dQAhhP73Exwh,,,,4' - 6 1/2",,,,New Construction,None,,,,,3,<By Category>,Non-bearing,,,Unconnected,0' - 0",,Generic - 6",,,1xZrMVYp52mhf4uMzw11HW,,G04,1' - 0",,2.04 CF,0' - 6",
0.7,,17 SF,C1010145,Partitions - Drywall w/ Metal Stud,,L4,0' - 0",,,,1,Vertical,,,,,,,,,By Type,,Default,,,Basic Wall,Basic Wall: Interior - 4 7/8" Partition (NR),,NR,Interior,0.0472 BTU/(h·ft²·°F),,2Ytno7yd91dQAhhP73Exwf,,,,2' - 1 3/8",,,,New Construction,None,,,,,3,Metal Stud Layer,Non-bearing,1.4406 BTU/(ft²·°F),21.1904 (h·ft²·°F)/BTU,Unconnected,0' - 0",,Interior - 4 7/8" Partition (NR),,,26$5pwZTH4A8RTAK02gn25,,P02,8' - 0",,6.70 CF,0' - 4 7/8",
0.7,,68 SF,C1010145,Partitions - Drywall w/ Metal Stud,,L4,0' - 0",,,,1,Vertical,,,,,,,,,By Type,,Default,,,Basic Wall,Basic Wall: Interior - 7 1/4" Partition (NR),,NR,Interior,0.0287 BTU/(h·ft²·°F),,2Ytno7yd91dQAhhP73Exwa,,,,8' - 9 7/8",,,,New Construction,None,,,,,3,Metal Stud Layer,Non-bearing,1.4441 BTU/(ft²·°F),34.8921 (h·ft²·°F)/BTU,Unconnected,0' - 0",,Interior - 7 1/4" Partition (NR),,,1kJXG9J_12CxJk83GXH3Vz,,P04,8' - 0",,41.18 CF,0' - 7 1/4",
0.7,,24 SF,C1010145,Partitions - Drywall w/ Metal Stud,,L4,0' - 0",,,,1,Vertical,,,,,,,,,By Type,,Default,,,Basic Wall,Basic Wall: Interior - 4 7/8" Partition (NR),,NR,Interior,0.0472 BTU/(h·ft²·°F),,2Ytno7yd91dQAhhP73Exws,,,,3' - 4 1/4",,,,New Construction,None,,,,,3,Metal Stud Layer,Non-bearing,1.4406 BTU/(ft²·°F),21.1904 (h·ft²·°F)/BTU,Unconnected,0' - 0",,Interior - 4 7/8" Partition (NR),,,26$5pwZTH4A8RTAK02gn25,,P02,8' - 0",,9.75 CF,0' - 4 7/8",
0.7,,64 SF,C1010145,Partitions - Drywall w/ Metal Stud,,L2,0' - 0",,,,1,Vertical,,,,,,,,,By Type,,Default,,,Basic Wall,Basic Wall: Interior - 7 1/4" Partition (NR),,NR,Interior,0.0287 BTU/(h·ft²·°F),,34mODHFQDC3ezsKZ2MOGQR,,,,8' - 6 3/16",,,,New Construction,None,,,,,3,Metal Stud Layer,Non-bearing,1.4441 BTU/(ft²·°F),34.8921 (h·ft²·°F)/BTU,Unconnected,0' - 0",,Interior - 7 1/4" Partition (NR),,,1kJXG9J_12CxJk83GXH3Vz,,P04,8' - 0",,38.72 CF,0' - 7 1/4",
0.7,,64 SF,C1010145,Partitions - Drywall w/ Metal Stud,,L3,0' - 0",,,,1,Vertical,,,,,,,,,By Type,,Default,,,Basic Wall,Basic Wall: Interior - 7 1/4" Partition (NR),,NR,Interior,0.0287 BTU/(h·ft²·°F),,34mODHFQDC3ezsKZ2MOG8Z,,,,8' - 6 3/16",,,,New Construction,None,,,,,3,Metal Stud Layer,Non-bearing,1.4441 BTU/(ft²·°F),34.8921 (h·ft²·°F)/BTU,Unconnected,0' - 0",,Interior - 7 1/4" Partition (NR),,,1kJXG9J_12CxJk83GXH3Vz,,P04,8' - 0",,38.72 CF,0' - 7 1/4",
0.7,,64 SF,C1010145,Partitions - Drywall w/ Metal Stud,,L4,0' - 0",,,,1,Vertical,,,,,,,,,By Type,,Default,,,Basic Wall,Basic Wall: Interior - 7 1/4" Partition (NR),,NR,Interior,0.0287 BTU/(h·ft²·°F),,34mODHFQDC3ezsKZ2MOG8z,,,,8' - 6 3/16",,,,New Construction,None,,,,,3,Metal Stud Layer,Non-bearing,1.4441 BTU/(ft²·°F),34.8921 (h·ft²·°F)/BTU,Unconnected,0' - 0",,Interior - 7 1/4" Partition (NR),,,1kJXG9J_12CxJk83GXH3Vz,,P04,8' - 0",,38.72 CF,0' - 7 1/4",
0.7,,64 SF,C1010145,Partitions - Drywall w/ Metal Stud,,L5,0' - 0",,,,1,Vertical,,,,,,,,,By Type,,Default,,,Basic Wall,Basic Wall: Interior - 7 1/4" Partition (NR),,NR,Interior,0.0287 BTU/(h·ft²·°F),,34mODHFQDC3ezsKZ2MOGBF,,,,8' - 6 3/16",,,,New Construction,None,,,,,3,Metal Stud Layer,Non-bearing,1.4441 BTU/(ft²·°F),34.8921 (h·ft²·°F)/BTU,Unconnected,0' - 0",,Interior - 7 1/4" Partition (NR),,,1kJXG9J_12CxJk83GXH3Vz,,P04,8' - 0",,38.72 CF,0' - 7 1/4",
0.7,,142 SF,B2010,Exterior Walls,,L5,0' - 0",,,,1,Vertical,,,,,,,,,By Type,,Default,,,Basic Wall,Basic Wall: Chase - GWB & Metal Stud 3 1/8",,,Soffit,6.8169 BTU/(h·ft²·°F),,3eqETIWmT5yuBevKr2XxFx,,,,11' - 5 3/4",,,,New Construction,None,,,,,3,Metal Furring,Non-bearing,12.4224 BTU/(ft²·°F),0.1467 (h·ft²·°F)/BTU,Up to level: R2,-0' - 6",,Chase - GWB & Metal Stud 3 1/8",,,09eUxCNaz3lOO$6VIXc4cu,,S02,12' - 10",,37.04 CF,0' - 3 1/8",
0.7,,122 SF,B2010,Exterior Walls,,L5,0' - 0",,,,1,Vertical,,,,,,,,,By Type,,Default,,,Basic Wall,Basic Wall: Chase - GWB & Metal Stud 3 1/8",,,Soffit,6.8169 BTU/(h·ft²·°F),,3eqETIWmT5yuBevKr2XxFw,,,,9' - 0 13/16",,,,New Construction,None,,,,,3,Metal Furring,Non-bearing,12.4224 BTU/(ft²·°F),0.1467 (h·ft²·°F)/BTU,Up to level: R2,-0' - 6",,Chase - GWB & Metal Stud 3 1/8",,,09eUxCNaz3lOO$6VIXc4cu,,S02,12' - 10",,31.82 CF,0' - 3 1/8",
0.7,,92 SF,B2010,Exterior Walls,,L5,0' - 0",,,,1,Vertical,,,,,,,,,By Type,,Default,,,Basic Wall,Basic Wall: Chase - GWB & Metal Stud 6 5/8",,1 HR,Soffit,6.3327 BTU/(h·ft²·°F),,3eqETIWmT5yuBevKr2XxFv,,,,7' - 9 5/8",,,,New Construction,None,,,,,3,Metal Furring,Non-bearing,28.8093 BTU/(ft²·°F),0.1579 (h·ft²·°F)/BTU,Up to level: R2,-0' - 6",,Chase - GWB & Metal Stud 6 5/8",,,1YueUxVJH8SwhLiH$TP6Xo,,S04,12' - 10",,50.63 CF,0' - 6 5/8",
0.7,,94 SF,B2010,Exterior Walls,,L5,0' - 0",,,,1,Vertical,,,,,,,,,By Type,,Default,,,Basic Wall,Basic Wall: Chase - GWB & Metal Stud 3 1/8",,,Soffit,6.8169 BTU/(h·ft²·°F),,3eqETIWmT5yuBevKr2XxFu,,,,9' - 2 9/16",,,,New Construction,None,,,,,3,Metal Furring,Non-bearing,12.4224 BTU/(ft²·°F),0.1467 (h·ft²·°F)/BTU,Up to level: R2,-0' - 6",,Chase - GWB & Metal Stud 3 1/8",,,09eUxCNaz3lOO$6VIXc4cu,,S02,12' - 10",,24.36 CF,0' - 3 1/8",
0.7,,117 SF,B2010,Exterior Walls,,L5,0' - 0",,,,1,Vertical,,,,,,,,,By Type,,Default,,,Basic Wall,Basic Wall: Chase - GWB & Metal Stud 4 1/4",,,Soffit,6.6534 BTU/(h·ft²·°F),,3eqETIWmT5yuBevKr2XxF$,,,,9' - 4 1/8",,,,New Construction,None,,,,,3,Metal Furring,Non-bearing,17.6896 BTU/(ft²·°F),0.1503 (h·ft²·°F)/BTU,Up to level: R2,-0' - 6",,Chase - GWB & Metal Stud 4 1/4",,,3FDTNrVMX5CROAaE1LHtAP,,S03,12' - 10",,41.29 CF,0' - 4 1/4",
0.7,,56 SF,B2010,Exterior Walls,,L5,0' - 0",,,,1,Vertical,,,,,,,,,By Type,,Default,,,Basic Wall,Basic Wall: Chase - GWB & Metal Stud 3 1/8",,,Soffit,6.8169 BTU/(h·ft²·°F),,3eqETIWmT5yuBevKr2XxF_,,,,6' - 6",,,,New Construction,None,,,,,3,Metal Furring,Non-bearing,12.4224 BTU/(ft²·°F),0.1467 (h·ft²·°F)/BTU,Up to level: R2,-0' - 6",,Chase - GWB & Metal Stud 3 1/8",,,09eUxCNaz3lOO$6VIXc4cu,,S02,12' - 10",,14.49 CF,0' - 3 1/8",
0.7,,69 SF,C1010145,Partitions - Drywall w/ Metal Stud,,L5,0' - 0",,,,1,Vertical,,,,,,,,,By Type,,Default,,,Basic Wall,Basic Wall: Interior - 4 7/8" Partition (NR),,NR,Interior,0.0472 BTU/(h·ft²·°F),,3eqETIWmT5yuBevKr2Xx3$,,,,7' - 9 5/8",,,,New Construction,None,,,,,3,Metal Stud Layer,Non-bearing,1.4406 BTU/(ft²·°F),21.1904 (h·ft²·°F)/BTU,Up to level: R2,-0' - 6",,Interior - 4 7/8" Partition (NR),,,26$5pwZTH4A8RTAK02gn25,,P02,12' - 10",,28.00 CF,0' - 4 7/8",
0.7,,142 SF,B2010,Exterior Walls,,L3,0' - 0",,,,1,Vertical,,,,,,,,,By Type,,Default,,,Basic Wall,Basic Wall: Chase - GWB & Metal Stud 3 1/8",,,Soffit,6.8169 BTU/(h·ft²·°F),,3eqETIWmT5yuBevKr2XxPk,,,,11' - 5 3/4",,,,New Construction,None,,,,,3,Metal Furring,Non-bearing,12.4224 BTU/(ft²·°F),0.1467 (h·ft²·°F)/BTU,Up to level: L4,-0' - 6",,Chase - GWB & Metal Stud 3 1/8",,,09eUxCNaz3lOO$6VIXc4cu,,S02,12' - 10",,37.04 CF,0' - 3 1/8",
0.7,,122 SF,B2010,Exterior Walls,,L3,0' - 0",,,,1,Vertical,,,,,,,,,By Type,,Default,,,Basic Wall,Basic Wall: Chase - GWB & Metal Stud 3 1/8",,,Soffit,6.8169 BTU/(h·ft²·°F),,3eqETIWmT5yuBevKr2XxPj,,,,9' - 0 13/16",,,,New Construction,None,,,,,3,Metal Furring,Non-bearing,12.4224 BTU/(ft²·°F),0.1467 (h·ft²·°F)/BTU,Up to level: L4,-0' - 6",,Chase - GWB & Metal Stud 3 1/8",,,09eUxCNaz3lOO$6VIXc4cu,,S02,12' - 10",,31.82 CF,0' - 3 1/8",
0.7,,92 SF,B2010,Exterior Walls,,L3,0' - 0",,,,1,Vertical,,,,,,,,,By Type,,Default,,,Basic Wall,Basic Wall: Chase - GWB & Metal Stud 6 5/8",,1 HR,Soffit,6.3327 BTU/(h·ft²·°F),,3eqETIWmT5yuBevKr2XxPi,,,,7' - 9 5/8",,,,New Construction,None,,,,,3,Metal Furring,Non-bearing,28.8093 BTU/(ft²·°F),0.1579 (h·ft²·°F)/BTU,Up to level: L4,-0' - 6",,Chase - GWB & Metal Stud 6 5/8",,,1YueUxVJH8SwhLiH$TP6Xo,,S04,12' - 10",,50.63 CF,0' - 6 5/8",
0.7,,94 SF,B2010,Exterior Walls,,L3,0' - 0",,,,1,Vertical,,,,,,,,,By Type,,Default,,,Basic Wall,Basic Wall: Chase - GWB & Metal Stud 3 1/8",,,Soffit,6.8169 BTU/(h·ft²·°F),,3eqETIWmT5yuBevKr2XxPp,,,,9' - 2 9/16",,,,New Construction,None,,,,,3,Metal Furring,Non-bearing,12.4224 BTU/(ft²·°F),0.1467 (h·ft²·°F)/BTU,Up to level: L4,-0' - 6",,Chase - GWB & Metal Stud 3 1/8",,,09eUxCNaz3lOO$6VIXc4cu,,S02,12' - 10",,24.36 CF,0' - 3 1/8",
0.7,,117 SF,B2010,Exterior Walls,,L3,0' - 0",,,,1,Vertical,,,,,,,,,By Type,,Default,,,Basic Wall,Basic Wall: Chase - GWB & Metal Stud 4 1/4",,,Soffit,6.6534 BTU/(h·ft²·°F),,3eqETIWmT5yuBevKr2XxPo,,,,9' - 4 1/8",,,,New Construction,None,,,,,3,Metal Furring,Non-bearing,17.6896 BTU/(ft²·°F),0.1503 (h·ft²·°F)/BTU,Up to level: L4,-0' - 6",,Chase - GWB & Metal Stud 4 1/4",,,3FDTNrVMX5CROAaE1LHtAP,,S03,12' - 10",,41.29 CF,0' - 4 1/4",
0.7,,56 SF,B2010,Exterior Walls,,L3,0' - 0",,,,1,Vertical,,,,,,,,,By Type,,Default,,,Basic Wall,Basic Wall: Chase - GWB & Metal Stud 3 1/8",,,Soffit,6.8169 BTU/(h·ft²·°F),,3eqETIWmT5yuBevKr2XxPn,,,,6' - 6",,,,New Construction,None,,,,,3,Metal Furring,Non-bearing,12.4224 BTU/(ft²·°F),0.1467 (h·ft²·°F)/BTU,Up to level: L4,-0' - 6",,Chase - GWB & Metal Stud 3 1/8",,,09eUxCNaz3lOO$6VIXc4cu,,S02,12' - 10",,14.49 CF,0' - 3 1/8",
0.7,,69 SF,C1010145,Partitions - Drywall w/ Metal Stud,,L3,0' - 0",,,,1,Vertical,,,,,,,,,By Type,,Default,,,Basic Wall,Basic Wall: Interior - 4 7/8" Partition (NR),,NR,Interior,0.0472 BTU/(h·ft²·°F),,3eqETIWmT5yuBevKr2XxPt,,,,7' - 9 5/8",,,,New Construction,None,,,,,3,Metal Stud Layer,Non-bearing,1.4406 BTU/(ft²·°F),21.1904 (h·ft²·°F)/BTU,Up to level: L4,-0' - 6",,Interior - 4 7/8" Partition (NR),,,26$5pwZTH4A8RTAK02gn25,,P02,12' - 10",,28.00 CF,0' - 4 7/8",
0.7,,142 SF,B2010,Exterior Walls,,L4,0' - 0",,,,1,Vertical,,,,,,,,,By Type,,Default,,,Basic Wall,Basic Wall: Chase - GWB & Metal Stud 3 1/8",,,Soffit,6.8169 BTU/(h·ft²·°F),,3eqETIWmT5yuBevKr2XxQJ,,,,11' - 5 3/4",,,,New Construction,None,,,,,3,Metal Furring,Non-bearing,12.4224 BTU/(ft²·°F),0.1467 (h·ft²·°F)/BTU,Up to level: L5,-0' - 6",,Chase - GWB & Metal Stud 3 1/8",,,09eUxCNaz3lOO$6VIXc4cu,,S02,12' - 10",,37.04 CF,0' - 3 1/8",
0.7,,122 SF,B2010,Exterior Walls,,L4,0' - 0",,,,1,Vertical,,,,,,,,,By Type,,Default,,,Basic Wall,Basic Wall: Chase - GWB & Metal Stud 3 1/8",,,Soffit,6.8169 BTU/(h·ft²·°F),,3eqETIWmT5yuBevKr2XxQI,,,,9' - 0 13/16",,,,New Construction,None,,,,,3,Metal Furring,Non-bearing,12.4224 BTU/(ft²·°F),0.1467 (h·ft²·°F)/BTU,Up to level: L5,-0' - 6",,Chase - GWB & Metal Stud 3 1/8",,,09eUxCNaz3lOO$6VIXc4cu,,S02,12' - 10",,31.82 CF,0' - 3 1/8",
0.7,,92 SF,B2010,Exterior Walls,,L4,0' - 0",,,,1,Vertical,,,,,,,,,By Type,,Default,,,Basic Wall,Basic Wall: Chase - GWB & Metal Stud 6 5/8",,1 HR,Soffit,6.3327 BTU/(h·ft²·°F),,3eqETIWmT5yuBevKr2XxQH,,,,7' - 9 5/8",,,,New Construction,None,,,,,3,Metal Furring,Non-bearing,28.8093 BTU/(ft²·°F),0.1579 (h·ft²·°F)/BTU,Up to level: L5,-0' - 6",,Chase - GWB & Metal Stud 6 5/8",,,1YueUxVJH8SwhLiH$TP6Xo,,S04,12' - 10",,50.63 CF,0' - 6 5/8",
0.7,,94 SF,B2010,Exterior Walls,,L4,0' - 0",,,,1,Vertical,,,,,,,,,By Type,,Default,,,Basic Wall,Basic Wall: Chase - GWB & Metal Stud 3 1/8",,,Soffit,6.8169 BTU/(h·ft²·°F),,3eqETIWmT5yuBevKr2XxQG,,,,9' - 2 9/16",,,,New Construction,None,,,,,3,Metal Furring,Non-bearing,12.4224 BTU/(ft²·°F),0.1467 (h·ft²·°F)/BTU,Up to level: L5,-0' - 6",,Chase - GWB & Metal Stud 3 1/8",,,09eUxCNaz3lOO$6VIXc4cu,,S02,12' - 10",,24.36 CF,0' - 3 1/8",
0.7,,117 SF,B2010,Exterior Walls,,L4,0' - 0",,,,1,Vertical,,,,,,,,,By Type,,Default,,,Basic Wall,Basic Wall: Chase - GWB & Metal Stud 4 1/4",,,Soffit,6.6534 BTU/(h·ft²·°F),,3eqETIWmT5yuBevKr2XxQN,,,,9' - 4 1/8",,,,New Construction,None,,,,,3,Metal Furring,Non-bearing,17.6896 BTU/(ft²·°F),0.1503 (h·ft²·°F)/BTU,Up to level: L5,-0' - 6",,Chase - GWB & Metal Stud 4 1/4",,,3FDTNrVMX5CROAaE1LHtAP,,S03,12' - 10",,41.29 CF,0' - 4 1/4",
0.7,,56 SF,B2010,Exterior Walls,,L4,0' - 0",,,,1,Vertical,,,,,,,,,By Type,,Default,,,Basic Wall,Basic Wall: Chase - GWB & Metal Stud 3 1/8",,,Soffit,6.8169 BTU/(h·ft²·°F),,3eqETIWmT5yuBevKr2XxQM,,,,6' - 6",,,,New Construction,None,,,,,3,Metal Furring,Non-bearing,12.4224 BTU/(ft²·°F),0.1467 (h·ft²·°F)/BTU,Up to level: L5,-0' - 6",,Chase - GWB & Metal Stud 3 1/8",,,09eUxCNaz3lOO$6VIXc4cu,,S02,12' - 10",,14.49 CF,0' - 3 1/8",
0.7,,69 SF,C1010145,Partitions - Drywall w/ Metal Stud,,L4,0' - 0",,,,1,Vertical,,,,,,,,,By Type,,Default,,,Basic Wall,Basic Wall: Interior - 4 7/8" Partition (NR),,NR,Interior,0.0472 BTU/(h·ft²·°F),,3eqETIWmT5yuBevKr2XxQK,,,,7' - 9 5/8",,,,New Construction,None,,,,,3,Metal Stud Layer,Non-bearing,1.4406 BTU/(ft²·°F),21.1904 (h·ft²·°F)/BTU,Up to level: L5,-0' - 6",,Interior - 4 7/8" Partition (NR),,,26$5pwZTH4A8RTAK02gn25,,P02,12' - 10",,28.00 CF,0' - 4 7/8",
0.7,,295 SF,B2010,Exterior Walls,,L3,0' - 0",,,,1,Vertical,,,,,,,,,By Type,,Default,,,Basic Wall,Basic Wall: Chase - GWB & Metal Stud 3 1/8",,,Soffit,6.8169 BTU/(h·ft²·°F),,1nTk$IukXDafutSIQse$ok,,,,23' - 6 3/16",,,,New Construction,None,,,,,3,Metal Furring,Non-bearing,12.4224 BTU/(ft²·°F),0.1467 (h·ft²·°F)/BTU,Up to level: L4,-0' - 6",,Chase - GWB & Metal Stud 3 1/8",,,09eUxCNaz3lOO$6VIXc4cu,,S02,12' - 10",,76.83 CF,0' - 3 1/8",
0.7,,298 SF,B2010,Exterior Walls,,L4,0' - 0",,,,1,Vertical,,,,,,,,,By Type,,Default,,,Basic Wall,Basic Wall: Chase - GWB & Metal Stud 3 1/8",,,Soffit,6.8169 BTU/(h·ft²·°F),,1nTk$IukXDafutSIQse$qC,,,,23' - 9 5/16",,,,New Construction,None,,,,,3,Metal Furring,Non-bearing,12.4224 BTU/(ft²·°F),0.1467 (h·ft²·°F)/BTU,Up to level: L5,-0' - 6",,Chase - GWB & Metal Stud 3 1/8",,,09eUxCNaz3lOO$6VIXc4cu,,S02,12' - 10",,77.70 CF,0' - 3 1/8",
0.7,,298 SF,B2010,Exterior Walls,,L5,0' - 0",,,,1,Vertical,,,,,,,,,By Type,,Default,,,Basic Wall,Basic Wall: Chase - GWB & Metal Stud 3 1/8",,,Soffit,6.8169 BTU/(h·ft²·°F),,1nTk$IukXDafutSIQse$qk,,,,23' - 8 7/8",,,,New Construction,None,,,,,3,Metal Furring,Non-bearing,12.4224 BTU/(ft²·°F),0.1467 (h·ft²·°F)/BTU,Up to level: R2,-0' - 6",,Chase - GWB & Metal Stud 3 1/8",,,09eUxCNaz3lOO$6VIXc4cu,,S02,12' - 10",,77.70 CF,0' - 3 1/8",
0.7,,181 SF,B2010158,Ext. Wall - Brick Veneer w/ Stud,,R2,-0' - 6",,,,1,Vertical,,,,,,,,,By Type,,Default,,,Basic Wall,Basic Wall: Exterior - 10 1/4" Rainscreen w Insultation on Metal Stud,,2 HR,Exterior,0.0304 BTU/(h·ft²·°F),,2_V46gFRv1gwDUl815brQF,,,,14' - 6 1/8",,,,New Construction,None,,,,,3,,Non-bearing,14.9970 BTU/(ft²·°F),32.9206 (h·ft²·°F)/BTU,Up to level: Parapet 2,0' - 0",,Exterior - 10 1/4" Rainscreen w Insultation on Metal Stud,,,2_V46gFRv1gwDUl815bqYC,,X03,12' - 6",,151.49 CF,0' - 10 1/4",
0.7,,80 SF,B2010158,Ext. Wall - Brick Veneer w/ Stud,,R2,-0' - 6",,,,1,Vertical,,,,,,,,,By Type,,Default,,,Basic Wall,Basic Wall: Exterior - 10 1/4" Rainscreen w Insultation on Metal Stud,,2 HR,Exterior,0.0304 BTU/(h·ft²·°F),,2_V46gFRv1gwDUl815brMa,,,,5' - 6 7/8",,,,New Construction,None,,,,,3,,Non-bearing,14.9970 BTU/(ft²·°F),32.9206 (h·ft²·°F)/BTU,Up to level: Parapet 2,0' - 0",,Exterior - 10 1/4" Rainscreen w Insultation on Metal Stud,,,2_V46gFRv1gwDUl815bqYC,,X03,12' - 6",,67.07 CF,0' - 10 1/4",
0.7,,52 SF,C1010145,Partitions - Drywall w/ Metal Stud,,R2,-0' - 6",,,,1,Vertical,,,,,,,,,By Type,,Default,,,Basic Wall,Basic Wall: Interior - 6 1/8" Partition (2-hr),,2 HR,Interior,0.0466 BTU/(h·ft²·°F),,2_V46gFRv1gwDUl815brI7,,,,5' - 8 1/4",,,,New Construction,None,,,,,3,Metal Stud Layer,Non-bearing,2.8757 BTU/(ft²·°F),21.4678 (h·ft²·°F)/BTU,Up to level: R3,0' - 0",,Interior - 6 1/8" Partition (2-hr),,,1xZrMVYp52mhf4uMzw11Hp,,P06,10' - 6",,26.59 CF,0' - 6 1/8",
0.7,,52 SF,C1010145,Partitions - Drywall w/ Metal Stud,,R2,-0' - 6",,,,1,Vertical,,,,,,,,,By Type,,Default,,,Basic Wall,Basic Wall: Interior - 6 1/8" Partition (2-hr),,2 HR,Interior,0.0466 BTU/(h·ft²·°F),,2_V46gFRv1gwDUl815br8Z,,,,5' - 8 1/4",,,,New Construction,None,,,,,3,Metal Stud Layer,Non-bearing,2.8757 BTU/(ft²·°F),21.4678 (h·ft²·°F)/BTU,Up to level: R3,0' - 0",,Interior - 6 1/8" Partition (2-hr),,,1xZrMVYp52mhf4uMzw11Hp,,P06,10' - 6",,26.31 CF,0' - 6 1/8",
0.7,,11 SF,B2010,Exterior Walls,,R2,0' - 0",,,,1,Vertical,,,,,,,,,By Type,,Default,,,Basic Wall,Basic Wall: Furring - GWB & Channels 1 7/8",,NR,Soffit,7.0083 BTU/(h·ft²·°F),,03a7pYrhz1rhXmz4tulST8,,,,1' - 4",,,,New Construction,None,,,,,3,Metal Furring,Non-bearing,6.5700 BTU/(ft²·°F),0.1427 (h·ft²·°F)/BTU,Up to level: R3,0' - 0",,Furring - GWB & Channels 1 7/8",,,03a7pYrhz1rhXmz4tulSVU,,S05,10' - 0",,1.68 CF,0' - 1 7/8",
0.7,,12 SF,B2010,Exterior Walls,,L5,0' - 0",,,,1,Vertical,,,,,,,,,By Type,,Default,,,Basic Wall,Basic Wall: Block 39 Pilaster,,,Exterior,0.0382 BTU/(h·ft²·°F),,2oZOAxgUXFQeJE8Qj5ybUA,,,,2' - 0",,,,New Construction,None,,,,,3,Metal Stud Layer,Non-bearing,5.8711 BTU/(ft²·°F),26.2081 (h·ft²·°F)/BTU,Up to level: Block 39 - Parapet,-0' - 1",,Block 39 Pilaster,,,22VViu9P52ZuhF1OYoJLc5,,,9' - 1",,8.07 CF,0' - 8",
0.7,,17 SF,B2010,Exterior Walls,,L5,0' - 0",,,,1,Vertical,,,,,,,,,By Type,,Default,,,Basic Wall,Basic Wall: Block 39 Pilaster,,,Exterior,0.0382 BTU/(h·ft²·°F),,2oZOAxgUXFQeJE8Qj5ybU5,,,,1' - 6 1/4",,,,New Construction,None,,,,,3,Metal Stud Layer,Non-bearing,5.8711 BTU/(ft²·°F),26.2081 (h·ft²·°F)/BTU,Up to level: Block 39 - Parapet,-0' - 1",,Block 39 Pilaster,,,22VViu9P52ZuhF1OYoJLc5,,,9' - 1",,11.23 CF,0' - 8",
0.7,,7 SF,B2010,Exterior Walls,,L5,0' - 0",,,,1,Vertical,,,,,,,,,By Type,,Default,,,Basic Wall,Basic Wall: Block 39 Pilaster,,,Exterior,0.0382 BTU/(h·ft²·°F),,2oZOAxgUXFQeJE8Qj5ybU4,,,,1' - 0 1/4",,,,New Construction,None,,,,,3,Metal Stud Layer,Non-bearing,5.8711 BTU/(ft²·°F),26.2081 (h·ft²·°F)/BTU,Up to level: Block 39 - Parapet,-0' - 1",,Block 39 Pilaster,,,22VViu9P52ZuhF1OYoJLc5,,,9' - 1",,4.79 CF,0' - 8",
0.7,,12 SF,B2010,Exterior Walls,,L5,0' - 0",,,,1,Vertical,,,,,,,,,By Type,,Default,,,Basic Wall,Basic Wall: Block 39 Pilaster,,,Exterior,0.0382 BTU/(h·ft²·°F),,2oZOAxgUXFQeJE8Qj5ybGZ,,,,2' - 0",,,,New Construction,None,,,,,3,Metal Stud Layer,Non-bearing,5.8711 BTU/(ft²·°F),26.2081 (h·ft²·°F)/BTU,Up to level: Block 39 - Parapet,-0' - 1",,Block 39 Pilaster,,,22VViu9P52ZuhF1OYoJLc5,,,9' - 1",,8.07 CF,0' - 8",
0.7,,17 SF,B2010,Exterior Walls,,L5,0' - 0",,,,1,Vertical,,,,,,,,,By Type,,Default,,,Basic Wall,Basic Wall: Block 39 Pilaster,,,Exterior,0.0382 BTU/(h·ft²·°F),,2oZOAxgUXFQeJE8Qj5ybGY,,,,1' - 6 1/4",,,,New Construction,None,,,,,3,Metal Stud Layer,Non-bearing,5.8711 BTU/(ft²·°F),26.2081 (h·ft²·°F)/BTU,Up to level: Block 39 - Parapet,-0' - 1",,Block 39 Pilaster,,,22VViu9P52ZuhF1OYoJLc5,,,9' - 1",,11.23 CF,0' - 8",
0.7,,7 SF,B2010,Exterior Walls,,L5,0' - 0",,,,1,Vertical,,,,,,,,,By Type,,Default,,,Basic Wall,Basic Wall: Block 39 Pilaster,,,Exterior,0.0382 BTU/(h·ft²·°F),,2oZOAxgUXFQeJE8Qj5ybHT,,,,0' - 11 13/16",,,,New Construction,None,,,,,3,Metal Stud Layer,Non-bearing,5.8711 BTU/(ft²·°F),26.2081 (h·ft²·°F)/BTU,Up to level: Block 39 - Parapet,-0' - 1",,Block 39 Pilaster,,,22VViu9P52ZuhF1OYoJLc5,,,9' - 1",,4.79 CF,0' - 8",
0.7,,245 SF,C1010145,Partitions - Drywall w/ Metal Stud,,L3,0' - 0",,,,1,Vertical,,,,,,,,,By Type,,Default,,,Basic Wall,Basic Wall: Party - 6 1/8" (2-hr),,2 HR,Interior,0.0234 BTU/(h·ft²·°F),,1osuz$c1TCrANt0okqklfQ,,,,9' - 0 1/2",,,,New Construction,None,,,,,3,Metal Stud Layer,Non-bearing,5.1774 BTU/(ft²·°F),42.8246 (h·ft²·°F)/BTU,Up to level: L5,0' - 0",,Party - 6 1/8" (2-hr),,,1UzjuOoQr4P85_KNmJAtS$,,W01,26' - 8",,239.71 CF,0' - 11 3/4",
0.7,,305 SF,B2010,Exterior Walls,,L3,0' - 0",,,,1,Vertical,,,,,,,,,By Type,,Default,,,Basic Wall,Basic Wall: Chase - GWB & Metal Stud 3 1/8",,,Soffit,6.8169 BTU/(h·ft²·°F),,1osuz$c1TCrANt0okqkljs,,,,23' - 9 1/8",,,,New Construction,None,,,,,3,Metal Furring,Non-bearing,12.4224 BTU/(ft²·°F),0.1467 (h·ft²·°F)/BTU,Up to level: L4,-0' - 6",,Chase - GWB & Metal Stud 3 1/8",,,09eUxCNaz3lOO$6VIXc4cu,,S02,12' - 10",,79.41 CF,0' - 3 1/8",
0.7,,308 SF,B2010,Exterior Walls,,L3,0' - 0",,,,1,Vertical,,,,,,,,,By Type,,Default,,,Basic Wall,Basic Wall: Chase - GWB & Metal Stud 3 1/8",,,Soffit,6.8169 BTU/(h·ft²·°F),,1osuz$c1TCrANt0okqkljt,,,,23' - 9 1/8",,,,New Construction,None,,,,,3,Metal Furring,Non-bearing,12.4224 BTU/(ft²·°F),0.1467 (h·ft²·°F)/BTU,Up to level: L4,-0' - 6",,Chase - GWB & Metal Stud 3 1/8",,,09eUxCNaz3lOO$6VIXc4cu,,S02,12' - 10",,80.28 CF,0' - 3 1/8",
0.7,,112 SF,B2010,Exterior Walls,,L3,0' - 0",,,,1,Vertical,,,,,,,,,By Type,,Default,,,Basic Wall,Basic Wall: Chase - GWB & Metal Stud 3 1/8",,,Soffit,6.8169 BTU/(h·ft²·°F),,1osuz$c1TCrANt0okqklju,,,,10' - 9 3/16",,,,New Construction,None,,,,,3,Metal Furring,Non-bearing,12.4224 BTU/(ft²·°F),0.1467 (h·ft²·°F)/BTU,Up to level: L4,-0' - 6",,Chase - GWB & Metal Stud 3 1/8",,,09eUxCNaz3lOO$6VIXc4cu,,S02,12' - 10",,29.18 CF,0' - 3 1/8",
0.7,,133 SF,B2010,Exterior Walls,,L3,0' - 0",,,,1,Vertical,,,,,,,,,By Type,,Default,,,Basic Wall,Basic Wall: Chase - GWB & Metal Stud 3 1/8",,,Soffit,6.8169 BTU/(h·ft²·°F),,1osuz$c1TCrANt0okqklig,,,,10' - 7 5/8",,,,New Construction,None,,,,,3,Metal Furring,Non-bearing,12.4224 BTU/(ft²·°F),0.1467 (h·ft²·°F)/BTU,Up to level: L4,-0' - 6",,Chase - GWB & Metal Stud 3 1/8",,,09eUxCNaz3lOO$6VIXc4cu,,S02,12' - 10",,34.67 CF,0' - 3 1/8",
0.7,,308 SF,B2010,Exterior Walls,,L4,0' - 0",,,,1,Vertical,,,,,,,,,By Type,,Default,,,Basic Wall,Basic Wall: Chase - GWB & Metal Stud 3 1/8",,,Soffit,6.8169 BTU/(h·ft²·°F),,1osuz$c1TCrANt0okqklo1,,,,23' - 9 1/8",,,,New Construction,None,,,,,3,Metal Furring,Non-bearing,12.4224 BTU/(ft²·°F),0.1467 (h·ft²·°F)/BTU,Up to level: L5,-0' - 6",,Chase - GWB & Metal Stud 3 1/8",,,09eUxCNaz3lOO$6VIXc4cu,,S02,12' - 10",,80.28 CF,0' - 3 1/8",
0.7,,308 SF,B2010,Exterior Walls,,L4,0' - 0",,,,1,Vertical,,,,,,,,,By Type,,Default,,,Basic Wall,Basic Wall: Chase - GWB & Metal Stud 3 1/8",,,Soffit,6.8169 BTU/(h·ft²·°F),,1osuz$c1TCrANt0okqklo2,,,,23' - 9 1/8",,,,New Construction,None,,,,,3,Metal Furring,Non-bearing,12.4224 BTU/(ft²·°F),0.1467 (h·ft²·°F)/BTU,Up to level: L5,-0' - 6",,Chase - GWB & Metal Stud 3 1/8",,,09eUxCNaz3lOO$6VIXc4cu,,S02,12' - 10",,80.28 CF,0' - 3 1/8",
0.7,,109 SF,B2010,Exterior Walls,,L4,0' - 0",,,,1,Vertical,,,,,,,,,By Type,,Default,,,Basic Wall,Basic Wall: Chase - GWB & Metal Stud 3 1/8",,,Soffit,6.8169 BTU/(h·ft²·°F),,1osuz$c1TCrANt0okqklo3,,,,10' - 7 5/8",,,,New Construction,None,,,,,3,Metal Furring,Non-bearing,12.4224 BTU/(ft²·°F),0.1467 (h·ft²·°F)/BTU,Up to level: L5,-0' - 6",,Chase - GWB & Metal Stud 3 1/8",,,09eUxCNaz3lOO$6VIXc4cu,,S02,12' - 10",,28.31 CF,0' - 3 1/8",
0.7,,133 SF,B2010,Exterior Walls,,L4,0' - 0",,,,1,Vertical,,,,,,,,,By Type,,Default,,,Basic Wall,Basic Wall: Chase - GWB & Metal Stud 3 1/8",,,Soffit,6.8169 BTU/(h·ft²·°F),,1osuz$c1TCrANt0okqklo4,,,,10' - 7 5/8",,,,New Construction,None,,,,,3,Metal Furring,Non-bearing,12.4224 BTU/(ft²·°F),0.1467 (h·ft²·°F)/BTU,Up to level: L5,-0' - 6",,Chase - GWB & Metal Stud 3 1/8",,,09eUxCNaz3lOO$6VIXc4cu,,S02,12' - 10",,34.67 CF,0' - 3 1/8",
0.7,,75 SF,B2010,Exterior Walls,,L5,0' - 0",,,,1,Vertical,,,,,,,,,By Type,,Default,,,Basic Wall,Basic Wall: Chase - GWB & Metal Stud 3 1/8",,,Soffit,6.8169 BTU/(h·ft²·°F),,1osuz$c1TCrANt0okqklmh,,,,6' - 2 29/32",,,,New Construction,None,,,,,3,Metal Furring,Non-bearing,12.4224 BTU/(ft²·°F),0.1467 (h·ft²·°F)/BTU,Up to level: R2,-0' - 6",,Chase - GWB & Metal Stud 3 1/8",,,09eUxCNaz3lOO$6VIXc4cu,,S02,12' - 10",,19.54 CF,0' - 3 1/8",
0.7,,75 SF,B2010,Exterior Walls,,L5,0' - 0",,,,1,Vertical,,,,,,,,,By Type,,Default,,,Basic Wall,Basic Wall: Chase - GWB & Metal Stud 3 1/8",,,Soffit,6.8169 BTU/(h·ft²·°F),,1osuz$c1TCrANt0okqklmi,,,,6' - 2 3/4",,,,New Construction,None,,,,,3,Metal Furring,Non-bearing,12.4224 BTU/(ft²·°F),0.1467 (h·ft²·°F)/BTU,Up to level: R2,-0' - 6",,Chase - GWB & Metal Stud 3 1/8",,,09eUxCNaz3lOO$6VIXc4cu,,S02,12' - 10",,19.50 CF,0' - 3 1/8",
0.7,,109 SF,B2010,Exterior Walls,,L5,0' - 0",,,,1,Vertical,,,,,,,,,By Type,,Default,,,Basic Wall,Basic Wall: Chase - GWB & Metal Stud 3 1/8",,,Soffit,6.8169 BTU/(h·ft²·°F),,1osuz$c1TCrANt0okqklmj,,,,10' - 7 5/8",,,,New Construction,None,,,,,3,Metal Furring,Non-bearing,12.4224 BTU/(ft²·°F),0.1467 (h·ft²·°F)/BTU,Up to level: R2,-0' - 6",,Chase - GWB & Metal Stud 3 1/8",,,09eUxCNaz3lOO$6VIXc4cu,,S02,12' - 10",,28.31 CF,0' - 3 1/8",
0.7,,60 SF,B2010158,Ext. Wall - Brick Veneer w/ Stud,,L3,-5' - 0",,,,1,Vertical,,,,,,,,,By Type,,Default,,,Basic Wall,Basic Wall: Exterior - 12 5/8" Rainscreen w Insultation on Metal Stud,,2 HR,Exterior,0.0217 BTU/(h·ft²·°F),,36PShEEGHF2O7RqMvq2fTG,,,,4' - 8 13/32",,,,New Construction,None,,,,,3,,Non-bearing,14.9105 BTU/(ft²·°F),46.0097 (h·ft²·°F)/BTU,Up to level: L4,0' - 0",,Exterior - 12 5/8" Rainscreen w Insultation on Metal Stud,,,3GC6dLJPT0_w0HkhCmqXpI,,X04,18' - 4",,42.57 CF,1' - 0 5/8",
0.7,,250 SF,B2010158,Ext. Wall - Brick Veneer w/ Stud,,L3,0' - 0",,,,1,Vertical,,,,,,,,,By Type,,Default,,,Basic Wall,Basic Wall: Exterior - 14 5/8" Rainscreen w Insultation on Metal Stud,,2 HR,Exterior,0.0174 BTU/(h·ft²·°F),,36PShEEGHF2O7RqMvq2fTJ,,,,18' - 11 15/16",,,,New Construction,None,,,,,3,,Non-bearing,14.9135 BTU/(ft²·°F),57.5480 (h·ft²·°F)/BTU,Up to level: L4,0' - 0",,Exterior - 14 5/8" Rainscreen w Insultation on Metal Stud,,,38Ozd1J$fFHu9SwugZC0Rw,,X07,13' - 4",,287.37 CF,1' - 2 5/8",
0.7,,232 SF,B2010158,Ext. Wall - Brick Veneer w/ Stud,,L4,0' - 0",,,,1,Vertical,,,,,,,,,By Type,,Default,,,Basic Wall,Basic Wall: Exterior - 14 5/8" Rainscreen w Insultation on Metal Stud,,2 HR,Exterior,0.0174 BTU/(h·ft²·°F),,2T6jb8H4fEr9KuKgMsHRIy,,,,18' - 11 15/16",,,,New Construction,None,,,,,3,,Non-bearing,14.9135 BTU/(ft²·°F),57.5480 (h·ft²·°F)/BTU,Up to level: L5,0' - 0",,Exterior - 14 5/8" Rainscreen w Insultation on Metal Stud,,,38Ozd1J$fFHu9SwugZC0Rw,,X07,13' - 4",,278.67 CF,1' - 2 5/8",
0.7,,331 SF,C1010145,Partitions - Drywall w/ Metal Stud,,L4,0' - 0",,,,1,Vertical,,,,,,,,,By Type,,Default,,,Basic Wall,Basic Wall: Party - 6 1/8" (2-hr),,2 HR,Interior,0.0234 BTU/(h·ft²·°F),,2T6jb8H4fEr9KuKgMsHROj,,,,27' - 2 19/32",,,,New Construction,None,,,,,3,Metal Stud Layer,Non-bearing,5.1774 BTU/(ft²·°F),42.8246 (h·ft²·°F)/BTU,Up to level: L5,0' - 0",,Party - 6 1/8" (2-hr),,,1UzjuOoQr4P85_KNmJAtS$,,W01,13' - 4",,321.71 CF,0' - 11 3/4",
0.7,,329 SF,C1010145,Partitions - Drywall w/ Metal Stud,,L3,0' - 0",,,,1,Vertical,,,,,,,,,By Type,,Default,,,Basic Wall,Basic Wall: Party - 6 1/8" (2-hr),,2 HR,Interior,0.0234 BTU/(h·ft²·°F),,1dhc5rsYj0HOHEPVRTnegF,,,,27' - 10 5/32",,,,New Construction,None,,,,,3,Metal Stud Layer,Non-bearing,5.1774 BTU/(ft²·°F),42.8246 (h·ft²·°F)/BTU,Up to level: L4,0' - 0",,Party - 6 1/8" (2-hr),,,1UzjuOoQr4P85_KNmJAtS$,,W01,13' - 4",,319.56 CF,0' - 11 3/4",
0.7,,17 SF,B2010,Exterior Walls,,L1 - Block 37,0' - 0",,,,1,Vertical,,,,,,,,,By Type,,Default,,,Basic Wall,Basic Wall: Chase - GWB & Metal Stud 3 1/8",,,Soffit,6.8169 BTU/(h·ft²·°F),,1dhc5rsYj0HOHEPVRTnedq,,,,1' - 1 19/32",,,,New Construction,None,,,,,3,Metal Furring,Non-bearing,12.4224 BTU/(ft²·°F),0.1467 (h·ft²·°F)/BTU,Up to level: L3,-0' - 6",,Chase - GWB & Metal Stud 3 1/8",,,09eUxCNaz3lOO$6VIXc4cu,,S02,21' - 9 1/2",,4.39 CF,0' - 3 1/8",
0.7,,5 SF,B2010,Exterior Walls,,L1 - Block 37,0' - 0",,,,1,Vertical,,,,,,,,,By Type,,Default,,,Basic Wall,Basic Wall: Chase - GWB & Metal Stud 3 1/8",,,Soffit,6.8169 BTU/(h·ft²·°F),,1dhc5rsYj0HOHEPVRTneW0,,,,0' - 6",,,,New Construction,None,,,,,3,Metal Furring,Non-bearing,12.4224 BTU/(ft²·°F),0.1467 (h·ft²·°F)/BTU,Up to level: L3,-0' - 6",,Chase - GWB & Metal Stud 3 1/8",,,09eUxCNaz3lOO$6VIXc4cu,,S02,21' - 9 1/2",,1.36 CF,0' - 3 1/8",
0.7,,205 SF,C1010145,Partitions - Drywall w/ Metal Stud,,L1 - Block 37,0' - 0",,,,1,Vertical,,,,,,,,,By Type,,Default,,,Basic Wall,Basic Wall: Party - 6 1/8" (2-hr),,2 HR,Interior,0.0234 BTU/(h·ft²·°F),,3YfnAv$UvEUhbGFWLHkkBZ,,,,9' - 8 1/2",,,,New Construction,None,,,,,3,Metal Stud Layer,Non-bearing,5.1774 BTU/(ft²·°F),42.8246 (h·ft²·°F)/BTU,Up to level: L3,0' - 0",,Party - 6 1/8" (2-hr),,,1UzjuOoQr4P85_KNmJAtS$,,W01,22' - 3 1/2",,200.99 CF,0' - 11 3/4",
0.7,,564 SF,B2010,Exterior Walls,,L3,-4' - 0",,,,1,Vertical,,,,,,,,,By Type,,Default,,,Basic Wall,Basic Wall: Living Wall,,,Exterior,,,3gwOWmx3v1CALTUKOuFv8d,,,,16' - 3 1/2",,,,New Construction,None,,,,,3,Living Wall,Non-bearing,,,Up to level: R2,0' - 0",,Living Wall,,,3gwOWmx3v1CALTUKOuFv8A,,,44' - 0",,46.99 CF,0' - 1",
0.7,,564 SF,B2010,Exterior Walls,,L3,-4' - 0",,,,1,Vertical,,,,,,,,,By Type,,Default,,,Basic Wall,Basic Wall: Living Wall,,,Exterior,,,3gwOWmx3v1CALTUKOuFs_b,,,,16' - 3 1/2",,,,New Construction,None,,,,,3,Living Wall,Non-bearing,,,Up to level: R2,0' - 0",,Living Wall,,,3gwOWmx3v1CALTUKOuFv8A,,,44' - 0",,46.99 CF,0' - 1",
0.7,,40 SF,B2010,Exterior Walls,,L1 - Block 37,1' - 5 1/2",,,,1,Vertical,,,,,,,,,By Type,,Default,,,Basic Wall,Basic Wall: Chase - GWB & Metal Stud 3 1/8",,,Soffit,6.8169 BTU/(h·ft²·°F),,0dqh5oTcz4aP$fn7IYtJ7P,,,,1' - 11 3/32",,,,New Construction,None,,,,,3,Metal Furring,Non-bearing,12.4224 BTU/(ft²·°F),0.1467 (h·ft²·°F)/BTU,Up to level: L3,0' - 0",,Chase - GWB & Metal Stud 3 1/8",,,09eUxCNaz3lOO$6VIXc4cu,,S02,20' - 10",,10.44 CF,0' - 3 1/8",
0.7,,7 SF,B2010158,Ext. Wall - Brick Veneer w/ Stud,,L5,0' - 0",,,,1,Vertical,,,,,,,,,By Type,,Default,,,Basic Wall,Basic Wall: Exterior - 10 1/4" Rainscreen w Insultation on Metal Stud,,2 HR,Exterior,0.0304 BTU/(h·ft²·°F),,0stYUSRTn5hRP77Rc$SYLj,,,,1' - 8 1/8",,,,New Construction,None,,,,,3,,Non-bearing,14.9970 BTU/(ft²·°F),32.9206 (h·ft²·°F)/BTU,Up to level: Block 43 - Parapet,0' - 0",,Exterior - 10 1/4" Rainscreen w Insultation on Metal Stud,,,2_V46gFRv1gwDUl815bqYC,,X03,5' - 8",,6.05 CF,0' - 10 1/4",
0.7,,9 SF,B2010158,Ext. Wall - Brick Veneer w/ Stud,,L5,0' - 0",,,,1,Vertical,,,,,,,,,By Type,,Default,,,Basic Wall,Basic Wall: Exterior - 10 1/4" Rainscreen w Insultation on Metal Stud,,2 HR,Exterior,0.0304 BTU/(h·ft²·°F),,0stYUSRTn5hRP77Rc$SYLk,,,,1' - 8 13/16",,,,New Construction,None,,,,,3,,Non-bearing,14.9970 BTU/(ft²·°F),32.9206 (h·ft²·°F)/BTU,Up to level: Block 43 - Parapet,0' - 0",,Exterior - 10 1/4" Rainscreen w Insultation on Metal Stud,,,2_V46gFRv1gwDUl815bqYC,,X03,5' - 8",,7.92 CF,0' - 10 1/4",
0.7,,6 SF,B2010,Exterior Walls,,L4,0' - 0",,,,1,Vertical,,,,,,,,,By Type,,Default,,,Basic Wall,Basic Wall: Chase - GWB & Metal Stud 3 1/8",,,Soffit,6.8169 BTU/(h·ft²·°F),,1niWRop5j6XxysFSVum4_m,,,,0' - 10 5/16",,,,New Construction,None,,,,,3,Metal Furring,Non-bearing,12.4224 BTU/(ft²·°F),0.1467 (h·ft²·°F)/BTU,Up to level: L5,0' - 0",,Chase - GWB & Metal Stud 3 1/8",,,09eUxCNaz3lOO$6VIXc4cu,,S02,13' - 4",,1.66 CF,0' - 3 1/8",
0.7,,6 SF,B2010,Exterior Walls,,L3,0' - 0",,,,1,Vertical,,,,,,,,,By Type,,Default,,,Basic Wall,Basic Wall: Chase - GWB & Metal Stud 3 1/8",,,Soffit,6.8169 BTU/(h·ft²·°F),,2NVDfmr3r0pwm4jNoJqP3b,,,,0' - 10 5/16",,,,New Construction,None,,,,,3,Metal Furring,Non-bearing,12.4224 BTU/(ft²·°F),0.1467 (h·ft²·°F)/BTU,Up to level: L4,0' - 0",,Chase - GWB & Metal Stud 3 1/8",,,09eUxCNaz3lOO$6VIXc4cu,,S02,13' - 4",,1.66 CF,0' - 3 1/8",
0.7,,52 SF,C1010145,Partitions - Drywall w/ Metal Stud,,L4,0' - 0",,,,1,Vertical,,,,,,,,,By Type,,Default,,,Basic Wall,Basic Wall: Interior - 4 7/8" Partition (NR),,NR,Interior,0.0472 BTU/(h·ft²·°F),,22Gx_RTqTArPWCEi3QY9cS,,,,4' - 3 3/8",,,,New Construction,None,,,,,3,Metal Stud Layer,Non-bearing,1.4406 BTU/(ft²·°F),21.1904 (h·ft²·°F)/BTU,Up to level: L5,-0' - 6",,Interior - 4 7/8" Partition (NR),,,26$5pwZTH4A8RTAK02gn25,,P02,12' - 10",,20.99 CF,0' - 4 7/8",
0.7,,52 SF,C1010145,Partitions - Drywall w/ Metal Stud,,L3,0' - 0",,,,1,Vertical,,,,,,,,,By Type,,Default,,,Basic Wall,Basic Wall: Interior - 4 7/8" Partition (NR),,NR,Interior,0.0472 BTU/(h·ft²·°F),,22Gx_RTqTArPWCEi3QY9bv,,,,4' - 3 3/8",,,,New Construction,None,,,,,3,Metal Stud Layer,Non-bearing,1.4406 BTU/(ft²·°F),21.1904 (h·ft²·°F)/BTU,Up to level: L4,-0' - 6",,Interior - 4 7/8" Partition (NR),,,26$5pwZTH4A8RTAK02gn25,,P02,12' - 10",,20.99 CF,0' - 4 7/8",
0.7,,41 SF,C1010145,Partitions - Drywall w/ Metal Stud,,L2,0' - 0",,,,1,Vertical,,,,,,,,,By Type,,Default,,,Basic Wall,Basic Wall: Interior - 4 7/8" Partition (NR),,NR,Interior,0.0472 BTU/(h·ft²·°F),,22Gx_RTqTArPWCEi3QY9bQ,,,,4' - 3 3/8",,,,New Construction,None,,,,,3,Metal Stud Layer,Non-bearing,1.4406 BTU/(ft²·°F),21.1904 (h·ft²·°F)/BTU,Up to level: L3,-0' - 6",,Interior - 4 7/8" Partition (NR),,,26$5pwZTH4A8RTAK02gn25,,P02,10' - 3",,16.76 CF,0' - 4 7/8",
0.7,,126 SF,C1010145,Partitions - Drywall w/ Metal Stud,,L1 - Block 37,0' - 0",,,,1,Vertical,,,,,,,,,By Type,,Default,,,Basic Wall,Basic Wall: Interior - 4 7/8" Partition (NR),,NR,Interior,0.0472 BTU/(h·ft²·°F),,0mlMV$YD96HATmmaM7Gcvf,,,,15' - 10",,,,New Construction,None,,,,,3,Metal Stud Layer,Non-bearing,1.4406 BTU/(ft²·°F),21.1904 (h·ft²·°F)/BTU,Up to level: L2,-0' - 6",,Interior - 4 7/8" Partition (NR),,,26$5pwZTH4A8RTAK02gn25,,P02,11' - 0 1/2",,51.06 CF,0' - 4 7/8",
0.7,,77 SF,C1010145,Partitions - Drywall w/ Metal Stud,,L1 - Block 37,0' - 0",,,,1,Vertical,,,,,,,,,By Type,,Default,,,Basic Wall,Basic Wall: Interior - 4 7/8" Partition (NR),,NR,Interior,0.0472 BTU/(h·ft²·°F),,0mlMV$YD96HATmmaM7Gcvg,,,,7' - 4",,,,New Construction,None,,,,,3,Metal Stud Layer,Non-bearing,1.4406 BTU/(ft²·°F),21.1904 (h·ft²·°F)/BTU,Up to level: L2,-0' - 6",,Interior - 4 7/8" Partition (NR),,,26$5pwZTH4A8RTAK02gn25,,P02,11' - 0 1/2",,31.40 CF,0' - 4 7/8",
0.7,,77 SF,C1010145,Partitions - Drywall w/ Metal Stud,,L1 - Block 37,0' - 0",,,,1,Vertical,,,,,,,,,By Type,,Default,,,Basic Wall,Basic Wall: Interior - 4 7/8" Partition (NR),,NR,Interior,0.0472 BTU/(h·ft²·°F),,0mlMV$YD96HATmmaM7Gcvh,,,,7' - 4",,,,New Construction,None,,,,,3,Metal Stud Layer,Non-bearing,1.4406 BTU/(ft²·°F),21.1904 (h·ft²·°F)/BTU,Up to level: L2,-0' - 6",,Interior - 4 7/8" Partition (NR),,,26$5pwZTH4A8RTAK02gn25,,P02,11' - 0 1/2",,31.40 CF,0' - 4 7/8",
0.7,,82 SF,C1010145,Partitions - Drywall w/ Metal Stud,,L1 - Block 37,0' - 0",,,,1,Vertical,,,,,,,,,By Type,,Default,,,Basic Wall,Basic Wall: Interior - 4 7/8" Partition (NR),,NR,Interior,0.0472 BTU/(h·ft²·°F),,0mlMV$YD96HATmmaM7Gcfo,,,,7' - 9 1/8",,,,New Construction,None,,,,,3,Metal Stud Layer,Non-bearing,1.4406 BTU/(ft²·°F),21.1904 (h·ft²·°F)/BTU,Up to level: L2,-0' - 6",,Interior - 4 7/8" Partition (NR),,,26$5pwZTH4A8RTAK02gn25,,P02,11' - 0 1/2",,33.36 CF,0' - 4 7/8",
0.7,,78 SF,B2010,Exterior Walls,,L1 - Block 37,0' - 0",,,,1,Vertical,,,,,,,,,By Type,,Default,,,Basic Wall,Basic Wall: Chase - GWB & Metal Stud 4 1/4",,,Soffit,6.6534 BTU/(h·ft²·°F),,0mlMV$YD96HATmmaM7Gcjy,,,,7' - 9 1/8",,,,New Construction,None,,,,,3,Metal Furring,Non-bearing,17.6896 BTU/(ft²·°F),0.1503 (h·ft²·°F)/BTU,Up to level: L2,-0' - 6",,Chase - GWB & Metal Stud 4 1/4",,,3FDTNrVMX5CROAaE1LHtAP,,S03,11' - 0 1/2",,27.50 CF,0' - 4 1/4",
0.7,,111 SF,C1010145,Partitions - Drywall w/ Metal Stud,,L1 - Block 43,0' - 0",,,,1,Vertical,,,,,,,,,By Type,,Default,,,Basic Wall,Basic Wall: Interior - 4 7/8" Partition (NR),,NR,Interior,0.0472 BTU/(h·ft²·°F),,0mlMV$YD96HATmmaM7GcRe,,,,15' - 10",,,,New Construction,None,,,,,3,Metal Stud Layer,Non-bearing,1.4406 BTU/(ft²·°F),21.1904 (h·ft²·°F)/BTU,Up to level: L2,2' - 0",,Interior - 4 7/8" Partition (NR),,,26$5pwZTH4A8RTAK02gn25,,P02,10' - 1",,45.02 CF,0' - 4 7/8",
0.7,,76 SF,C1010145,Partitions - Drywall w/ Metal Stud,,L1 - Block 43,0' - 0",,,,1,Vertical,,,,,,,,,By Type,,Default,,,Basic Wall,Basic Wall: Interior - 4 7/8" Partition (NR),,NR,Interior,0.0472 BTU/(h·ft²·°F),,0mlMV$YD96HATmmaM7GcRf,,,,8' - 2 9/16",,,,New Construction,None,,,,,3,Metal Stud Layer,Non-bearing,1.4406 BTU/(ft²·°F),21.1904 (h·ft²·°F)/BTU,Up to level: L2,2' - 0",,Interior - 4 7/8" Partition (NR),,,26$5pwZTH4A8RTAK02gn25,,P02,10' - 1",,30.81 CF,0' - 4 7/8",
0.7,,71 SF,C1010145,Partitions - Drywall w/ Metal Stud,,L1 - Block 43,0' - 0",,,,1,Vertical,,,,,,,,,By Type,,Default,,,Basic Wall,Basic Wall: Interior - 4 7/8" Partition (NR),,NR,Interior,0.0472 BTU/(h·ft²·°F),,0mlMV$YD96HATmmaM7GcRg,,,,7' - 4 9/16",,,,New Construction,None,,,,,3,Metal Stud Layer,Non-bearing,1.4406 BTU/(ft²·°F),21.1904 (h·ft²·°F)/BTU,Up to level: L2,2' - 0",,Interior - 4 7/8" Partition (NR),,,26$5pwZTH4A8RTAK02gn25,,P02,10' - 1",,28.67 CF,0' - 4 7/8",
0.7,,288 SF,B2010,Exterior Walls,,L1 - Block 43,0' - 0",,,,1,Vertical,,,,,,,,,By Type,,Default,,,Basic Wall,Basic Wall: Chase - GWB & Metal Stud 4 1/4",,,Soffit,6.6534 BTU/(h·ft²·°F),,0mlMV$YD96HATmmaM7GcHJ,,,,15' - 10",,,,New Construction,None,,,,,3,Metal Furring,Non-bearing,17.6896 BTU/(ft²·°F),0.1503 (h·ft²·°F)/BTU,Up to level: L3,0' - 0",,Chase - GWB & Metal Stud 4 1/4",,,3FDTNrVMX5CROAaE1LHtAP,,S03,18' - 10",,102.01 CF,0' - 4 1/4",
0.7,,121 SF,C1010145,Partitions - Drywall w/ Metal Stud,,L1 - Block 37,0' - 0",,,,1,Vertical,,,,,,,,,By Type,,Default,,,Basic Wall,Basic Wall: Interior - 4 7/8" Partition (NR),,NR,Interior,0.0472 BTU/(h·ft²·°F),,0mlMV$YD96HATmmaM7Gc6$,,,,15' - 6 15/16",,,,New Construction,None,,,,,3,Metal Stud Layer,Non-bearing,1.4406 BTU/(ft²·°F),21.1904 (h·ft²·°F)/BTU,Up to level: L2,-0' - 6",,Interior - 4 7/8" Partition (NR),,,26$5pwZTH4A8RTAK02gn25,,P02,11' - 0 1/2",,49.09 CF,0' - 4 7/8",
0.7,,77 SF,C1010145,Partitions - Drywall w/ Metal Stud,,L1 - Block 37,0' - 0",,,,1,Vertical,,,,,,,,,By Type,,Default,,,Basic Wall,Basic Wall: Interior - 4 7/8" Partition (NR),,NR,Interior,0.0472 BTU/(h·ft²·°F),,0mlMV$YD96HATmmaM7GXza,,,,7' - 8 5/16",,,,New Construction,None,,,,,3,Metal Stud Layer,Non-bearing,1.4406 BTU/(ft²·°F),21.1904 (h·ft²·°F)/BTU,Up to level: L2,-0' - 6",,Interior - 4 7/8" Partition (NR),,,26$5pwZTH4A8RTAK02gn25,,P02,11' - 0 1/2",,31.40 CF,0' - 4 7/8",
0.7,,78 SF,C1010145,Partitions - Drywall w/ Metal Stud,,L1 - Block 37,0' - 0",,,,1,Vertical,,,,,,,,,By Type,,Default,,,Basic Wall,Basic Wall: Interior - 4 7/8" Partition (NR),,NR,Interior,0.0472 BTU/(h·ft²·°F),,0mlMV$YD96HATmmaM7GXom,,,,7' - 8 5/16",,,,New Construction,None,,,,,3,Metal Stud Layer,Non-bearing,1.4406 BTU/(ft²·°F),21.1904 (h·ft²·°F)/BTU,Up to level: L2,-0' - 6",,Interior - 4 7/8" Partition (NR),,,26$5pwZTH4A8RTAK02gn25,,P02,11' - 0 1/2",,31.48 CF,0' - 4 7/8",
0.7,,78 SF,B2010,Exterior Walls,,R2,0' - 0",,,,1,Vertical,,,,,,,,,By Type,,Default,,,Basic Wall,Basic Wall: Chase - GWB & Metal Stud 3 1/8",,,Soffit,6.8169 BTU/(h·ft²·°F),,3DE5vmczr4FuPFcnu5Roso,,,,9' - 3 15/16",,,,New Construction,None,,,,,3,Metal Furring,Non-bearing,12.4224 BTU/(ft²·°F),0.1467 (h·ft²·°F)/BTU,Up to level: R3,0' - 0",,Chase - GWB & Metal Stud 3 1/8",,,09eUxCNaz3lOO$6VIXc4cu,,S02,10' - 0",,20.43 CF,0' - 3 1/8",
0.7,,76 SF,C1010145,Partitions - Drywall w/ Metal Stud,,L2,0' - 0",,,,1,Vertical,,,,,,,,,By Type,,Default,,,Basic Wall,Basic Wall: Interior - 7 1/4" Partition (NR),,NR,Interior,0.0287 BTU/(h·ft²·°F),,24UQUejir30hZbTvW6h7Wb,,,,9' - 6 11/16",,,,New Construction,None,,,,,3,Metal Stud Layer,Non-bearing,1.4441 BTU/(ft²·°F),34.8921 (h·ft²·°F)/BTU,Unconnected,0' - 0",,Interior - 7 1/4" Partition (NR),,,1kJXG9J_12CxJk83GXH3Vz,,P04,8' - 0",,45.72 CF,0' - 7 1/4",
0.7,,76 SF,C1010145,Partitions - Drywall w/ Metal Stud,,L3,0' - 0",,,,1,Vertical,,,,,,,,,By Type,,Default,,,Basic Wall,Basic Wall: Interior - 7 1/4" Partition (NR),,NR,Interior,0.0287 BTU/(h·ft²·°F),,24UQUejir30hZbTvW6h7Y6,,,,9' - 6 11/16",,,,New Construction,None,,,,,3,Metal Stud Layer,Non-bearing,1.4441 BTU/(ft²·°F),34.8921 (h·ft²·°F)/BTU,Unconnected,0' - 0",,Interior - 7 1/4" Partition (NR),,,1kJXG9J_12CxJk83GXH3Vz,,P04,8' - 0",,45.72 CF,0' - 7 1/4",
0.7,,76 SF,C1010145,Partitions - Drywall w/ Metal Stud,,L4,0' - 0",,,,1,Vertical,,,,,,,,,By Type,,Default,,,Basic Wall,Basic Wall: Interior - 7 1/4" Partition (NR),,NR,Interior,0.0287 BTU/(h·ft²·°F),,24UQUejir30hZbTvW6h7Y0,,,,9' - 6 11/16",,,,New Construction,None,,,,,3,Metal Stud Layer,Non-bearing,1.4441 BTU/(ft²·°F),34.8921 (h·ft²·°F)/BTU,Unconnected,0' - 0",,Interior - 7 1/4" Partition (NR),,,1kJXG9J_12CxJk83GXH3Vz,,P04,8' - 0",,45.72 CF,0' - 7 1/4",
0.7,,76 SF,C1010145,Partitions - Drywall w/ Metal Stud,,L3,0' - 0",,,,1,Vertical,,,,,,,,,By Type,,Default,,,Basic Wall,Basic Wall: Interior - 7 1/4" Partition (NR),,NR,Interior,0.0287 BTU/(h·ft²·°F),,24UQUejir30hZbTvW6h7YD,,,,9' - 6 11/16",,,,New Construction,None,,,,,3,Metal Stud Layer,Non-bearing,1.4441 BTU/(ft²·°F),34.8921 (h·ft²·°F)/BTU,Unconnected,0' - 0",,Interior - 7 1/4" Partition (NR),,,1kJXG9J_12CxJk83GXH3Vz,,P04,8' - 0",,45.72 CF,0' - 7 1/4",
0.7,,76 SF,C1010145,Partitions - Drywall w/ Metal Stud,,L4,0' - 0",,,,1,Vertical,,,,,,,,,By Type,,Default,,,Basic Wall,Basic Wall: Interior - 7 1/4" Partition (NR),,NR,Interior,0.0287 BTU/(h·ft²·°F),,24UQUejir30hZbTvW6h7YA,,,,9' - 6 11/16",,,,New Construction,None,,,,,3,Metal Stud Layer,Non-bearing,1.4441 BTU/(ft²·°F),34.8921 (h·ft²·°F)/BTU,Unconnected,0' - 0",,Interior - 7 1/4" Partition (NR),,,1kJXG9J_12CxJk83GXH3Vz,,P04,8' - 0",,45.72 CF,0' - 7 1/4",
0.7,,24 SF,C1010145,Partitions - Drywall w/ Metal Stud,,L2,0' - 0",,,,1,Vertical,,,,,,,,,By Type,,Default,,,Basic Wall,Basic Wall: Interior - 7 1/4" Partition (NR),,NR,Interior,0.0287 BTU/(h·ft²·°F),,24UQUejir30hZbTvW6h7ZQ,,,,3' - 6 1/16",,,,New Construction,None,,,,,3,Metal Stud Layer,Non-bearing,1.4441 BTU/(ft²·°F),34.8921 (h·ft²·°F)/BTU,Unconnected,0' - 0",,Interior - 7 1/4" Partition (NR),,,1kJXG9J_12CxJk83GXH3Vz,,P04,8' - 0",,14.50 CF,0' - 7 1/4",
0.7,,24 SF,C1010145,Partitions - Drywall w/ Metal Stud,,L3,0' - 0",,,,1,Vertical,,,,,,,,,By Type,,Default,,,Basic Wall,Basic Wall: Interior - 7 1/4" Partition (NR),,NR,Interior,0.0287 BTU/(h·ft²·°F),,24UQUejir30hZbTvW6h7fg,,,,3' - 6 1/16",,,,New Construction,None,,,,,3,Metal Stud Layer,Non-bearing,1.4441 BTU/(ft²·°F),34.8921 (h·ft²·°F)/BTU,Unconnected,0' - 0",,Interior - 7 1/4" Partition (NR),,,1kJXG9J_12CxJk83GXH3Vz,,P04,8' - 0",,14.50 CF,0' - 7 1/4",
0.7,,24 SF,C1010145,Partitions - Drywall w/ Metal Stud,,L4,0' - 0",,,,1,Vertical,,,,,,,,,By Type,,Default,,,Basic Wall,Basic Wall: Interior - 7 1/4" Partition (NR),,NR,Interior,0.0287 BTU/(h·ft²·°F),,24UQUejir30hZbTvW6h7fm,,,,3' - 6 1/16",,,,New Construction,None,,,,,3,Metal Stud Layer,Non-bearing,1.4441 BTU/(ft²·°F),34.8921 (h·ft²·°F)/BTU,Unconnected,0' - 0",,Interior - 7 1/4" Partition (NR),,,1kJXG9J_12CxJk83GXH3Vz,,P04,8' - 0",,14.50 CF,0' - 7 1/4",
0.7,,24 SF,C1010145,Partitions - Drywall w/ Metal Stud,,L3,0' - 0",,,,1,Vertical,,,,,,,,,By Type,,Default,,,Basic Wall,Basic Wall: Interior - 7 1/4" Partition (NR),,NR,Interior,0.0287 BTU/(h·ft²·°F),,24UQUejir30hZbTvW6h7fx,,,,3' - 6 1/16",,,,New Construction,None,,,,,3,Metal Stud Layer,Non-bearing,1.4441 BTU/(ft²·°F),34.8921 (h·ft²·°F)/BTU,Unconnected,0' - 0",,Interior - 7 1/4" Partition (NR),,,1kJXG9J_12CxJk83GXH3Vz,,P04,8' - 0",,14.50 CF,0' - 7 1/4",
0.7,,24 SF,C1010145,Partitions - Drywall w/ Metal Stud,,L4,0' - 0",,,,1,Vertical,,,,,,,,,By Type,,Default,,,Basic Wall,Basic Wall: Interior - 7 1/4" Partition (NR),,NR,Interior,0.0287 BTU/(h·ft²·°F),,24UQUejir30hZbTvW6h7f6,,,,3' - 6 1/16",,,,New Construction,None,,,,,3,Metal Stud Layer,Non-bearing,1.4441 BTU/(ft²·°F),34.8921 (h·ft²·°F)/BTU,Unconnected,0' - 0",,Interior - 7 1/4" Partition (NR),,,1kJXG9J_12CxJk83GXH3Vz,,P04,8' - 0",,14.50 CF,0' - 7 1/4",
0.7,,203 SF,B2010,Exterior Walls,,L2,0' - 0",,,,1,Vertical,,,,,,,,,By Type,,Default,,,Basic Wall,Basic Wall: Chase - GWB & Metal Stud 6 5/8",,1 HR,Soffit,6.3327 BTU/(h·ft²·°F),,3AHdyHWLfEkggDuNP3tJpE,,,,27' - 1 15/16",,,,New Construction,None,,,,,3,Metal Furring,Non-bearing,28.8093 BTU/(ft²·°F),0.1579 (h·ft²·°F)/BTU,Up to level: L3,0' - 0",,Chase - GWB & Metal Stud 6 5/8",,,1YueUxVJH8SwhLiH$TP6Xo,,S04,10' - 9",,111.17 CF,0' - 6 5/8",
0.7,,65 SF,B2010,Exterior Walls,,L1 - Block 37,0' - 0",,,,1,Vertical,,,,,,,,,By Type,,Default,,,Basic Wall,Basic Wall: Chase - GWB & Metal Stud 6 5/8",,1 HR,Soffit,6.3327 BTU/(h·ft²·°F),,2sCvyR6xL9WPXuzdrVey$Y,,,,28' - 2 9/32",,,,New Construction,None,,,,,3,Metal Furring,Non-bearing,28.8093 BTU/(ft²·°F),0.1579 (h·ft²·°F)/BTU,Up to level: L2,0' - 0",,Chase - GWB & Metal Stud 6 5/8",,,1YueUxVJH8SwhLiH$TP6Xo,,S04,11' - 6 1/2",,32.01 CF,0' - 6 5/8",
0.7,,13 SF,B2010,Exterior Walls,,L1 - Block 37,0' - 0",,,,1,Vertical,,,,,,,,,By Type,,Default,,,Basic Wall,Basic Wall: Chase - GWB & Metal Stud 3 1/8",,,Soffit,6.8169 BTU/(h·ft²·°F),,3SnOVw7ojDZ8nnFzhqldd3,,,,1' - 7 11/32",,,,New Construction,None,,,,,3,Metal Furring,Non-bearing,12.4224 BTU/(ft²·°F),0.1467 (h·ft²·°F)/BTU,Up to level: L2,-0' - 6",,Chase - GWB & Metal Stud 3 1/8",,,09eUxCNaz3lOO$6VIXc4cu,,S02,11' - 0 1/2",,3.47 CF,0' - 3 1/8",
0.7,,8 SF,B2010,Exterior Walls,,L1 - Block 37,0' - 0",,,,1,Vertical,,,,,,,,,By Type,,Default,,,Basic Wall,Basic Wall: Chase - GWB & Metal Stud 3 1/8",,,Soffit,6.8169 BTU/(h·ft²·°F),,3SnOVw7ojDZ8nnFzhqlddI,,,,1' - 2 13/32",,,,New Construction,None,,,,,3,Metal Furring,Non-bearing,12.4224 BTU/(ft²·°F),0.1467 (h·ft²·°F)/BTU,Up to level: L2,-0' - 6",,Chase - GWB & Metal Stud 3 1/8",,,09eUxCNaz3lOO$6VIXc4cu,,S02,11' - 0 1/2",,2.07 CF,0' - 3 1/8",
,,259 SF,B2020200,Curtain Walls,,L1 - Block 37,0' - 0",,,,1,Vertical,,,,,,,,,By Type,,Default,,,Curtain Wall,Curtain Wall: Block 37 Storefront,,,Exterior,,,3SnOVw7ojDZ8nnFzhqldj0,,,,24' - 0",,,,New Construction,None,,,,,,,Non-bearing,,,Up to level: L2,-0' - 9",,Block 37 Storefront,,,2tLJY6oEzCtgzHr0C65woG,,,10' - 9 1/2",,,,
,,18 SF,B2020200,Curtain Walls,,L1 - Block 37,0' - 0",,,,1,Vertical,,,,,,,,,By Type,,Default,,,Curtain Wall,Curtain Wall: Block 37 Storefront,,,Exterior,,,3SnOVw7ojDZ8nnFzhqldLV,,,,2' - 2 1/2",,,,New Construction,None,,,,,,,Non-bearing,,,Up to level: L2,-3' - 4 1/2",,Block 37 Storefront,,,2tLJY6oEzCtgzHr0C65woG,,,8' - 2",,,,
,,18 SF,B2020200,Curtain Walls,,L1 - Block 37,0' - 0",,,,1,Vertical,,,,,,,,,By Type,,Default,,,Curtain Wall,Curtain Wall: Block 37 Storefront,,,Exterior,,,3SnOVw7ojDZ8nnFzhqldGa,,,,2' - 2 1/2",,,,New Construction,None,,,,,,,Non-bearing,,,Up to level: L2,-3' - 4 1/2",,Block 37 Storefront,,,2tLJY6oEzCtgzHr0C65woG,,,8' - 2",,,,
,,75 SF,B2020200,Curtain Walls,,L1 - Block 37,0' - 0",,,,1,Vertical,,,,,,,,,By Type,,Default,,,Curtain Wall,Curtain Wall: _Not Defined,,,Exterior,,,3SnOVw7ojDZ8nnFzhqlcia,,,,9' - 1 1/2",,,,New Construction,None,,,,,,,Non-bearing,,,Up to level: L2,-3' - 4 1/2",,_Not Defined,,,2mjs6M6G98BxHa18ZZD5sI,,CW01,8' - 2",,,,
0.7,,9 SF,B2010,Exterior Walls,,L2,0' - 0",,,,1,Vertical,,,,,,,,,By Type,,Default,,,Basic Wall,Basic Wall: Chase - GWB & Metal Stud 4 1/4",,,Soffit,6.6534 BTU/(h·ft²·°F),,3voFgg85z9v87ITax$sRZ7,,,,1' - 2 13/16",,,,New Construction,None,,,,,3,Metal Furring,Non-bearing,17.6896 BTU/(ft²·°F),0.1503 (h·ft²·°F)/BTU,Up to level: L3,0' - 0",,Chase - GWB & Metal Stud 4 1/4",,,3FDTNrVMX5CROAaE1LHtAP,,S03,10' - 9",,3.05 CF,0' - 4 1/4",
0.7,,13 SF,B2010,Exterior Walls,,L2,0' - 0",,,,1,Vertical,,,,,,,,,By Type,,Default,,,Basic Wall,Basic Wall: Chase - GWB & Metal Stud 4 1/4",,,Soffit,6.6534 BTU/(h·ft²·°F),,1lxqaTga9DvxFctJPFesiM,,,,1' - 7 11/16",,,,New Construction,None,,,,,3,Metal Furring,Non-bearing,17.6896 BTU/(ft²·°F),0.1503 (h·ft²·°F)/BTU,Up to level: L3,0' - 0",,Chase - GWB & Metal Stud 4 1/4",,,3FDTNrVMX5CROAaE1LHtAP,,S03,10' - 9",,4.52 CF,0' - 4 1/4",
0.7,,247 SF,B2010,Exterior Walls,,L3,0' - 0",,,,1,Vertical,,,,,,,,,By Type,,Default,,,Basic Wall,Basic Wall: Chase - GWB & Metal Stud 6 5/8",,1 HR,Soffit,6.3327 BTU/(h·ft²·°F),,1lxqaTga9DvxFctJPFetI$,,,,27' - 1 15/16",,,,New Construction,None,,,,,3,Metal Furring,Non-bearing,28.8093 BTU/(ft²·°F),0.1579 (h·ft²·°F)/BTU,Up to level: L4,0' - 0",,Chase - GWB & Metal Stud 6 5/8",,,1YueUxVJH8SwhLiH$TP6Xo,,S04,13' - 4",,135.45 CF,0' - 6 5/8",
0.7,,27 SF,B2010,Exterior Walls,,L3,0' - 0",,,,1,Vertical,,,,,,,,,By Type,,Default,,,Basic Wall,Basic Wall: Chase - GWB & Metal Stud 4 1/4",,,Soffit,6.6534 BTU/(h·ft²·°F),,1lxqaTga9DvxFctJPFetIa,,,,1' - 2 13/16",,,,New Construction,None,,,,,3,Metal Furring,Non-bearing,17.6896 BTU/(ft²·°F),0.1503 (h·ft²·°F)/BTU,Up to level: L4,0' - 0",,Chase - GWB & Metal Stud 4 1/4",,,3FDTNrVMX5CROAaE1LHtAP,,S03,13' - 4",,9.54 CF,0' - 4 1/4",
0.7,,16 SF,B2010,Exterior Walls,,L3,0' - 0",,,,1,Vertical,,,,,,,,,By Type,,Default,,,Basic Wall,Basic Wall: Chase - GWB & Metal Stud 4 1/4",,,Soffit,6.6534 BTU/(h·ft²·°F),,1lxqaTga9DvxFctJPFetIb,,,,1' - 7 29/32",,,,New Construction,None,,,,,3,Metal Furring,Non-bearing,17.6896 BTU/(ft²·°F),0.1503 (h·ft²·°F)/BTU,Up to level: L4,0' - 0",,Chase - GWB & Metal Stud 4 1/4",,,3FDTNrVMX5CROAaE1LHtAP,,S03,13' - 4",,5.70 CF,0' - 4 1/4",
0.7,,249 SF,B2010,Exterior Walls,,L4,0' - 0",,,,1,Vertical,,,,,,,,,By Type,,Default,,,Basic Wall,Basic Wall: Chase - GWB & Metal Stud 6 5/8",,1 HR,Soffit,6.3327 BTU/(h·ft²·°F),,1lxqaTga9DvxFctJPFetOR,,,,27' - 1 15/16",,,,New Construction,None,,,,,3,Metal Furring,Non-bearing,28.8093 BTU/(ft²·°F),0.1579 (h·ft²·°F)/BTU,Up to level: L5,0' - 0",,Chase - GWB & Metal Stud 6 5/8",,,1YueUxVJH8SwhLiH$TP6Xo,,S04,13' - 4",,131.51 CF,0' - 6 5/8",
0.7,,27 SF,B2010,Exterior Walls,,L4,0' - 0",,,,1,Vertical,,,,,,,,,By Type,,Default,,,Basic Wall,Basic Wall: Chase - GWB & Metal Stud 4 1/4",,,Soffit,6.6534 BTU/(h·ft²·°F),,1lxqaTga9DvxFctJPFetO0,,,,1' - 2 13/16",,,,New Construction,None,,,,,3,Metal Furring,Non-bearing,17.6896 BTU/(ft²·°F),0.1503 (h·ft²·°F)/BTU,Up to level: L5,0' - 0",,Chase - GWB & Metal Stud 4 1/4",,,3FDTNrVMX5CROAaE1LHtAP,,S03,13' - 4",,9.54 CF,0' - 4 1/4",
0.7,,16 SF,B2010,Exterior Walls,,L4,0' - 0",,,,1,Vertical,,,,,,,,,By Type,,Default,,,Basic Wall,Basic Wall: Chase - GWB & Metal Stud 4 1/4",,,Soffit,6.6534 BTU/(h·ft²·°F),,1lxqaTga9DvxFctJPFetO1,,,,1' - 7 29/32",,,,New Construction,None,,,,,3,Metal Furring,Non-bearing,17.6896 BTU/(ft²·°F),0.1503 (h·ft²·°F)/BTU,Up to level: L5,0' - 0",,Chase - GWB & Metal Stud 4 1/4",,,3FDTNrVMX5CROAaE1LHtAP,,S03,13' - 4",,5.70 CF,0' - 4 1/4",
0.7,,49 SF,C1010145,Partitions - Drywall w/ Metal Stud,,L2,-2' - 3 1/2",,,,1,Vertical,,,,,,,,,By Type,,Default,,,Basic Wall,Basic Wall: Soffit - Beam Wrap (Both Sides),,2 HR,Interior,0.0214 BTU/(h·ft²·°F),,30dzunCuvCRADZXw6x9oo$,,,,27' - 2 9/32",,,,New Construction,None,,,,,3,Metal Stud Layer,Non-bearing,2.8823 BTU/(ft²·°F),46.7076 (h·ft²·°F)/BTU,Up to level: L2,-0' - 6",,Soffit - Beam Wrap (Both Sides),,,0a6T$5n7X4fAlDdhFoNEVx,,,1' - 9 1/2",,42.63 CF,0' - 10 1/2",
0.7,,49 SF,C1010145,Partitions - Drywall w/ Metal Stud,,L3,-2' - 3 1/2",,,,1,Vertical,,,,,,,,,By Type,,Default,,,Basic Wall,Basic Wall: Soffit - Beam Wrap (Both Sides),,2 HR,Interior,0.0214 BTU/(h·ft²·°F),,30dzunCuvCRADZXw6x9ooy,,,,27' - 1 7/8",,,,New Construction,None,,,,,3,Metal Stud Layer,Non-bearing,2.8823 BTU/(ft²·°F),46.7076 (h·ft²·°F)/BTU,Up to level: L3,-0' - 6",,Soffit - Beam Wrap (Both Sides),,,0a6T$5n7X4fAlDdhFoNEVx,,,1' - 9 1/2",,42.57 CF,0' - 10 1/2",
0.7,,49 SF,C1010145,Partitions - Drywall w/ Metal Stud,,L4,-2' - 3 1/2",,,,1,Vertical,,,,,,,,,By Type,,Default,,,Basic Wall,Basic Wall: Soffit - Beam Wrap (Both Sides),,2 HR,Interior,0.0214 BTU/(h·ft²·°F),,30dzunCuvCRADZXw6x9ooz,,,,27' - 1 7/8",,,,New Construction,None,,,,,3,Metal Stud Layer,Non-bearing,2.8823 BTU/(ft²·°F),46.7076 (h·ft²·°F)/BTU,Up to level: L4,-0' - 6",,Soffit - Beam Wrap (Both Sides),,,0a6T$5n7X4fAlDdhFoNEVx,,,1' - 9 1/2",,42.57 CF,0' - 10 1/2",
0.7,,49 SF,C1010145,Partitions - Drywall w/ Metal Stud,,L5,-2' - 3 1/2",,,,1,Vertical,,,,,,,,,By Type,,Default,,,Basic Wall,Basic Wall: Soffit - Beam Wrap (Both Sides),,2 HR,Interior,0.0214 BTU/(h·ft²·°F),,30dzunCuvCRADZXw6x9oow,,,,27' - 1 7/8",,,,New Construction,None,,,,,3,Metal Stud Layer,Non-bearing,2.8823 BTU/(ft²·°F),46.7076 (h·ft²·°F)/BTU,Up to level: L5,-0' - 6",,Soffit - Beam Wrap (Both Sides),,,0a6T$5n7X4fAlDdhFoNEVx,,,1' - 9 1/2",,42.57 CF,0' - 10 1/2",
0.7,,107 SF,B2010156,Ext. Wall - Brick Composite,,L1 - Block 35,0' - 0",,,,1,Vertical,,,,,,,,,By Type,,Default,,,Basic Wall,Basic Wall: Retaining - Split Face CMU,,,Exterior,1.1821 BTU/(h·ft²·°F),,30dzunCuvCRADZXw6x9o8U,,,,42' - 8 9/16",,,,New Construction,None,,,,,3,CMU, Split Face,Non-bearing,14.3254 BTU/(ft²·°F),0.8460 (h·ft²·°F)/BTU,Unconnected,0' - 0",,Retaining - Split Face CMU,,,30dzunCuvCRADZXw6x9oB0,,,2' - 6",,67.83 CF,0' - 7 5/8",
0.7,,16 SF,B2010156,Ext. Wall - Brick Composite,,L1 - Block 35,0' - 0",,,,1,Vertical,,,,,,,,,By Type,,Default,,,Basic Wall,Basic Wall: Retaining - Split Face CMU,,,Exterior,1.1821 BTU/(h·ft²·°F),,3fIyBYh7fB78nAzlrPVUnm,,,,6' - 6 3/8",,,,New Construction,None,,,,,3,CMU, Split Face,Non-bearing,14.3254 BTU/(ft²·°F),0.8460 (h·ft²·°F)/BTU,Unconnected,0' - 0",,Retaining - Split Face CMU,,,30dzunCuvCRADZXw6x9oB0,,,2' - 6",,10.38 CF,0' - 7 5/8",
0.7,,106 SF,B2010156,Ext. Wall - Brick Composite,,L1 - Block 35,0' - 0",,,,1,Vertical,,,,,,,,,By Type,,Default,,,Basic Wall,Basic Wall: Retaining - Split Face CMU,,,Exterior,1.1821 BTU/(h·ft²·°F),,3fIyBYh7fB78nAzlrPVUtL,,,,42' - 9 11/16",,,,New Construction,None,,,,,3,CMU, Split Face,Non-bearing,14.3254 BTU/(ft²·°F),0.8460 (h·ft²·°F)/BTU,Unconnected,0' - 0",,Retaining - Split Face CMU,,,30dzunCuvCRADZXw6x9oB0,,,2' - 6",,67.50 CF,0' - 7 5/8",
0.7,,21 SF,B2010156,Ext. Wall - Brick Composite,,L1 - Block 35,0' - 0",,,,1,Vertical,,,,,,,,,By Type,,Default,,,Basic Wall,Basic Wall: Retaining - Split Face CMU,,,Exterior,1.1821 BTU/(h·ft²·°F),,3fIyBYh7fB78nAzlrPVUqd,,,,20' - 8 3/8",,,,New Construction,None,,,,,3,CMU, Split Face,Non-bearing,14.3254 BTU/(ft²·°F),0.8460 (h·ft²·°F)/BTU,Unconnected,0' - 0",,Retaining - Split Face CMU,,,30dzunCuvCRADZXw6x9oB0,,,1' - 0",,13.56 CF,0' - 7 5/8",
0.7,,12 SF,B2010156,Ext. Wall - Brick Composite,,L1 - Block 35,0' - 0",,,,1,Vertical,,,,,,,,,By Type,,Default,,,Basic Wall,Basic Wall: Retaining - Split Face CMU,,,Exterior,1.1821 BTU/(h·ft²·°F),,3fIyBYh7fB78nAzlrPVUqb,,,,11' - 10 9/16",,,,New Construction,None,,,,,3,CMU, Split Face,Non-bearing,14.3254 BTU/(ft²·°F),0.8460 (h·ft²·°F)/BTU,Unconnected,0' - 0",,Retaining - Split Face CMU,,,30dzunCuvCRADZXw6x9oB0,,,1' - 0",,7.35 CF,0' - 7 5/8",
0.7,,16 SF,B2010156,Ext. Wall - Brick Composite,,L1 - Block 35,0' - 0",,,,1,Vertical,,,,,,,,,By Type,,Default,,,Basic Wall,Basic Wall: Retaining - Split Face CMU,,,Exterior,1.1821 BTU/(h·ft²·°F),,3fIyBYh7fB78nAzlrPVPJ6,,,,6' - 6 3/8",,,,New Construction,None,,,,,3,CMU, Split Face,Non-bearing,14.3254 BTU/(ft²·°F),0.8460 (h·ft²·°F)/BTU,Unconnected,0' - 0",,Retaining - Split Face CMU,,,30dzunCuvCRADZXw6x9oB0,,,2' - 6",,10.38 CF,0' - 7 5/8",
0.7,,49 SF,C1010145,Partitions - Drywall w/ Metal Stud,,L5,0' - 0",,,,1,Vertical,,,,,,,,,By Type,,Default,,,Basic Wall,Basic Wall: Interior - 6 1/8" Partition (2-hr),,2 HR,Interior,0.0466 BTU/(h·ft²·°F),,1rXx31svD41xvmlkISjQbT,,,,5' - 11 3/8",,,,New Construction,None,,,,,3,Metal Stud Layer,Non-bearing,2.8757 BTU/(ft²·°F),21.4678 (h·ft²·°F)/BTU,Up to level: R2,0' - 0",,Interior - 6 1/8" Partition (2-hr),,,1xZrMVYp52mhf4uMzw11Hp,,P06,13' - 4",,25.14 CF,0' - 6 1/8",
0.7,,33 SF,C1010145,Partitions - Drywall w/ Metal Stud,,L5,0' - 0",,,,1,Vertical,,,,,,,,,By Type,,Default,,,Basic Wall,Basic Wall: Interior - 4 7/8" Partition (NR),,NR,Interior,0.0472 BTU/(h·ft²·°F),,1rXx31svD41xvmlkISjQWG,,,,2' - 5 15/16",,,,New Construction,None,,,,,3,Metal Stud Layer,Non-bearing,1.4406 BTU/(ft²·°F),21.1904 (h·ft²·°F)/BTU,Up to level: R2,0' - 0",,Interior - 4 7/8" Partition (NR),,,26$5pwZTH4A8RTAK02gn25,,P02,13' - 4",,13.39 CF,0' - 4 7/8",
0.7,,48 SF,C1010145,Partitions - Drywall w/ Metal Stud,,L3,-2' - 3 1/2",,,,1,Vertical,,,,,,,,,By Type,,Default,,,Basic Wall,Basic Wall: Soffit - Beam Wrap 9 1/4" (One Side),,2 HR,Interior,0.0215 BTU/(h·ft²·°F),,2MV_64_l5AQPPt1cNhnF2r,,,,27' - 1 7/8",,,,New Construction,None,,,,,3,Metal Stud Layer,Non-bearing,1.4471 BTU/(ft²·°F),46.4303 (h·ft²·°F)/BTU,Up to level: L3,-0' - 6",,Soffit - Beam Wrap 9 1/4" (One Side),,,0a6T$5n7X4fAlDdhFoNETY,,,1' - 9 1/2",,37.26 CF,0' - 9 1/4",
0.7,,11 SF,C1010145,Partitions - Drywall w/ Metal Stud,,L2,-2' - 3 1/2",,,,1,Vertical,,,,,,,,,By Type,,Default,,,Basic Wall,Basic Wall: Soffit - Beam Wrap 9 1/4" (One Side),,2 HR,Interior,0.0215 BTU/(h·ft²·°F),,2MV_64_l5AQPPt1cNhnF2A,,,,27' - 2 9/32",,,,New Construction,None,,,,,3,Metal Stud Layer,Non-bearing,1.4471 BTU/(ft²·°F),46.4303 (h·ft²·°F)/BTU,Up to level: L2,-0' - 6",,Soffit - Beam Wrap 9 1/4" (One Side),,,0a6T$5n7X4fAlDdhFoNETY,,,1' - 9 1/2",,8.85 CF,0' - 9 1/4",
0.7,,48 SF,C1010145,Partitions - Drywall w/ Metal Stud,,L4,-2' - 3 1/2",,,,1,Vertical,,,,,,,,,By Type,,Default,,,Basic Wall,Basic Wall: Soffit - Beam Wrap 9 1/4" (One Side),,2 HR,Interior,0.0215 BTU/(h·ft²·°F),,2MV_64_l5AQPPt1cNhnF3g,,,,27' - 1 7/8",,,,New Construction,None,,,,,3,Metal Stud Layer,Non-bearing,1.4471 BTU/(ft²·°F),46.4303 (h·ft²·°F)/BTU,Up to level: L4,-0' - 6",,Soffit - Beam Wrap 9 1/4" (One Side),,,0a6T$5n7X4fAlDdhFoNETY,,,1' - 9 1/2",,25.07 CF,0' - 9 1/4",
0.7,,48 SF,C1010145,Partitions - Drywall w/ Metal Stud,,L5,-2' - 3 1/2",,,,1,Vertical,,,,,,,,,By Type,,Default,,,Basic Wall,Basic Wall: Soffit - Beam Wrap 9 1/4" (One Side),,2 HR,Interior,0.0215 BTU/(h·ft²·°F),,2MV_64_l5AQPPt1cNhnF3j,,,,27' - 1 7/8",,,,New Construction,None,,,,,3,Metal Stud Layer,Non-bearing,1.4471 BTU/(ft²·°F),46.4303 (h·ft²·°F)/BTU,Up to level: L5,-0' - 6",,Soffit - Beam Wrap 9 1/4" (One Side),,,0a6T$5n7X4fAlDdhFoNETY,,,1' - 9 1/2",,25.07 CF,0' - 9 1/4",
0.7,,563 SF,B2010158,Ext. Wall - Brick Veneer w/ Stud,,L1 - Block 35,0' - 0",,,,1,Vertical,,,,,,,,,By Type,,Default,,,Basic Wall,Basic Wall: Exterior - 5 3/8" Rainscreen w Insultation (for Concrete Core Walls),,,Exterior,0.0899 BTU/(h·ft²·°F),,2cPAAN9ynEiAVL2RHeqi4r,,,,12' - 1 3/16",,,,New Construction,None,,,,,3,,Non-bearing,13.4664 BTU/(ft²·°F),11.1177 (h·ft²·°F)/BTU,Up to level: Parapet 2,0' - 0",,Exterior - 5 3/8" Rainscreen w Insultation (for Concrete Core Walls),,,2cPAAN9ynEiAVL2RHeqi5J,,X01,76' - 9",,252.07 CF,0' - 5 3/8",
0.7,,77 SF,B2010158,Ext. Wall - Brick Veneer w/ Stud,,L1 - Block 35,0' - 0",,,,1,Vertical,,,,,,,,,By Type,,Default,,,Basic Wall,Basic Wall: Exterior - 5 3/8" Rainscreen w Insultation (for Concrete Core Walls),,,Exterior,0.0899 BTU/(h·ft²·°F),,2cPAAN9ynEiAVL2RHeqiBz,,,,1' - 9",,,,New Construction,None,,,,,3,,Non-bearing,13.4664 BTU/(ft²·°F),11.1177 (h·ft²·°F)/BTU,Up to level: Parapet 2,0' - 0",,Exterior - 5 3/8" Rainscreen w Insultation (for Concrete Core Walls),,,2cPAAN9ynEiAVL2RHeqi5J,,X01,76' - 9",,34.38 CF,0' - 5 3/8",
0.7,,35 SF,B2010158,Ext. Wall - Brick Veneer w/ Stud,,L1 - Block 37,0' - 0",,,,1,Vertical,,,,,,,,,By Type,,Default,,,Basic Wall,Basic Wall: Exterior - 5 3/8" Rainscreen w Insultation (for Concrete Core Walls),,,Exterior,0.0899 BTU/(h·ft²·°F),,0gAb5d1A120htF0tVYuwVG,,,,6' - 6 5/16",,,,New Construction,None,,,,,3,,Non-bearing,13.4664 BTU/(ft²·°F),11.1177 (h·ft²·°F)/BTU,Up to level: L2,-5' - 8",,Exterior - 5 3/8" Rainscreen w Insultation (for Concrete Core Walls),,,2cPAAN9ynEiAVL2RHeqi5J,,X01,5' - 10 1/2",,15.79 CF,0' - 5 3/8",
0.7,,54 SF,B2010158,Ext. Wall - Brick Veneer w/ Stud,,L1 - Block 37,0' - 0",,,,1,Vertical,,,,,,,,,By Type,,Default,,,Basic Wall,Basic Wall: Exterior - 5 3/8" Rainscreen w Insultation (for Concrete Core Walls),,,Exterior,0.0899 BTU/(h·ft²·°F),,0gAb5d1A120htF0tVYuwUZ,,,,6' - 5 3/8",,,,New Construction,None,,,,,3,,Non-bearing,13.4664 BTU/(ft²·°F),11.1177 (h·ft²·°F)/BTU,Up to level: L2,-2' - 6",,Exterior - 5 3/8" Rainscreen w Insultation (for Concrete Core Walls),,,2cPAAN9ynEiAVL2RHeqi5J,,X01,9' - 0 1/2",,23.98 CF,0' - 5 3/8",
0.7,,454 SF,B2010158,Ext. Wall - Brick Veneer w/ Stud,,L1 - Block 37,0' - 0",,,,1,Vertical,,,,,,,,,By Type,,Default,,,Basic Wall,Basic Wall: Exterior - 5 3/8" Rainscreen w Insultation (for Concrete Core Walls),,,Exterior,0.0899 BTU/(h·ft²·°F),,0gAb5d1A120htF0tVYuwUO,,,,10' - 9 7/8",,,,New Construction,None,,,,,3,,Non-bearing,13.4664 BTU/(ft²·°F),11.1177 (h·ft²·°F)/BTU,Up to level: Parapet 2,0' - 0",,Exterior - 5 3/8" Rainscreen w Insultation (for Concrete Core Walls),,,2cPAAN9ynEiAVL2RHeqi5J,,X01,74' - 3 1/2",,203.49 CF,0' - 5 3/8",
0.7,,62 SF,B2010158,Ext. Wall - Brick Veneer w/ Stud,,L1 - Block 37,0' - 0",,,,1,Vertical,,,,,,,,,By Type,,Default,,,Basic Wall,Basic Wall: Exterior - 5 3/8" Rainscreen w Insultation (for Concrete Core Walls),,,Exterior,0.0899 BTU/(h·ft²·°F),,0gAb5d1A120htF0tVYuw2t,,,,1' - 9",,,,New Construction,None,,,,,3,,Non-bearing,13.4664 BTU/(ft²·°F),11.1177 (h·ft²·°F)/BTU,Up to level: R2,0' - 0",,Exterior - 5 3/8" Rainscreen w Insultation (for Concrete Core Walls),,,2cPAAN9ynEiAVL2RHeqi5J,,X01,62' - 3 1/2",,27.90 CF,0' - 5 3/8",
0.7,,62 SF,B2010158,Ext. Wall - Brick Veneer w/ Stud,,L1 - Block 37,0' - 0",,,,1,Vertical,,,,,,,,,By Type,,Default,,,Basic Wall,Basic Wall: Exterior - 5 3/8" Rainscreen w Insultation (for Concrete Core Walls),,,Exterior,0.0899 BTU/(h·ft²·°F),,0gAb5d1A120htF0tVYuw2s,,,,1' - 9",,,,New Construction,None,,,,,3,,Non-bearing,13.4664 BTU/(ft²·°F),11.1177 (h·ft²·°F)/BTU,Up to level: R2,0' - 0",,Exterior - 5 3/8" Rainscreen w Insultation (for Concrete Core Walls),,,2cPAAN9ynEiAVL2RHeqi5J,,X01,62' - 3 1/2",,27.90 CF,0' - 5 3/8",
0.7,,91 SF,B2010158,Ext. Wall - Brick Veneer w/ Stud,,R2,0' - 0",,,,1,Vertical,,,,,,,,,By Type,,Default,,,Basic Wall,Basic Wall: Exterior - 5 3/8" Rainscreen w Insultation (for Concrete Core Walls),,,Exterior,0.0899 BTU/(h·ft²·°F),,0gAb5d1A120htF0tVYuwDV,,,,8' - 2 11/16",,,,New Construction,None,,,,,3,,Non-bearing,13.4664 BTU/(ft²·°F),11.1177 (h·ft²·°F)/BTU,Up to level: Parapet 2,0' - 0",,Exterior - 5 3/8" Rainscreen w Insultation (for Concrete Core Walls),,,2cPAAN9ynEiAVL2RHeqi5J,,X01,12' - 0",,38.51 CF,0' - 5 3/8",
0.7,,306 SF,B2010158,Ext. Wall - Brick Veneer w/ Stud,,R2,0' - 0",,,,1,Vertical,,,,,,,,,By Type,,Default,,,Basic Wall,Basic Wall: Exterior - 5 3/8" Rainscreen w Insultation (for Concrete Core Walls),,,Exterior,0.0899 BTU/(h·ft²·°F),,2jtQFeVJ1Bz8UWF8lVSB4Z,,,,25' - 5 7/8",,,,New Construction,None,,,,,3,,Non-bearing,13.4664 BTU/(ft²·°F),11.1177 (h·ft²·°F)/BTU,Up to level: Parapet 2,0' - 0",,Exterior - 5 3/8" Rainscreen w Insultation (for Concrete Core Walls),,,2cPAAN9ynEiAVL2RHeqi5J,,X01,12' - 0",,134.68 CF,0' - 5 3/8",
0.7,,100 SF,B2010158,Ext. Wall - Brick Veneer w/ Stud,,R2,0' - 0",,,,1,Vertical,,,,,,,,,By Type,,Default,,,Basic Wall,Basic Wall: Exterior - 5 3/8" Rainscreen w Insultation (for Concrete Core Walls),,,Exterior,0.0899 BTU/(h·ft²·°F),,2jtQFeVJ1Bz8UWF8lVSB1R,,,,10' - 8 3/4",,,,New Construction,None,,,,,3,,Non-bearing,13.4664 BTU/(ft²·°F),11.1177 (h·ft²·°F)/BTU,Up to level: Parapet 2,0' - 0",,Exterior - 5 3/8" Rainscreen w Insultation (for Concrete Core Walls),,,2cPAAN9ynEiAVL2RHeqi5J,,X01,12' - 0",,42.52 CF,0' - 5 3/8",
0.7,,138 SF,B2010158,Ext. Wall - Brick Veneer w/ Stud,,R2,0' - 10",,,,1,Vertical,,,,,,,,,By Type,,Default,,,Basic Wall,Basic Wall: Exterior - 5 3/8" Rainscreen w Insultation (for Concrete Core Walls),,,Exterior,0.0899 BTU/(h·ft²·°F),,0UGxX1kPL6sx7IPcItoIdy,,,,12' - 1 3/16",,,,New Construction,None,,,,,3,,Non-bearing,13.4664 BTU/(ft²·°F),11.1177 (h·ft²·°F)/BTU,Up to level: Parapet 2,0' - 0",,Exterior - 5 3/8" Rainscreen w Insultation (for Concrete Core Walls),,,2cPAAN9ynEiAVL2RHeqi5J,,X01,11' - 2",,59.83 CF,0' - 5 3/8",
0.7,,54 SF,B2010158,Ext. Wall - Brick Veneer w/ Stud,,R2,0' - 0",,,,1,Vertical,,,,,,,,,By Type,,Default,,,Basic Wall,Basic Wall: Exterior - 5 3/8" Rainscreen w Insultation (for Concrete Core Walls),,,Exterior,0.0899 BTU/(h·ft²·°F),,0UGxX1kPL6sx7IPcItoId9,,,,6' - 6",,,,New Construction,None,,,,,3,,Non-bearing,13.4664 BTU/(ft²·°F),11.1177 (h·ft²·°F)/BTU,Up to level: Parapet 2,0' - 0",,Exterior - 5 3/8" Rainscreen w Insultation (for Concrete Core Walls),,,2cPAAN9ynEiAVL2RHeqi5J,,X01,12' - 0",,23.99 CF,0' - 5 3/8",
0.7,,81 SF,B2010158,Ext. Wall - Brick Veneer w/ Stud,,R2,0' - 0",,,,1,Vertical,,,,,,,,,By Type,,Default,,,Basic Wall,Basic Wall: Exterior - 5 3/8" Rainscreen w Insultation (for Concrete Core Walls),,,Exterior,0.0899 BTU/(h·ft²·°F),,0UGxX1kPL6sx7IPcItoIcC,,,,9' - 2",,,,New Construction,None,,,,,3,,Non-bearing,13.4664 BTU/(ft²·°F),11.1177 (h·ft²·°F)/BTU,Up to level: Parapet 2,0' - 0",,Exterior - 5 3/8" Rainscreen w Insultation (for Concrete Core Walls),,,2cPAAN9ynEiAVL2RHeqi5J,,X01,12' - 0",,34.48 CF,0' - 5 3/8",
0.7,,114 SF,B2010158,Ext. Wall - Brick Veneer w/ Stud,,R2,0' - 0",,,,1,Vertical,,,,,,,,,By Type,,Default,,,Basic Wall,Basic Wall: Exterior - 5 3/8" Rainscreen w Insultation (for Concrete Core Walls),,,Exterior,0.0899 BTU/(h·ft²·°F),,0UGxX1kPL6sx7IPcItoIXe,,,,9' - 8 13/16",,,,New Construction,None,,,,,3,,Non-bearing,13.4664 BTU/(ft²·°F),11.1177 (h·ft²·°F)/BTU,Up to level: Parapet 2,0' - 0",,Exterior - 5 3/8" Rainscreen w Insultation (for Concrete Core Walls),,,2cPAAN9ynEiAVL2RHeqi5J,,X01,12' - 0",,51.23 CF,0' - 5 3/8",
0.7,,110 SF,B2010158,Ext. Wall - Brick Veneer w/ Stud,,R2,0' - 0",,,,1,Vertical,,,,,,,,,By Type,,Default,,,Basic Wall,Basic Wall: Exterior - 5 3/8" Rainscreen w Insultation (for Concrete Core Walls),,,Exterior,0.0899 BTU/(h·ft²·°F),,0UGxX1kPL6sx7IPcItoIWc,,,,9' - 2",,,,New Construction,None,,,,,3,,Non-bearing,13.4664 BTU/(ft²·°F),11.1177 (h·ft²·°F)/BTU,Up to level: Parapet 2,0' - 0",,Exterior - 5 3/8" Rainscreen w Insultation (for Concrete Core Walls),,,2cPAAN9ynEiAVL2RHeqi5J,,X01,12' - 0",,47.37 CF,0' - 5 3/8",
0.7,,96 SF,B2010158,Ext. Wall - Brick Veneer w/ Stud,,R2,0' - 0",,,,1,Vertical,,,,,,,,,By Type,,Default,,,Basic Wall,Basic Wall: Exterior - 5 3/8" Rainscreen w Insultation (for Concrete Core Walls),,,Exterior,0.0899 BTU/(h·ft²·°F),,0UGxX1kPL6sx7IPcItoIWP,,,,8' - 2 13/16",,,,New Construction,None,,,,,3,,Non-bearing,13.4664 BTU/(ft²·°F),11.1177 (h·ft²·°F)/BTU,Up to level: Parapet 2,0' - 0",,Exterior - 5 3/8" Rainscreen w Insultation (for Concrete Core Walls),,,2cPAAN9ynEiAVL2RHeqi5J,,X01,12' - 0",,42.93 CF,0' - 5 3/8",
0.7,,110 SF,B2010158,Ext. Wall - Brick Veneer w/ Stud,,R2,0' - 0",,,,1,Vertical,,,,,,,,,By Type,,Default,,,Basic Wall,Basic Wall: Exterior - 5 3/8" Rainscreen w Insultation (for Concrete Core Walls),,,Exterior,0.0899 BTU/(h·ft²·°F),,2j9OZGnbLExvPQRPWwI0XA,,,,9' - 7",,,,New Construction,None,,,,,3,,Non-bearing,13.4664 BTU/(ft²·°F),11.1177 (h·ft²·°F)/BTU,Up to level: Parapet 2,0' - 0",,Exterior - 5 3/8" Rainscreen w Insultation (for Concrete Core Walls),,,2cPAAN9ynEiAVL2RHeqi5J,,X01,12' - 0",,46.54 CF,0' - 5 3/8",
0.7,,73 SF,B2010158,Ext. Wall - Brick Veneer w/ Stud,,R2,0' - 0",,,,1,Vertical,,,,,,,,,By Type,,Default,,,Basic Wall,Basic Wall: Exterior - 5 3/8" Rainscreen w Insultation (for Concrete Core Walls),,,Exterior,0.0899 BTU/(h·ft²·°F),,2j9OZGnbLExvPQRPWwI0WK,,,,9' - 9 15/16",,,,New Construction,None,,,,,3,,Non-bearing,13.4664 BTU/(ft²·°F),11.1177 (h·ft²·°F)/BTU,Up to level: Parapet 2,0' - 0",,Exterior - 5 3/8" Rainscreen w Insultation (for Concrete Core Walls),,,2cPAAN9ynEiAVL2RHeqi5J,,X01,12' - 0",,30.66 CF,0' - 5 3/8",
0.7,,111 SF,B2010158,Ext. Wall - Brick Veneer w/ Stud,,R2,0' - 0",,,,1,Vertical,,,,,,,,,By Type,,Default,,,Basic Wall,Basic Wall: Exterior - 5 3/8" Rainscreen w Insultation (for Concrete Core Walls),,,Exterior,0.0899 BTU/(h·ft²·°F),,2j9OZGnbLExvPQRPWwI1R2,,,,10' - 9 7/8",,,,New Construction,None,,,,,3,,Non-bearing,13.4664 BTU/(ft²·°F),11.1177 (h·ft²·°F)/BTU,Up to level: Parapet 2,0' - 0",,Exterior - 5 3/8" Rainscreen w Insultation (for Concrete Core Walls),,,2cPAAN9ynEiAVL2RHeqi5J,,X01,12' - 0",,46.28 CF,0' - 5 3/8",
0.7,,76 SF,B2010158,Ext. Wall - Brick Veneer w/ Stud,,R2,0' - 0",,,,1,Vertical,,,,,,,,,By Type,,Default,,,Basic Wall,Basic Wall: Exterior - 5 3/8" Rainscreen w Insultation (for Concrete Core Walls),,,Exterior,0.0899 BTU/(h·ft²·°F),,2j9OZGnbLExvPQRPWwI1Qx,,,,6' - 7 3/16",,,,New Construction,None,,,,,3,,Non-bearing,13.4664 BTU/(ft²·°F),11.1177 (h·ft²·°F)/BTU,Up to level: Parapet 2,0' - 0",,Exterior - 5 3/8" Rainscreen w Insultation (for Concrete Core Walls),,,2cPAAN9ynEiAVL2RHeqi5J,,X01,12' - 0",,32.83 CF,0' - 5 3/8",
0.7,,68 SF,B2010158,Ext. Wall - Brick Veneer w/ Stud,,R2,0' - 0",,,,1,Vertical,,,,,,,,,By Type,,Default,,,Basic Wall,Basic Wall: Exterior - 5 3/8" Rainscreen w Insultation (for Concrete Core Walls),,,Exterior,0.0899 BTU/(h·ft²·°F),,2j9OZGnbLExvPQRPWwI1TY,,,,5' - 10 3/16",,,,New Construction,None,,,,,3,,Non-bearing,13.4664 BTU/(ft²·°F),11.1177 (h·ft²·°F)/BTU,Up to level: Parapet 2,0' - 0",,Exterior - 5 3/8" Rainscreen w Insultation (for Concrete Core Walls),,,2cPAAN9ynEiAVL2RHeqi5J,,X01,12' - 0",,28.92 CF,0' - 5 3/8",
0.7,,464 SF,B2010158,Ext. Wall - Brick Veneer w/ Stud,,L5,0' - 0",,,,1,Vertical,,,,,,,,,By Type,,Default,,,Basic Wall,Basic Wall: Exterior - 5 3/8" Rainscreen w Insultation (for Concrete Core Walls),,,Exterior,0.0899 BTU/(h·ft²·°F),,2j9OZGnbLExvPQRPWwI1S1,,,,18' - 1 3/16",,,,New Construction,None,,,,,3,,Non-bearing,13.4664 BTU/(ft²·°F),11.1177 (h·ft²·°F)/BTU,Up to level: Parapet 2,0' - 0",,Exterior - 5 3/8" Rainscreen w Insultation (for Concrete Core Walls),,,2cPAAN9ynEiAVL2RHeqi5J,,X01,25' - 4",,201.15 CF,0' - 5 3/8",
0.7,,166 SF,B2010158,Ext. Wall - Brick Veneer w/ Stud,,L5,0' - 0",,,,1,Vertical,,,,,,,,,By Type,,Default,,,Basic Wall,Basic Wall: Exterior - 5 3/8" Rainscreen w Insultation (for Concrete Core Walls),,,Exterior,0.0899 BTU/(h·ft²·°F),,2j9OZGnbLExvPQRPWwI1Vg,,,,10' - 9 7/8",,,,New Construction,None,,,,,3,,Non-bearing,13.4664 BTU/(ft²·°F),11.1177 (h·ft²·°F)/BTU,Up to level: Parapet 2,0' - 0",,Exterior - 5 3/8" Rainscreen w Insultation (for Concrete Core Walls),,,2cPAAN9ynEiAVL2RHeqi5J,,X01,25' - 4",,71.12 CF,0' - 5 3/8",
0.7,,454 SF,B2010158,Ext. Wall - Brick Veneer w/ Stud,,L5,0' - 0",,,,1,Vertical,,,,,,,,,By Type,,Default,,,Basic Wall,Basic Wall: Exterior - 5 3/8" Rainscreen w Insultation (for Concrete Core Walls),,,Exterior,0.0899 BTU/(h·ft²·°F),,2j9OZGnbLExvPQRPWwI1Vx,,,,17' - 7 1/2",,,,New Construction,None,,,,,3,,Non-bearing,13.4664 BTU/(ft²·°F),11.1177 (h·ft²·°F)/BTU,Up to level: Parapet 2,0' - 0",,Exterior - 5 3/8" Rainscreen w Insultation (for Concrete Core Walls),,,2cPAAN9ynEiAVL2RHeqi5J,,X01,25' - 4",,199.11 CF,0' - 5 3/8",
0.7,-22.00°,22 SF,B2010,Exterior Walls,,L1 - Block 35,0' - 0",,,,1,Slanted,,,,,,,,,By Type,,Default,,,Basic Wall,Basic Wall: Chase - GWB & Metal Stud 4 1/4",,,Soffit,6.6534 BTU/(h·ft²·°F),,3E63cYrrX1YAg57cYantsF,,,,9' - 0 5/8",,,,New Construction,None,,,,,3,Metal Furring,Non-bearing,17.6896 BTU/(ft²·°F),0.1503 (h·ft²·°F)/BTU,Up to level: L1 - Block 37,0' - 0",,Chase - GWB & Metal Stud 4 1/4",,,3FDTNrVMX5CROAaE1LHtAP,,S03,2' - 5 1/2",,6.41 CF,0' - 4 1/4",
0.7,,2 SF,B2010,Exterior Walls,,L1 - Block 37,0' - 0",,,,1,Vertical,,,,,,,,,By Type,,Default,,,Basic Wall,Basic Wall: Chase - GWB & Metal Stud 3 1/8",,,Soffit,6.8169 BTU/(h·ft²·°F),,2Qub3vESL3gAodKa8iqiJ9,,,,0' - 6 11/16",,,,New Construction,None,,,,,3,Metal Furring,Non-bearing,12.4224 BTU/(ft²·°F),0.1467 (h·ft²·°F)/BTU,Up to level: L2,0' - 0",,Chase - GWB & Metal Stud 3 1/8",,,09eUxCNaz3lOO$6VIXc4cu,,S02,11' - 6 1/2",,0.56 CF,0' - 3 1/8",
0.7,,225 SF,B2010,Exterior Walls,,L2,2' - 5",,,,1,Vertical,,,,,,,,,By Type,,Default,,,Basic Wall,Basic Wall: Chase - GWB & Metal Stud 6 5/8",,1 HR,Soffit,6.3327 BTU/(h·ft²·°F),,2Qub3vESL3gAodKa8iqiEm,,,,14' - 1 1/8",,,,New Construction,None,,,,,3,Metal Furring,Non-bearing,28.8093 BTU/(ft²·°F),0.1579 (h·ft²·°F)/BTU,Up to level: L4,-0' - 6",,Chase - GWB & Metal Stud 6 5/8",,,1YueUxVJH8SwhLiH$TP6Xo,,S04,21' - 2",,124.10 CF,0' - 6 5/8",
0.7,,66 SF,B2010,Exterior Walls,,L2,2' - 5",,,,1,Vertical,,,,,,,,,By Type,,Default,,,Basic Wall,Basic Wall: Chase - GWB & Metal Stud 6 5/8",,1 HR,Soffit,6.3327 BTU/(h·ft²·°F),,1x58SIhe9C$eaC3$K_N4M0,,,,4' - 4 7/16",,,,New Construction,None,,,,,3,Metal Furring,Non-bearing,28.8093 BTU/(ft²·°F),0.1579 (h·ft²·°F)/BTU,Up to level: L4,0' - 0",,Chase - GWB & Metal Stud 6 5/8",,,1YueUxVJH8SwhLiH$TP6Xo,,S04,21' - 8",,36.37 CF,0' - 6 5/8",
0.7,,40 SF,B2010,Exterior Walls,,L1 - Block 37,0' - 0",,,,1,Vertical,,,,,,,,,By Type,,Default,,,Basic Wall,Basic Wall: Exterior - GWB on Metal Stud w Insulated Panel 8 7/8",,,Soffit,0.0274 BTU/(h·ft²·°F),,3RKbg7mVv5KOhSWj4h$M3$,,,,22' - 10",,,,New Construction,None,,,,,3,,Non-bearing,6.7352 BTU/(ft²·°F),36.4829 (h·ft²·°F)/BTU,Up to level: L2,2' - 5",,Exterior - GWB on Metal Stud w Insulated Panel 8 7/8",,,3RKbg7mVv5KOhSWj4h$MHo,,X08,13' - 11 1/2",,28.47 CF,0' - 8 7/8",
,,159 SF,B2020200,Curtain Walls,,L1 - Block 37,1' - 6",,,,1,Vertical,,,,,,,,,By Type,,Default,,,Curtain Wall,Curtain Wall: Block 39 Storefront,,,Exterior,,,3RKbg7mVv5KOhSWj4h$MQ$,,,,22' - 1 1/8",,,,New Construction,None,,,,,,,Non-bearing,,,Up to level: L2,2' - 5",,Block 39 Storefront,,,2Qxytqn2z9huJnhUDeJFJF,,,12' - 5 1/2",,,,
0.7,,11 SF,B2010,Exterior Walls,,L2,0' - 0",,,,1,Vertical,,,,,,,,,By Type,,Default,,,Basic Wall,Basic Wall: Chase - GWB & Metal Stud 3 1/8",,,Soffit,6.8169 BTU/(h·ft²·°F),,02a5zYLwD3j9mC$YV6wo26,,,,0' - 9 1/16",,,,New Construction,None,,,,,3,Metal Furring,Non-bearing,12.4224 BTU/(ft²·°F),0.1467 (h·ft²·°F)/BTU,Up to level: L4,0' - 0",,Chase - GWB & Metal Stud 3 1/8",,,09eUxCNaz3lOO$6VIXc4cu,,S02,24' - 1",,2.89 CF,0' - 3 1/8",
0.7,,29 SF,B2010,Exterior Walls,,L2,2' - 5",,,,1,Vertical,,,,,,,,,By Type,,Default,,,Basic Wall,Basic Wall: Chase - GWB & Metal Stud 3 1/8",,,Soffit,6.8169 BTU/(h·ft²·°F),,02a5zYLwD3j9mC$YV6wovV,,,,1' - 0 13/16",,,,New Construction,None,,,,,3,Metal Furring,Non-bearing,12.4224 BTU/(ft²·°F),0.1467 (h·ft²·°F)/BTU,Up to level: L4,0' - 0",,Chase - GWB & Metal Stud 3 1/8",,,09eUxCNaz3lOO$6VIXc4cu,,S02,21' - 8",,7.58 CF,0' - 3 1/8",
0.7,,64 SF,B2010,Exterior Walls,,L2,2' - 5",,,,1,Vertical,,,,,,,,,By Type,,Default,,,Basic Wall,Basic Wall: Chase - GWB & Metal Stud 6 5/8",,1 HR,Soffit,6.3327 BTU/(h·ft²·°F),,02a5zYLwD3j9mC$YV6woqj,,,,4' - 4 7/16",,,,New Construction,None,,,,,3,Metal Furring,Non-bearing,28.8093 BTU/(ft²·°F),0.1579 (h·ft²·°F)/BTU,Up to level: L4,0' - 0",,Chase - GWB & Metal Stud 6 5/8",,,1YueUxVJH8SwhLiH$TP6Xo,,S04,21' - 8",,35.20 CF,0' - 6 5/8",
0.7,,11 SF,B2010,Exterior Walls,,L2,0' - 0",,,,1,Vertical,,,,,,,,,By Type,,Default,,,Basic Wall,Basic Wall: Chase - GWB & Metal Stud 3 1/8",,,Soffit,6.8169 BTU/(h·ft²·°F),,02a5zYLwD3j9mC$YV6woqp,,,,0' - 9 1/16",,,,New Construction,None,,,,,3,Metal Furring,Non-bearing,12.4224 BTU/(ft²·°F),0.1467 (h·ft²·°F)/BTU,Up to level: L4,0' - 0",,Chase - GWB & Metal Stud 3 1/8",,,09eUxCNaz3lOO$6VIXc4cu,,S02,24' - 1",,2.89 CF,0' - 3 1/8",
0.7,,29 SF,B2010,Exterior Walls,,L2,2' - 5",,,,1,Vertical,,,,,,,,,By Type,,Default,,,Basic Wall,Basic Wall: Chase - GWB & Metal Stud 3 1/8",,,Soffit,6.8169 BTU/(h·ft²·°F),,02a5zYLwD3j9mC$YV6woqo,,,,1' - 0 13/16",,,,New Construction,None,,,,,3,Metal Furring,Non-bearing,12.4224 BTU/(ft²·°F),0.1467 (h·ft²·°F)/BTU,Up to level: L4,0' - 0",,Chase - GWB & Metal Stud 3 1/8",,,09eUxCNaz3lOO$6VIXc4cu,,S02,21' - 8",,7.58 CF,0' - 3 1/8",
0.7,,329 SF,B2010,Exterior Walls,,L4,0' - 0",,,,1,Vertical,,,,,,,,,By Type,,Default,,,Basic Wall,Basic Wall: Chase - GWB & Metal Stud 6 5/8",,1 HR,Soffit,6.3327 BTU/(h·ft²·°F),,0K7w7jYlXCpOJN0oo5MIAN,,,,23' - 4",,,,New Construction,None,,,,,3,Metal Furring,Non-bearing,28.8093 BTU/(ft²·°F),0.1579 (h·ft²·°F)/BTU,Up to level: R1,0' - 0",,Chase - GWB & Metal Stud 6 5/8",,,1YueUxVJH8SwhLiH$TP6Xo,,S04,20' - 6",,178.80 CF,0' - 6 5/8",
0.7,,23 SF,B2010,Exterior Walls,,L4,0' - 0",,,,1,Vertical,,,,,,,,,By Type,,Default,,,Basic Wall,Basic Wall: Chase - GWB & Metal Stud 3 1/8",,,Soffit,6.8169 BTU/(h·ft²·°F),,0K7w7jYlXCpOJN0oo5MI9M,,,,1' - 1 1/2",,,,New Construction,None,,,,,3,Metal Furring,Non-bearing,12.4224 BTU/(ft²·°F),0.1467 (h·ft²·°F)/BTU,Up to level: R1,0' - 0",,Chase - GWB & Metal Stud 3 1/8",,,09eUxCNaz3lOO$6VIXc4cu,,S02,20' - 6",,6.01 CF,0' - 3 1/8",
0.7,,297 SF,B2010,Exterior Walls,,L4,0' - 0",,,,1,Vertical,,,,,,,,,By Type,,Default,,,Basic Wall,Basic Wall: Chase - GWB & Metal Stud 6 5/8",,1 HR,Soffit,6.3327 BTU/(h·ft²·°F),,15dMzGGu96lAjQVcpG2DPm,,,,37' - 8 1/8",,,,New Construction,None,,,,,3,Metal Furring,Non-bearing,28.8093 BTU/(ft²·°F),0.1579 (h·ft²·°F)/BTU,Up to level: L5,0' - 0",,Chase - GWB & Metal Stud 6 5/8",,,1YueUxVJH8SwhLiH$TP6Xo,,S04,13' - 4",,164.17 CF,0' - 6 5/8",
0.7,,18 SF,B2010,Exterior Walls,,L3,0' - 0",,,,1,Vertical,,,,,,,,,By Type,,Default,,,Basic Wall,Basic Wall: Chase - GWB & Metal Stud 3 1/8",,,Soffit,6.8169 BTU/(h·ft²·°F),,15dMzGGu96lAjQVcpG2DZw,,,,1' - 7 9/16",,,,New Construction,None,,,,,3,Metal Furring,Non-bearing,12.4224 BTU/(ft²·°F),0.1467 (h·ft²·°F)/BTU,Up to level: L4,0' - 0",,Chase - GWB & Metal Stud 3 1/8",,,09eUxCNaz3lOO$6VIXc4cu,,S02,13' - 4",,4.70 CF,0' - 3 1/8",
0.7,,13 SF,B2010,Exterior Walls,,L4,0' - 0",,,,1,Vertical,,,,,,,,,By Type,,Default,,,Basic Wall,Basic Wall: Chase - GWB & Metal Stud 3 1/8",,,Soffit,6.8169 BTU/(h·ft²·°F),,15dMzGGu96lAjQVcpG2DaZ,,,,1' - 3 1/16",,,,New Construction,None,,,,,3,Metal Furring,Non-bearing,12.4224 BTU/(ft²·°F),0.1467 (h·ft²·°F)/BTU,Up to level: L5,0' - 0",,Chase - GWB & Metal Stud 3 1/8",,,09eUxCNaz3lOO$6VIXc4cu,,S02,13' - 4",,3.40 CF,0' - 3 1/8",
0.7,,12 SF,B2010,Exterior Walls,,L3,0' - 0",,,,1,Vertical,,,,,,,,,By Type,,Default,,,Basic Wall,Basic Wall: Chase - GWB & Metal Stud 3 1/8",,,Soffit,6.8169 BTU/(h·ft²·°F),,15dMzGGu96lAjQVcpG2Dc$,,,,0' - 5 11/16",,,,New Construction,None,,,,,3,Metal Furring,Non-bearing,12.4224 BTU/(ft²·°F),0.1467 (h·ft²·°F)/BTU,Up to level: L4,-0' - 6",,Chase - GWB & Metal Stud 3 1/8",,,09eUxCNaz3lOO$6VIXc4cu,,S02,12' - 10",,3.15 CF,0' - 3 1/8",
0.7,,230 SF,B2010,Exterior Walls,,L3,0' - 0",,,,1,Vertical,,,,,,,,,By Type,,Default,,,Basic Wall,Basic Wall: Chase - GWB & Metal Stud 6 5/8",,1 HR,Soffit,6.3327 BTU/(h·ft²·°F),,2N7xfFaC50whzFTIT6WTsN,,,,28' - 7 1/8",,,,New Construction,None,,,,,3,Metal Furring,Non-bearing,28.8093 BTU/(ft²·°F),0.1579 (h·ft²·°F)/BTU,Up to level: L4,0' - 0",,Chase - GWB & Metal Stud 6 5/8",,,1YueUxVJH8SwhLiH$TP6Xo,,S04,13' - 4",,125.80 CF,0' - 6 5/8",
0.7,,415 SF,B2010158,Ext. Wall - Brick Veneer w/ Stud,,L2,-2' - 6",,,,1,Vertical,,,,,,,,,By Type,,Default,,,Basic Wall,Basic Wall: Exterior - 12 5/8" Rainscreen w Insultation on Metal Stud,,2 HR,Exterior,0.0217 BTU/(h·ft²·°F),,2Nacuo19H4IAx5s3kv9CFV,,,,10' - 10 13/32",,,,New Construction,None,,,,,3,,Non-bearing,14.9105 BTU/(ft²·°F),46.0097 (h·ft²·°F)/BTU,Up to level: L5,0' - 0",,Exterior - 12 5/8" Rainscreen w Insultation on Metal Stud,,,3GC6dLJPT0_w0HkhCmqXpI,,X04,39' - 11",,434.05 CF,1' - 0 5/8",
0.7,,13 SF,B2010,Exterior Walls,,L4,0' - 0",,,,1,Vertical,,,,,,,,,By Type,,Default,,,Basic Wall,Basic Wall: Chase - GWB & Metal Stud 3 1/8",,,Soffit,6.8169 BTU/(h·ft²·°F),,2Nacuo19H4IAx5s3kv9COx,,,,0' - 10 13/16",,,,New Construction,None,,,,,3,Metal Furring,Non-bearing,12.4224 BTU/(ft²·°F),0.1467 (h·ft²·°F)/BTU,Up to level: L5,-0' - 6",,Chase - GWB & Metal Stud 3 1/8",,,09eUxCNaz3lOO$6VIXc4cu,,S02,12' - 10",,3.45 CF,0' - 3 1/8",
0.7,,6 SF,B2010,Exterior Walls,,L4,0' - 0",,,,1,Vertical,,,,,,,,,By Type,,Default,,,Basic Wall,Basic Wall: Chase - GWB & Metal Stud 3 1/8",,,Soffit,6.8169 BTU/(h·ft²·°F),,2Nacuo19H4IAx5s3kv9COY,,,,0' - 6 3/4",,,,New Construction,None,,,,,3,Metal Furring,Non-bearing,12.4224 BTU/(ft²·°F),0.1467 (h·ft²·°F)/BTU,Up to level: L5,-0' - 6",,Chase - GWB & Metal Stud 3 1/8",,,09eUxCNaz3lOO$6VIXc4cu,,S02,12' - 10",,1.45 CF,0' - 3 1/8",
0.7,,222 SF,B2010,Exterior Walls,,L4,0' - 0",,,,1,Vertical,,,,,,,,,By Type,,Default,,,Basic Wall,Basic Wall: Chase - GWB & Metal Stud 6 5/8",,1 HR,Soffit,6.3327 BTU/(h·ft²·°F),,2Nacuo19H4IAx5s3kv9CWK,,,,28' - 7 1/8",,,,New Construction,None,,,,,3,Metal Furring,Non-bearing,28.8093 BTU/(ft²·°F),0.1579 (h·ft²·°F)/BTU,Up to level: L5,0' - 0",,Chase - GWB & Metal Stud 6 5/8",,,1YueUxVJH8SwhLiH$TP6Xo,,S04,13' - 4",,122.72 CF,0' - 6 5/8",
0.7,,10 SF,B2010,Exterior Walls,,L4,0' - 0",,,,1,Vertical,,,,,,,,,By Type,,Default,,,Basic Wall,Basic Wall: Chase - GWB & Metal Stud 3 1/8",,,Soffit,6.8169 BTU/(h·ft²·°F),,2Nacuo19H4IAx5s3kv9Clv,,,,0' - 9 9/32",,,,New Construction,None,,,,,3,Metal Furring,Non-bearing,12.4224 BTU/(ft²·°F),0.1467 (h·ft²·°F)/BTU,Up to level: L5,-0' - 6",,Chase - GWB & Metal Stud 3 1/8",,,09eUxCNaz3lOO$6VIXc4cu,,S02,12' - 10",,2.58 CF,0' - 3 1/8",
0.7,,10 SF,B2010,Exterior Walls,,L3,0' - 0",,,,1,Vertical,,,,,,,,,By Type,,Default,,,Basic Wall,Basic Wall: Chase - GWB & Metal Stud 3 1/8",,,Soffit,6.8169 BTU/(h·ft²·°F),,2Nacuo19H4IAx5s3kv9Cfy,,,,0' - 10 13/16",,,,New Construction,None,,,,,3,Metal Furring,Non-bearing,12.4224 BTU/(ft²·°F),0.1467 (h·ft²·°F)/BTU,Up to level: L4,-0' - 6",,Chase - GWB & Metal Stud 3 1/8",,,09eUxCNaz3lOO$6VIXc4cu,,S02,12' - 10",,2.58 CF,0' - 3 1/8",
0.7,,12 SF,B2010,Exterior Walls,,L3,0' - 0",,,,1,Vertical,,,,,,,,,By Type,,Default,,,Basic Wall,Basic Wall: Chase - GWB & Metal Stud 3 1/8",,,Soffit,6.8169 BTU/(h·ft²·°F),,2Nacuo19H4IAx5s3kv9Cfz,,,,0' - 9 7/8",,,,New Construction,None,,,,,3,Metal Furring,Non-bearing,12.4224 BTU/(ft²·°F),0.1467 (h·ft²·°F)/BTU,Up to level: L4,-0' - 6",,Chase - GWB & Metal Stud 3 1/8",,,09eUxCNaz3lOO$6VIXc4cu,,S02,12' - 10",,3.19 CF,0' - 3 1/8",
0.7,,19 SF,B2010,Exterior Walls,,L1 - Block 43,0' - 0",,,,1,Vertical,,,,,,,,,By Type,,Default,,,Basic Wall,Basic Wall: Chase - GWB & Metal Stud 3 1/8",,,Soffit,6.8169 BTU/(h·ft²·°F),,2Nacuo19H4IAx5s3kv9Cfj,,,,0' - 10 13/16",,,,New Construction,None,,,,,3,Metal Furring,Non-bearing,12.4224 BTU/(ft²·°F),0.1467 (h·ft²·°F)/BTU,Up to level: L3,-0' - 6",,Chase - GWB & Metal Stud 3 1/8",,,09eUxCNaz3lOO$6VIXc4cu,,S02,18' - 4",,4.92 CF,0' - 3 1/8",
0.7,,22 SF,B2010,Exterior Walls,,L1 - Block 43,0' - 0",,,,1,Vertical,,,,,,,,,By Type,,Default,,,Basic Wall,Basic Wall: Chase - GWB & Metal Stud 3 1/8",,,Soffit,6.8169 BTU/(h·ft²·°F),,2Nacuo19H4IAx5s3kv9Cfg,,,,1' - 3 15/16",,,,New Construction,None,,,,,3,Metal Furring,Non-bearing,12.4224 BTU/(ft²·°F),0.1467 (h·ft²·°F)/BTU,Up to level: L3,-0' - 6",,Chase - GWB & Metal Stud 3 1/8",,,09eUxCNaz3lOO$6VIXc4cu,,S02,18' - 4",,5.72 CF,0' - 3 1/8",
0.7,,21 SF,B2010,Exterior Walls,,L1 - Block 37,1' - 5",,,,1,Vertical,,,,,,,,,By Type,,Default,,,Basic Wall,Basic Wall: Chase - GWB & Metal Stud 6 5/8",,1 HR,Soffit,6.3327 BTU/(h·ft²·°F),,3Gs4d$e319Ye0p833c8MEJ,,,,2' - 1",,,,New Construction,None,,,,,3,Metal Furring,Non-bearing,28.8093 BTU/(ft²·°F),0.1579 (h·ft²·°F)/BTU,Up to level: L2,0' - 0",,Chase - GWB & Metal Stud 6 5/8",,,1YueUxVJH8SwhLiH$TP6Xo,,S04,10' - 1 1/2",,11.65 CF,0' - 6 5/8",
0.7,,17 SF,B2010,Exterior Walls,,L1 - Block 37,0' - 0",,,,1,Vertical,,,,,,,,,By Type,,Default,,,Basic Wall,Basic Wall: Chase - GWB & Metal Stud 3 1/8",,,Soffit,6.8169 BTU/(h·ft²·°F),,2qP478uzfCl9iOlNEUr3Jb,,,,0' - 7 13/16",,,,New Construction,None,,,,,3,Metal Furring,Non-bearing,12.4224 BTU/(ft²·°F),0.1467 (h·ft²·°F)/BTU,Up to level: L3,-0' - 6",,Chase - GWB & Metal Stud 3 1/8",,,09eUxCNaz3lOO$6VIXc4cu,,S02,21' - 9 1/2",,4.43 CF,0' - 3 1/8",
0.7,,52 SF,B2010158,Ext. Wall - Brick Veneer w/ Stud,,L1 - Block 43,0' - 0",,,,1,Vertical,,,,,,,,,By Type,,Default,,,Basic Wall,Basic Wall: Exterior - 5 3/8" Rainscreen w Insultation (for Concrete Core Walls),,,Exterior,0.0899 BTU/(h·ft²·°F),,3cc9SGcw1FYfxd25PeybJQ,,,,8' - 1 3/8",,,,New Construction,None,,,,,3,,Non-bearing,13.4664 BTU/(ft²·°F),11.1177 (h·ft²·°F)/BTU,Up to level: L3,-0' - 6",,Exterior - 5 3/8" Rainscreen w Insultation (for Concrete Core Walls),,,2cPAAN9ynEiAVL2RHeqi5J,,X01,18' - 4",,23.22 CF,0' - 5 3/8",
0.7,,38 SF,B2010,Exterior Walls,,L1 - Block 43,0' - 0",,,,1,Vertical,,,,,,,,,By Type,,Default,,,Basic Wall,Basic Wall: Chase - GWB & Metal Stud 6 5/8",,1 HR,Soffit,6.3327 BTU/(h·ft²·°F),,0lo5Aktjz63wK_HQprnfuO,,,,1' - 6 3/16",,,,New Construction,None,,,,,3,Metal Furring,Non-bearing,28.8093 BTU/(ft²·°F),0.1579 (h·ft²·°F)/BTU,Up to level: L3,0' - 0",,Chase - GWB & Metal Stud 6 5/8",,,1YueUxVJH8SwhLiH$TP6Xo,,S04,18' - 10",,21.23 CF,0' - 6 5/8",
0.7,,12 SF,B2010,Exterior Walls,,L1 - Block 43,0' - 0",,,,1,Vertical,,,,,,,,,By Type,,Default,,,Basic Wall,Basic Wall: Chase - GWB & Metal Stud 6 5/8",,1 HR,Soffit,6.3327 BTU/(h·ft²·°F),,0lo5Aktjz63wK_HQprnfje,,,,0' - 7 5/8",,,,New Construction,None,,,,,3,Metal Furring,Non-bearing,28.8093 BTU/(ft²·°F),0.1579 (h·ft²·°F)/BTU,Up to level: L3,0' - 0",,Chase - GWB & Metal Stud 6 5/8",,,1YueUxVJH8SwhLiH$TP6Xo,,S04,18' - 10",,6.61 CF,0' - 6 5/8",
0.7,,36 SF,C1010145,Partitions - Drywall w/ Metal Stud,,L3,-2' - 5",,,,1,Vertical,,,,,,,,,By Type,,Default,,,Basic Wall,Basic Wall: Soffit - Beam Wrap 10 1/2" (Two Sides),,2 HR,Interior,0.0214 BTU/(h·ft²·°F),,040pYaAfP5UfxiZy_buDgT,,,,19' - 4",,,,New Construction,None,,,,,3,Metal Stud Layer,Non-bearing,2.8823 BTU/(ft²·°F),46.7076 (h·ft²·°F)/BTU,Up to level: L3,-0' - 6",,Soffit - Beam Wrap 10 1/2" (Two Sides),,,040pYaAfP5UfxiZy_buDpx,,,1' - 11",,31.60 CF,0' - 10 1/2",
0.7,,36 SF,C1010145,Partitions - Drywall w/ Metal Stud,,L3,-2' - 5",,,,1,Vertical,,,,,,,,,By Type,,Default,,,Basic Wall,Basic Wall: Soffit - Beam Wrap 10 1/2" (Two Sides),,2 HR,Interior,0.0214 BTU/(h·ft²·°F),,040pYaAfP5UfxiZy_buDoX,,,,19' - 4",,,,New Construction,None,,,,,3,Metal Stud Layer,Non-bearing,2.8823 BTU/(ft²·°F),46.7076 (h·ft²·°F)/BTU,Up to level: L3,-0' - 6",,Soffit - Beam Wrap 10 1/2" (Two Sides),,,040pYaAfP5UfxiZy_buDpx,,,1' - 11",,31.60 CF,0' - 10 1/2",
0.7,,44 SF,C1010145,Partitions - Drywall w/ Metal Stud,,L2,-2' - 5",,,,1,Vertical,,,,,,,,,By Type,,Default,,,Basic Wall,Basic Wall: Soffit - Beam Wrap 10 1/2" (Two Sides),,2 HR,Interior,0.0214 BTU/(h·ft²·°F),,040pYaAfP5UfxiZy_buDoR,,,,18' - 4",,,,New Construction,None,,,,,3,Metal Stud Layer,Non-bearing,2.8823 BTU/(ft²·°F),46.7076 (h·ft²·°F)/BTU,Up to level: L2,0' - 0",,Soffit - Beam Wrap 10 1/2" (Two Sides),,,040pYaAfP5UfxiZy_buDpx,,,2' - 5",,33.50 CF,0' - 10 1/2",
,,83 SF,B2020200,Curtain Walls,,L1 - Block 43,0' - 2",,,,1,Vertical,,,,,,,,,By Type,,Default,,,Curtain Wall,Curtain Wall: _Not Defined,,,Exterior,,,23guZW2iXFCuvZJwtILzWK,,,,5' - 8",,,,New Construction,None,,,,,,,Non-bearing,,,Up to level: L3,-4' - 0",,_Not Defined,,,2mjs6M6G98BxHa18ZZD5sI,,CW01,14' - 8",,,,
0.7,,43 SF,C1010145,Partitions - Drywall w/ Metal Stud,,L2,-2' - 5",,,,1,Vertical,,,,,,,,,By Type,,Default,,,Basic Wall,Basic Wall: Soffit - Beam Wrap (Both Sides),,2 HR,Interior,0.0214 BTU/(h·ft²·°F),,1XeopoEmL4fQChMRbpTc7x,,,,22' - 10",,,,New Construction,None,,,,,3,Metal Stud Layer,Non-bearing,2.8823 BTU/(ft²·°F),46.7076 (h·ft²·°F)/BTU,Up to level: L2,-0' - 6",,Soffit - Beam Wrap (Both Sides),,,0a6T$5n7X4fAlDdhFoNEVx,,,1' - 11",,37.47 CF,0' - 10 1/2",
0.7,,44 SF,C1010145,Partitions - Drywall w/ Metal Stud,,L3,-2' - 5",,,,1,Vertical,,,,,,,,,By Type,,Default,,,Basic Wall,Basic Wall: Soffit - Beam Wrap (Both Sides),,2 HR,Interior,0.0214 BTU/(h·ft²·°F),,1XeopoEmL4fQChMRbpTc6o,,,,23' - 10",,,,New Construction,None,,,,,3,Metal Stud Layer,Non-bearing,2.8823 BTU/(ft²·°F),46.7076 (h·ft²·°F)/BTU,Up to level: L3,-0' - 6",,Soffit - Beam Wrap (Both Sides),,,0a6T$5n7X4fAlDdhFoNEVx,,,1' - 11",,38.33 CF,0' - 10 1/2",
0.7,,44 SF,C1010145,Partitions - Drywall w/ Metal Stud,,L4,-2' - 5",,,,1,Vertical,,,,,,,,,By Type,,Default,,,Basic Wall,Basic Wall: Soffit - Beam Wrap (Both Sides),,2 HR,Interior,0.0214 BTU/(h·ft²·°F),,1XeopoEmL4fQChMRbpTc6E,,,,23' - 10",,,,New Construction,None,,,,,3,Metal Stud Layer,Non-bearing,2.8823 BTU/(ft²·°F),46.7076 (h·ft²·°F)/BTU,Up to level: L4,-0' - 6",,Soffit - Beam Wrap (Both Sides),,,0a6T$5n7X4fAlDdhFoNEVx,,,1' - 11",,38.33 CF,0' - 10 1/2",
0.7,,500 SF,C1010145,Partitions - Drywall w/ Metal Stud,,L1 - Block 37,0' - 0",,,,1,Vertical,,,,,,,,,By Type,,Default,,,Basic Wall,Basic Wall: Party - 6 1/8" (2-hr),,2 HR,Interior,0.0234 BTU/(h·ft²·°F),,1XeopoEmL4fQChMRbpTc9s,,,,46' - 3 1/32",,,,New Construction,None,,,,,3,Metal Stud Layer,Non-bearing,5.1774 BTU/(ft²·°F),42.8246 (h·ft²·°F)/BTU,Up to level: L2,0' - 0",,Party - 6 1/8" (2-hr),,,1UzjuOoQr4P85_KNmJAtS$,,W01,11' - 6 1/2",,489.34 CF,0' - 11 3/4",
0.7,,5 SF,B2010,Exterior Walls,,L2,7' - 11",,,,1,Vertical,,,,,,,,,By Type,,Default,,,Basic Wall,Basic Wall: Chase - GWB & Metal Stud 3 1/8",,,Soffit,6.8169 BTU/(h·ft²·°F),,2iprjJO5DFPPFZufOJpojL,,,,0' - 8 31/32",,,,New Construction,None,,,,,3,Metal Furring,Non-bearing,12.4224 BTU/(ft²·°F),0.1467 (h·ft²·°F)/BTU,Up to level: L2,14' - 9",,Chase - GWB & Metal Stud 3 1/8",,,09eUxCNaz3lOO$6VIXc4cu,,S02,6' - 10",,1.33 CF,0' - 3 1/8",
0.7,,5 SF,B2010,Exterior Walls,,L2,7' - 11",,,,1,Vertical,,,,,,,,,By Type,,Default,,,Basic Wall,Basic Wall: Chase - GWB & Metal Stud 3 1/8",,,Soffit,6.8169 BTU/(h·ft²·°F),,2iprjJO5DFPPFZufOJpohO,,,,0' - 8 31/32",,,,New Construction,None,,,,,3,Metal Furring,Non-bearing,12.4224 BTU/(ft²·°F),0.1467 (h·ft²·°F)/BTU,Up to level: L2,14' - 9",,Chase - GWB & Metal Stud 3 1/8",,,09eUxCNaz3lOO$6VIXc4cu,,S02,6' - 10",,1.33 CF,0' - 3 1/8",
0.7,,5 SF,B2010,Exterior Walls,,L2,7' - 11",,,,1,Vertical,,,,,,,,,By Type,,Default,,,Basic Wall,Basic Wall: Chase - GWB & Metal Stud 3 1/8",,,Soffit,6.8169 BTU/(h·ft²·°F),,2iprjJO5DFPPFZufOJpog_,,,,0' - 8 31/32",,,,New Construction,None,,,,,3,Metal Furring,Non-bearing,12.4224 BTU/(ft²·°F),0.1467 (h·ft²·°F)/BTU,Up to level: L2,14' - 9",,Chase - GWB & Metal Stud 3 1/8",,,09eUxCNaz3lOO$6VIXc4cu,,S02,6' - 10",,1.33 CF,0' - 3 1/8",
0.7,,5 SF,B2010,Exterior Walls,,L2,7' - 11",,,,1,Vertical,,,,,,,,,By Type,,Default,,,Basic Wall,Basic Wall: Chase - GWB & Metal Stud 3 1/8",,,Soffit,6.8169 BTU/(h·ft²·°F),,2iprjJO5DFPPFZufOJpog$,,,,0' - 8 31/32",,,,New Construction,None,,,,,3,Metal Furring,Non-bearing,12.4224 BTU/(ft²·°F),0.1467 (h·ft²·°F)/BTU,Up to level: L2,14' - 9",,Chase - GWB & Metal Stud 3 1/8",,,09eUxCNaz3lOO$6VIXc4cu,,S02,6' - 10",,1.33 CF,0' - 3 1/8",
0.7,,2 SF,B2010,Exterior Walls,,L3,8' - 0",,,,1,Vertical,,,,,,,,,By Type,,Default,,,Basic Wall,Basic Wall: Chase - GWB & Metal Stud 3 1/8",,,Soffit,6.8169 BTU/(h·ft²·°F),,3b_GinbYTDwALWT66s67fG,,,,0' - 8 17/32",,,,New Construction,None,,,,,3,Metal Furring,Non-bearing,12.4224 BTU/(ft²·°F),0.1467 (h·ft²·°F)/BTU,Up to level: L3,10' - 2",,Chase - GWB & Metal Stud 3 1/8",,,09eUxCNaz3lOO$6VIXc4cu,,S02,2' - 2",,0.61 CF,0' - 3 1/8",
0.7,,2 SF,B2010,Exterior Walls,,L3,8' - 0",,,,1,Vertical,,,,,,,,,By Type,,Default,,,Basic Wall,Basic Wall: Chase - GWB & Metal Stud 3 1/8",,,Soffit,6.8169 BTU/(h·ft²·°F),,3b_GinbYTDwALWT66s67hM,,,,0' - 8 17/32",,,,New Construction,None,,,,,3,Metal Furring,Non-bearing,12.4224 BTU/(ft²·°F),0.1467 (h·ft²·°F)/BTU,Up to level: L3,10' - 2",,Chase - GWB & Metal Stud 3 1/8",,,09eUxCNaz3lOO$6VIXc4cu,,S02,2' - 2",,0.61 CF,0' - 3 1/8",
0.7,,2 SF,B2010,Exterior Walls,,L3,8' - 0",,,,1,Vertical,,,,,,,,,By Type,,Default,,,Basic Wall,Basic Wall: Chase - GWB & Metal Stud 3 1/8",,,Soffit,6.8169 BTU/(h·ft²·°F),,3b_GinbYTDwALWT66s67cG,,,,0' - 8 17/32",,,,New Construction,None,,,,,3,Metal Furring,Non-bearing,12.4224 BTU/(ft²·°F),0.1467 (h·ft²·°F)/BTU,Up to level: L3,10' - 2",,Chase - GWB & Metal Stud 3 1/8",,,09eUxCNaz3lOO$6VIXc4cu,,S02,2' - 2",,0.61 CF,0' - 3 1/8",
0.7,,2 SF,B2010,Exterior Walls,,L3,8' - 0",,,,1,Vertical,,,,,,,,,By Type,,Default,,,Basic Wall,Basic Wall: Chase - GWB & Metal Stud 3 1/8",,,Soffit,6.8169 BTU/(h·ft²·°F),,3b_GinbYTDwALWT66s67cJ,,,,0' - 8 17/32",,,,New Construction,None,,,,,3,Metal Furring,Non-bearing,12.4224 BTU/(ft²·°F),0.1467 (h·ft²·°F)/BTU,Up to level: L3,10' - 2",,Chase - GWB & Metal Stud 3 1/8",,,09eUxCNaz3lOO$6VIXc4cu,,S02,2' - 2",,0.61 CF,0' - 3 1/8",
0.7,,39 SF,C1010145,Partitions - Drywall w/ Metal Stud,,L4,-2' - 3 1/2",,,,1,Vertical,,,,,,,,,By Type,,Default,,,Basic Wall,Basic Wall: Soffit - Beam Wrap 9 1/4" (One Side),,2 HR,Interior,0.0215 BTU/(h·ft²·°F),,3b_GinbYTDwALWT66s67X$,,,,21' - 10",,,,New Construction,None,,,,,3,Metal Stud Layer,Non-bearing,1.4471 BTU/(ft²·°F),46.4303 (h·ft²·°F)/BTU,Up to level: L4,-0' - 6",,Soffit - Beam Wrap 9 1/4" (One Side),,,0a6T$5n7X4fAlDdhFoNETY,,,1' - 9 1/2",,27.06 CF,0' - 9 1/4",
0.7,,1 SF,B2010,Exterior Walls,,L3,8' - 0",,,,1,Vertical,,,,,,,,,By Type,,Default,,,Basic Wall,Basic Wall: Exterior - GWB on Metal Stud w Insulated Panel 8 7/8",,,Soffit,0.0274 BTU/(h·ft²·°F),,3b_GinbYTDwALWT66s67$8,,,,2' - 3 1/8",,,,New Construction,None,,,,,3,,Non-bearing,6.7352 BTU/(ft²·°F),36.4829 (h·ft²·°F)/BTU,Up to level: L3,10' - 2",,Exterior - GWB on Metal Stud w Insulated Panel 8 7/8",,,3RKbg7mVv5KOhSWj4h$MHo,,X08,2' - 2",,0.49 CF,0' - 8 7/8",
0.7,,1 SF,B2010,Exterior Walls,,L3,8' - 0",,,,1,Vertical,,,,,,,,,By Type,,Default,,,Basic Wall,Basic Wall: Exterior - GWB on Metal Stud w Insulated Panel 8 7/8",,,Soffit,0.0274 BTU/(h·ft²·°F),,3b_GinbYTDwALWT66s67I9,,,,2' - 3 1/8",,,,New Construction,None,,,,,3,,Non-bearing,6.7352 BTU/(ft²·°F),36.4829 (h·ft²·°F)/BTU,Up to level: L3,10' - 2",,Exterior - GWB on Metal Stud w Insulated Panel 8 7/8",,,3RKbg7mVv5KOhSWj4h$MHo,,X08,2' - 2",,0.49 CF,0' - 8 7/8",
,,119 SF,B2020200,Curtain Walls,,L2,1' - 1 3/4",,,,1,Vertical,,,,,,,,,By Type,,Default,,,Curtain Wall,Curtain Wall: Block 43 Storefront,,,Exterior,,,2Dmljw8uHCLBZQQu9H5f2v,,,,16' - 6",,,,New Construction,None,,,,,,,Non-bearing,,,Up to level: L3,-2' - 5",,Block 43 Storefront,,,2Qxytqn2z9huJnhUDeJFB4,,,7' - 2 1/4",,,,
,,36 SF,B2020200,Curtain Walls,,L1 - Block 43,0' - 0",,,,1,Vertical,,,,,,,,,By Type,,Default,,,Curtain Wall,Curtain Wall: _Not Defined,,,Exterior,,,2Dmljw8uHCLBZQQu9H5f2p,,,,3' - 8",,,,New Construction,None,,,,,,,Non-bearing,,,Up to level: L2,1' - 1 3/4",,_Not Defined,,,2mjs6M6G98BxHa18ZZD5sI,,CW01,9' - 2 3/4",,,,
,,23 SF,B2020200,Curtain Walls,,L1 - Block 43,0' - 0",,,,1,Vertical,,,,,,,,,By Type,,Default,,,Curtain Wall,Curtain Wall: _Not Defined,,,Exterior,,,2Dmljw8uHCLBZQQu9H5f2m,,,,2' - 4",,,,New Construction,None,,,,,,,Non-bearing,,,Up to level: L2,1' - 5 3/4",,_Not Defined,,,2mjs6M6G98BxHa18ZZD5sI,,CW01,9' - 6 3/4",,,,
,,92 SF,B2020200,Curtain Walls,,L1 - Block 43,-0' - 6",,,,1,Vertical,,,,,,,,,By Type,,Default,,,Curtain Wall,Curtain Wall: _Not Defined,,,Exterior,,,2Dmljw8uHCLBZQQu9H5f2j,,,,9' - 2",,,,New Construction,None,,,,,,,Non-bearing,,,Up to level: L2,1' - 5 3/4",,_Not Defined,,,2mjs6M6G98BxHa18ZZD5sI,,CW01,10' - 0 3/4",,,,
,,23 SF,B2020200,Curtain Walls,,L1 - Block 43,0' - 0",,,,1,Vertical,,,,,,,,,By Type,,Default,,,Curtain Wall,Curtain Wall: _Not Defined,,,Exterior,,,2Dmljw8uHCLBZQQu9H5f2f,,,,2' - 4",,,,New Construction,None,,,,,,,Non-bearing,,,Up to level: L2,1' - 5 3/4",,_Not Defined,,,2mjs6M6G98BxHa18ZZD5sI,,CW01,9' - 6 3/4",,,,
,,34 SF,B2020200,Curtain Walls,,L1 - Block 43,0' - 0",,,,1,Vertical,,,,,,,,,By Type,,Default,,,Curtain Wall,Curtain Wall: _Not Defined,,,Exterior,,,2Dmljw8uHCLBZQQu9H5f2c,,,,3' - 8",,,,New Construction,None,,,,,,,Non-bearing,,,Up to level: L2,1' - 1 3/4",,_Not Defined,,,2mjs6M6G98BxHa18ZZD5sI,,CW01,9' - 2 3/4",,,,
0.7,,21 SF,B2010,Exterior Walls,,L1 - Block 37,1' - 5",,,,1,Vertical,,,,,,,,,By Type,,Default,,,Basic Wall,Basic Wall: Chase - GWB & Metal Stud 6 5/8",,1 HR,Soffit,6.3327 BTU/(h·ft²·°F),,2Dmljw8uHCLBZQQu9H5fBG,,,,2' - 1",,,,New Construction,None,,,,,3,Metal Furring,Non-bearing,28.8093 BTU/(ft²·°F),0.1579 (h·ft²·°F)/BTU,Up to level: L2,0' - 0",,Chase - GWB & Metal Stud 6 5/8",,,1YueUxVJH8SwhLiH$TP6Xo,,S04,10' - 1 1/2",,11.65 CF,0' - 6 5/8",
,,33 SF,B2020200,Curtain Walls,,L1 - Block 43,-1' - 8",,,,1,Vertical,,,,,,,,,By Type,,Default,,,Curtain Wall,Curtain Wall: _Not Defined,,,Exterior,,,2Dmljw8uHCLBZQQu9H5fBF,,,,3' - 8",,,,New Construction,None,,,,,,,Non-bearing,,,Up to level: L2,-0' - 9",,_Not Defined,,,2mjs6M6G98BxHa18ZZD5sI,,CW01,9' - 0",,,,
,,22 SF,B2020200,Curtain Walls,,L1 - Block 43,-1' - 8",,,,1,Vertical,,,,,,,,,By Type,,Default,,,Curtain Wall,Curtain Wall: _Not Defined,,,Exterior,,,2Dmljw8uHCLBZQQu9H5fBC,,,,2' - 4",,,,New Construction,None,,,,,,,Non-bearing,,,Up to level: L2,-0' - 5",,_Not Defined,,,2mjs6M6G98BxHa18ZZD5sI,,CW01,9' - 4",,,,
,,86 SF,B2020200,Curtain Walls,,L1 - Block 43,-1' - 8",,,,1,Vertical,,,,,,,,,By Type,,Default,,,Curtain Wall,Curtain Wall: _Not Defined,,,Exterior,,,2Dmljw8uHCLBZQQu9H5fB9,,,,9' - 2",,,,New Construction,None,,,,,,,Non-bearing,,,Up to level: L2,-0' - 5",,_Not Defined,,,2mjs6M6G98BxHa18ZZD5sI,,CW01,9' - 4",,,,
,,22 SF,B2020200,Curtain Walls,,L1 - Block 43,-1' - 8",,,,1,Vertical,,,,,,,,,By Type,,Default,,,Curtain Wall,Curtain Wall: _Not Defined,,,Exterior,,,2Dmljw8uHCLBZQQu9H5fB5,,,,2' - 4",,,,New Construction,None,,,,,,,Non-bearing,,,Up to level: L2,-0' - 5",,_Not Defined,,,2mjs6M6G98BxHa18ZZD5sI,,CW01,9' - 4",,,,
,,31 SF,B2020200,Curtain Walls,,L1 - Block 43,-1' - 8",,,,1,Vertical,,,,,,,,,By Type,,Default,,,Curtain Wall,Curtain Wall: _Not Defined,,,Exterior,,,2Dmljw8uHCLBZQQu9H5fB2,,,,3' - 5",,,,New Construction,None,,,,,,,Non-bearing,,,Up to level: L2,-0' - 9",,_Not Defined,,,2mjs6M6G98BxHa18ZZD5sI,,CW01,9' - 0",,,,
,,33 SF,B2020200,Curtain Walls,,L1 - Block 43,-1' - 8",,,,1,Vertical,,,,,,,,,By Type,,Default,,,Curtain Wall,Curtain Wall: _Not Defined,,,Exterior,,,2Dmljw8uHCLBZQQu9H5f8r,,,,3' - 8",,,,New Construction,None,,,,,,,Non-bearing,,,Up to level: L2,-0' - 9",,_Not Defined,,,2mjs6M6G98BxHa18ZZD5sI,,CW01,9' - 0",,,,
,,22 SF,B2020200,Curtain Walls,,L1 - Block 43,-1' - 8",,,,1,Vertical,,,,,,,,,By Type,,Default,,,Curtain Wall,Curtain Wall: _Not Defined,,,Exterior,,,2Dmljw8uHCLBZQQu9H5f8o,,,,2' - 4",,,,New Construction,None,,,,,,,Non-bearing,,,Up to level: L2,-0' - 5",,_Not Defined,,,2mjs6M6G98BxHa18ZZD5sI,,CW01,9' - 4",,,,
,,86 SF,B2020200,Curtain Walls,,L1 - Block 43,-1' - 8",,,,1,Vertical,,,,,,,,,By Type,,Default,,,Curtain Wall,Curtain Wall: _Not Defined,,,Exterior,,,2Dmljw8uHCLBZQQu9H5f8l,,,,9' - 2",,,,New Construction,None,,,,,,,Non-bearing,,,Up to level: L2,-0' - 5",,_Not Defined,,,2mjs6M6G98BxHa18ZZD5sI,,CW01,9' - 4",,,,
,,22 SF,B2020200,Curtain Walls,,L1 - Block 43,-1' - 8",,,,1,Vertical,,,,,,,,,By Type,,Default,,,Curtain Wall,Curtain Wall: _Not Defined,,,Exterior,,,2Dmljw8uHCLBZQQu9H5f8h,,,,2' - 4",,,,New Construction,None,,,,,,,Non-bearing,,,Up to level: L2,-0' - 5",,_Not Defined,,,2mjs6M6G98BxHa18ZZD5sI,,CW01,9' - 4",,,,
,,31 SF,B2020200,Curtain Walls,,L1 - Block 43,-1' - 8",,,,1,Vertical,,,,,,,,,By Type,,Default,,,Curtain Wall,Curtain Wall: _Not Defined,,,Exterior,,,2Dmljw8uHCLBZQQu9H5f8e,,,,3' - 5 23/32",,,,New Construction,None,,,,,,,Non-bearing,,,Up to level: L2,-0' - 9",,_Not Defined,,,2mjs6M6G98BxHa18ZZD5sI,,CW01,9' - 0",,,,
,,148 SF,B2020200,Curtain Walls,,L2,-0' - 9",,,,1,Vertical,,,,,,,,,By Type,,Default,,,Curtain Wall,Curtain Wall: Block 41 Storefront,,,Exterior,,,2Dmljw8uHCLBZQQu9H5fMR,,,,16' - 3",,,,New Construction,None,,,,,,,Non-bearing,,,Up to level: L3,-2' - 5",,Block 41 Storefront,,,2Qxytqn2z9huJnhUDeJFQ7,,,9' - 1",,,,
,,148 SF,B2020200,Curtain Walls,,L2,-0' - 9",,,,1,Vertical,,,,,,,,,By Type,,Default,,,Curtain Wall,Curtain Wall: Block 41 Storefront,,,Exterior,,,2Dmljw8uHCLBZQQu9H5fMM,,,,16' - 3 9/32",,,,New Construction,None,,,,,,,Non-bearing,,,Up to level: L3,-2' - 5",,Block 41 Storefront,,,2Qxytqn2z9huJnhUDeJFQ7,,,9' - 1",,,,
0.7,,1 SF,B2010,Exterior Walls,,L2,2' - 0",,,,1,Vertical,,,,,,,,,By Type,,Default,,,Basic Wall,Basic Wall: Chase - GWB & Metal Stud 4 1/4",,,Soffit,6.6534 BTU/(h·ft²·°F),,1HuOQ2xWrE6xc43TABXiEm,,,,0' - 10",,,,New Construction,None,,,,,3,Metal Furring,Non-bearing,17.6896 BTU/(ft²·°F),0.1503 (h·ft²·°F)/BTU,Up to level: L3,0' - 0",,Chase - GWB & Metal Stud 4 1/4",,,3FDTNrVMX5CROAaE1LHtAP,,S03,8' - 9",,0.52 CF,0' - 4 1/4",
0.7,-22.00°,22 SF,B2010,Exterior Walls,,L1 - Block 37,0' - 0",,,,1,Slanted,,,,,,,,,By Type,,Default,,,Basic Wall,Basic Wall: Chase - GWB & Metal Stud 4 1/4",,,Soffit,6.6534 BTU/(h·ft²·°F),,3VPu6Q9HP8$RPQyOwZd3k7,,,,9' - 4 1/2",,,,New Construction,None,,,,,3,Metal Furring,Non-bearing,17.6896 BTU/(ft²·°F),0.1503 (h·ft²·°F)/BTU,Up to level: L1 - Block 43,-1' - 0",,Chase - GWB & Metal Stud 4 1/4",,,3FDTNrVMX5CROAaE1LHtAP,,S03,2' - 5 1/2",,7.86 CF,0' - 4 1/4",
0.7,,3 SF,B2010,Exterior Walls,,L1 - Block 35,0' - 0",,,,1,Vertical,,,,,,,,,By Type,,Default,,,Basic Wall,Basic Wall: Chase - GWB & Metal Stud 3 1/8",,,Soffit,6.8169 BTU/(h·ft²·°F),,0GEi30tdHE7giWEzRe7Mvp,,,,0' - 4 5/8",,,,New Construction,None,,,,,3,Metal Furring,Non-bearing,12.4224 BTU/(ft²·°F),0.1467 (h·ft²·°F)/BTU,Up to level: M1,-0' - 6",,Chase - GWB & Metal Stud 3 1/8",,,09eUxCNaz3lOO$6VIXc4cu,,S02,10' - 11",,0.74 CF,0' - 3 1/8",
0.7,,12 SF,B2010,Exterior Walls,,L1 - Block 35,0' - 0",,,,1,Vertical,,,,,,,,,By Type,,Default,,,Basic Wall,Basic Wall: Chase - GWB & Metal Stud 3 1/8",,,Soffit,6.8169 BTU/(h·ft²·°F),,0GEi30tdHE7giWEzRe7MxV,,,,1' - 3",,,,New Construction,None,,,,,3,Metal Furring,Non-bearing,12.4224 BTU/(ft²·°F),0.1467 (h·ft²·°F)/BTU,Up to level: M1,-0' - 6",,Chase - GWB & Metal Stud 3 1/8",,,09eUxCNaz3lOO$6VIXc4cu,,S02,10' - 11",,3.18 CF,0' - 3 1/8",
0.7,,39 SF,B2010158,Ext. Wall - Brick Veneer w/ Stud,,L1 - Block 43,0' - 0",,,,1,Vertical,,,,,,,,,By Type,,Default,,,Basic Wall,Basic Wall: Exterior - 12 5/8" Rainscreen w Insultation on Metal Stud,,2 HR,Exterior,0.0217 BTU/(h·ft²·°F),,1ia1aKK99E7eB2Qq5ldffT,,,,2' - 1 9/16",,,,New Construction,None,,,,,3,,Non-bearing,14.9105 BTU/(ft²·°F),46.0097 (h·ft²·°F)/BTU,Up to level: L3,-0' - 6",,Exterior - 12 5/8" Rainscreen w Insultation on Metal Stud,,,3GC6dLJPT0_w0HkhCmqXpI,,X04,18' - 4",,40.13 CF,1' - 0 5/8",
0.7,,176 SF,C1010145,Partitions - Drywall w/ Metal Stud,,L4,-3' - 5",,,,1,Vertical,,,,,,,,,By Type,,Default,,,Basic Wall,Basic Wall: Soffit - Beam Wrap Large (Both Sides),,2 HR,Interior,0.0108 BTU/(h·ft²·°F),,21U07TPLv4F9zfrV5EumDI,,,,61' - 5 7/16",,,,New Construction,None,,,,,3,Metal Stud Layer,Non-bearing,2.8942 BTU/(ft²·°F),92.8606 (h·ft²·°F)/BTU,Up to level: L4,-0' - 6",,Soffit - Beam Wrap Large (Both Sides),,,21U07TPLv4F9zfrV5EumGJ,,,2' - 11",,266.08 CF,1' - 6 1/2",
0.7,,176 SF,C1010145,Partitions - Drywall w/ Metal Stud,,L5,-3' - 5",,,,1,Vertical,,,,,,,,,By Type,,Default,,,Basic Wall,Basic Wall: Soffit - Beam Wrap Large (Both Sides),,2 HR,Interior,0.0108 BTU/(h·ft²·°F),,21U07TPLv4F9zfrV5EunZd,,,,61' - 5 7/16",,,,New Construction,None,,,,,3,Metal Stud Layer,Non-bearing,2.8942 BTU/(ft²·°F),92.8606 (h·ft²·°F)/BTU,Up to level: L5,-0' - 6",,Soffit - Beam Wrap Large (Both Sides),,,21U07TPLv4F9zfrV5EumGJ,,,2' - 11",,271.76 CF,1' - 6 1/2",
0.7,,178 SF,C1010145,Partitions - Drywall w/ Metal Stud,,R2,-3' - 5",,,,1,Vertical,,,,,,,,,By Type,,Default,,,Basic Wall,Basic Wall: Soffit - Beam Wrap Large (Both Sides),,2 HR,Interior,0.0108 BTU/(h·ft²·°F),,21U07TPLv4F9zfrV5EunZb,,,,61' - 5 7/16",,,,New Construction,None,,,,,3,Metal Stud Layer,Non-bearing,2.8942 BTU/(ft²·°F),92.8606 (h·ft²·°F)/BTU,Up to level: R2,-0' - 6",,Soffit - Beam Wrap Large (Both Sides),,,21U07TPLv4F9zfrV5EumGJ,,,2' - 11",,273.96 CF,1' - 6 1/2",
0.7,,291 SF,B2010158,Ext. Wall - Brick Veneer w/ Stud,,L3,-5' - 4",,,,1,Vertical,,,,,,,,,By Type,,Default,,,Basic Wall,Basic Wall: Exterior - 12 5/8" Rainscreen w Insultation on Metal Stud,,2 HR,Exterior,0.0217 BTU/(h·ft²·°F),,21U07TPLv4F9zfrV5EunZv,,,,61' - 3 1/2",,,,New Construction,None,,,,,3,,Non-bearing,14.9105 BTU/(ft²·°F),46.0097 (h·ft²·°F)/BTU,Up to level: L3,-0' - 6",,Exterior - 12 5/8" Rainscreen w Insultation on Metal Stud,,,3GC6dLJPT0_w0HkhCmqXpI,,X04,4' - 10",,305.69 CF,1' - 0 5/8",
,,697 SF,B2020200,Curtain Walls,,L1 - Block 35,2' - 0",,,,1,Vertical,,,,,,,,,By Type,,Default,,,Curtain Wall,Curtain Wall: Storefront,,,Exterior,,,21U07TPLv4F9zfrV5Euni3,,,,40' - 2 3/4",,,,New Construction,None,,,,,,,Non-bearing,,,Up to level: L3,-5' - 3",,Storefront,,,0y4wEne0z8OfuHoefhp$oR,,CW03,17' - 6",,,,
0.7,,291 SF,B2010158,Ext. Wall - Brick Veneer w/ Stud,,L3,-5' - 4",,,,1,Vertical,,,,,,,,,By Type,,Default,,,Basic Wall,Basic Wall: Exterior - 12 5/8" Rainscreen w Insultation on Metal Stud,,2 HR,Exterior,0.0217 BTU/(h·ft²·°F),,0m3ylIKyvFIf90OJWdRdux,,,,61' - 3 1/2",,,,New Construction,None,,,,,3,,Non-bearing,14.9105 BTU/(ft²·°F),46.0097 (h·ft²·°F)/BTU,Up to level: L3,-0' - 6",,Exterior - 12 5/8" Rainscreen w Insultation on Metal Stud,,,3GC6dLJPT0_w0HkhCmqXpI,,X04,4' - 10",,305.69 CF,1' - 0 5/8",
0.7,,5232 SF,B2010158,Ext. Wall - Brick Veneer w/ Stud,,L2,-2' - 6",,,,1,Vertical,,,,,,,,,By Type,,Default,,,Basic Wall,Basic Wall: Exterior - 12 5/8" Rainscreen w Insultation on Metal Stud,,2 HR,Exterior,0.0217 BTU/(h·ft²·°F),,0d_HunAzzAPg4$RxtR7pc_,,,,101' - 8 1/32",,,,New Construction,None,,,,,3,,Non-bearing,14.9105 BTU/(ft²·°F),46.0097 (h·ft²·°F)/BTU,Up to level: Parapet,0' - 0",,Exterior - 12 5/8" Rainscreen w Insultation on Metal Stud,,,3GC6dLJPT0_w0HkhCmqXpI,,X04,57' - 11",,5488.10 CF,1' - 0 5/8",
0.7,,64 SF,B2010158,Ext. Wall - Brick Veneer w/ Stud,,L1 - Block 43,0' - 0",,,,1,Vertical,,,,,,,,,By Type,,Default,,,Basic Wall,Basic Wall: Exterior - 12 5/8" Rainscreen w Insultation on Metal Stud,,2 HR,Exterior,0.0217 BTU/(h·ft²·°F),,0rpwMvtbz48ARUNqqbdSw0,,,,10' - 10 13/32",,,,New Construction,None,,,,,3,,Non-bearing,14.9105 BTU/(ft²·°F),46.0097 (h·ft²·°F)/BTU,Up to level: L2,-2' - 6",,Exterior - 12 5/8" Rainscreen w Insultation on Metal Stud,,,3GC6dLJPT0_w0HkhCmqXpI,,X04,5' - 7",,66.95 CF,1' - 0 5/8",
0.7,,90 SF,B2010158,Ext. Wall - Brick Veneer w/ Stud,,L1 - Block 43,0' - 0",,,,1,Vertical,,,,,,,,,By Type,,Default,,,Basic Wall,Basic Wall: Exterior - 12 5/8" Rainscreen w Insultation on Metal Stud,,2 HR,Exterior,0.0217 BTU/(h·ft²·°F),,0rpwMvtbz48ARUNqqbdS_A,,,,21' - 0 17/32",,,,New Construction,None,,,,,3,,Non-bearing,14.9105 BTU/(ft²·°F),46.0097 (h·ft²·°F)/BTU,Up to level: L2,-2' - 6",,Exterior - 12 5/8" Rainscreen w Insultation on Metal Stud,,,3GC6dLJPT0_w0HkhCmqXpI,,X04,5' - 7",,94.00 CF,1' - 0 5/8",
0.7,,23 SF,B2010,Exterior Walls,,L5,0' - 0",,,,1,Vertical,,,,,,,,,By Type,,Default,,,Basic Wall,Basic Wall: Chase - GWB & Metal Stud 4 1/4",,,Soffit,6.6534 BTU/(h·ft²·°F),,38Ozd1J$fFHu9SwugZC0GQ,,,,2' - 1 7/16",,,,New Construction,None,,,,,3,Metal Furring,Non-bearing,17.6896 BTU/(ft²·°F),0.1503 (h·ft²·°F)/BTU,Up to level: R2,-0' - 6",,Chase - GWB & Metal Stud 4 1/4",,,3FDTNrVMX5CROAaE1LHtAP,,S03,12' - 10",,8.05 CF,0' - 4 1/4",
0.7,,17 SF,B2010,Exterior Walls,,L5,0' - 0",,,,1,Vertical,,,,,,,,,By Type,,Default,,,Basic Wall,Basic Wall: Chase - GWB & Metal Stud 4 1/4",,,Soffit,6.6534 BTU/(h·ft²·°F),,38Ozd1J$fFHu9SwugZC0V5,,,,1' - 4 1/16",,,,New Construction,None,,,,,3,Metal Furring,Non-bearing,17.6896 BTU/(ft²·°F),0.1503 (h·ft²·°F)/BTU,Up to level: R2,-0' - 6",,Chase - GWB & Metal Stud 4 1/4",,,3FDTNrVMX5CROAaE1LHtAP,,S03,12' - 10",,6.08 CF,0' - 4 1/4",
0.7,,17 SF,B2010,Exterior Walls,,L5,0' - 0",,,,1,Vertical,,,,,,,,,By Type,,Default,,,Basic Wall,Basic Wall: Chase - GWB & Metal Stud 4 1/4",,,Soffit,6.6534 BTU/(h·ft²·°F),,38Ozd1J$fFHu9SwugZC0Ue,,,,2' - 1 7/16",,,,New Construction,None,,,,,3,Metal Furring,Non-bearing,17.6896 BTU/(ft²·°F),0.1503 (h·ft²·°F)/BTU,Up to level: R2,-0' - 6",,Chase - GWB & Metal Stud 4 1/4",,,3FDTNrVMX5CROAaE1LHtAP,,S03,12' - 10",,6.07 CF,0' - 4 1/4",
,,27 SF,B2020200,Curtain Walls,,L5,1' - 4",,,,1,Vertical,,,,,,,,,By Type,,Default,,,Curtain Wall,Curtain Wall: _Not Defined,,,Exterior,,,2MAHRuCXP51wFXs0k0D8sO,,,,3' - 0",,,,New Construction,None,,,,,,,Non-bearing,,,Up to level: Parapet,-7' - 8",,_Not Defined,,,2mjs6M6G98BxHa18ZZD5sI,,CW01,9' - 0",,,,
0.7,,24 SF,C1010145,Partitions - Drywall w/ Metal Stud,,L5,0' - 0",,,,1,Vertical,,,,,,,,,By Type,,Default,,,Basic Wall,Basic Wall: Party - 6 1/8" (2-hr),,2 HR,Interior,0.0234 BTU/(h·ft²·°F),,2MAHRuCXP51wFXs0k0D9B7,,,,3' - 4",,,,New Construction,None,,,,,3,Metal Stud Layer,Non-bearing,5.1774 BTU/(ft²·°F),42.8246 (h·ft²·°F)/BTU,Up to level: R1,0' - 0",,Party - 6 1/8" (2-hr),,,1UzjuOoQr4P85_KNmJAtS$,,W01,7' - 2",,23.39 CF,0' - 11 3/4",
0.7,,44 SF,B2010,Exterior Walls,,L5,0' - 0",,,,1,Vertical,,,,,,,,,By Type,,Default,,,Basic Wall,Basic Wall: Chase - GWB & Metal Stud 2 1/4",,,Soffit,6.9498 BTU/(h·ft²·°F),,2MAHRuCXP51wFXs0k0D96a,,,,3' - 4",,,,New Construction,None,,,,,3,Metal Furring,Non-bearing,8.3257 BTU/(ft²·°F),0.1439 (h·ft²·°F)/BTU,Up to level: R2,0' - 0",,Chase - GWB & Metal Stud 2 1/4",,,3_kk4p4U1Bdg7XGdF3sGJo,,S01,13' - 4",,5.60 CF,0' - 2 1/4",
0.7,,24 SF,C1010145,Partitions - Drywall w/ Metal Stud,,L5,0' - 0",,,,1,Vertical,,,,,,,,,By Type,,Default,,,Basic Wall,Basic Wall: Party - 6 1/8" (2-hr),,2 HR,Interior,0.0234 BTU/(h·ft²·°F),,2MAHRuCXP51wFXs0k0D95i,,,,3' - 4",,,,New Construction,None,,,,,3,Metal Stud Layer,Non-bearing,5.1774 BTU/(ft²·°F),42.8246 (h·ft²·°F)/BTU,Up to level: R1,0' - 0",,Party - 6 1/8" (2-hr),,,1UzjuOoQr4P85_KNmJAtS$,,W01,7' - 2",,23.39 CF,0' - 11 3/4",
0.7,,44 SF,B2010,Exterior Walls,,L5,0' - 0",,,,1,Vertical,,,,,,,,,By Type,,Default,,,Basic Wall,Basic Wall: Chase - GWB & Metal Stud 2 1/4",,,Soffit,6.9498 BTU/(h·ft²·°F),,2MAHRuCXP51wFXs0k0D95l,,,,3' - 4",,,,New Construction,None,,,,,3,Metal Furring,Non-bearing,8.3257 BTU/(ft²·°F),0.1439 (h·ft²·°F)/BTU,Up to level: R2,0' - 0",,Chase - GWB & Metal Stud 2 1/4",,,3_kk4p4U1Bdg7XGdF3sGJo,,S01,13' - 4",,5.60 CF,0' - 2 1/4",
0.7,,200 SF,B2010158,Ext. Wall - Brick Veneer w/ Stud,,R1,0' - 0",,,,1,Vertical,,,,,,,,,By Type,,Default,,,Basic Wall,Basic Wall: Exterior - 13 5/8" Rainscreen (Two Sides) w Insultation on Metal Stud,,2 HR,Exterior,0.0240 BTU/(h·ft²·°F),,266x49qd94VO9VnwhX1S__,,,,32' - 10 5/16",,,,New Construction,None,,,,,3,,Non-bearing,23.6073 BTU/(ft²·°F),41.6985 (h·ft²·°F)/BTU,Up to level: Parapet,0' - 0",,Exterior - 13 5/8" Rainscreen (Two Sides) w Insultation on Metal Stud,,,266x49qd94VO9VnwhX1SwZ,,X06,10' - 10",,222.68 CF,1' - 1 5/8",
0.7,,198 SF,B2010158,Ext. Wall - Brick Veneer w/ Stud,,R1,0' - 0",,,,1,Vertical,,,,,,,,,By Type,,Default,,,Basic Wall,Basic Wall: Exterior - 13 5/8" Rainscreen (Two Sides) w Insultation on Metal Stud,,2 HR,Exterior,0.0240 BTU/(h·ft²·°F),,266x49qd94VO9VnwhX1S_$,,,,32' - 10 5/16",,,,New Construction,None,,,,,3,,Non-bearing,23.6073 BTU/(ft²·°F),41.6985 (h·ft²·°F)/BTU,Up to level: Parapet,0' - 0",,Exterior - 13 5/8" Rainscreen (Two Sides) w Insultation on Metal Stud,,,266x49qd94VO9VnwhX1SwZ,,X06,10' - 10",,219.66 CF,1' - 1 5/8",
,,105 SF,,,,,,,,,1,,,,,,,,,,By Type,,Default,,,Parapet Cap Bandstand,Parapet Cap Bandstand: Parapet Cap Bandstand,,,,,,266x49qd94VO9VnwhX1S$r,,,,,,,,New Construction,None,Rebar Cover 1 <0' - 1">,,,,,,,,,,,,Parapet Cap Bandstand,,,266x49qd94VO9VnwhX1S$x,,,,,34.24 CF,,
0.7,,847 SF,B2010158,Ext. Wall - Brick Veneer w/ Stud,,L3,-0' - 1",,,,1,Vertical,,,,,,,,,By Type,,Default,,,Basic Wall,Basic Wall: Exterior - 12 5/8" Rainscreen w Insultation on Metal Stud,,2 HR,Exterior,0.0217 BTU/(h·ft²·°F),,0cemOK0dX4qvOXqbb_njMW,,,,18' - 4 7/32",,,,New Construction,None,,,,,3,,Non-bearing,14.9105 BTU/(ft²·°F),46.0097 (h·ft²·°F)/BTU,Up to level: Parapet,0' - 0",,Exterior - 12 5/8" Rainscreen w Insultation on Metal Stud,,,3GC6dLJPT0_w0HkhCmqXpI,,X04,44' - 9",,880.67 CF,1' - 0 5/8",
0.7,,5 SF,B2010158,Ext. Wall - Brick Veneer w/ Stud,,L3,-5' - 0",,,,1,Vertical,,,,,,,,,By Type,,Default,,,Basic Wall,Basic Wall: Exterior - 12 5/8" Rainscreen w Insultation on Metal Stud,,2 HR,Exterior,0.0217 BTU/(h·ft²·°F),,19wte9agf2gQF7hll3rkGB,,,,1' - 5 1/4",,,,New Construction,None,,,,,3,,Non-bearing,14.9105 BTU/(ft²·°F),46.0097 (h·ft²·°F)/BTU,Up to level: L3,-0' - 6",,Exterior - 12 5/8" Rainscreen w Insultation on Metal Stud,,,3GC6dLJPT0_w0HkhCmqXpI,,X04,4' - 6",,4.07 CF,1' - 0 5/8",
0.7,,5 SF,B2010158,Ext. Wall - Brick Veneer w/ Stud,,L3,-5' - 0",,,,1,Vertical,,,,,,,,,By Type,,Default,,,Basic Wall,Basic Wall: Exterior - 12 5/8" Rainscreen w Insultation on Metal Stud,,2 HR,Exterior,0.0217 BTU/(h·ft²·°F),,19wte9agf2gQF7hll3rkRE,,,,1' - 4 25/32",,,,New Construction,None,,,,,3,,Non-bearing,14.9105 BTU/(ft²·°F),46.0097 (h·ft²·°F)/BTU,Up to level: L3,-0' - 6",,Exterior - 12 5/8" Rainscreen w Insultation on Metal Stud,,,3GC6dLJPT0_w0HkhCmqXpI,,X04,4' - 6",,3.89 CF,1' - 0 5/8",
0.7,,5 SF,B2010158,Ext. Wall - Brick Veneer w/ Stud,,L3,-5' - 0",,,,1,Vertical,,,,,,,,,By Type,,Default,,,Basic Wall,Basic Wall: Exterior - 12 5/8" Rainscreen w Insultation on Metal Stud,,2 HR,Exterior,0.0217 BTU/(h·ft²·°F),,19wte9agf2gQF7hll3rkR6,,,,1' - 4 11/32",,,,New Construction,None,,,,,3,,Non-bearing,14.9105 BTU/(ft²·°F),46.0097 (h·ft²·°F)/BTU,Up to level: L3,-0' - 6",,Exterior - 12 5/8" Rainscreen w Insultation on Metal Stud,,,3GC6dLJPT0_w0HkhCmqXpI,,X04,4' - 6",,3.71 CF,1' - 0 5/8",
0.7,,14 SF,B2010,Exterior Walls,,L1 - Block 35,0' - 0",,,,1,Vertical,,,,,,,,,By Type,,Default,,,Basic Wall,Basic Wall: Chase - GWB & Metal Stud 3 1/8",,,Soffit,6.8169 BTU/(h·ft²·°F),,1aXCSk$gDEVQyZFyB5KhmY,,,,0' - 10 7/8",,,,New Construction,None,,,,,3,Metal Furring,Non-bearing,12.4224 BTU/(ft²·°F),0.1467 (h·ft²·°F)/BTU,Up to level: L3,-0' - 6",,Chase - GWB & Metal Stud 3 1/8",,,09eUxCNaz3lOO$6VIXc4cu,,S02,24' - 3",,3.75 CF,0' - 3 1/8",
0.7,,81 SF,C1010145,Partitions - Drywall w/ Metal Stud,,L3,-2' - 3 1/2",,,,1,Vertical,,,,,,,,,By Type,,Default,,,Basic Wall,Basic Wall: Soffit - Beam Wrap 9 1/4" (One Side),,2 HR,Interior,0.0215 BTU/(h·ft²·°F),,1aXCSk$gDEVQyZFyB5Khzv,,,,45' - 10 7/8",,,,New Construction,None,,,,,3,Metal Stud Layer,Non-bearing,1.4471 BTU/(ft²·°F),46.4303 (h·ft²·°F)/BTU,Up to level: L3,-0' - 6",,Soffit - Beam Wrap 9 1/4" (One Side),,,0a6T$5n7X4fAlDdhFoNETY,,,1' - 9 1/2",,31.55 CF,0' - 9 1/4",
0.7,,81 SF,C1010145,Partitions - Drywall w/ Metal Stud,,L4,-2' - 3 1/2",,,,1,Vertical,,,,,,,,,By Type,,Default,,,Basic Wall,Basic Wall: Soffit - Beam Wrap 9 1/4" (One Side),,2 HR,Interior,0.0215 BTU/(h·ft²·°F),,1aXCSk$gDEVQyZFyB5KhwD,,,,45' - 3 5/16",,,,New Construction,None,,,,,3,Metal Stud Layer,Non-bearing,1.4471 BTU/(ft²·°F),46.4303 (h·ft²·°F)/BTU,Up to level: L4,-0' - 6",,Soffit - Beam Wrap 9 1/4" (One Side),,,0a6T$5n7X4fAlDdhFoNETY,,,1' - 9 1/2",,31.61 CF,0' - 9 1/4",
0.7,,81 SF,C1010145,Partitions - Drywall w/ Metal Stud,,L5,-2' - 3 1/2",,,,1,Vertical,,,,,,,,,By Type,,Default,,,Basic Wall,Basic Wall: Soffit - Beam Wrap 9 1/4" (One Side),,2 HR,Interior,0.0215 BTU/(h·ft²·°F),,1aXCSk$gDEVQyZFyB5KhxD,,,,45' - 3 5/16",,,,New Construction,None,,,,,3,Metal Stud Layer,Non-bearing,1.4471 BTU/(ft²·°F),46.4303 (h·ft²·°F)/BTU,Up to level: L5,-0' - 6",,Soffit - Beam Wrap 9 1/4" (One Side),,,0a6T$5n7X4fAlDdhFoNETY,,,1' - 9 1/2",,31.61 CF,0' - 9 1/4",
0.7,,32 SF,C1010145,Partitions - Drywall w/ Metal Stud,,L3,-2' - 3 1/2",,,,1,Vertical,,,,,,,,,By Type,,Default,,,Basic Wall,Basic Wall: Soffit - Beam Wrap 9 1/4" (One Side),,2 HR,Interior,0.0215 BTU/(h·ft²·°F),,0usV6tDDnFohq5PghQ5D4p,,,,17' - 11 15/16",,,,New Construction,None,,,,,3,Metal Stud Layer,Non-bearing,1.4471 BTU/(ft²·°F),46.4303 (h·ft²·°F)/BTU,Up to level: L3,-0' - 6",,Soffit - Beam Wrap 9 1/4" (One Side),,,0a6T$5n7X4fAlDdhFoNETY,,,1' - 9 1/2",,21.67 CF,0' - 9 1/4",
0.7,,32 SF,C1010145,Partitions - Drywall w/ Metal Stud,,L4,-2' - 3 1/2",,,,1,Vertical,,,,,,,,,By Type,,Default,,,Basic Wall,Basic Wall: Soffit - Beam Wrap 9 1/4" (One Side),,2 HR,Interior,0.0215 BTU/(h·ft²·°F),,0usV6tDDnFohq5PghQ5D4m,,,,17' - 11 15/16",,,,New Construction,None,,,,,3,Metal Stud Layer,Non-bearing,1.4471 BTU/(ft²·°F),46.4303 (h·ft²·°F)/BTU,Up to level: L4,-0' - 6",,Soffit - Beam Wrap 9 1/4" (One Side),,,0a6T$5n7X4fAlDdhFoNETY,,,1' - 9 1/2",,21.67 CF,0' - 9 1/4",
0.7,,32 SF,C1010145,Partitions - Drywall w/ Metal Stud,,L5,-2' - 3 1/2",,,,1,Vertical,,,,,,,,,By Type,,Default,,,Basic Wall,Basic Wall: Soffit - Beam Wrap 9 1/4" (One Side),,2 HR,Interior,0.0215 BTU/(h·ft²·°F),,0usV6tDDnFohq5PghQ5D4n,,,,17' - 11 15/16",,,,New Construction,None,,,,,3,Metal Stud Layer,Non-bearing,1.4471 BTU/(ft²·°F),46.4303 (h·ft²·°F)/BTU,Up to level: L5,-0' - 6",,Soffit - Beam Wrap 9 1/4" (One Side),,,0a6T$5n7X4fAlDdhFoNETY,,,1' - 9 1/2",,21.67 CF,0' - 9 1/4",
0.7,,32 SF,C1010145,Partitions - Drywall w/ Metal Stud,,R2,-2' - 3 1/2",,,,1,Vertical,,,,,,,,,By Type,,Default,,,Basic Wall,Basic Wall: Soffit - Beam Wrap 9 1/4" (One Side),,2 HR,Interior,0.0215 BTU/(h·ft²·°F),,0usV6tDDnFohq5PghQ5D5p,,,,17' - 11 15/16",,,,New Construction,None,,,,,3,Metal Stud Layer,Non-bearing,1.4471 BTU/(ft²·°F),46.4303 (h·ft²·°F)/BTU,Up to level: R2,-0' - 6",,Soffit - Beam Wrap 9 1/4" (One Side),,,0a6T$5n7X4fAlDdhFoNETY,,,1' - 9 1/2",,21.67 CF,0' - 9 1/4",
0.7,,432 SF,B2010,Exterior Walls,,L3,0' - 0",,,,1,Vertical,,,,,,,,,By Type,,Default,,,Basic Wall,Basic Wall: Core - Concrete 12",,4 HR,Core-shaft,0.6044 BTU/(h·ft²·°F),,2biUYIYNLD2waIQI_930J2,,,,9' - 4 1/2",,,,New Construction,None,,,,,3,Concrete, Cast-in-Place gray,Non-bearing,22.5315 BTU/(ft²·°F),1.6546 (h·ft²·°F)/BTU,Up to level: Parapet 2,0' - 0",,Core - Concrete 12",,,2Rqwfi9uL0W9XTWzRAs_ER,,C02,52' - 0",,431.66 CF,1' - 0",
0.7,,66 SF,C1010145,Partitions - Drywall w/ Metal Stud,,L5,-5' - 4",,,,1,Vertical,,,,,,,,,By Type,,Default,,,Basic Wall,Basic Wall: Soffit - Beam Wrap (Both Sides),,2 HR,Interior,0.0214 BTU/(h·ft²·°F),,0nmj5h3Qz0HuadpZqE8VI5,,,,22' - 6 1/4",,,,New Construction,None,,,,,3,Metal Stud Layer,Non-bearing,2.8823 BTU/(ft²·°F),46.7076 (h·ft²·°F)/BTU,Up to level: L5,-2' - 4",,Soffit - Beam Wrap (Both Sides),,,0a6T$5n7X4fAlDdhFoNEVx,,,3' - 0",,57.43 CF,0' - 10 1/2",
0.7,,39 SF,C1010145,Partitions - Drywall w/ Metal Stud,,R1,-0' - 11",,,,1,Vertical,,,,,,,,,By Type,,Default,,,Basic Wall,Basic Wall: Soffit - Beam Wrap 10 1/2" (Two Sides),,2 HR,Interior,0.0214 BTU/(h·ft²·°F),,3pzaB_ZtL36el0ClYINd3J,,,,23' - 10 3/8",,,,New Construction,None,,,,,3,Metal Stud Layer,Non-bearing,2.8823 BTU/(ft²·°F),46.7076 (h·ft²·°F)/BTU,Up to level: R1,0' - 8 1/2",,Soffit - Beam Wrap 10 1/2" (Two Sides),,,040pYaAfP5UfxiZy_buDpx,,,1' - 7 1/2",,33.94 CF,0' - 10 1/2",
0.7,,34 SF,C1010145,Partitions - Drywall w/ Metal Stud,,L4,-2' - 4",,,,1,Vertical,,,,,,,,,By Type,,Default,,,Basic Wall,Basic Wall: Soffit - Beam Wrap 10 1/2" (Two Sides),,2 HR,Interior,0.0214 BTU/(h·ft²·°F),,3pzaB_ZtL36el0ClYINdSR,,,,18' - 4",,,,New Construction,None,,,,,3,Metal Stud Layer,Non-bearing,2.8823 BTU/(ft²·°F),46.7076 (h·ft²·°F)/BTU,Up to level: L4,-0' - 6",,Soffit - Beam Wrap 10 1/2" (Two Sides),,,040pYaAfP5UfxiZy_buDpx,,,1' - 10",,29.41 CF,0' - 10 1/2",
0.7,,67 SF,C1010145,Partitions - Drywall w/ Metal Stud,,L5,-2' - 4",,,,1,Vertical,,,,,,,,,By Type,,Default,,,Basic Wall,Basic Wall: Soffit - Beam Wrap 10 1/2" (Two Sides),,2 HR,Interior,0.0214 BTU/(h·ft²·°F),,3pzaB_ZtL36el0ClYINdSp,,,,37' - 8 1/8",,,,New Construction,None,,,,,3,Metal Stud Layer,Non-bearing,2.8823 BTU/(ft²·°F),46.7076 (h·ft²·°F)/BTU,Up to level: L5,-0' - 6",,Soffit - Beam Wrap 10 1/2" (Two Sides),,,040pYaAfP5UfxiZy_buDpx,,,1' - 10",,58.87 CF,0' - 10 1/2",
0.7,,34 SF,C1010145,Partitions - Drywall w/ Metal Stud,,L3,-2' - 5",,,,1,Vertical,,,,,,,,,By Type,,Default,,,Basic Wall,Basic Wall: Soffit - Beam Wrap 9 1/4" (One Side),,2 HR,Interior,0.0215 BTU/(h·ft²·°F),,2cjIMZpBv7Bx_yWTejjN5D,,,,18' - 6 1/4",,,,New Construction,None,,,,,3,Metal Stud Layer,Non-bearing,1.4471 BTU/(ft²·°F),46.4303 (h·ft²·°F)/BTU,Up to level: L3,-0' - 6",,Soffit - Beam Wrap 9 1/4" (One Side),,,0a6T$5n7X4fAlDdhFoNETY,,,1' - 11",,26.39 CF,0' - 9 1/4",
0.7,,50 SF,C1010145,Partitions - Drywall w/ Metal Stud,,L4,-2' - 3 1/2",,,,1,Vertical,,,,,,,,,By Type,,Default,,,Basic Wall,Basic Wall: Soffit - Beam Wrap 11 1/4" (One Side),,2 HR,Interior,0.0173 BTU/(h·ft²·°F),,2cjIMZpBv7Bx_yWTejjN7d,,,,27' - 10 11/32",,,,New Construction,None,,,,,3,Metal Stud Layer,Non-bearing,1.4501 BTU/(ft²·°F),57.9685 (h·ft²·°F)/BTU,Up to level: L4,-0' - 6",,Soffit - Beam Wrap 11 1/4" (One Side),,,1Cqo3AtXnDuuX$UkRCho45,,,1' - 9 1/2",,46.36 CF,0' - 11 1/4",
0.7,,33 SF,C1010145,Partitions - Drywall w/ Metal Stud,,L5,-2' - 3 1/2",,,,1,Vertical,,,,,,,,,By Type,,Default,,,Basic Wall,Basic Wall: Soffit - Beam Wrap 11 1/4" (One Side),,2 HR,Interior,0.0173 BTU/(h·ft²·°F),,2cjIMZpBv7Bx_yWTejjN7f,,,,18' - 6 1/4",,,,New Construction,None,,,,,3,Metal Stud Layer,Non-bearing,1.4501 BTU/(ft²·°F),57.9685 (h·ft²·°F)/BTU,Up to level: L5,-0' - 6",,Soffit - Beam Wrap 11 1/4" (One Side),,,1Cqo3AtXnDuuX$UkRCho45,,,1' - 9 1/2",,30.89 CF,0' - 11 1/4",
0.7,,3 SF,B2010,Exterior Walls,,Green Roof Hardscape,-0' - 1",,,,1,Vertical,,,,,,,,,By Type,,Default,,,Basic Wall,Basic Wall: Planter Wall - Steel Plate 1/2",,,Exterior,776.5488 BTU/(h·ft²·°F),,3oWRtKgGH6quoh0HBRWZ1R,,,,1' - 11 7/32",,,,New Construction,None,,,,,3,Steel Rusted,Non-bearing,2.3410 BTU/(ft²·°F),0.0013 (h·ft²·°F)/BTU,Unconnected,1' - 3",,Planter Wall - Steel Plate 1/2",,,3oWRtKgGH6quoh0HBRWZ2J,,,1' - 8",,0.12 CF,0' - 0 1/2",
0.7,,2 SF,B2010,Exterior Walls,,Green Roof Hardscape,-0' - 1",,,,1,Vertical,,,,,,,,,By Type,,Default,,,Basic Wall,Basic Wall: Planter Wall - Steel Plate 1/2",,,Exterior,776.5488 BTU/(h·ft²·°F),,3oWRtKgGH6quoh0HBRWZ1N,,,,1' - 2 3/8",,,,New Construction,None,,,,,3,Steel Rusted,Non-bearing,2.3410 BTU/(ft²·°F),0.0013 (h·ft²·°F)/BTU,Unconnected,1' - 3",,Planter Wall - Steel Plate 1/2",,,3oWRtKgGH6quoh0HBRWZ2J,,,1' - 8",,0.08 CF,0' - 0 1/2",
0.7,,17 SF,B2010,Exterior Walls,,Green Roof Hardscape,-0' - 1",,,,1,Vertical,,,,,,,,,By Type,,Default,,,Basic Wall,Basic Wall: Planter Wall - Steel Plate 1/2",,,Exterior,776.5488 BTU/(h·ft²·°F),,3oWRtKgGH6quoh0HBRWZ1G,,,,10' - 4 13/16",,,,New Construction,None,,,,,3,Steel Rusted,Non-bearing,2.3410 BTU/(ft²·°F),0.0013 (h·ft²·°F)/BTU,Unconnected,1' - 3",,Planter Wall - Steel Plate 1/2",,,3oWRtKgGH6quoh0HBRWZ2J,,,1' - 8",,0.72 CF,0' - 0 1/2",
0.7,,13 SF,B2010,Exterior Walls,,Green Roof Hardscape,-0' - 1",,,,1,Vertical,,,,,,,,,By Type,,Default,,,Basic Wall,Basic Wall: Planter Wall - Steel Plate 1/2",,,Exterior,776.5488 BTU/(h·ft²·°F),,3oWRtKgGH6quoh0HBRWZ1j,,,,7' - 10 13/32",,,,New Construction,None,,,,,3,Steel Rusted,Non-bearing,2.3410 BTU/(ft²·°F),0.0013 (h·ft²·°F)/BTU,Unconnected,1' - 3",,Planter Wall - Steel Plate 1/2",,,3oWRtKgGH6quoh0HBRWZ2J,,,1' - 8",,0.55 CF,0' - 0 1/2",
0.7,,2 SF,B2010,Exterior Walls,,Green Roof Hardscape,-0' - 1",,,,1,Vertical,,,,,,,,,By Type,,Default,,,Basic Wall,Basic Wall: Planter Wall - Steel Plate 1/2",,,Exterior,776.5488 BTU/(h·ft²·°F),,3oWRtKgGH6quoh0HBRWZ1f,,,,1' - 0 3/32",,,,New Construction,None,,,,,3,Steel Rusted,Non-bearing,2.3410 BTU/(ft²·°F),0.0013 (h·ft²·°F)/BTU,Unconnected,1' - 3",,Planter Wall - Steel Plate 1/2",,,3oWRtKgGH6quoh0HBRWZ2J,,,1' - 8",,0.07 CF,0' - 0 1/2",
0.7,,28 SF,B2010,Exterior Walls,,Green Roof Hardscape,-0' - 1",,,,1,Vertical,,,,,,,,,By Type,,Default,,,Basic Wall,Basic Wall: Planter Wall - Steel Plate 1/2",,,Exterior,776.5488 BTU/(h·ft²·°F),,3oWRtKgGH6quoh0HBRWZ1b,,,,16' - 10 31/32",,,,New Construction,None,,,,,3,Steel Rusted,Non-bearing,2.3410 BTU/(ft²·°F),0.0013 (h·ft²·°F)/BTU,Unconnected,1' - 3",,Planter Wall - Steel Plate 1/2",,,3oWRtKgGH6quoh0HBRWZ2J,,,1' - 8",,1.16 CF,0' - 0 1/2",
0.7,,9 SF,B2010,Exterior Walls,,Green Roof Hardscape,-0' - 1",,,,1,Vertical,,,,,,,,,By Type,,Default,,,Basic Wall,Basic Wall: Planter Wall - Steel Plate 1/2",,,Exterior,776.5488 BTU/(h·ft²·°F),,2xT4x5lXnBNxcZ5QZbxhS9,,,,5' - 5 3/16",,,,New Construction,None,,,,,3,Steel Rusted,Non-bearing,2.3410 BTU/(ft²·°F),0.0013 (h·ft²·°F)/BTU,Unconnected,1' - 3",,Planter Wall - Steel Plate 1/2",,,3oWRtKgGH6quoh0HBRWZ2J,,,1' - 8",,0.38 CF,0' - 0 1/2",
0.7,,16 SF,B2010,Exterior Walls,,Green Roof Hardscape,-0' - 1",,,,1,Vertical,,,,,,,,,By Type,,Default,,,Basic Wall,Basic Wall: Planter Wall - Steel Plate 1/2",,,Exterior,776.5488 BTU/(h·ft²·°F),,2xT4x5lXnBNxcZ5QZbxhSC,,,,9' - 7 5/16",,,,New Construction,None,,,,,3,Steel Rusted,Non-bearing,2.3410 BTU/(ft²·°F),0.0013 (h·ft²·°F)/BTU,Unconnected,1' - 3",,Planter Wall - Steel Plate 1/2",,,3oWRtKgGH6quoh0HBRWZ2J,,,1' - 8",,0.67 CF,0' - 0 1/2",
0.7,,4 SF,B2010,Exterior Walls,,Green Roof Hardscape,-0' - 1",,,,1,Vertical,,,,,,,,,By Type,,Default,,,Basic Wall,Basic Wall: Planter Wall - Steel Plate 1/2",,,Exterior,776.5488 BTU/(h·ft²·°F),,2xT4x5lXnBNxcZ5QZbxhSJ,,,,2' - 6 3/4",,,,New Construction,None,,,,,3,Steel Rusted,Non-bearing,2.3410 BTU/(ft²·°F),0.0013 (h·ft²·°F)/BTU,Unconnected,1' - 3",,Planter Wall - Steel Plate 1/2",,,3oWRtKgGH6quoh0HBRWZ2J,,,1' - 8",,0.18 CF,0' - 0 1/2",
0.7,,9 SF,B2010,Exterior Walls,,Green Roof Hardscape,-0' - 1",,,,1,Vertical,,,,,,,,,By Type,,Default,,,Basic Wall,Basic Wall: Planter Wall - Steel Plate 1/2",,,Exterior,776.5488 BTU/(h·ft²·°F),,2xT4x5lXnBNxcZ5QZbxhSN,,,,6' - 2 1/16",,,,New Construction,None,,,,,3,Steel Rusted,Non-bearing,2.3410 BTU/(ft²·°F),0.0013 (h·ft²·°F)/BTU,Unconnected,1' - 3",,Planter Wall - Steel Plate 1/2",,,3oWRtKgGH6quoh0HBRWZ2J,,,1' - 8",,0.39 CF,0' - 0 1/2",
0.7,,29 SF,B2010,Exterior Walls,,Green Roof Hardscape,-0' - 1",,,,1,Vertical,,,,,,,,,By Type,,Default,,,Basic Wall,Basic Wall: Planter Wall - Steel Plate 1/2",,,Exterior,776.5488 BTU/(h·ft²·°F),,2xT4x5lXnBNxcZ5QZbxhSR,,,,17' - 5",,,,New Construction,None,,,,,3,Steel Rusted,Non-bearing,2.3410 BTU/(ft²·°F),0.0013 (h·ft²·°F)/BTU,Unconnected,1' - 3",,Planter Wall - Steel Plate 1/2",,,3oWRtKgGH6quoh0HBRWZ2J,,,1' - 8",,1.21 CF,0' - 0 1/2",
0.7,,13 SF,B2010,Exterior Walls,,Green Roof Hardscape,-0' - 1",,,,1,Vertical,,,,,,,,,By Type,,Default,,,Basic Wall,Basic Wall: Planter Wall - Steel Plate 1/2",,,Exterior,776.5488 BTU/(h·ft²·°F),,2xT4x5lXnBNxcZ5QZbxhSc,,,,7' - 6 13/16",,,,New Construction,None,,,,,3,Steel Rusted,Non-bearing,2.3410 BTU/(ft²·°F),0.0013 (h·ft²·°F)/BTU,Unconnected,1' - 3",,Planter Wall - Steel Plate 1/2",,,3oWRtKgGH6quoh0HBRWZ2J,,,1' - 8",,0.52 CF,0' - 0 1/2",
0.7,,2 SF,B2010,Exterior Walls,,Green Roof Hardscape,-0' - 1",,,,1,Vertical,,,,,,,,,By Type,,Default,,,Basic Wall,Basic Wall: Planter Wall - Steel Plate 1/2",,,Exterior,776.5488 BTU/(h·ft²·°F),,2xT4x5lXnBNxcZ5QZbxhPR,,,,0' - 11 13/32",,,,New Construction,None,,,,,3,Steel Rusted,Non-bearing,2.3410 BTU/(ft²·°F),0.0013 (h·ft²·°F)/BTU,Unconnected,1' - 3",,Planter Wall - Steel Plate 1/2",,,3oWRtKgGH6quoh0HBRWZ2J,,,1' - 8",,0.06 CF,0' - 0 1/2",
0.7,,10 SF,B2010,Exterior Walls,,Green Roof Hardscape,-0' - 1",,,,1,Vertical,,,,,,,,,By Type,,Default,,,Basic Wall,Basic Wall: Planter Wall - Steel Plate 1/2",,,Exterior,776.5488 BTU/(h·ft²·°F),,34lqDYnzHB3wmZslDJweog,,,,6' - 1 1/16",,,,New Construction,None,,,,,3,Steel Rusted,Non-bearing,2.3410 BTU/(ft²·°F),0.0013 (h·ft²·°F)/BTU,Unconnected,1' - 3",,Planter Wall - Steel Plate 1/2",,,3oWRtKgGH6quoh0HBRWZ2J,,,1' - 8",,0.41 CF,0' - 0 1/2",
0.7,,12 SF,B2010,Exterior Walls,,Green Roof Hardscape,-0' - 1",,,,1,Vertical,,,,,,,,,By Type,,Default,,,Basic Wall,Basic Wall: Planter Wall - Steel Plate 1/2",,,Exterior,776.5488 BTU/(h·ft²·°F),,34lqDYnzHB3wmZslDJweoc,,,,7' - 5 1/2",,,,New Construction,None,,,,,3,Steel Rusted,Non-bearing,2.3410 BTU/(ft²·°F),0.0013 (h·ft²·°F)/BTU,Unconnected,1' - 3",,Planter Wall - Steel Plate 1/2",,,3oWRtKgGH6quoh0HBRWZ2J,,,1' - 8",,0.52 CF,0' - 0 1/2",
0.7,,26 SF,B2010,Exterior Walls,,Green Roof Hardscape,-0' - 1",,,,1,Vertical,,,,,,,,,By Type,,Default,,,Basic Wall,Basic Wall: Planter Wall - Steel Plate 1/2",,,Exterior,776.5488 BTU/(h·ft²·°F),,34lqDYnzHB3wmZslDJweoY,,,,15' - 9 7/8",,,,New Construction,None,,,,,3,Steel Rusted,Non-bearing,2.3410 BTU/(ft²·°F),0.0013 (h·ft²·°F)/BTU,Unconnected,1' - 3",,Planter Wall - Steel Plate 1/2",,,3oWRtKgGH6quoh0HBRWZ2J,,,1' - 8",,1.10 CF,0' - 0 1/2",
0.7,,9 SF,B2010,Exterior Walls,,Green Roof Hardscape,-0' - 1",,,,1,Vertical,,,,,,,,,By Type,,Default,,,Basic Wall,Basic Wall: Planter Wall - Steel Plate 1/2",,,Exterior,776.5488 BTU/(h·ft²·°F),,34lqDYnzHB3wmZslDJweoU,,,,5' - 11 1/16",,,,New Construction,None,,,,,3,Steel Rusted,Non-bearing,2.3410 BTU/(ft²·°F),0.0013 (h·ft²·°F)/BTU,Unconnected,1' - 3",,Planter Wall - Steel Plate 1/2",,,3oWRtKgGH6quoh0HBRWZ2J,,,1' - 8",,0.39 CF,0' - 0 1/2",
0.7,,2 SF,B2010,Exterior Walls,,Green Roof Hardscape,-0' - 1",,,,1,Vertical,,,,,,,,,By Type,,Default,,,Basic Wall,Basic Wall: Planter Wall - Steel Plate 1/2",,,Exterior,776.5488 BTU/(h·ft²·°F),,34lqDYnzHB3wmZslDJwlAr,,,,1' - 2 3/4",,,,New Construction,None,,,,,3,Steel Rusted,Non-bearing,2.3410 BTU/(ft²·°F),0.0013 (h·ft²·°F)/BTU,Unconnected,1' - 3",,Planter Wall - Steel Plate 1/2",,,3oWRtKgGH6quoh0HBRWZ2J,,,1' - 8",,0.09 CF,0' - 0 1/2",
0.7,,11 SF,B2010,Exterior Walls,,Green Roof Hardscape,-0' - 1",,,,1,Vertical,,,,,,,,,By Type,,Default,,,Basic Wall,Basic Wall: Planter Wall - Steel Plate 1/2",,,Exterior,776.5488 BTU/(h·ft²·°F),,34lqDYnzHB3wmZslDJwlAn,,,,6' - 10 1/4",,,,New Construction,None,,,,,3,Steel Rusted,Non-bearing,2.3410 BTU/(ft²·°F),0.0013 (h·ft²·°F)/BTU,Unconnected,1' - 3",,Planter Wall - Steel Plate 1/2",,,3oWRtKgGH6quoh0HBRWZ2J,,,1' - 8",,0.48 CF,0' - 0 1/2",
0.7,,2 SF,B2010,Exterior Walls,,Green Roof Hardscape,-0' - 1",,,,1,Vertical,,,,,,,,,By Type,,Default,,,Basic Wall,Basic Wall: Planter Wall - Steel Plate 1/2",,,Exterior,776.5488 BTU/(h·ft²·°F),,34lqDYnzHB3wmZslDJwlAj,,,,1' - 2 3/4",,,,New Construction,None,,,,,3,Steel Rusted,Non-bearing,2.3410 BTU/(ft²·°F),0.0013 (h·ft²·°F)/BTU,Unconnected,1' - 3",,Planter Wall - Steel Plate 1/2",,,3oWRtKgGH6quoh0HBRWZ2J,,,1' - 8",,0.08 CF,0' - 0 1/2",
0.7,,2 SF,B2010,Exterior Walls,,Green Roof Hardscape,-0' - 1",,,,1,Vertical,,,,,,,,,By Type,,Default,,,Basic Wall,Basic Wall: Planter Wall - Steel Plate 1/2",,,Exterior,776.5488 BTU/(h·ft²·°F),,34lqDYnzHB3wmZslDJwlAf,,,,1' - 2 3/4",,,,New Construction,None,,,,,3,Steel Rusted,Non-bearing,2.3410 BTU/(ft²·°F),0.0013 (h·ft²·°F)/BTU,Unconnected,1' - 3",,Planter Wall - Steel Plate 1/2",,,3oWRtKgGH6quoh0HBRWZ2J,,,1' - 8",,0.09 CF,0' - 0 1/2",
0.7,,11 SF,B2010,Exterior Walls,,Green Roof Hardscape,-0' - 1",,,,1,Vertical,,,,,,,,,By Type,,Default,,,Basic Wall,Basic Wall: Planter Wall - Steel Plate 1/2",,,Exterior,776.5488 BTU/(h·ft²·°F),,34lqDYnzHB3wmZslDJwlAb,,,,6' - 10 3/4",,,,New Construction,None,,,,,3,Steel Rusted,Non-bearing,2.3410 BTU/(ft²·°F),0.0013 (h·ft²·°F)/BTU,Unconnected,1' - 3",,Planter Wall - Steel Plate 1/2",,,3oWRtKgGH6quoh0HBRWZ2J,,,1' - 8",,0.48 CF,0' - 0 1/2",
0.7,,2 SF,B2010,Exterior Walls,,Green Roof Hardscape,-0' - 1",,,,1,Vertical,,,,,,,,,By Type,,Default,,,Basic Wall,Basic Wall: Planter Wall - Steel Plate 1/2",,,Exterior,776.5488 BTU/(h·ft²·°F),,34lqDYnzHB3wmZslDJwlAX,,,,1' - 2 3/4",,,,New Construction,None,,,,,3,Steel Rusted,Non-bearing,2.3410 BTU/(ft²·°F),0.0013 (h·ft²·°F)/BTU,Unconnected,1' - 3",,Planter Wall - Steel Plate 1/2",,,3oWRtKgGH6quoh0HBRWZ2J,,,1' - 8",,0.08 CF,0' - 0 1/2",
0.7,,2 SF,B2010,Exterior Walls,,Green Roof Hardscape,-0' - 1",,,,1,Vertical,,,,,,,,,By Type,,Default,,,Basic Wall,Basic Wall: Planter Wall - Steel Plate 1/2",,,Exterior,776.5488 BTU/(h·ft²·°F),,34lqDYnzHB3wmZslDJwlAT,,,,1' - 2 3/4",,,,New Construction,None,,,,,3,Steel Rusted,Non-bearing,2.3410 BTU/(ft²·°F),0.0013 (h·ft²·°F)/BTU,Unconnected,1' - 3",,Planter Wall - Steel Plate 1/2",,,3oWRtKgGH6quoh0HBRWZ2J,,,1' - 8",,0.09 CF,0' - 0 1/2",
0.7,,41 SF,B2010,Exterior Walls,,Green Roof Hardscape,-0' - 1",,,,1,Vertical,,,,,,,,,By Type,,Default,,,Basic Wall,Basic Wall: Planter Wall - Steel Plate 1/2",,,Exterior,776.5488 BTU/(h·ft²·°F),,34lqDYnzHB3wmZslDJwlAP,,,,24' - 9 1/4",,,,New Construction,None,,,,,3,Steel Rusted,Non-bearing,2.3410 BTU/(ft²·°F),0.0013 (h·ft²·°F)/BTU,Unconnected,1' - 3",,Planter Wall - Steel Plate 1/2",,,3oWRtKgGH6quoh0HBRWZ2J,,,1' - 8",,1.72 CF,0' - 0 1/2",
0.7,,2 SF,B2010,Exterior Walls,,Green Roof Hardscape,-0' - 1",,,,1,Vertical,,,,,,,,,By Type,,Default,,,Basic Wall,Basic Wall: Planter Wall - Steel Plate 1/2",,,Exterior,776.5488 BTU/(h·ft²·°F),,34lqDYnzHB3wmZslDJwlAL,,,,1' - 2 3/4",,,,New Construction,None,,,,,3,Steel Rusted,Non-bearing,2.3410 BTU/(ft²·°F),0.0013 (h·ft²·°F)/BTU,Unconnected,1' - 3",,Planter Wall - Steel Plate 1/2",,,3oWRtKgGH6quoh0HBRWZ2J,,,1' - 8",,0.08 CF,0' - 0 1/2",
0.7,,1 SF,B2010,Exterior Walls,,Green Roof Hardscape,-0' - 1",,,,1,Vertical,,,,,,,,,By Type,,Default,,,Basic Wall,Basic Wall: Planter Wall - Steel Plate 1/2",,,Exterior,776.5488 BTU/(h·ft²·°F),,34lqDYnzHB3wmZslDJwlAH,,,,0' - 9 3/4",,,,New Construction,None,,,,,3,Steel Rusted,Non-bearing,2.3410 BTU/(ft²·°F),0.0013 (h·ft²·°F)/BTU,Unconnected,1' - 3",,Planter Wall - Steel Plate 1/2",,,3oWRtKgGH6quoh0HBRWZ2J,,,1' - 8",,0.06 CF,0' - 0 1/2",
0.7,,2 SF,B2010,Exterior Walls,,Green Roof Hardscape,-0' - 1",,,,1,Vertical,,,,,,,,,By Type,,Default,,,Basic Wall,Basic Wall: Planter Wall - Steel Plate 1/2",,,Exterior,776.5488 BTU/(h·ft²·°F),,34lqDYnzHB3wmZslDJwlAD,,,,1' - 5 1/2",,,,New Construction,None,,,,,3,Steel Rusted,Non-bearing,2.3410 BTU/(ft²·°F),0.0013 (h·ft²·°F)/BTU,Unconnected,1' - 3",,Planter Wall - Steel Plate 1/2",,,3oWRtKgGH6quoh0HBRWZ2J,,,1' - 8",,0.10 CF,0' - 0 1/2",
0.7,,14 SF,B2010,Exterior Walls,,Green Roof Hardscape,-0' - 1",,,,1,Vertical,,,,,,,,,By Type,,Default,,,Basic Wall,Basic Wall: Planter Wall - Steel Plate 1/2",,,Exterior,776.5488 BTU/(h·ft²·°F),,34lqDYnzHB3wmZslDJwlA9,,,,8' - 2 5/8",,,,New Construction,None,,,,,3,Steel Rusted,Non-bearing,2.3410 BTU/(ft²·°F),0.0013 (h·ft²·°F)/BTU,Unconnected,1' - 3",,Planter Wall - Steel Plate 1/2",,,3oWRtKgGH6quoh0HBRWZ2J,,,1' - 8",,0.57 CF,0' - 0 1/2",
0.7,,27 SF,B2010,Exterior Walls,,Green Roof Hardscape,-0' - 1",,,,1,Vertical,,,,,,,,,By Type,,Default,,,Basic Wall,Basic Wall: Planter Wall - Steel Plate 1/2",,,Exterior,776.5488 BTU/(h·ft²·°F),,34lqDYnzHB3wmZslDJwlA5,,,,16' - 1 7/8",,,,New Construction,None,,,,,3,Steel Rusted,Non-bearing,2.3410 BTU/(ft²·°F),0.0013 (h·ft²·°F)/BTU,Unconnected,1' - 3",,Planter Wall - Steel Plate 1/2",,,3oWRtKgGH6quoh0HBRWZ2J,,,1' - 8",,1.12 CF,0' - 0 1/2",
0.7,,2 SF,B2010,Exterior Walls,,Green Roof Hardscape,-0' - 1",,,,1,Vertical,,,,,,,,,By Type,,Default,,,Basic Wall,Basic Wall: Planter Wall - Steel Plate 1/2",,,Exterior,776.5488 BTU/(h·ft²·°F),,34lqDYnzHB3wmZslDJwlA1,,,,0' - 11 3/4",,,,New Construction,None,,,,,3,Steel Rusted,Non-bearing,2.3410 BTU/(ft²·°F),0.0013 (h·ft²·°F)/BTU,Unconnected,1' - 3",,Planter Wall - Steel Plate 1/2",,,3oWRtKgGH6quoh0HBRWZ2J,,,1' - 8",,0.07 CF,0' - 0 1/2",
0.7,,7 SF,B2010,Exterior Walls,,Green Roof Hardscape,-0' - 1",,,,1,Vertical,,,,,,,,,By Type,,Default,,,Basic Wall,Basic Wall: Planter Wall - Steel Plate 1/2",,,Exterior,776.5488 BTU/(h·ft²·°F),,34lqDYnzHB3wmZslDJwl9z,,,,4' - 0",,,,New Construction,None,,,,,3,Steel Rusted,Non-bearing,2.3410 BTU/(ft²·°F),0.0013 (h·ft²·°F)/BTU,Unconnected,1' - 3",,Planter Wall - Steel Plate 1/2",,,3oWRtKgGH6quoh0HBRWZ2J,,,1' - 8",,0.28 CF,0' - 0 1/2",
0.7,,40 SF,B2010,Exterior Walls,,Green Roof Hardscape,-0' - 1",,,,1,Vertical,,,,,,,,,By Type,,Default,,,Basic Wall,Basic Wall: Planter Wall - Steel Plate 1/2",,,Exterior,776.5488 BTU/(h·ft²·°F),,34lqDYnzHB3wmZslDJwl9v,,,,23' - 9 3/4",,,,New Construction,None,,,,,3,Steel Rusted,Non-bearing,2.3410 BTU/(ft²·°F),0.0013 (h·ft²·°F)/BTU,Unconnected,1' - 3",,Planter Wall - Steel Plate 1/2",,,3oWRtKgGH6quoh0HBRWZ2J,,,1' - 8",,1.65 CF,0' - 0 1/2",
0.7,,6 SF,B2010,Exterior Walls,,Green Roof Hardscape,-0' - 1",,,,1,Vertical,,,,,,,,,By Type,,Default,,,Basic Wall,Basic Wall: Planter Wall - Steel Plate 1/2",,,Exterior,776.5488 BTU/(h·ft²·°F),,34lqDYnzHB3wmZslDJwl9r,,,,3' - 6 7/8",,,,New Construction,None,,,,,3,Steel Rusted,Non-bearing,2.3410 BTU/(ft²·°F),0.0013 (h·ft²·°F)/BTU,Unconnected,1' - 3",,Planter Wall - Steel Plate 1/2",,,3oWRtKgGH6quoh0HBRWZ2J,,,1' - 8",,0.25 CF,0' - 0 1/2",
0.7,,2 SF,B2010,Exterior Walls,,Green Roof Hardscape,-0' - 1",,,,1,Vertical,,,,,,,,,By Type,,Default,,,Basic Wall,Basic Wall: Planter Wall - Steel Plate 1/2",,,Exterior,776.5488 BTU/(h·ft²·°F),,34lqDYnzHB3wmZslDJwl9n,,,,1' - 0 3/4",,,,New Construction,None,,,,,3,Steel Rusted,Non-bearing,2.3410 BTU/(ft²·°F),0.0013 (h·ft²·°F)/BTU,Unconnected,1' - 3",,Planter Wall - Steel Plate 1/2",,,3oWRtKgGH6quoh0HBRWZ2J,,,1' - 8",,0.07 CF,0' - 0 1/2",
0.7,,12 SF,B2010,Exterior Walls,,Green Roof Hardscape,-0' - 1",,,,1,Vertical,,,,,,,,,By Type,,Default,,,Basic Wall,Basic Wall: Planter Wall - Steel Plate 1/2",,,Exterior,776.5488 BTU/(h·ft²·°F),,34lqDYnzHB3wmZslDJwl90,,,,7' - 4",,,,New Construction,None,,,,,3,Steel Rusted,Non-bearing,2.3410 BTU/(ft²·°F),0.0013 (h·ft²·°F)/BTU,Unconnected,1' - 3",,Planter Wall - Steel Plate 1/2",,,3oWRtKgGH6quoh0HBRWZ2J,,,1' - 8",,0.51 CF,0' - 0 1/2",
0.7,,3 SF,B2010,Exterior Walls,,Green Roof Hardscape,-0' - 1",,,,1,Vertical,,,,,,,,,By Type,,Default,,,Basic Wall,Basic Wall: Planter Wall - Steel Plate 1/2",,,Exterior,776.5488 BTU/(h·ft²·°F),,34lqDYnzHB3wmZslDJwl8y,,,,1' - 7 1/2",,,,New Construction,None,,,,,3,Steel Rusted,Non-bearing,2.3410 BTU/(ft²·°F),0.0013 (h·ft²·°F)/BTU,Unconnected,1' - 3",,Planter Wall - Steel Plate 1/2",,,3oWRtKgGH6quoh0HBRWZ2J,,,1' - 8",,0.11 CF,0' - 0 1/2",
0.7,,12 SF,B2010,Exterior Walls,,Green Roof Hardscape,-0' - 1",,,,1,Vertical,,,,,,,,,By Type,,Default,,,Basic Wall,Basic Wall: Planter Wall - Steel Plate 1/2",,,Exterior,776.5488 BTU/(h·ft²·°F),,34lqDYnzHB3wmZslDJwl8u,,,,7' - 4",,,,New Construction,None,,,,,3,Steel Rusted,Non-bearing,2.3410 BTU/(ft²·°F),0.0013 (h·ft²·°F)/BTU,Unconnected,1' - 3",,Planter Wall - Steel Plate 1/2",,,3oWRtKgGH6quoh0HBRWZ2J,,,1' - 8",,0.51 CF,0' - 0 1/2",
0.7,,3 SF,B2010,Exterior Walls,,Green Roof Hardscape,-0' - 1",,,,1,Vertical,,,,,,,,,By Type,,Default,,,Basic Wall,Basic Wall: Planter Wall - Steel Plate 1/2",,,Exterior,776.5488 BTU/(h·ft²·°F),,34lqDYnzHB3wmZslDJwl8q,,,,1' - 7 1/2",,,,New Construction,None,,,,,3,Steel Rusted,Non-bearing,2.3410 BTU/(ft²·°F),0.0013 (h·ft²·°F)/BTU,Unconnected,1' - 3",,Planter Wall - Steel Plate 1/2",,,3oWRtKgGH6quoh0HBRWZ2J,,,1' - 8",,0.11 CF,0' - 0 1/2",
0.7,,3 SF,B2010,Exterior Walls,,Green Roof Hardscape,-0' - 1",,,,1,Vertical,,,,,,,,,By Type,,Default,,,Basic Wall,Basic Wall: Planter Wall - Steel Plate 1/2",,,Exterior,776.5488 BTU/(h·ft²·°F),,34lqDYnzHB3wmZslDJwl8m,,,,1' - 7 1/2",,,,New Construction,None,,,,,3,Steel Rusted,Non-bearing,2.3410 BTU/(ft²·°F),0.0013 (h·ft²·°F)/BTU,Unconnected,1' - 3",,Planter Wall - Steel Plate 1/2",,,3oWRtKgGH6quoh0HBRWZ2J,,,1' - 8",,0.12 CF,0' - 0 1/2",
0.7,,21 SF,B2010,Exterior Walls,,Green Roof Hardscape,-0' - 1",,,,1,Vertical,,,,,,,,,By Type,,Default,,,Basic Wall,Basic Wall: Planter Wall - Steel Plate 1/2",,,Exterior,776.5488 BTU/(h·ft²·°F),,34lqDYnzHB3wmZslDJwl8i,,,,12' - 7 1/4",,,,New Construction,None,,,,,3,Steel Rusted,Non-bearing,2.3410 BTU/(ft²·°F),0.0013 (h·ft²·°F)/BTU,Unconnected,1' - 3",,Planter Wall - Steel Plate 1/2",,,3oWRtKgGH6quoh0HBRWZ2J,,,1' - 8",,0.87 CF,0' - 0 1/2",
0.7,,21 SF,B2010,Exterior Walls,,Green Roof Hardscape,-0' - 1",,,,1,Vertical,,,,,,,,,By Type,,Default,,,Basic Wall,Basic Wall: Planter Wall - Steel Plate 1/2",,,Exterior,776.5488 BTU/(h·ft²·°F),,34lqDYnzHB3wmZslDJwl8e,,,,12' - 7 1/4",,,,New Construction,None,,,,,3,Steel Rusted,Non-bearing,2.3410 BTU/(ft²·°F),0.0013 (h·ft²·°F)/BTU,Unconnected,1' - 3",,Planter Wall - Steel Plate 1/2",,,3oWRtKgGH6quoh0HBRWZ2J,,,1' - 8",,0.87 CF,0' - 0 1/2",
0.7,,44 SF,B2010,Exterior Walls,,Green Roof Hardscape,-0' - 1",,,,1,Vertical,,,,,,,,,By Type,,Default,,,Basic Wall,Basic Wall: Planter Wall - Steel Plate 1/2",,,Exterior,776.5488 BTU/(h·ft²·°F),,34lqDYnzHB3wmZslDJwlEA,,,,25' - 11 3/32",,,,New Construction,None,,,,,3,Steel Rusted,Non-bearing,2.3410 BTU/(ft²·°F),0.0013 (h·ft²·°F)/BTU,Unconnected,1' - 3",,Planter Wall - Steel Plate 1/2",,,3oWRtKgGH6quoh0HBRWZ2J,,,1' - 8",,1.80 CF,0' - 0 1/2",
0.7,,6 SF,B2010,Exterior Walls,,Green Roof Hardscape,-0' - 1",,,,1,Vertical,,,,,,,,,By Type,,Default,,,Basic Wall,Basic Wall: Planter Wall - Steel Plate 1/2",,,Exterior,776.5488 BTU/(h·ft²·°F),,34lqDYnzHB3wmZslDJwlE6,,,,3' - 4 19/32",,,,New Construction,None,,,,,3,Steel Rusted,Non-bearing,2.3410 BTU/(ft²·°F),0.0013 (h·ft²·°F)/BTU,Unconnected,1' - 3",,Planter Wall - Steel Plate 1/2",,,3oWRtKgGH6quoh0HBRWZ2J,,,1' - 8",,0.23 CF,0' - 0 1/2",
0.7,,43 SF,B2010,Exterior Walls,,Green Roof Hardscape,-0' - 1",,,,1,Vertical,,,,,,,,,By Type,,Default,,,Basic Wall,Basic Wall: Planter Wall - Steel Plate 1/2",,,Exterior,776.5488 BTU/(h·ft²·°F),,34lqDYnzHB3wmZslDJwlE2,,,,25' - 8 7/16",,,,New Construction,None,,,,,3,Steel Rusted,Non-bearing,2.3410 BTU/(ft²·°F),0.0013 (h·ft²·°F)/BTU,Unconnected,1' - 3",,Planter Wall - Steel Plate 1/2",,,3oWRtKgGH6quoh0HBRWZ2J,,,1' - 8",,1.78 CF,0' - 0 1/2",
0.7,,12 SF,B2010,Exterior Walls,,Green Roof Hardscape,-0' - 1",,,,1,Vertical,,,,,,,,,By Type,,Default,,,Basic Wall,Basic Wall: Planter Wall - Steel Plate 1/2",,,Exterior,776.5488 BTU/(h·ft²·°F),,34lqDYnzHB3wmZslDJwlD_,,,,7' - 0 15/32",,,,New Construction,None,,,,,3,Steel Rusted,Non-bearing,2.3410 BTU/(ft²·°F),0.0013 (h·ft²·°F)/BTU,Unconnected,1' - 3",,Planter Wall - Steel Plate 1/2",,,3oWRtKgGH6quoh0HBRWZ2J,,,1' - 8",,0.49 CF,0' - 0 1/2",
0.7,,20 SF,B2010,Exterior Walls,,Green Roof Hardscape,-0' - 1",,,,1,Vertical,,,,,,,,,By Type,,Default,,,Basic Wall,Basic Wall: Planter Wall - Steel Plate 1/2",,,Exterior,776.5488 BTU/(h·ft²·°F),,34lqDYnzHB3wmZslDJwlDw,,,,12' - 2 5/8",,,,New Construction,None,,,,,3,Steel Rusted,Non-bearing,2.3410 BTU/(ft²·°F),0.0013 (h·ft²·°F)/BTU,Unconnected,1' - 3",,Planter Wall - Steel Plate 1/2",,,3oWRtKgGH6quoh0HBRWZ2J,,,1' - 8",,0.85 CF,0' - 0 1/2",
0.7,,29 SF,B2010,Exterior Walls,,Green Roof Hardscape,-0' - 1",,,,1,Vertical,,,,,,,,,By Type,,Default,,,Basic Wall,Basic Wall: Planter Wall - Steel Plate 1/2",,,Exterior,776.5488 BTU/(h·ft²·°F),,34lqDYnzHB3wmZslDJwlDr,,,,17' - 3 3/16",,,,New Construction,None,,,,,3,Steel Rusted,Non-bearing,2.3410 BTU/(ft²·°F),0.0013 (h·ft²·°F)/BTU,Unconnected,1' - 3",,Planter Wall - Steel Plate 1/2",,,3oWRtKgGH6quoh0HBRWZ2J,,,1' - 8",,1.20 CF,0' - 0 1/2",
0.7,,8 SF,B2010,Exterior Walls,,Green Roof Hardscape,-0' - 1",,,,1,Vertical,,,,,,,,,By Type,,Default,,,Basic Wall,Basic Wall: Planter Wall - Steel Plate 1/2",,,Exterior,776.5488 BTU/(h·ft²·°F),,34lqDYnzHB3wmZslDJwlDn,,,,4' - 10 3/8",,,,New Construction,None,,,,,3,Steel Rusted,Non-bearing,2.3410 BTU/(ft²·°F),0.0013 (h·ft²·°F)/BTU,Unconnected,1' - 3",,Planter Wall - Steel Plate 1/2",,,3oWRtKgGH6quoh0HBRWZ2J,,,1' - 8",,0.34 CF,0' - 0 1/2",
0.7,,4 SF,B2010,Exterior Walls,,Green Roof Hardscape,-0' - 1",,,,1,Vertical,,,,,,,,,By Type,,Default,,,Basic Wall,Basic Wall: Planter Wall - Steel Plate 1/2",,,Exterior,776.5488 BTU/(h·ft²·°F),,34lqDYnzHB3wmZslDJwlDi,,,,2' - 3 13/32",,,,New Construction,None,,,,,3,Steel Rusted,Non-bearing,2.3410 BTU/(ft²·°F),0.0013 (h·ft²·°F)/BTU,Unconnected,1' - 3",,Planter Wall - Steel Plate 1/2",,,3oWRtKgGH6quoh0HBRWZ2J,,,1' - 8",,0.16 CF,0' - 0 1/2",
0.7,,3 SF,B2010,Exterior Walls,,Green Roof Hardscape,-0' - 1",,,,1,Vertical,,,,,,,,,By Type,,Default,,,Basic Wall,Basic Wall: Planter Wall - Steel Plate 1/2",,,Exterior,776.5488 BTU/(h·ft²·°F),,34lqDYnzHB3wmZslDJwlDe,,,,1' - 8 11/32",,,,New Construction,None,,,,,3,Steel Rusted,Non-bearing,2.3410 BTU/(ft²·°F),0.0013 (h·ft²·°F)/BTU,Unconnected,1' - 3",,Planter Wall - Steel Plate 1/2",,,3oWRtKgGH6quoh0HBRWZ2J,,,1' - 8",,0.12 CF,0' - 0 1/2",
0.7,,4 SF,B2010,Exterior Walls,,Green Roof Hardscape,-0' - 1",,,,1,Vertical,,,,,,,,,By Type,,Default,,,Basic Wall,Basic Wall: Planter Wall - Steel Plate 1/2",,,Exterior,776.5488 BTU/(h·ft²·°F),,34lqDYnzHB3wmZslDJwlD6,,,,2' - 7 3/8",,,,New Construction,None,,,,,3,Steel Rusted,Non-bearing,2.3410 BTU/(ft²·°F),0.0013 (h·ft²·°F)/BTU,Unconnected,1' - 3",,Planter Wall - Steel Plate 1/2",,,3oWRtKgGH6quoh0HBRWZ2J,,,1' - 8",,0.18 CF,0' - 0 1/2",
0.7,,13 SF,B2010,Exterior Walls,,Green Roof Hardscape,-0' - 1",,,,1,Vertical,,,,,,,,,By Type,,Default,,,Basic Wall,Basic Wall: Planter Wall - Steel Plate 1/2",,,Exterior,776.5488 BTU/(h·ft²·°F),,34lqDYnzHB3wmZslDJwlCk,,,,7' - 8 3/4",,,,New Construction,None,,,,,3,Steel Rusted,Non-bearing,2.3410 BTU/(ft²·°F),0.0013 (h·ft²·°F)/BTU,Unconnected,1' - 3",,Planter Wall - Steel Plate 1/2",,,3oWRtKgGH6quoh0HBRWZ2J,,,1' - 8",,0.53 CF,0' - 0 1/2",
0.7,,5 SF,B2010,Exterior Walls,,Green Roof Hardscape,-0' - 1",,,,1,Vertical,,,,,,,,,By Type,,Default,,,Basic Wall,Basic Wall: Planter Wall - Steel Plate 1/2",,,Exterior,776.5488 BTU/(h·ft²·°F),,34lqDYnzHB3wmZslDJwlCQ,,,,2' - 9 9/16",,,,New Construction,None,,,,,3,Steel Rusted,Non-bearing,2.3410 BTU/(ft²·°F),0.0013 (h·ft²·°F)/BTU,Unconnected,1' - 3",,Planter Wall - Steel Plate 1/2",,,3oWRtKgGH6quoh0HBRWZ2J,,,1' - 8",,0.20 CF,0' - 0 1/2",
0.7,,9 SF,B2010,Exterior Walls,,Green Roof Hardscape,-0' - 1",,,,1,Vertical,,,,,,,,,By Type,,Default,,,Basic Wall,Basic Wall: Planter Wall - Steel Plate 1/2",,,Exterior,776.5488 BTU/(h·ft²·°F),,34lqDYnzHB3wmZslDJwlCM,,,,5' - 6 3/8",,,,New Construction,None,,,,,3,Steel Rusted,Non-bearing,2.3410 BTU/(ft²·°F),0.0013 (h·ft²·°F)/BTU,Unconnected,1' - 3",,Planter Wall - Steel Plate 1/2",,,3oWRtKgGH6quoh0HBRWZ2J,,,1' - 8",,0.38 CF,0' - 0 1/2",
0.7,,7 SF,B2010,Exterior Walls,,Green Roof Hardscape,-0' - 1",,,,1,Vertical,,,,,,,,,By Type,,Default,,,Basic Wall,Basic Wall: Planter Wall - Steel Plate 1/2",,,Exterior,776.5488 BTU/(h·ft²·°F),,34lqDYnzHB3wmZslDJwlCI,,,,3' - 10 7/8",,,,New Construction,None,,,,,3,Steel Rusted,Non-bearing,2.3410 BTU/(ft²·°F),0.0013 (h·ft²·°F)/BTU,Unconnected,1' - 3",,Planter Wall - Steel Plate 1/2",,,3oWRtKgGH6quoh0HBRWZ2J,,,1' - 8",,0.27 CF,0' - 0 1/2",
0.7,,10 SF,B2010,Exterior Walls,,Green Roof Hardscape,-0' - 1",,,,1,Vertical,,,,,,,,,By Type,,Default,,,Basic Wall,Basic Wall: Planter Wall - Steel Plate 1/2",,,Exterior,776.5488 BTU/(h·ft²·°F),,34lqDYnzHB3wmZslDJwlCE,,,,5' - 11 1/2",,,,New Construction,None,,,,,3,Steel Rusted,Non-bearing,2.3410 BTU/(ft²·°F),0.0013 (h·ft²·°F)/BTU,Unconnected,1' - 3",,Planter Wall - Steel Plate 1/2",,,3oWRtKgGH6quoh0HBRWZ2J,,,1' - 8",,0.42 CF,0' - 0 1/2",
0.7,,21 SF,B2010,Exterior Walls,,Green Roof Hardscape,-0' - 1",,,,1,Vertical,,,,,,,,,By Type,,Default,,,Basic Wall,Basic Wall: Planter Wall - Steel Plate 1/2",,,Exterior,776.5488 BTU/(h·ft²·°F),,0ATjEYD_L8bwfk_bfy3iWR,,,,12' - 7 13/32",,,,New Construction,None,,,,,3,Steel Rusted,Non-bearing,2.3410 BTU/(ft²·°F),0.0013 (h·ft²·°F)/BTU,Unconnected,1' - 3",,Planter Wall - Steel Plate 1/2",,,3oWRtKgGH6quoh0HBRWZ2J,,,1' - 8",,0.88 CF,0' - 0 1/2",
0.7,,24 SF,B2010,Exterior Walls,,Green Roof Hardscape,-0' - 1",,,,1,Vertical,,,,,,,,,By Type,,Default,,,Basic Wall,Basic Wall: Planter Wall - Steel Plate 1/2",,,Exterior,776.5488 BTU/(h·ft²·°F),,0ATjEYD_L8bwfk_bfy3iWV,,,,14' - 4 7/8",,,,New Construction,None,,,,,3,Steel Rusted,Non-bearing,2.3410 BTU/(ft²·°F),0.0013 (h·ft²·°F)/BTU,Unconnected,1' - 3",,Planter Wall - Steel Plate 1/2",,,3oWRtKgGH6quoh0HBRWZ2J,,,1' - 8",,1.00 CF,0' - 0 1/2",
0.7,,8 SF,B2010,Exterior Walls,,Green Roof Hardscape,-0' - 1",,,,1,Vertical,,,,,,,,,By Type,,Default,,,Basic Wall,Basic Wall: Planter Wall - Steel Plate 1/2",,,Exterior,776.5488 BTU/(h·ft²·°F),,0ATjEYD_L8bwfk_bfy3iWJ,,,,4' - 10 5/32",,,,New Construction,None,,,,,3,Steel Rusted,Non-bearing,2.3410 BTU/(ft²·°F),0.0013 (h·ft²·°F)/BTU,Unconnected,1' - 3",,Planter Wall - Steel Plate 1/2",,,3oWRtKgGH6quoh0HBRWZ2J,,,1' - 8",,0.34 CF,0' - 0 1/2",
0.7,,7 SF,B2010,Exterior Walls,,Green Roof Hardscape,-0' - 1",,,,1,Vertical,,,,,,,,,By Type,,Default,,,Basic Wall,Basic Wall: Planter Wall - Steel Plate 1/2",,,Exterior,776.5488 BTU/(h·ft²·°F),,0ATjEYD_L8bwfk_bfy3iW8,,,,4' - 1 25/32",,,,New Construction,None,,,,,3,Steel Rusted,Non-bearing,2.3410 BTU/(ft²·°F),0.0013 (h·ft²·°F)/BTU,Unconnected,1' - 3",,Planter Wall - Steel Plate 1/2",,,3oWRtKgGH6quoh0HBRWZ2J,,,1' - 8",,0.29 CF,0' - 0 1/2",
0.7,,19 SF,B2010,Exterior Walls,,Green Roof Hardscape,-0' - 1",,,,1,Vertical,,,,,,,,,By Type,,Default,,,Basic Wall,Basic Wall: Planter Wall - Steel Plate 1/2",,,Exterior,776.5488 BTU/(h·ft²·°F),,0ATjEYD_L8bwfk_bfy3iWC,,,,11' - 4 29/32",,,,New Construction,None,,,,,3,Steel Rusted,Non-bearing,2.3410 BTU/(ft²·°F),0.0013 (h·ft²·°F)/BTU,Unconnected,1' - 3",,Planter Wall - Steel Plate 1/2",,,3oWRtKgGH6quoh0HBRWZ2J,,,1' - 8",,0.79 CF,0' - 0 1/2",
0.7,,4 SF,B2010,Exterior Walls,,Green Roof Hardscape,-0' - 1",,,,1,Vertical,,,,,,,,,By Type,,Default,,,Basic Wall,Basic Wall: Planter Wall - Steel Plate 1/2",,,Exterior,776.5488 BTU/(h·ft²·°F),,0ATjEYD_L8bwfk_bfy3iW0,,,,2' - 7 11/16",,,,New Construction,None,,,,,3,Steel Rusted,Non-bearing,2.3410 BTU/(ft²·°F),0.0013 (h·ft²·°F)/BTU,Unconnected,1' - 3",,Planter Wall - Steel Plate 1/2",,,3oWRtKgGH6quoh0HBRWZ2J,,,1' - 8",,0.18 CF,0' - 0 1/2",
0.7,,12 SF,B2010,Exterior Walls,,L5,0' - 11",,,,1,Vertical,,,,,,,,,By Type,,Default,,,Basic Wall,Basic Wall: Planter Wall - Steel Plate 1/2",,,Exterior,776.5488 BTU/(h·ft²·°F),,359zRRFDT1vRiwFSrqNWaD,,,,7' - 0 7/16",,,,New Construction,None,,,,,3,Steel Rusted,Non-bearing,2.3410 BTU/(ft²·°F),0.0013 (h·ft²·°F)/BTU,Unconnected,1' - 3",,Planter Wall - Steel Plate 1/2",,,3oWRtKgGH6quoh0HBRWZ2J,,,1' - 8",,0.49 CF,0' - 0 1/2",
0.7,,16 SF,B2010,Exterior Walls,,L5,0' - 11",,,,1,Vertical,,,,,,,,,By Type,,Default,,,Basic Wall,Basic Wall: Planter Wall - Steel Plate 1/2",,,Exterior,776.5488 BTU/(h·ft²·°F),,359zRRFDT1vRiwFSrqNWa0,,,,9' - 7 13/16",,,,New Construction,None,,,,,3,Steel Rusted,Non-bearing,2.3410 BTU/(ft²·°F),0.0013 (h·ft²·°F)/BTU,Unconnected,1' - 3",,Planter Wall - Steel Plate 1/2",,,3oWRtKgGH6quoh0HBRWZ2J,,,1' - 8",,0.67 CF,0' - 0 1/2",
0.7,,25 SF,B2010,Exterior Walls,,L5,0' - 11",,,,1,Vertical,,,,,,,,,By Type,,Default,,,Basic Wall,Basic Wall: Planter Wall - Steel Plate 1/2",,,Exterior,776.5488 BTU/(h·ft²·°F),,359zRRFDT1vRiwFSrqNWhz,,,,14' - 9 1/8",,,,New Construction,None,,,,,3,Steel Rusted,Non-bearing,2.3410 BTU/(ft²·°F),0.0013 (h·ft²·°F)/BTU,Unconnected,1' - 3",,Planter Wall - Steel Plate 1/2",,,3oWRtKgGH6quoh0HBRWZ2J,,,1' - 8",,1.02 CF,0' - 0 1/2",
0.7,,41 SF,B2010,Exterior Walls,,L5,0' - 11",,,,1,Vertical,,,,,,,,,By Type,,Default,,,Basic Wall,Basic Wall: Planter Wall - Steel Plate 1/2",,,Exterior,776.5488 BTU/(h·ft²·°F),,359zRRFDT1vRiwFSrqNWgB,,,,24' - 9 31/32",,,,New Construction,None,,,,,3,Steel Rusted,Non-bearing,2.3410 BTU/(ft²·°F),0.0013 (h·ft²·°F)/BTU,Unconnected,1' - 3",,Planter Wall - Steel Plate 1/2",,,3oWRtKgGH6quoh0HBRWZ2J,,,1' - 8",,1.72 CF,0' - 0 1/2",
0.7,,9 SF,B2010,Exterior Walls,,L5,0' - 11",,,,1,Vertical,,,,,,,,,By Type,,Default,,,Basic Wall,Basic Wall: Planter Wall - Steel Plate 1/2",,,Exterior,776.5488 BTU/(h·ft²·°F),,0yuIaJzffD5AfrddYB8TNT,,,,5' - 5 1/8",,,,New Construction,None,,,,,3,Steel Rusted,Non-bearing,2.3410 BTU/(ft²·°F),0.0013 (h·ft²·°F)/BTU,Unconnected,1' - 3",,Planter Wall - Steel Plate 1/2",,,3oWRtKgGH6quoh0HBRWZ2J,,,1' - 8",,0.38 CF,0' - 0 1/2",
0.7,,8 SF,B2010,Exterior Walls,,L5,0' - 11",,,,1,Vertical,,,,,,,,,By Type,,Default,,,Basic Wall,Basic Wall: Planter Wall - Steel Plate 1/2",,,Exterior,776.5488 BTU/(h·ft²·°F),,0yuIaJzffD5AfrddYB8TBp,,,,5' - 0 3/8",,,,New Construction,None,,,,,3,Steel Rusted,Non-bearing,2.3410 BTU/(ft²·°F),0.0013 (h·ft²·°F)/BTU,Unconnected,1' - 3",,Planter Wall - Steel Plate 1/2",,,3oWRtKgGH6quoh0HBRWZ2J,,,1' - 8",,0.35 CF,0' - 0 1/2",
0.7,,33 SF,B2010,Exterior Walls,,L5,0' - 11",,,,1,Vertical,,,,,,,,,By Type,,Default,,,Basic Wall,Basic Wall: Planter Wall - Steel Plate 1/2",,,Exterior,776.5488 BTU/(h·ft²·°F),,0yuIaJzffD5AfrddYB8T2C,,,,19' - 5 13/16",,,,New Construction,None,,,,,3,Steel Rusted,Non-bearing,2.3410 BTU/(ft²·°F),0.0013 (h·ft²·°F)/BTU,Unconnected,1' - 3",,Planter Wall - Steel Plate 1/2",,,3oWRtKgGH6quoh0HBRWZ2J,,,1' - 8",,1.35 CF,0' - 0 1/2",
0.7,,17 SF,B2010,Exterior Walls,,L5,0' - 11",,,,1,Vertical,,,,,,,,,By Type,,Default,,,Basic Wall,Basic Wall: Planter Wall - Steel Plate 1/2",,,Exterior,776.5488 BTU/(h·ft²·°F),,0yuIaJzffD5AfrddYB8T2X,,,,9' - 11 7/32",,,,New Construction,None,,,,,3,Steel Rusted,Non-bearing,2.3410 BTU/(ft²·°F),0.0013 (h·ft²·°F)/BTU,Unconnected,1' - 3",,Planter Wall - Steel Plate 1/2",,,3oWRtKgGH6quoh0HBRWZ2J,,,1' - 8",,0.69 CF,0' - 0 1/2",
0.7,,16 SF,B2010,Exterior Walls,,L5,0' - 11",,,,1,Vertical,,,,,,,,,By Type,,Default,,,Basic Wall,Basic Wall: Planter Wall - Steel Plate 1/2",,,Exterior,776.5488 BTU/(h·ft²·°F),,0yuIaJzffD5AfrddYB8T0X,,,,9' - 10 19/32",,,,New Construction,None,,,,,3,Steel Rusted,Non-bearing,2.3410 BTU/(ft²·°F),0.0013 (h·ft²·°F)/BTU,Unconnected,1' - 3",,Planter Wall - Steel Plate 1/2",,,3oWRtKgGH6quoh0HBRWZ2J,,,1' - 8",,0.65 CF,0' - 0 1/2",
0.7,,6 SF,B2010,Exterior Walls,,L5,0' - 11",,,,1,Vertical,,,,,,,,,By Type,,Default,,,Basic Wall,Basic Wall: Planter Wall - Steel Plate 1/2",,,Exterior,776.5488 BTU/(h·ft²·°F),,0yuIaJzffD5AfrddYB8T0a,,,,3' - 5 29/32",,,,New Construction,None,,,,,3,Steel Rusted,Non-bearing,2.3410 BTU/(ft²·°F),0.0013 (h·ft²·°F)/BTU,Unconnected,1' - 3",,Planter Wall - Steel Plate 1/2",,,3oWRtKgGH6quoh0HBRWZ2J,,,1' - 8",,0.24 CF,0' - 0 1/2",
0.7,,1 SF,B2010,Exterior Walls,,L5,0' - 11",,,,1,Vertical,,,,,,,,,By Type,,Default,,,Basic Wall,Basic Wall: Planter Wall - Steel Plate 1/2",,,Exterior,776.5488 BTU/(h·ft²·°F),,0yuIaJzffD5AfrddYB8T7p,,,,0' - 4 3/4",,,,New Construction,None,,,,,3,Steel Rusted,Non-bearing,2.3410 BTU/(ft²·°F),0.0013 (h·ft²·°F)/BTU,Unconnected,1' - 3",,Planter Wall - Steel Plate 1/2",,,3oWRtKgGH6quoh0HBRWZ2J,,,1' - 8",,0.03 CF,0' - 0 1/2",
0.7,,12 SF,B2010,Exterior Walls,,R1,1' - 2 1/2",,,,1,Vertical,,,,,,,,,By Type,,Default,,,Basic Wall,Basic Wall: Generic - 4",,,Exterior,,,3L$Sj8Ky577w1z8YH1ADac,,,,24' - 3 13/16",,,,New Construction,None,,,,,3,<By Category>,Non-bearing,,,Unconnected,1' - 3",,Generic - 4",,,1xZrMVYp52mhf4uMzw11Ih,,G01,0' - 4 1/2",,3.85 CF,0' - 4",
0.7,,12 SF,B2010,Exterior Walls,,R1,1' - 0",,,,1,Vertical,,,,,,,,,By Type,,Default,,,Basic Wall,Basic Wall: Generic - 4",,,Exterior,,,0l1uiLxhf6Sh$CRbsdNO0A,,,,24' - 0 13/32",,,,New Construction,None,,,,,3,<By Category>,Non-bearing,,,Unconnected,0' - 0",,Generic - 4",,,1xZrMVYp52mhf4uMzw11Ih,,G01,0' - 9",,4.12 CF,0' - 4",
0.7,,17 SF,B2010,Exterior Walls,,R1,1' - 9",,,,1,Vertical,,,,,,,,,By Type,,Default,,,Basic Wall,Basic Wall: Generic - 4",,,Exterior,,,0l1uiLxhf6Sh$CRbsdNP_p,,,,24' - 0 13/32",,,,New Construction,None,,,,,3,<By Category>,Non-bearing,,,Unconnected,0' - 0",,Generic - 4",,,1xZrMVYp52mhf4uMzw11Ih,,G01,0' - 9",,5.72 CF,0' - 4",
0.7,,17 SF,B2010,Exterior Walls,,Block 39 - Parapet,0' - 6",,,,1,Vertical,,,,,,,,,By Type,,Default,,,Basic Wall,Basic Wall: Generic - 4",,,Exterior,,,0l1uiLxhf6Sh$CRbsdNPvS,,,,24' - 0 13/32",,,,New Construction,None,,,,,3,<By Category>,Non-bearing,,,Unconnected,0' - 0",,Generic - 4",,,1xZrMVYp52mhf4uMzw11Ih,,G01,0' - 9",,5.72 CF,0' - 4",
0.7,,17 SF,B2010,Exterior Walls,,Block 39 - Parapet,1' - 3",,,,1,Vertical,,,,,,,,,By Type,,Default,,,Basic Wall,Basic Wall: Generic - 4",,,Exterior,,,0l1uiLxhf6Sh$CRbsdNPvf,,,,24' - 0 13/32",,,,New Construction,None,,,,,3,<By Category>,Non-bearing,,,Unconnected,0' - 0",,Generic - 4",,,1xZrMVYp52mhf4uMzw11Ih,,G01,0' - 9",,5.72 CF,0' - 4",
0.7,,17 SF,B2010,Exterior Walls,,Block 39 - Parapet,2' - 0",,,,1,Vertical,,,,,,,,,By Type,,Default,,,Basic Wall,Basic Wall: Generic - 4",,,Exterior,,,0l1uiLxhf6Sh$CRbsdNPvw,,,,24' - 0 13/32",,,,New Construction,None,,,,,3,<By Category>,Non-bearing,,,Unconnected,0' - 0",,Generic - 4",,,1xZrMVYp52mhf4uMzw11Ih,,G01,0' - 9",,5.72 CF,0' - 4",
0.7,,17 SF,B2010,Exterior Walls,,Block 39 - Parapet,2' - 9",,,,1,Vertical,,,,,,,,,By Type,,Default,,,Basic Wall,Basic Wall: Generic - 4",,,Exterior,,,0l1uiLxhf6Sh$CRbsdNPu7,,,,24' - 0 13/32",,,,New Construction,None,,,,,3,<By Category>,Non-bearing,,,Unconnected,0' - 0",,Generic - 4",,,1xZrMVYp52mhf4uMzw11Ih,,G01,0' - 9",,5.72 CF,0' - 4",
0.7,,13 SF,B2010,Exterior Walls,,R2,-0' - 8",,,,1,Vertical,,,,,,,,,By Type,,Default,,,Basic Wall,Basic Wall: Generic - 4",,,Exterior,,,0l1uiLxhf6Sh$CRbsdNPuG,,,,24' - 0 13/32",,,,New Construction,None,,,,,3,<By Category>,Non-bearing,,,Unconnected,0' - 0",,Generic - 4",,,1xZrMVYp52mhf4uMzw11Ih,,G01,0' - 9",,4.02 CF,0' - 4",
0.7,,18 SF,B2010,Exterior Walls,,R2,0' - 1",,,,1,Vertical,,,,,,,,,By Type,,Default,,,Basic Wall,Basic Wall: Generic - 4",,,Exterior,,,0l1uiLxhf6Sh$CRbsdNPuT,,,,24' - 0 13/32",,,,New Construction,None,,,,,3,<By Category>,Non-bearing,,,Unconnected,0' - 0",,Generic - 4",,,1xZrMVYp52mhf4uMzw11Ih,,G01,0' - 9",,5.91 CF,0' - 4",
0.7,,24 SF,C1010145,Partitions - Drywall w/ Metal Stud,,L2,0' - 0",,,,1,Vertical,,,,,,,,,By Type,,Default,,,Basic Wall,Basic Wall: Interior - 7 1/4" Partition (NR),,NR,Interior,0.0287 BTU/(h·ft²·°F),,0LC$9$2dX7$gor7712GhKW,,,,2' - 7 5/8",,,,New Construction,None,,,,,3,Metal Stud Layer,Non-bearing,1.4441 BTU/(ft²·°F),34.8921 (h·ft²·°F)/BTU,Unconnected,0' - 0",,Interior - 7 1/4" Partition (NR),,,1kJXG9J_12CxJk83GXH3Vz,,P04,8' - 0",,14.20 CF,0' - 7 1/4",
0.7,,24 SF,C1010145,Partitions - Drywall w/ Metal Stud,,L4,0' - 0",,,,1,Vertical,,,,,,,,,By Type,,Default,,,Basic Wall,Basic Wall: Interior - 7 1/4" Partition (NR),,NR,Interior,0.0287 BTU/(h·ft²·°F),,0LC$9$2dX7$gor7712GhGB,,,,2' - 7 5/8",,,,New Construction,None,,,,,3,Metal Stud Layer,Non-bearing,1.4441 BTU/(ft²·°F),34.8921 (h·ft²·°F)/BTU,Unconnected,0' - 0",,Interior - 7 1/4" Partition (NR),,,1kJXG9J_12CxJk83GXH3Vz,,P04,8' - 0",,14.20 CF,0' - 7 1/4",
0.7,,58 SF,C1010145,Partitions - Drywall w/ Metal Stud,,L2,0' - 0",,,,1,Vertical,,,,,,,,,By Type,,Default,,,Basic Wall,Basic Wall: Interior - 7 1/4" Partition (NR),,NR,Interior,0.0287 BTU/(h·ft²·°F),,0LC$9$2dX7$gor7712GhJd,,,,9' - 6 11/16",,,,New Construction,None,,,,,3,Metal Stud Layer,Non-bearing,1.4441 BTU/(ft²·°F),34.8921 (h·ft²·°F)/BTU,Unconnected,0' - 0",,Interior - 7 1/4" Partition (NR),,,1kJXG9J_12CxJk83GXH3Vz,,P04,8' - 0",,34.86 CF,0' - 7 1/4",
0.7,,58 SF,C1010145,Partitions - Drywall w/ Metal Stud,,L3,0' - 0",,,,1,Vertical,,,,,,,,,By Type,,Default,,,Basic Wall,Basic Wall: Interior - 7 1/4" Partition (NR),,NR,Interior,0.0287 BTU/(h·ft²·°F),,0LC$9$2dX7$gor7712GhF6,,,,9' - 6 11/16",,,,New Construction,None,,,,,3,Metal Stud Layer,Non-bearing,1.4441 BTU/(ft²·°F),34.8921 (h·ft²·°F)/BTU,Unconnected,0' - 0",,Interior - 7 1/4" Partition (NR),,,1kJXG9J_12CxJk83GXH3Vz,,P04,8' - 0",,34.86 CF,0' - 7 1/4",
0.7,,58 SF,C1010145,Partitions - Drywall w/ Metal Stud,,L4,0' - 0",,,,1,Vertical,,,,,,,,,By Type,,Default,,,Basic Wall,Basic Wall: Interior - 7 1/4" Partition (NR),,NR,Interior,0.0287 BTU/(h·ft²·°F),,0LC$9$2dX7$gor7712GhF5,,,,9' - 6 11/16",,,,New Construction,None,,,,,3,Metal Stud Layer,Non-bearing,1.4441 BTU/(ft²·°F),34.8921 (h·ft²·°F)/BTU,Unconnected,0' - 0",,Interior - 7 1/4" Partition (NR),,,1kJXG9J_12CxJk83GXH3Vz,,P04,8' - 0",,34.86 CF,0' - 7 1/4",
0.7,,58 SF,C1010145,Partitions - Drywall w/ Metal Stud,,L5,0' - 0",,,,1,Vertical,,,,,,,,,By Type,,Default,,,Basic Wall,Basic Wall: Interior - 7 1/4" Partition (NR),,NR,Interior,0.0287 BTU/(h·ft²·°F),,0LC$9$2dX7$gor7712GhFu,,,,9' - 6 11/16",,,,New Construction,None,,,,,3,Metal Stud Layer,Non-bearing,1.4441 BTU/(ft²·°F),34.8921 (h·ft²·°F)/BTU,Unconnected,0' - 0",,Interior - 7 1/4" Partition (NR),,,1kJXG9J_12CxJk83GXH3Vz,,P04,8' - 0",,34.86 CF,0' - 7 1/4",
0.7,,54 SF,C1010145,Partitions - Drywall w/ Metal Stud,,L2,0' - 0",,,,1,Vertical,,,,,,,,,By Type,,Default,,,Basic Wall,Basic Wall: Interior - 7 1/4" Partition (NR),,NR,Interior,0.0287 BTU/(h·ft²·°F),,0LC$9$2dX7$gor7712Gh9N,,,,9' - 6 11/16",,,,New Construction,None,,,,,3,Metal Stud Layer,Non-bearing,1.4441 BTU/(ft²·°F),34.8921 (h·ft²·°F)/BTU,Unconnected,0' - 0",,Interior - 7 1/4" Partition (NR),,,1kJXG9J_12CxJk83GXH3Vz,,P04,8' - 0",,32.90 CF,0' - 7 1/4",
0.7,,54 SF,C1010145,Partitions - Drywall w/ Metal Stud,,L3,0' - 0",,,,1,Vertical,,,,,,,,,By Type,,Default,,,Basic Wall,Basic Wall: Interior - 7 1/4" Partition (NR),,NR,Interior,0.0287 BTU/(h·ft²·°F),,0LC$9$2dX7$gor7712Gh5N,,,,9' - 6 11/16",,,,New Construction,None,,,,,3,Metal Stud Layer,Non-bearing,1.4441 BTU/(ft²·°F),34.8921 (h·ft²·°F)/BTU,Unconnected,0' - 0",,Interior - 7 1/4" Partition (NR),,,1kJXG9J_12CxJk83GXH3Vz,,P04,8' - 0",,32.90 CF,0' - 7 1/4",
0.7,,54 SF,C1010145,Partitions - Drywall w/ Metal Stud,,L4,0' - 0",,,,1,Vertical,,,,,,,,,By Type,,Default,,,Basic Wall,Basic Wall: Interior - 7 1/4" Partition (NR),,NR,Interior,0.0287 BTU/(h·ft²·°F),,0LC$9$2dX7$gor7712Gh59,,,,9' - 6 11/16",,,,New Construction,None,,,,,3,Metal Stud Layer,Non-bearing,1.4441 BTU/(ft²·°F),34.8921 (h·ft²·°F)/BTU,Unconnected,0' - 0",,Interior - 7 1/4" Partition (NR),,,1kJXG9J_12CxJk83GXH3Vz,,P04,8' - 0",,32.90 CF,0' - 7 1/4",
0.7,,54 SF,C1010145,Partitions - Drywall w/ Metal Stud,,L3,0' - 0",,,,1,Vertical,,,,,,,,,By Type,,Default,,,Basic Wall,Basic Wall: Interior - 7 1/4" Partition (NR),,NR,Interior,0.0287 BTU/(h·ft²·°F),,0LC$9$2dX7$gor7712Gh5C,,,,9' - 6 11/16",,,,New Construction,None,,,,,3,Metal Stud Layer,Non-bearing,1.4441 BTU/(ft²·°F),34.8921 (h·ft²·°F)/BTU,Unconnected,0' - 0",,Interior - 7 1/4" Partition (NR),,,1kJXG9J_12CxJk83GXH3Vz,,P04,8' - 0",,32.90 CF,0' - 7 1/4",
0.7,,54 SF,C1010145,Partitions - Drywall w/ Metal Stud,,L4,0' - 0",,,,1,Vertical,,,,,,,,,By Type,,Default,,,Basic Wall,Basic Wall: Interior - 7 1/4" Partition (NR),,NR,Interior,0.0287 BTU/(h·ft²·°F),,0LC$9$2dX7$gor7712Gh53,,,,9' - 6 11/16",,,,New Construction,None,,,,,3,Metal Stud Layer,Non-bearing,1.4441 BTU/(ft²·°F),34.8921 (h·ft²·°F)/BTU,Unconnected,0' - 0",,Interior - 7 1/4" Partition (NR),,,1kJXG9J_12CxJk83GXH3Vz,,P04,8' - 0",,32.90 CF,0' - 7 1/4",
0.7,,48 SF,C1010145,Partitions - Drywall w/ Metal Stud,,L4,0' - 0",,,,1,Vertical,,,,,,,,,By Type,,Default,,,Basic Wall,Basic Wall: Interior - 7 1/4" Partition (NR),,NR,Interior,0.0287 BTU/(h·ft²·°F),,0LC$9$2dX7$gor7712Gh1v,,,,8' - 3 15/16",,,,New Construction,None,,,,,3,Metal Stud Layer,Non-bearing,1.4441 BTU/(ft²·°F),34.8921 (h·ft²·°F)/BTU,Unconnected,0' - 0",,Interior - 7 1/4" Partition (NR),,,1kJXG9J_12CxJk83GXH3Vz,,P04,8' - 0",,28.92 CF,0' - 7 1/4",
0.7,,19 SF,B2010,Exterior Walls,,L3,8' - 0",,,,1,Vertical,,,,,,,,,By Type,,Default,,,Basic Wall,Basic Wall: Chase - GWB & Metal Stud 4 1/4",,,Soffit,6.6534 BTU/(h·ft²·°F),,1dKu5zsdHE_A8Pn$Aaqe9s,,,,11' - 8 3/4",,,,New Construction,None,,,,,3,Metal Furring,Non-bearing,17.6896 BTU/(ft²·°F),0.1503 (h·ft²·°F)/BTU,Unconnected,0' - 0",,Chase - GWB & Metal Stud 4 1/4",,,3FDTNrVMX5CROAaE1LHtAP,,S03,1' - 7 1/2",,6.85 CF,0' - 4 1/4",
0.7,,19 SF,B2010,Exterior Walls,,L3,8' - 0",,,,1,Vertical,,,,,,,,,By Type,,Default,,,Basic Wall,Basic Wall: Chase - GWB & Metal Stud 4 1/4",,,Soffit,6.6534 BTU/(h·ft²·°F),,1dKu5zsdHE_A8Pn$Aaqe9N,,,,11' - 9 1/8",,,,New Construction,None,,,,,3,Metal Furring,Non-bearing,17.6896 BTU/(ft²·°F),0.1503 (h·ft²·°F)/BTU,Unconnected,0' - 0",,Chase - GWB & Metal Stud 4 1/4",,,3FDTNrVMX5CROAaE1LHtAP,,S03,1' - 7 1/2",,6.67 CF,0' - 4 1/4",
0.7,,19 SF,B2010,Exterior Walls,,L2,8' - 0",,,,1,Vertical,,,,,,,,,By Type,,Default,,,Basic Wall,Basic Wall: Chase - GWB & Metal Stud 4 1/4",,,Soffit,6.6534 BTU/(h·ft²·°F),,1dKu5zsdHE_A8Pn$AaqevJ,,,,11' - 8 3/4",,,,New Construction,None,,,,,3,Metal Furring,Non-bearing,17.6896 BTU/(ft²·°F),0.1503 (h·ft²·°F)/BTU,Unconnected,0' - 0",,Chase - GWB & Metal Stud 4 1/4",,,3FDTNrVMX5CROAaE1LHtAP,,S03,1' - 7 1/2",,6.85 CF,0' - 4 1/4",
0.7,,19 SF,B2010,Exterior Walls,,L2,8' - 0",,,,1,Vertical,,,,,,,,,By Type,,Default,,,Basic Wall,Basic Wall: Chase - GWB & Metal Stud 4 1/4",,,Soffit,6.6534 BTU/(h·ft²·°F),,1dKu5zsdHE_A8Pn$AaqevI,,,,11' - 9 1/8",,,,New Construction,None,,,,,3,Metal Furring,Non-bearing,17.6896 BTU/(ft²·°F),0.1503 (h·ft²·°F)/BTU,Unconnected,0' - 0",,Chase - GWB & Metal Stud 4 1/4",,,3FDTNrVMX5CROAaE1LHtAP,,S03,1' - 7 1/2",,6.67 CF,0' - 4 1/4",
0.7,,19 SF,B2010,Exterior Walls,,L4,8' - 0",,,,1,Vertical,,,,,,,,,By Type,,Default,,,Basic Wall,Basic Wall: Chase - GWB & Metal Stud 4 1/4",,,Soffit,6.6534 BTU/(h·ft²·°F),,1dKu5zsdHE_A8Pn$AaqewA,,,,11' - 8 3/4",,,,New Construction,None,,,,,3,Metal Furring,Non-bearing,17.6896 BTU/(ft²·°F),0.1503 (h·ft²·°F)/BTU,Unconnected,0' - 0",,Chase - GWB & Metal Stud 4 1/4",,,3FDTNrVMX5CROAaE1LHtAP,,S03,1' - 7 1/2",,6.85 CF,0' - 4 1/4",
0.7,,19 SF,B2010,Exterior Walls,,L4,8' - 0",,,,1,Vertical,,,,,,,,,By Type,,Default,,,Basic Wall,Basic Wall: Chase - GWB & Metal Stud 4 1/4",,,Soffit,6.6534 BTU/(h·ft²·°F),,1dKu5zsdHE_A8Pn$AaqewL,,,,11' - 9 1/8",,,,New Construction,None,,,,,3,Metal Furring,Non-bearing,17.6896 BTU/(ft²·°F),0.1503 (h·ft²·°F)/BTU,Unconnected,0' - 0",,Chase - GWB & Metal Stud 4 1/4",,,3FDTNrVMX5CROAaE1LHtAP,,S03,1' - 7 1/2",,6.67 CF,0' - 4 1/4",
0.7,,19 SF,B2010,Exterior Walls,,L3,8' - 0",,,,1,Vertical,,,,,,,,,By Type,,Default,,,Basic Wall,Basic Wall: Chase - GWB & Metal Stud 4 1/4",,,Soffit,6.6534 BTU/(h·ft²·°F),,1dKu5zsdHE_A8Pn$AaqexD,,,,11' - 8 3/4",,,,New Construction,None,,,,,3,Metal Furring,Non-bearing,17.6896 BTU/(ft²·°F),0.1503 (h·ft²·°F)/BTU,Unconnected,0' - 0",,Chase - GWB & Metal Stud 4 1/4",,,3FDTNrVMX5CROAaE1LHtAP,,S03,1' - 7 1/2",,6.85 CF,0' - 4 1/4",
0.7,,19 SF,B2010,Exterior Walls,,L3,8' - 0",,,,1,Vertical,,,,,,,,,By Type,,Default,,,Basic Wall,Basic Wall: Chase - GWB & Metal Stud 4 1/4",,,Soffit,6.6534 BTU/(h·ft²·°F),,1dKu5zsdHE_A8Pn$AaqexC,,,,11' - 9 1/8",,,,New Construction,None,,,,,3,Metal Furring,Non-bearing,17.6896 BTU/(ft²·°F),0.1503 (h·ft²·°F)/BTU,Unconnected,0' - 0",,Chase - GWB & Metal Stud 4 1/4",,,3FDTNrVMX5CROAaE1LHtAP,,S03,1' - 7 1/2",,6.67 CF,0' - 4 1/4",
0.7,,19 SF,B2010,Exterior Walls,,L5,8' - 0",,,,1,Vertical,,,,,,,,,By Type,,Default,,,Basic Wall,Basic Wall: Chase - GWB & Metal Stud 4 1/4",,,Soffit,6.6534 BTU/(h·ft²·°F),,1dKu5zsdHE_A8Pn$Aaqea4,,,,11' - 8 3/4",,,,New Construction,None,,,,,3,Metal Furring,Non-bearing,17.6896 BTU/(ft²·°F),0.1503 (h·ft²·°F)/BTU,Unconnected,0' - 0",,Chase - GWB & Metal Stud 4 1/4",,,3FDTNrVMX5CROAaE1LHtAP,,S03,1' - 7 1/2",,6.85 CF,0' - 4 1/4",
0.7,,19 SF,B2010,Exterior Walls,,L5,8' - 0",,,,1,Vertical,,,,,,,,,By Type,,Default,,,Basic Wall,Basic Wall: Chase - GWB & Metal Stud 4 1/4",,,Soffit,6.6534 BTU/(h·ft²·°F),,1dKu5zsdHE_A8Pn$Aaqea7,,,,11' - 9 1/8",,,,New Construction,None,,,,,3,Metal Furring,Non-bearing,17.6896 BTU/(ft²·°F),0.1503 (h·ft²·°F)/BTU,Unconnected,0' - 0",,Chase - GWB & Metal Stud 4 1/4",,,3FDTNrVMX5CROAaE1LHtAP,,S03,1' - 7 1/2",,6.67 CF,0' - 4 1/4",
0.7,,19 SF,B2010,Exterior Walls,,L4,8' - 0",,,,1,Vertical,,,,,,,,,By Type,,Default,,,Basic Wall,Basic Wall: Chase - GWB & Metal Stud 4 1/4",,,Soffit,6.6534 BTU/(h·ft²·°F),,1dKu5zsdHE_A8Pn$Aaqeb$,,,,11' - 8 3/4",,,,New Construction,None,,,,,3,Metal Furring,Non-bearing,17.6896 BTU/(ft²·°F),0.1503 (h·ft²·°F)/BTU,Unconnected,0' - 0",,Chase - GWB & Metal Stud 4 1/4",,,3FDTNrVMX5CROAaE1LHtAP,,S03,1' - 7 1/2",,6.85 CF,0' - 4 1/4",
0.7,,19 SF,B2010,Exterior Walls,,L4,8' - 0",,,,1,Vertical,,,,,,,,,By Type,,Default,,,Basic Wall,Basic Wall: Chase - GWB & Metal Stud 4 1/4",,,Soffit,6.6534 BTU/(h·ft²·°F),,1dKu5zsdHE_A8Pn$Aaqeb_,,,,11' - 9 1/8",,,,New Construction,None,,,,,3,Metal Furring,Non-bearing,17.6896 BTU/(ft²·°F),0.1503 (h·ft²·°F)/BTU,Unconnected,0' - 0",,Chase - GWB & Metal Stud 4 1/4",,,3FDTNrVMX5CROAaE1LHtAP,,S03,1' - 7 1/2",,6.67 CF,0' - 4 1/4",
0.7,,19 SF,B2010,Exterior Walls,,L5,8' - 0",,,,1,Vertical,,,,,,,,,By Type,,Default,,,Basic Wall,Basic Wall: Chase - GWB & Metal Stud 4 1/4",,,Soffit,6.6534 BTU/(h·ft²·°F),,1dKu5zsdHE_A8Pn$Aaqecs,,,,11' - 8 3/4",,,,New Construction,None,,,,,3,Metal Furring,Non-bearing,17.6896 BTU/(ft²·°F),0.1503 (h·ft²·°F)/BTU,Unconnected,0' - 0",,Chase - GWB & Metal Stud 4 1/4",,,3FDTNrVMX5CROAaE1LHtAP,,S03,1' - 7 1/2",,6.85 CF,0' - 4 1/4",
0.7,,19 SF,B2010,Exterior Walls,,L5,8' - 0",,,,1,Vertical,,,,,,,,,By Type,,Default,,,Basic Wall,Basic Wall: Chase - GWB & Metal Stud 4 1/4",,,Soffit,6.6534 BTU/(h·ft²·°F),,1dKu5zsdHE_A8Pn$Aaqecn,,,,11' - 9 1/8",,,,New Construction,None,,,,,3,Metal Furring,Non-bearing,17.6896 BTU/(ft²·°F),0.1503 (h·ft²·°F)/BTU,Unconnected,0' - 0",,Chase - GWB & Metal Stud 4 1/4",,,3FDTNrVMX5CROAaE1LHtAP,,S03,1' - 7 1/2",,6.67 CF,0' - 4 1/4",
0.7,,32 SF,C1010145,Partitions - Drywall w/ Metal Stud,,L4,-2' - 3 1/2",,,,1,Vertical,,,,,,,,,By Type,,Default,,,Basic Wall,Basic Wall: Soffit - Beam Wrap (Both Sides),,2 HR,Interior,0.0214 BTU/(h·ft²·°F),,2sZrw6C5b5Ih3WSLyhiEuB,,,,17' - 11 15/16",,,,New Construction,None,,,,,3,Metal Stud Layer,Non-bearing,2.8823 BTU/(ft²·°F),46.7076 (h·ft²·°F)/BTU,Up to level: L4,-0' - 6",,Soffit - Beam Wrap (Both Sides),,,0a6T$5n7X4fAlDdhFoNEVx,,,1' - 9 1/2",,28.01 CF,0' - 10 1/2",
0.7,,49 SF,C1010145,Partitions - Drywall w/ Metal Stud,,L4,-2' - 3 1/2",,,,1,Vertical,,,,,,,,,By Type,,Default,,,Basic Wall,Basic Wall: Soffit - Beam Wrap (Both Sides),,2 HR,Interior,0.0214 BTU/(h·ft²·°F),,2sZrw6C5b5Ih3WSLyhiEu3,,,,27' - 1 7/8",,,,New Construction,None,,,,,3,Metal Stud Layer,Non-bearing,2.8823 BTU/(ft²·°F),46.7076 (h·ft²·°F)/BTU,Up to level: L4,-0' - 6",,Soffit - Beam Wrap (Both Sides),,,0a6T$5n7X4fAlDdhFoNEVx,,,1' - 9 1/2",,41.82 CF,0' - 10 1/2",
0.7,,49 SF,C1010145,Partitions - Drywall w/ Metal Stud,,L5,-2' - 3 1/2",,,,1,Vertical,,,,,,,,,By Type,,Default,,,Basic Wall,Basic Wall: Soffit - Beam Wrap (Both Sides),,2 HR,Interior,0.0214 BTU/(h·ft²·°F),,2xoycrPpH7EOfiZC0iDSGH,,,,27' - 1 7/8",,,,New Construction,None,,,,,3,Metal Stud Layer,Non-bearing,2.8823 BTU/(ft²·°F),46.7076 (h·ft²·°F)/BTU,Up to level: L5,-0' - 6",,Soffit - Beam Wrap (Both Sides),,,0a6T$5n7X4fAlDdhFoNEVx,,,1' - 9 1/2",,41.79 CF,0' - 10 1/2",
0.7,,32 SF,C1010145,Partitions - Drywall w/ Metal Stud,,L5,-2' - 3 1/2",,,,1,Vertical,,,,,,,,,By Type,,Default,,,Basic Wall,Basic Wall: Soffit - Beam Wrap (Both Sides),,2 HR,Interior,0.0214 BTU/(h·ft²·°F),,2xoycrPpH7EOfiZC0iDSGP,,,,17' - 11 15/16",,,,New Construction,None,,,,,3,Metal Stud Layer,Non-bearing,2.8823 BTU/(ft²·°F),46.7076 (h·ft²·°F)/BTU,Up to level: L5,-0' - 6",,Soffit - Beam Wrap (Both Sides),,,0a6T$5n7X4fAlDdhFoNEVx,,,1' - 9 1/2",,28.01 CF,0' - 10 1/2",
0.7,,43 SF,C1010145,Partitions - Drywall w/ Metal Stud,,R2,-2' - 3 1/2",,,,1,Vertical,,,,,,,,,By Type,,Default,,,Basic Wall,Basic Wall: Soffit - Beam Wrap (Both Sides),,2 HR,Interior,0.0214 BTU/(h·ft²·°F),,2xoycrPpH7EOfiZC0iDSHt,,,,24' - 6 3/8",,,,New Construction,None,,,,,3,Metal Stud Layer,Non-bearing,2.8823 BTU/(ft²·°F),46.7076 (h·ft²·°F)/BTU,Up to level: R2,-0' - 6",,Soffit - Beam Wrap (Both Sides),,,0a6T$5n7X4fAlDdhFoNEVx,,,1' - 9 1/2",,37.69 CF,0' - 10 1/2",
0.7,,32 SF,C1010145,Partitions - Drywall w/ Metal Stud,,R2,-2' - 3 1/2",,,,1,Vertical,,,,,,,,,By Type,,Default,,,Basic Wall,Basic Wall: Soffit - Beam Wrap (Both Sides),,2 HR,Interior,0.0214 BTU/(h·ft²·°F),,2xoycrPpH7EOfiZC0iDSHq,,,,17' - 11 15/16",,,,New Construction,None,,,,,3,Metal Stud Layer,Non-bearing,2.8823 BTU/(ft²·°F),46.7076 (h·ft²·°F)/BTU,Up to level: R2,-0' - 6",,Soffit - Beam Wrap (Both Sides),,,0a6T$5n7X4fAlDdhFoNEVx,,,1' - 9 1/2",,28.01 CF,0' - 10 1/2",
0.7,,39 SF,C1010145,Partitions - Drywall w/ Metal Stud,,L4,-2' - 3 1/2",,,,1,Vertical,,,,,,,,,By Type,,Default,,,Basic Wall,Basic Wall: Soffit - Beam Wrap 9 1/4" (One Side),,2 HR,Interior,0.0215 BTU/(h·ft²·°F),,2xoycrPpH7EOfiZC0iDSic,,,,21' - 10",,,,New Construction,None,,,,,3,Metal Stud Layer,Non-bearing,1.4471 BTU/(ft²·°F),46.4303 (h·ft²·°F)/BTU,Up to level: L4,-0' - 6",,Soffit - Beam Wrap 9 1/4" (One Side),,,0a6T$5n7X4fAlDdhFoNETY,,,1' - 9 1/2",,26.49 CF,0' - 9 1/4",
0.7,,24 SF,C1010145,Partitions - Drywall w/ Metal Stud,,L4,-2' - 3 1/2",,,,1,Vertical,,,,,,,,,By Type,,Default,,,Basic Wall,Basic Wall: Soffit - Beam Wrap (Both Sides),,2 HR,Interior,0.0214 BTU/(h·ft²·°F),,2xoycrPpH7EOfiZC0iDSid,,,,14' - 0 7/16",,,,New Construction,None,,,,,3,Metal Stud Layer,Non-bearing,2.8823 BTU/(ft²·°F),46.7076 (h·ft²·°F)/BTU,Up to level: L4,-0' - 6",,Soffit - Beam Wrap (Both Sides),,,0a6T$5n7X4fAlDdhFoNEVx,,,1' - 9 1/2",,21.03 CF,0' - 10 1/2",
0.7,,36 SF,C1010145,Partitions - Drywall w/ Metal Stud,,L4,-2' - 3 1/2",,,,1,Vertical,,,,,,,,,By Type,,Default,,,Basic Wall,Basic Wall: Soffit - Beam Wrap 9 1/4" (One Side),,2 HR,Interior,0.0215 BTU/(h·ft²·°F),,2xoycrPpH7EOfiZC0iDSip,,,,20' - 4",,,,New Construction,None,,,,,3,Metal Stud Layer,Non-bearing,1.4471 BTU/(ft²·°F),46.4303 (h·ft²·°F)/BTU,Up to level: L4,-0' - 6",,Soffit - Beam Wrap 9 1/4" (One Side),,,0a6T$5n7X4fAlDdhFoNETY,,,1' - 9 1/2",,24.07 CF,0' - 9 1/4",
0.7,,33 SF,C1010145,Partitions - Drywall w/ Metal Stud,,L4,-2' - 3 1/2",,,,1,Vertical,,,,,,,,,By Type,,Default,,,Basic Wall,Basic Wall: Soffit - Beam Wrap (Both Sides),,2 HR,Interior,0.0214 BTU/(h·ft²·°F),,2xoycrPpH7EOfiZC0iDSim,,,,19' - 2 7/16",,,,New Construction,None,,,,,3,Metal Stud Layer,Non-bearing,2.8823 BTU/(ft²·°F),46.7076 (h·ft²·°F)/BTU,Up to level: L4,-0' - 6",,Soffit - Beam Wrap (Both Sides),,,0a6T$5n7X4fAlDdhFoNEVx,,,1' - 9 1/2",,29.18 CF,0' - 10 1/2",
0.7,,30 SF,C1010145,Partitions - Drywall w/ Metal Stud,,L4,-2' - 3 1/2",,,,1,Vertical,,,,,,,,,By Type,,Default,,,Basic Wall,Basic Wall: Soffit - Beam Wrap 9 1/4" (One Side),,2 HR,Interior,0.0215 BTU/(h·ft²·°F),,2xoycrPpH7EOfiZC0iDSi_,,,,17' - 4",,,,New Construction,None,,,,,3,Metal Stud Layer,Non-bearing,1.4471 BTU/(ft²·°F),46.4303 (h·ft²·°F)/BTU,Up to level: L4,-0' - 6",,Soffit - Beam Wrap 9 1/4" (One Side),,,0a6T$5n7X4fAlDdhFoNETY,,,1' - 9 1/2",,20.43 CF,0' - 9 1/4",
0.7,,29 SF,C1010145,Partitions - Drywall w/ Metal Stud,,L4,-2' - 3 1/2",,,,1,Vertical,,,,,,,,,By Type,,Default,,,Basic Wall,Basic Wall: Soffit - Beam Wrap (Both Sides),,2 HR,Interior,0.0214 BTU/(h·ft²·°F),,2xoycrPpH7EOfiZC0iDSi$,,,,16' - 7 1/4",,,,New Construction,None,,,,,3,Metal Stud Layer,Non-bearing,2.8823 BTU/(ft²·°F),46.7076 (h·ft²·°F)/BTU,Up to level: L4,-0' - 6",,Soffit - Beam Wrap (Both Sides),,,0a6T$5n7X4fAlDdhFoNEVx,,,1' - 9 1/2",,25.26 CF,0' - 10 1/2",
0.7,,36 SF,C1010145,Partitions - Drywall w/ Metal Stud,,L4,-2' - 3 1/2",,,,1,Vertical,,,,,,,,,By Type,,Default,,,Basic Wall,Basic Wall: Soffit - Beam Wrap 9 1/4" (One Side),,2 HR,Interior,0.0215 BTU/(h·ft²·°F),,2xoycrPpH7EOfiZC0iDSiB,,,,21' - 1 13/16",,,,New Construction,None,,,,,3,Metal Stud Layer,Non-bearing,1.4471 BTU/(ft²·°F),46.4303 (h·ft²·°F)/BTU,Up to level: L4,-0' - 6",,Soffit - Beam Wrap 9 1/4" (One Side),,,0a6T$5n7X4fAlDdhFoNETY,,,1' - 9 1/2",,24.43 CF,0' - 9 1/4",
0.7,,39 SF,C1010145,Partitions - Drywall w/ Metal Stud,,L4,-2' - 3 1/2",,,,1,Vertical,,,,,,,,,By Type,,Default,,,Basic Wall,Basic Wall: Soffit - Beam Wrap (Both Sides),,2 HR,Interior,0.0214 BTU/(h·ft²·°F),,2xoycrPpH7EOfiZC0iDSi8,,,,22' - 4 9/16",,,,New Construction,None,,,,,3,Metal Stud Layer,Non-bearing,2.8823 BTU/(ft²·°F),46.7076 (h·ft²·°F)/BTU,Up to level: L4,-0' - 6",,Soffit - Beam Wrap (Both Sides),,,0a6T$5n7X4fAlDdhFoNEVx,,,1' - 9 1/2",,34.32 CF,0' - 10 1/2",
0.7,,41 SF,C1010145,Partitions - Drywall w/ Metal Stud,,L4,-2' - 3 1/2",,,,1,Vertical,,,,,,,,,By Type,,Default,,,Basic Wall,Basic Wall: Soffit - Beam Wrap (Both Sides),,2 HR,Interior,0.0214 BTU/(h·ft²·°F),,2jg$LpiXP4uAnmZpMT4qkJ,,,,23' - 10",,,,New Construction,None,,,,,3,Metal Stud Layer,Non-bearing,2.8823 BTU/(ft²·°F),46.7076 (h·ft²·°F)/BTU,Up to level: L4,-0' - 6",,Soffit - Beam Wrap (Both Sides),,,0a6T$5n7X4fAlDdhFoNEVx,,,1' - 9 1/2",,35.83 CF,0' - 10 1/2",
0.7,,34 SF,C1010145,Partitions - Drywall w/ Metal Stud,,L4,-2' - 3 1/2",,,,1,Vertical,,,,,,,,,By Type,,Default,,,Basic Wall,Basic Wall: Soffit - Beam Wrap (Both Sides),,2 HR,Interior,0.0214 BTU/(h·ft²·°F),,2jg$LpiXP4uAnmZpMT4qkd,,,,19' - 4",,,,New Construction,None,,,,,3,Metal Stud Layer,Non-bearing,2.8823 BTU/(ft²·°F),46.7076 (h·ft²·°F)/BTU,Up to level: L4,-0' - 6",,Soffit - Beam Wrap (Both Sides),,,0a6T$5n7X4fAlDdhFoNEVx,,,1' - 9 1/2",,29.54 CF,0' - 10 1/2",
0.7,,28 SF,C1010145,Partitions - Drywall w/ Metal Stud,,L4,-2' - 3 1/2",,,,1,Vertical,,,,,,,,,By Type,,Default,,,Basic Wall,Basic Wall: Soffit - Beam Wrap (Both Sides),,2 HR,Interior,0.0214 BTU/(h·ft²·°F),,2jg$LpiXP4uAnmZpMT4qkj,,,,15' - 8 7/16",,,,New Construction,None,,,,,3,Metal Stud Layer,Non-bearing,2.8823 BTU/(ft²·°F),46.7076 (h·ft²·°F)/BTU,Up to level: L4,-0' - 6",,Soffit - Beam Wrap (Both Sides),,,0a6T$5n7X4fAlDdhFoNEVx,,,1' - 9 1/2",,24.41 CF,0' - 10 1/2",
0.7,,29 SF,C1010145,Partitions - Drywall w/ Metal Stud,,L4,-2' - 3 1/2",,,,1,Vertical,,,,,,,,,By Type,,Default,,,Basic Wall,Basic Wall: Soffit - Beam Wrap (Both Sides),,2 HR,Interior,0.0214 BTU/(h·ft²·°F),,2jg$LpiXP4uAnmZpMT4qkn,,,,16' - 6 15/16",,,,New Construction,None,,,,,3,Metal Stud Layer,Non-bearing,2.8823 BTU/(ft²·°F),46.7076 (h·ft²·°F)/BTU,Up to level: L4,-0' - 6",,Soffit - Beam Wrap (Both Sides),,,0a6T$5n7X4fAlDdhFoNEVx,,,1' - 9 1/2",,25.79 CF,0' - 10 1/2",
0.7,,52 SF,B2010,Exterior Walls,,L5,0' - 0",,,,1,Vertical,,,,,,,,,By Type,,Default,,,Basic Wall,Basic Wall: Chase - GWB & Metal Stud 4 1/4",,,Soffit,6.6534 BTU/(h·ft²·°F),,1T5Wcb3F14If4LK98pJeHA,,,,4' - 2 3/8",,,,New Construction,None,,,,,3,Metal Furring,Non-bearing,17.6896 BTU/(ft²·°F),0.1503 (h·ft²·°F)/BTU,Up to level: R2,0' - 0",,Chase - GWB & Metal Stud 4 1/4",,,3FDTNrVMX5CROAaE1LHtAP,,S03,13' - 4",,18.16 CF,0' - 4 1/4",
0.7,,53 SF,B2010,Exterior Walls,,L5,0' - 0",,,,1,Vertical,,,,,,,,,By Type,,Default,,,Basic Wall,Basic Wall: Chase - GWB & Metal Stud 4 1/4",,,Soffit,6.6534 BTU/(h·ft²·°F),,1T5Wcb3F14If4LK98pJeHX,,,,4' - 1 3/4",,,,New Construction,None,,,,,3,Metal Furring,Non-bearing,17.6896 BTU/(ft²·°F),0.1503 (h·ft²·°F)/BTU,Up to level: R2,0' - 0",,Chase - GWB & Metal Stud 4 1/4",,,3FDTNrVMX5CROAaE1LHtAP,,S03,13' - 4",,18.84 CF,0' - 4 1/4",
0.7,,38 SF,B2010,Exterior Walls,,L5,0' - 0",,,,1,Vertical,,,,,,,,,By Type,,Default,,,Basic Wall,Basic Wall: Chase - GWB & Metal Stud 4 1/4",,,Soffit,6.6534 BTU/(h·ft²·°F),,1T5Wcb3F14If4LK98pJeEJ,,,,3' - 7 27/32",,,,New Construction,None,,,,,3,Metal Furring,Non-bearing,17.6896 BTU/(ft²·°F),0.1503 (h·ft²·°F)/BTU,Up to level: R2,0' - 0",,Chase - GWB & Metal Stud 4 1/4",,,3FDTNrVMX5CROAaE1LHtAP,,S03,13' - 4",,13.39 CF,0' - 4 1/4",
0.7,,47 SF,B2010,Exterior Walls,,L4,0' - 0",,,,1,Vertical,,,,,,,,,By Type,,Default,,,Basic Wall,Basic Wall: Chase - GWB & Metal Stud 4 1/4",,,Soffit,6.6534 BTU/(h·ft²·°F),,1T5Wcb3F14If4LK98pJeFP,,,,3' - 7 15/16",,,,New Construction,None,,,,,3,Metal Furring,Non-bearing,17.6896 BTU/(ft²·°F),0.1503 (h·ft²·°F)/BTU,Up to level: L5,0' - 0",,Chase - GWB & Metal Stud 4 1/4",,,3FDTNrVMX5CROAaE1LHtAP,,S03,13' - 4",,16.66 CF,0' - 4 1/4",
0.7,,39 SF,B2010,Exterior Walls,,L4,0' - 0",,,,1,Vertical,,,,,,,,,By Type,,Default,,,Basic Wall,Basic Wall: Chase - GWB & Metal Stud 4 1/4",,,Soffit,6.6534 BTU/(h·ft²·°F),,1T5Wcb3F14If4LK98pJeFO,,,,3' - 7 5/16",,,,New Construction,None,,,,,3,Metal Furring,Non-bearing,17.6896 BTU/(ft²·°F),0.1503 (h·ft²·°F)/BTU,Up to level: L5,0' - 0",,Chase - GWB & Metal Stud 4 1/4",,,3FDTNrVMX5CROAaE1LHtAP,,S03,13' - 4",,13.70 CF,0' - 4 1/4",
0.7,,54 SF,B2010,Exterior Walls,,L3,0' - 0",,,,1,Vertical,,,,,,,,,By Type,,Default,,,Basic Wall,Basic Wall: Chase - GWB & Metal Stud 4 1/4",,,Soffit,6.6534 BTU/(h·ft²·°F),,1T5Wcb3F14If4LK98pJeCF,,,,4' - 1 15/16",,,,New Construction,None,,,,,3,Metal Furring,Non-bearing,17.6896 BTU/(ft²·°F),0.1503 (h·ft²·°F)/BTU,Up to level: L4,0' - 0",,Chase - GWB & Metal Stud 4 1/4",,,3FDTNrVMX5CROAaE1LHtAP,,S03,13' - 4",,18.93 CF,0' - 4 1/4",
0.7,,38 SF,B2010,Exterior Walls,,L3,0' - 0",,,,1,Vertical,,,,,,,,,By Type,,Default,,,Basic Wall,Basic Wall: Chase - GWB & Metal Stud 4 1/4",,,Soffit,6.6534 BTU/(h·ft²·°F),,1T5Wcb3F14If4LK98pJeCE,,,,3' - 6 17/32",,,,New Construction,None,,,,,3,Metal Furring,Non-bearing,17.6896 BTU/(ft²·°F),0.1503 (h·ft²·°F)/BTU,Up to level: L4,0' - 0",,Chase - GWB & Metal Stud 4 1/4",,,3FDTNrVMX5CROAaE1LHtAP,,S03,13' - 4",,13.39 CF,0' - 4 1/4",
0.7,,100 SF,B2010,Exterior Walls,,L1 - Block 43,0' - 0",,,,1,Vertical,,,,,,,,,By Type,,Default,,,Basic Wall,Basic Wall: Chase - GWB & Metal Stud 4 1/4",,,Soffit,6.6534 BTU/(h·ft²·°F),,1T5Wcb3F14If4LK98pJeCc,,,,4' - 11 3/4",,,,New Construction,None,,,,,3,Metal Furring,Non-bearing,17.6896 BTU/(ft²·°F),0.1503 (h·ft²·°F)/BTU,Up to level: L3,0' - 0",,Chase - GWB & Metal Stud 4 1/4",,,3FDTNrVMX5CROAaE1LHtAP,,S03,18' - 10",,35.57 CF,0' - 4 1/4",
0.7,,62 SF,B2010,Exterior Walls,,L1 - Block 43,0' - 0",,,,1,Vertical,,,,,,,,,By Type,,Default,,,Basic Wall,Basic Wall: Chase - GWB & Metal Stud 4 1/4",,,Soffit,6.6534 BTU/(h·ft²·°F),,1T5Wcb3F14If4LK98pJeCf,,,,3' - 11 25/32",,,,New Construction,None,,,,,3,Metal Furring,Non-bearing,17.6896 BTU/(ft²·°F),0.1503 (h·ft²·°F)/BTU,Up to level: L3,0' - 0",,Chase - GWB & Metal Stud 4 1/4",,,3FDTNrVMX5CROAaE1LHtAP,,S03,18' - 10",,21.84 CF,0' - 4 1/4",
0.7,,74 SF,B2010,Exterior Walls,,L1 - Block 43,0' - 0",,,,1,Vertical,,,,,,,,,By Type,,Default,,,Basic Wall,Basic Wall: Chase - GWB & Metal Stud 4 1/4",,,Soffit,6.6534 BTU/(h·ft²·°F),,1T5Wcb3F14If4LK98pJeA9,,,,4' - 7 21/32",,,,New Construction,None,,,,,3,Metal Furring,Non-bearing,17.6896 BTU/(ft²·°F),0.1503 (h·ft²·°F)/BTU,Up to level: L3,0' - 0",,Chase - GWB & Metal Stud 4 1/4",,,3FDTNrVMX5CROAaE1LHtAP,,S03,18' - 10",,26.21 CF,0' - 4 1/4",
0.7,,32 SF,C1010145,Partitions - Drywall w/ Metal Stud,,L3,-2' - 3 1/2",,,,1,Vertical,,,,,,,,,By Type,,Default,,,Basic Wall,Basic Wall: Soffit - Beam Wrap (Both Sides),,2 HR,Interior,0.0214 BTU/(h·ft²·°F),,05z2dez$L4s8S9q4HwY_9p,,,,17' - 11 15/16",,,,New Construction,None,,,,,3,Metal Stud Layer,Non-bearing,2.8823 BTU/(ft²·°F),46.7076 (h·ft²·°F)/BTU,Up to level: L3,-0' - 6",,Soffit - Beam Wrap (Both Sides),,,0a6T$5n7X4fAlDdhFoNEVx,,,1' - 9 1/2",,28.01 CF,0' - 10 1/2",
0.7,,49 SF,C1010145,Partitions - Drywall w/ Metal Stud,,L3,-2' - 3 1/2",,,,1,Vertical,,,,,,,,,By Type,,Default,,,Basic Wall,Basic Wall: Soffit - Beam Wrap (Both Sides),,2 HR,Interior,0.0214 BTU/(h·ft²·°F),,05z2dez$L4s8S9q4HwY_9o,,,,27' - 1 7/8",,,,New Construction,None,,,,,3,Metal Stud Layer,Non-bearing,2.8823 BTU/(ft²·°F),46.7076 (h·ft²·°F)/BTU,Up to level: L3,-0' - 6",,Soffit - Beam Wrap (Both Sides),,,0a6T$5n7X4fAlDdhFoNEVx,,,1' - 9 1/2",,41.82 CF,0' - 10 1/2",
0.7,,49 SF,C1010145,Partitions - Drywall w/ Metal Stud,,L2,-2' - 3 1/2",,,,1,Vertical,,,,,,,,,By Type,,Default,,,Basic Wall,Basic Wall: Soffit - Beam Wrap (Both Sides),,2 HR,Interior,0.0214 BTU/(h·ft²·°F),,05z2dez$L4s8S9q4HwY_BO,,,,27' - 2 9/32",,,,New Construction,None,,,,,3,Metal Stud Layer,Non-bearing,2.8823 BTU/(ft²·°F),46.7076 (h·ft²·°F)/BTU,Up to level: L2,-0' - 6",,Soffit - Beam Wrap (Both Sides),,,0a6T$5n7X4fAlDdhFoNEVx,,,1' - 9 1/2",,42.63 CF,0' - 10 1/2",
0.7,,32 SF,C1010145,Partitions - Drywall w/ Metal Stud,,L2,-2' - 3 1/2",,,,1,Vertical,,,,,,,,,By Type,,Default,,,Basic Wall,Basic Wall: Soffit - Beam Wrap (Both Sides),,2 HR,Interior,0.0214 BTU/(h·ft²·°F),,05z2dez$L4s8S9q4HwY_B1,,,,17' - 11 15/16",,,,New Construction,None,,,,,3,Metal Stud Layer,Non-bearing,2.8823 BTU/(ft²·°F),46.7076 (h·ft²·°F)/BTU,Up to level: L2,-0' - 6",,Soffit - Beam Wrap (Both Sides),,,0a6T$5n7X4fAlDdhFoNEVx,,,1' - 9 1/2",,28.01 CF,0' - 10 1/2",
0.7,,29 SF,C1010145,Partitions - Drywall w/ Metal Stud,,L3,-2' - 5",,,,1,Vertical,,,,,,,,,By Type,,Default,,,Basic Wall,Basic Wall: Soffit - Beam Wrap 10 1/2" (Two Sides),,2 HR,Interior,0.0214 BTU/(h·ft²·°F),,0RjpzTzI92$PvNq_RFrvuO,,,,15' - 2 7/16",,,,New Construction,None,,,,,3,Metal Stud Layer,Non-bearing,2.8823 BTU/(ft²·°F),46.7076 (h·ft²·°F)/BTU,Up to level: L3,-0' - 6",,Soffit - Beam Wrap 10 1/2" (Two Sides),,,040pYaAfP5UfxiZy_buDpx,,,1' - 11",,25.28 CF,0' - 10 1/2",
0.7,,36 SF,C1010145,Partitions - Drywall w/ Metal Stud,,L2,-2' - 5",,,,1,Vertical,,,,,,,,,By Type,,Default,,,Basic Wall,Basic Wall: Soffit - Beam Wrap 10 1/2" (Two Sides),,2 HR,Interior,0.0214 BTU/(h·ft²·°F),,0RjpzTzI92$PvNq_RFrvu0,,,,15' - 2 7/16",,,,New Construction,None,,,,,3,Metal Stud Layer,Non-bearing,2.8823 BTU/(ft²·°F),46.7076 (h·ft²·°F)/BTU,Up to level: L2,0' - 0",,Soffit - Beam Wrap 10 1/2" (Two Sides),,,040pYaAfP5UfxiZy_buDpx,,,2' - 5",,27.55 CF,0' - 10 1/2",
0.7,,29 SF,C1010145,Partitions - Drywall w/ Metal Stud,,L3,-2' - 5",,,,1,Vertical,,,,,,,,,By Type,,Default,,,Basic Wall,Basic Wall: Soffit - Beam Wrap 10 1/2" (Two Sides),,2 HR,Interior,0.0214 BTU/(h·ft²·°F),,1F$LJ2H2T0fOXe_NxuWisD,,,,15' - 2 7/16",,,,New Construction,None,,,,,3,Metal Stud Layer,Non-bearing,2.8823 BTU/(ft²·°F),46.7076 (h·ft²·°F)/BTU,Up to level: L3,-0' - 6",,Soffit - Beam Wrap 10 1/2" (Two Sides),,,040pYaAfP5UfxiZy_buDpx,,,1' - 11",,25.28 CF,0' - 10 1/2",
0.7,,22 SF,C1010145,Partitions - Drywall w/ Metal Stud,,L3,-2' - 5",,,,1,Vertical,,,,,,,,,By Type,,Default,,,Basic Wall,Basic Wall: Soffit - Beam Wrap (Both Sides),,2 HR,Interior,0.0214 BTU/(h·ft²·°F),,3w1fdDBgP24AlAEkntqDw7,,,,14' - 0 7/16",,,,New Construction,None,,,,,3,Metal Stud Layer,Non-bearing,2.8823 BTU/(ft²·°F),46.7076 (h·ft²·°F)/BTU,Up to level: L3,-0' - 6",,Soffit - Beam Wrap (Both Sides),,,0a6T$5n7X4fAlDdhFoNEVx,,,1' - 11",,19.51 CF,0' - 10 1/2",
0.7,,26 SF,C1010145,Partitions - Drywall w/ Metal Stud,,L3,-2' - 5",,,,1,Vertical,,,,,,,,,By Type,,Default,,,Basic Wall,Basic Wall: Soffit - Beam Wrap (Both Sides),,2 HR,Interior,0.0214 BTU/(h·ft²·°F),,3w1fdDBgP24AlAEkntqDwF,,,,14' - 0 7/16",,,,New Construction,None,,,,,3,Metal Stud Layer,Non-bearing,2.8823 BTU/(ft²·°F),46.7076 (h·ft²·°F)/BTU,Up to level: L3,-0' - 6",,Soffit - Beam Wrap (Both Sides),,,0a6T$5n7X4fAlDdhFoNEVx,,,1' - 11",,22.50 CF,0' - 10 1/2",
0.7,,25 SF,C1010145,Partitions - Drywall w/ Metal Stud,,L2,-2' - 5",,,,1,Vertical,,,,,,,,,By Type,,Default,,,Basic Wall,Basic Wall: Soffit - Beam Wrap (Both Sides),,2 HR,Interior,0.0214 BTU/(h·ft²·°F),,3w1fdDBgP24AlAEkntqDb2,,,,13' - 7",,,,New Construction,None,,,,,3,Metal Stud Layer,Non-bearing,2.8823 BTU/(ft²·°F),46.7076 (h·ft²·°F)/BTU,Up to level: L2,-0' - 6",,Soffit - Beam Wrap (Both Sides),,,0a6T$5n7X4fAlDdhFoNEVx,,,1' - 11",,10.78 CF,0' - 10 1/2",
0.7,,47 SF,C1010145,Partitions - Drywall w/ Metal Stud,,R1,-0' - 11",,,,1,Vertical,,,,,,,,,By Type,,Default,,,Basic Wall,Basic Wall: Soffit - Beam Wrap 10 1/2" (Two Sides),,2 HR,Interior,0.0214 BTU/(h·ft²·°F),,3w1fdDBgP24AlAEkntqDa4,,,,23' - 9 7/8",,,,New Construction,None,,,,,3,Metal Stud Layer,Non-bearing,2.8823 BTU/(ft²·°F),46.7076 (h·ft²·°F)/BTU,Up to level: R1,1' - 2",,Soffit - Beam Wrap 10 1/2" (Two Sides),,,040pYaAfP5UfxiZy_buDpx,,,2' - 1",,7.88 CF,0' - 10 1/2",
0.7,,91 SF,C1010145,Partitions - Drywall w/ Metal Stud,,L5,-4' - 6",,,,1,Vertical,,,,,,,,,By Type,,Default,,,Basic Wall,Basic Wall: Soffit - Beam Wrap 10 1/2" (Two Sides),,2 HR,Interior,0.0214 BTU/(h·ft²·°F),,0Lwxb_BUfALAc2_$BhZdz2,,,,23' - 10",,,,New Construction,None,,,,,3,Metal Stud Layer,Non-bearing,2.8823 BTU/(ft²·°F),46.7076 (h·ft²·°F)/BTU,Up to level: L5,-0' - 6",,Soffit - Beam Wrap 10 1/2" (Two Sides),,,040pYaAfP5UfxiZy_buDpx,,,4' - 0",,53.04 CF,0' - 10 1/2",
0.7,,23 SF,C1010145,Partitions - Drywall w/ Metal Stud,,L5,-2' - 3 1/2",,,,1,Vertical,,,,,,,,,By Type,,Default,,,Basic Wall,Basic Wall: Soffit - Beam Wrap (Both Sides),,2 HR,Interior,0.0214 BTU/(h·ft²·°F),,0Lwxb_BUfALAc2_$BhZdz3,,,,13' - 0 7/16",,,,New Construction,None,,,,,3,Metal Stud Layer,Non-bearing,2.8823 BTU/(ft²·°F),46.7076 (h·ft²·°F)/BTU,Up to level: L5,-0' - 6",,Soffit - Beam Wrap (Both Sides),,,0a6T$5n7X4fAlDdhFoNEVx,,,1' - 9 1/2",,20.23 CF,0' - 10 1/2",
0.7,,24 SF,C1010145,Partitions - Drywall w/ Metal Stud,,L5,-2' - 3 1/2",,,,1,Vertical,,,,,,,,,By Type,,Default,,,Basic Wall,Basic Wall: Soffit - Beam Wrap (Both Sides),,2 HR,Interior,0.0214 BTU/(h·ft²·°F),,0Lwxb_BUfALAc2_$BhZdz0,,,,14' - 0 7/16",,,,New Construction,None,,,,,3,Metal Stud Layer,Non-bearing,2.8823 BTU/(ft²·°F),46.7076 (h·ft²·°F)/BTU,Up to level: L5,-0' - 6",,Soffit - Beam Wrap (Both Sides),,,0a6T$5n7X4fAlDdhFoNEVx,,,1' - 9 1/2",,21.03 CF,0' - 10 1/2",
0.7,,23 SF,C1010145,Partitions - Drywall w/ Metal Stud,,R2,-2' - 3 1/2",,,,1,Vertical,,,,,,,,,By Type,,Default,,,Basic Wall,Basic Wall: Soffit - Beam Wrap (Both Sides),,2 HR,Interior,0.0214 BTU/(h·ft²·°F),,0Lwxb_BUfALAc2_$BhZdy_,,,,13' - 0 7/16",,,,New Construction,None,,,,,3,Metal Stud Layer,Non-bearing,2.8823 BTU/(ft²·°F),46.7076 (h·ft²·°F)/BTU,Up to level: R2,-0' - 6",,Soffit - Beam Wrap (Both Sides),,,0a6T$5n7X4fAlDdhFoNEVx,,,1' - 9 1/2",,20.23 CF,0' - 10 1/2",
0.7,,9 SF,B2010,Exterior Walls,,L1 - Block 37,0' - 0",,,,1,Vertical,,,,,,,,,By Type,,Default,,,Basic Wall,Basic Wall: Chase - GWB & Metal Stud 4 1/4",,,Soffit,6.6534 BTU/(h·ft²·°F),,0Lwxb_BUfALAc2_$BhZc3y,,,,1' - 1 3/4",,,,New Construction,None,,,,,3,Metal Furring,Non-bearing,17.6896 BTU/(ft²·°F),0.1503 (h·ft²·°F)/BTU,Up to level: L2,-0' - 6",,Chase - GWB & Metal Stud 4 1/4",,,3FDTNrVMX5CROAaE1LHtAP,,S03,11' - 0 1/2",,3.26 CF,0' - 4 1/4",
0.7,,81 SF,B2010,Exterior Walls,,L1 - Block 37,0' - 0",,,,1,Vertical,,,,,,,,,By Type,,Default,,,Basic Wall,Basic Wall: Chase - GWB & Metal Stud 4 1/4",,,Soffit,6.6534 BTU/(h·ft²·°F),,0Lwxb_BUfALAc2_$BhZc3N,,,,7' - 7 3/4",,,,New Construction,None,,,,,3,Metal Furring,Non-bearing,17.6896 BTU/(ft²·°F),0.1503 (h·ft²·°F)/BTU,Up to level: L2,-0' - 6",,Chase - GWB & Metal Stud 4 1/4",,,3FDTNrVMX5CROAaE1LHtAP,,S03,11' - 0 1/2",,28.51 CF,0' - 4 1/4",
0.7,,9 SF,B2010,Exterior Walls,,L1 - Block 37,0' - 0",,,,1,Vertical,,,,,,,,,By Type,,Default,,,Basic Wall,Basic Wall: Chase - GWB & Metal Stud 4 1/4",,,Soffit,6.6534 BTU/(h·ft²·°F),,0Lwxb_BUfALAc2_$BhZc34,,,,1' - 1 3/4",,,,New Construction,None,,,,,3,Metal Furring,Non-bearing,17.6896 BTU/(ft²·°F),0.1503 (h·ft²·°F)/BTU,Up to level: L2,-0' - 6",,Chase - GWB & Metal Stud 4 1/4",,,3FDTNrVMX5CROAaE1LHtAP,,S03,11' - 0 1/2",,3.26 CF,0' - 4 1/4",
0.7,,36 SF,C1010145,Partitions - Drywall w/ Metal Stud,,L3,-2' - 5",,,,1,Vertical,,,,,,,,,By Type,,Default,,,Basic Wall,Basic Wall: Soffit - Beam Wrap 10 1/2" (Two Sides),,2 HR,Interior,0.0214 BTU/(h·ft²·°F),,0Lwxb_BUfALAc2_$BhZc2Q,,,,19' - 4",,,,New Construction,None,,,,,3,Metal Stud Layer,Non-bearing,2.8823 BTU/(ft²·°F),46.7076 (h·ft²·°F)/BTU,Up to level: L3,-0' - 6",,Soffit - Beam Wrap 10 1/2" (Two Sides),,,040pYaAfP5UfxiZy_buDpx,,,1' - 11",,30.48 CF,0' - 10 1/2",
0.7,,36 SF,C1010145,Partitions - Drywall w/ Metal Stud,,L3,-2' - 5",,,,1,Vertical,,,,,,,,,By Type,,Default,,,Basic Wall,Basic Wall: Soffit - Beam Wrap 10 1/2" (Two Sides),,2 HR,Interior,0.0214 BTU/(h·ft²·°F),,0Lwxb_BUfALAc2_$BhZc2T,,,,19' - 2 7/16",,,,New Construction,None,,,,,3,Metal Stud Layer,Non-bearing,2.8823 BTU/(ft²·°F),46.7076 (h·ft²·°F)/BTU,Up to level: L3,-0' - 6",,Soffit - Beam Wrap 10 1/2" (Two Sides),,,040pYaAfP5UfxiZy_buDpx,,,1' - 11",,31.22 CF,0' - 10 1/2",
0.7,,34 SF,C1010145,Partitions - Drywall w/ Metal Stud,,L3,-2' - 3 1/2",,,,1,Vertical,,,,,,,,,By Type,,Default,,,Basic Wall,Basic Wall: Soffit - Beam Wrap 9 1/4" (One Side),,2 HR,Interior,0.0215 BTU/(h·ft²·°F),,0Lwxb_BUfALAc2_$BhZc1h,,,,19' - 4",,,,New Construction,None,,,,,3,Metal Stud Layer,Non-bearing,1.4471 BTU/(ft²·°F),46.4303 (h·ft²·°F)/BTU,Up to level: L3,-0' - 6",,Soffit - Beam Wrap 9 1/4" (One Side),,,0a6T$5n7X4fAlDdhFoNETY,,,1' - 9 1/2",,20.00 CF,0' - 9 1/4",
0.7,,35 SF,C1010145,Partitions - Drywall w/ Metal Stud,,L2,-2' - 5",,,,1,Vertical,,,,,,,,,By Type,,Default,,,Basic Wall,Basic Wall: Soffit - Beam Wrap 10 1/2" (Two Sides),,2 HR,Interior,0.0214 BTU/(h·ft²·°F),,0Lwxb_BUfALAc2_$BhZc0r,,,,19' - 5",,,,New Construction,None,,,,,3,Metal Stud Layer,Non-bearing,2.8823 BTU/(ft²·°F),46.7076 (h·ft²·°F)/BTU,Up to level: L2,-0' - 6",,Soffit - Beam Wrap 10 1/2" (Two Sides),,,040pYaAfP5UfxiZy_buDpx,,,1' - 11",,31.01 CF,0' - 10 1/2",
0.7,,34 SF,C1010145,Partitions - Drywall w/ Metal Stud,,L2,-2' - 3 1/2",,,,1,Vertical,,,,,,,,,By Type,,Default,,,Basic Wall,Basic Wall: Soffit - Beam Wrap 9 1/4" (One Side),,2 HR,Interior,0.0215 BTU/(h·ft²·°F),,0Lwxb_BUfALAc2_$BhZc0y,,,,19' - 4",,,,New Construction,None,,,,,3,Metal Stud Layer,Non-bearing,1.4471 BTU/(ft²·°F),46.4303 (h·ft²·°F)/BTU,Up to level: L2,-0' - 6",,Soffit - Beam Wrap 9 1/4" (One Side),,,0a6T$5n7X4fAlDdhFoNETY,,,1' - 9 1/2",,20.00 CF,0' - 9 1/4",
0.7,,34 SF,C1010145,Partitions - Drywall w/ Metal Stud,,L5,-2' - 3 1/2",,,,1,Vertical,,,,,,,,,By Type,,Default,,,Basic Wall,Basic Wall: Soffit - Beam Wrap 10 1/2" (Two Sides),,2 HR,Interior,0.0214 BTU/(h·ft²·°F),,0Lwxb_BUfALAc2_$BhZc7c,,,,19' - 4",,,,New Construction,None,,,,,3,Metal Stud Layer,Non-bearing,2.8823 BTU/(ft²·°F),46.7076 (h·ft²·°F)/BTU,Up to level: L5,-0' - 6",,Soffit - Beam Wrap 10 1/2" (Two Sides),,,040pYaAfP5UfxiZy_buDpx,,,1' - 9 1/2",,29.54 CF,0' - 10 1/2",
0.7,,66 SF,C1010145,Partitions - Drywall w/ Metal Stud,,L5,-2' - 3 1/2",,,,1,Vertical,,,,,,,,,By Type,,Default,,,Basic Wall,Basic Wall: Soffit - Beam Wrap 10 1/2" (Two Sides),,2 HR,Interior,0.0214 BTU/(h·ft²·°F),,0Lwxb_BUfALAc2_$BhZc7e,,,,37' - 8",,,,New Construction,None,,,,,3,Metal Stud Layer,Non-bearing,2.8823 BTU/(ft²·°F),46.7076 (h·ft²·°F)/BTU,Up to level: L5,-0' - 6",,Soffit - Beam Wrap 10 1/2" (Two Sides),,,040pYaAfP5UfxiZy_buDpx,,,1' - 9 1/2",,56.10 CF,0' - 10 1/2",
0.7,,33 SF,C1010145,Partitions - Drywall w/ Metal Stud,,L5,-2' - 3 1/2",,,,1,Vertical,,,,,,,,,By Type,,Default,,,Basic Wall,Basic Wall: Soffit - Beam Wrap 10 1/2" (Two Sides),,2 HR,Interior,0.0214 BTU/(h·ft²·°F),,0Lwxb_BUfALAc2_$BhZc7J,,,,19' - 2 7/16",,,,New Construction,None,,,,,3,Metal Stud Layer,Non-bearing,2.8823 BTU/(ft²·°F),46.7076 (h·ft²·°F)/BTU,Up to level: L5,-0' - 6",,Soffit - Beam Wrap 10 1/2" (Two Sides),,,040pYaAfP5UfxiZy_buDpx,,,1' - 9 1/2",,29.18 CF,0' - 10 1/2",
0.7,,34 SF,C1010145,Partitions - Drywall w/ Metal Stud,,L5,-2' - 3 1/2",,,,1,Vertical,,,,,,,,,By Type,,Default,,,Basic Wall,Basic Wall: Soffit - Beam Wrap 9 1/4" (One Side),,2 HR,Interior,0.0215 BTU/(h·ft²·°F),,0Lwxb_BUfALAc2_$BhZc7L,,,,19' - 4",,,,New Construction,None,,,,,3,Metal Stud Layer,Non-bearing,1.4471 BTU/(ft²·°F),46.4303 (h·ft²·°F)/BTU,Up to level: L5,-0' - 6",,Soffit - Beam Wrap 9 1/4" (One Side),,,0a6T$5n7X4fAlDdhFoNETY,,,1' - 9 1/2",,20.00 CF,0' - 9 1/4",
0.7,,66 SF,C1010145,Partitions - Drywall w/ Metal Stud,,R2,-2' - 3 1/2",,,,1,Vertical,,,,,,,,,By Type,,Default,,,Basic Wall,Basic Wall: Soffit - Beam Wrap 10 1/2" (Two Sides),,2 HR,Interior,0.0214 BTU/(h·ft²·°F),,0Lwxb_BUfALAc2_$BhZc6W,,,,37' - 8 1/16",,,,New Construction,None,,,,,3,Metal Stud Layer,Non-bearing,2.8823 BTU/(ft²·°F),46.7076 (h·ft²·°F)/BTU,Up to level: R2,-0' - 6",,Soffit - Beam Wrap 10 1/2" (Two Sides),,,040pYaAfP5UfxiZy_buDpx,,,1' - 9 1/2",,57.38 CF,0' - 10 1/2",
0.7,,33 SF,C1010145,Partitions - Drywall w/ Metal Stud,,R2,-2' - 3 1/2",,,,1,Vertical,,,,,,,,,By Type,,Default,,,Basic Wall,Basic Wall: Soffit - Beam Wrap 10 1/2" (Two Sides),,2 HR,Interior,0.0214 BTU/(h·ft²·°F),,0Lwxb_BUfALAc2_$BhZc6X,,,,19' - 2 7/16",,,,New Construction,None,,,,,3,Metal Stud Layer,Non-bearing,2.8823 BTU/(ft²·°F),46.7076 (h·ft²·°F)/BTU,Up to level: R2,-0' - 6",,Soffit - Beam Wrap 10 1/2" (Two Sides),,,040pYaAfP5UfxiZy_buDpx,,,1' - 9 1/2",,29.18 CF,0' - 10 1/2",
0.7,,33 SF,C1010145,Partitions - Drywall w/ Metal Stud,,R2,-2' - 3 1/2",,,,1,Vertical,,,,,,,,,By Type,,Default,,,Basic Wall,Basic Wall: Soffit - Beam Wrap 9 1/4" (One Side),,2 HR,Interior,0.0215 BTU/(h·ft²·°F),,0Lwxb_BUfALAc2_$BhZc6c,,,,18' - 4",,,,New Construction,None,,,,,3,Metal Stud Layer,Non-bearing,1.4471 BTU/(ft²·°F),46.4303 (h·ft²·°F)/BTU,Up to level: R2,-0' - 6",,Soffit - Beam Wrap 9 1/4" (One Side),,,0a6T$5n7X4fAlDdhFoNETY,,,1' - 9 1/2",,25.32 CF,0' - 9 1/4",
0.7,,29 SF,C1010145,Partitions - Drywall w/ Metal Stud,,L2,-2' - 5",,,,1,Vertical,,,,,,,,,By Type,,Default,,,Basic Wall,Basic Wall: Soffit - Beam Wrap 10 1/2" (Two Sides),,2 HR,Interior,0.0214 BTU/(h·ft²·°F),,1IMx2bCKn519m5SUiOEjxt,,,,15' - 4",,,,New Construction,None,,,,,3,Metal Stud Layer,Non-bearing,2.8823 BTU/(ft²·°F),46.7076 (h·ft²·°F)/BTU,Up to level: L2,-0' - 6",,Soffit - Beam Wrap 10 1/2" (Two Sides),,,040pYaAfP5UfxiZy_buDpx,,,1' - 11",,25.72 CF,0' - 10 1/2",
0.7,,28 SF,C1010145,Partitions - Drywall w/ Metal Stud,,L2,-2' - 3 1/2",,,,1,Vertical,,,,,,,,,By Type,,Default,,,Basic Wall,Basic Wall: Soffit - Beam Wrap 9 1/4" (One Side),,2 HR,Interior,0.0215 BTU/(h·ft²·°F),,1IMx2bCKn519m5SUiOEjrb,,,,16' - 5 1/4",,,,New Construction,None,,,,,3,Metal Stud Layer,Non-bearing,1.4471 BTU/(ft²·°F),46.4303 (h·ft²·°F)/BTU,Up to level: L2,-0' - 6",,Soffit - Beam Wrap 9 1/4" (One Side),,,0a6T$5n7X4fAlDdhFoNETY,,,1' - 9 1/2",,16.81 CF,0' - 9 1/4",
0.7,,27 SF,C1010145,Partitions - Drywall w/ Metal Stud,,L2,-2' - 3 1/2",,,,1,Vertical,,,,,,,,,By Type,,Default,,,Basic Wall,Basic Wall: Soffit - Beam Wrap 9 1/4" (One Side),,2 HR,Interior,0.0215 BTU/(h·ft²·°F),,1IMx2bCKn519m5SUiOEjt6,,,,18' - 7 7/16",,,,New Construction,None,,,,,3,Metal Stud Layer,Non-bearing,1.4471 BTU/(ft²·°F),46.4303 (h·ft²·°F)/BTU,Up to level: L2,-0' - 6",,Soffit - Beam Wrap 9 1/4" (One Side),,,0a6T$5n7X4fAlDdhFoNETY,,,1' - 9 1/2",,16.00 CF,0' - 9 1/4",
0.7,,32 SF,C1010145,Partitions - Drywall w/ Metal Stud,,L3,-2' - 5",,,,1,Vertical,,,,,,,,,By Type,,Default,,,Basic Wall,Basic Wall: Soffit - Beam Wrap 10 1/2" (Two Sides),,2 HR,Interior,0.0214 BTU/(h·ft²·°F),,10$nTTYwHDYQgso2$xPFrc,,,,16' - 6 15/16",,,,New Construction,None,,,,,3,Metal Stud Layer,Non-bearing,2.8823 BTU/(ft²·°F),46.7076 (h·ft²·°F)/BTU,Up to level: L3,-0' - 6",,Soffit - Beam Wrap 10 1/2" (Two Sides),,,040pYaAfP5UfxiZy_buDpx,,,1' - 11",,27.58 CF,0' - 10 1/2",
0.7,,23 SF,C1010145,Partitions - Drywall w/ Metal Stud,,L3,-2' - 5",,,,1,Vertical,,,,,,,,,By Type,,Default,,,Basic Wall,Basic Wall: Soffit - Beam Wrap 10 1/2" (Two Sides),,2 HR,Interior,0.0214 BTU/(h·ft²·°F),,10$nTTYwHDYQgso2$xPFp7,,,,12' - 0 9/16",,,,New Construction,None,,,,,3,Metal Stud Layer,Non-bearing,2.8823 BTU/(ft²·°F),46.7076 (h·ft²·°F)/BTU,Up to level: L3,-0' - 6",,Soffit - Beam Wrap 10 1/2" (Two Sides),,,040pYaAfP5UfxiZy_buDpx,,,1' - 11",,19.91 CF,0' - 10 1/2",
0.7,,41 SF,C1010145,Partitions - Drywall w/ Metal Stud,,L3,-2' - 5",,,,1,Vertical,,,,,,,,,By Type,,Default,,,Basic Wall,Basic Wall: Soffit - Beam Wrap 10 1/2" (Two Sides),,2 HR,Interior,0.0214 BTU/(h·ft²·°F),,10$nTTYwHDYQgso2$xPFp6,,,,21' - 4 9/16",,,,New Construction,None,,,,,3,Metal Stud Layer,Non-bearing,2.8823 BTU/(ft²·°F),46.7076 (h·ft²·°F)/BTU,Up to level: L3,-0' - 6",,Soffit - Beam Wrap 10 1/2" (Two Sides),,,040pYaAfP5UfxiZy_buDpx,,,1' - 11",,35.86 CF,0' - 10 1/2",
0.7,,26 SF,C1010145,Partitions - Drywall w/ Metal Stud,,L3,-2' - 5",,,,1,Vertical,,,,,,,,,By Type,,Default,,,Basic Wall,Basic Wall: Soffit - Beam Wrap 10 1/2" (Two Sides),,2 HR,Interior,0.0214 BTU/(h·ft²·°F),,10$nTTYwHDYQgso2$xPFiq,,,,15' - 7 1/4",,,,New Construction,None,,,,,3,Metal Stud Layer,Non-bearing,2.8823 BTU/(ft²·°F),46.7076 (h·ft²·°F)/BTU,Up to level: L3,-0' - 6",,Soffit - Beam Wrap 10 1/2" (Two Sides),,,040pYaAfP5UfxiZy_buDpx,,,1' - 11",,22.84 CF,0' - 10 1/2",
0.7,,27 SF,C1010145,Partitions - Drywall w/ Metal Stud,,L3,-2' - 3 1/2",,,,1,Vertical,,,,,,,,,By Type,,Default,,,Basic Wall,Basic Wall: Soffit - Beam Wrap 9 1/4" (One Side),,2 HR,Interior,0.0215 BTU/(h·ft²·°F),,10$nTTYwHDYQgso2$xPFip,,,,15' - 4",,,,New Construction,None,,,,,3,Metal Stud Layer,Non-bearing,1.4471 BTU/(ft²·°F),46.4303 (h·ft²·°F)/BTU,Up to level: L3,-0' - 6",,Soffit - Beam Wrap 9 1/4" (One Side),,,0a6T$5n7X4fAlDdhFoNETY,,,1' - 9 1/2",,16.28 CF,0' - 9 1/4",
0.7,,33 SF,C1010145,Partitions - Drywall w/ Metal Stud,,L3,-2' - 3 1/2",,,,1,Vertical,,,,,,,,,By Type,,Default,,,Basic Wall,Basic Wall: Soffit - Beam Wrap 9 1/4" (One Side),,2 HR,Interior,0.0215 BTU/(h·ft²·°F),,10$nTTYwHDYQgso2$xPFjW,,,,18' - 7 7/16",,,,New Construction,None,,,,,3,Metal Stud Layer,Non-bearing,1.4471 BTU/(ft²·°F),46.4303 (h·ft²·°F)/BTU,Up to level: L3,-0' - 6",,Soffit - Beam Wrap 9 1/4" (One Side),,,0a6T$5n7X4fAlDdhFoNETY,,,1' - 9 1/2",,19.58 CF,0' - 9 1/4",
0.7,,34 SF,C1010145,Partitions - Drywall w/ Metal Stud,,L4,-2' - 3 1/2",,,,1,Vertical,,,,,,,,,By Type,,Default,,,Basic Wall,Basic Wall: Soffit - Beam Wrap (Both Sides),,2 HR,Interior,0.0214 BTU/(h·ft²·°F),,10$nTTYwHDYQgso2$xPFgN,,,,19' - 4",,,,New Construction,None,,,,,3,Metal Stud Layer,Non-bearing,2.8823 BTU/(ft²·°F),46.7076 (h·ft²·°F)/BTU,Up to level: L4,-0' - 6",,Soffit - Beam Wrap (Both Sides),,,0a6T$5n7X4fAlDdhFoNEVx,,,1' - 9 1/2",,28.75 CF,0' - 10 1/2",
0.7,,28 SF,C1010145,Partitions - Drywall w/ Metal Stud,,L4,-2' - 3 1/2",,,,1,Vertical,,,,,,,,,By Type,,Default,,,Basic Wall,Basic Wall: Soffit - Beam Wrap (Both Sides),,2 HR,Interior,0.0214 BTU/(h·ft²·°F),,10$nTTYwHDYQgso2$xPFhV,,,,15' - 8 7/16",,,,New Construction,None,,,,,3,Metal Stud Layer,Non-bearing,2.8823 BTU/(ft²·°F),46.7076 (h·ft²·°F)/BTU,Up to level: L4,-0' - 6",,Soffit - Beam Wrap (Both Sides),,,0a6T$5n7X4fAlDdhFoNEVx,,,1' - 9 1/2",,23.76 CF,0' - 10 1/2",
0.7,,29 SF,C1010145,Partitions - Drywall w/ Metal Stud,,L5,-2' - 3 1/2",,,,1,Vertical,,,,,,,,,By Type,,Default,,,Basic Wall,Basic Wall: Soffit - Beam Wrap 10 1/2" (Two Sides),,2 HR,Interior,0.0214 BTU/(h·ft²·°F),,10$nTTYwHDYQgso2$xPFfL,,,,16' - 7 1/4",,,,New Construction,None,,,,,3,Metal Stud Layer,Non-bearing,2.8823 BTU/(ft²·°F),46.7076 (h·ft²·°F)/BTU,Up to level: L5,-0' - 6",,Soffit - Beam Wrap 10 1/2" (Two Sides),,,040pYaAfP5UfxiZy_buDpx,,,1' - 9 1/2",,25.26 CF,0' - 10 1/2",
0.7,,28 SF,C1010145,Partitions - Drywall w/ Metal Stud,,L5,-2' - 3 1/2",,,,1,Vertical,,,,,,,,,By Type,,Default,,,Basic Wall,Basic Wall: Soffit - Beam Wrap 10 1/2" (Two Sides),,2 HR,Interior,0.0214 BTU/(h·ft²·°F),,10$nTTYwHDYQgso2$xPFfv,,,,16' - 4",,,,New Construction,None,,,,,3,Metal Stud Layer,Non-bearing,2.8823 BTU/(ft²·°F),46.7076 (h·ft²·°F)/BTU,Up to level: L5,-0' - 6",,Soffit - Beam Wrap 10 1/2" (Two Sides),,,040pYaAfP5UfxiZy_buDpx,,,1' - 9 1/2",,24.82 CF,0' - 10 1/2",
0.7,,29 SF,C1010145,Partitions - Drywall w/ Metal Stud,,R2,-2' - 3 1/2",,,,1,Vertical,,,,,,,,,By Type,,Default,,,Basic Wall,Basic Wall: Soffit - Beam Wrap 10 1/2" (Two Sides),,2 HR,Interior,0.0214 BTU/(h·ft²·°F),,10$nTTYwHDYQgso2$xPFck,,,,16' - 7 1/4",,,,New Construction,None,,,,,3,Metal Stud Layer,Non-bearing,2.8823 BTU/(ft²·°F),46.7076 (h·ft²·°F)/BTU,Up to level: R2,-0' - 6",,Soffit - Beam Wrap 10 1/2" (Two Sides),,,040pYaAfP5UfxiZy_buDpx,,,1' - 9 1/2",,25.26 CF,0' - 10 1/2",
0.7,,39 SF,C1010145,Partitions - Drywall w/ Metal Stud,,R2,-2' - 3 1/2",,,,1,Vertical,,,,,,,,,By Type,,Default,,,Basic Wall,Basic Wall: Soffit - Beam Wrap 10 1/2" (Two Sides),,2 HR,Interior,0.0214 BTU/(h·ft²·°F),,10$nTTYwHDYQgso2$xPFY1,,,,21' - 6 9/16",,,,New Construction,None,,,,,3,Metal Stud Layer,Non-bearing,2.8823 BTU/(ft²·°F),46.7076 (h·ft²·°F)/BTU,Up to level: R2,-0' - 6",,Soffit - Beam Wrap 10 1/2" (Two Sides),,,040pYaAfP5UfxiZy_buDpx,,,1' - 9 1/2",,33.78 CF,0' - 10 1/2",
0.7,,27 SF,C1010145,Partitions - Drywall w/ Metal Stud,,R2,-2' - 3 1/2",,,,1,Vertical,,,,,,,,,By Type,,Default,,,Basic Wall,Basic Wall: Soffit - Beam Wrap 9 1/4" (One Side),,2 HR,Interior,0.0215 BTU/(h·ft²·°F),,10$nTTYwHDYQgso2$xPFZ0,,,,15' - 4",,,,New Construction,None,,,,,3,Metal Stud Layer,Non-bearing,1.4471 BTU/(ft²·°F),46.4303 (h·ft²·°F)/BTU,Up to level: R2,-0' - 6",,Soffit - Beam Wrap 9 1/4" (One Side),,,0a6T$5n7X4fAlDdhFoNETY,,,1' - 9 1/2",,16.28 CF,0' - 9 1/4",
0.7,,39 SF,C1010145,Partitions - Drywall w/ Metal Stud,,R2,-2' - 3 1/2",,,,1,Vertical,,,,,,,,,By Type,,Default,,,Basic Wall,Basic Wall: Soffit - Beam Wrap 9 1/4" (One Side),,2 HR,Interior,0.0215 BTU/(h·ft²·°F),,10$nTTYwHDYQgso2$xPFZ$,,,,21' - 10",,,,New Construction,None,,,,,3,Metal Stud Layer,Non-bearing,1.4471 BTU/(ft²·°F),46.4303 (h·ft²·°F)/BTU,Up to level: R2,-0' - 6",,Soffit - Beam Wrap 9 1/4" (One Side),,,0a6T$5n7X4fAlDdhFoNETY,,,1' - 9 1/2",,23.18 CF,0' - 9 1/4",
0.7,,33 SF,C1010145,Partitions - Drywall w/ Metal Stud,,R2,-2' - 3 1/2",,,,1,Vertical,,,,,,,,,By Type,,Default,,,Basic Wall,Basic Wall: Soffit - Beam Wrap 9 1/4" (One Side),,2 HR,Interior,0.0215 BTU/(h·ft²·°F),,10$nTTYwHDYQgso2$xPFZs,,,,18' - 5 7/16",,,,New Construction,None,,,,,3,Metal Stud Layer,Non-bearing,1.4471 BTU/(ft²·°F),46.4303 (h·ft²·°F)/BTU,Up to level: R2,-0' - 6",,Soffit - Beam Wrap 9 1/4" (One Side),,,0a6T$5n7X4fAlDdhFoNETY,,,1' - 9 1/2",,19.59 CF,0' - 9 1/4",
0.7,,20 SF,B2010,Exterior Walls,,L4,8' - 0",,,,1,Vertical,,,,,,,,,By Type,,Default,,,Basic Wall,Basic Wall: Chase - GWB & Metal Stud 4 1/4",,,Soffit,6.6534 BTU/(h·ft²·°F),,2I7Auyk8bCgAfwQpXOR$9_,,,,12' - 1 3/4",,,,New Construction,None,,,,,3,Metal Furring,Non-bearing,17.6896 BTU/(ft²·°F),0.1503 (h·ft²·°F)/BTU,Unconnected,0' - 0",,Chase - GWB & Metal Stud 4 1/4",,,3FDTNrVMX5CROAaE1LHtAP,,S03,1' - 7 1/2",,7.09 CF,0' - 4 1/4",
0.7,,15 SF,B2010,Exterior Walls,,L4,8' - 0",,,,1,Vertical,,,,,,,,,By Type,,Default,,,Basic Wall,Basic Wall: Chase - GWB & Metal Stud 4 1/4",,,Soffit,6.6534 BTU/(h·ft²·°F),,2I7Auyk8bCgAfwQpXOR$9z,,,,9' - 6 1/2",,,,New Construction,None,,,,,3,Metal Furring,Non-bearing,17.6896 BTU/(ft²·°F),0.1503 (h·ft²·°F)/BTU,Unconnected,0' - 0",,Chase - GWB & Metal Stud 4 1/4",,,3FDTNrVMX5CROAaE1LHtAP,,S03,1' - 7 1/2",,5.39 CF,0' - 4 1/4",
0.7,,20 SF,B2010,Exterior Walls,,L2,8' - 0",,,,1,Vertical,,,,,,,,,By Type,,Default,,,Basic Wall,Basic Wall: Chase - GWB & Metal Stud 4 1/4",,,Soffit,6.6534 BTU/(h·ft²·°F),,2I7Auyk8bCgAfwQpXOR$07,,,,12' - 1 3/4",,,,New Construction,None,,,,,3,Metal Furring,Non-bearing,17.6896 BTU/(ft²·°F),0.1503 (h·ft²·°F)/BTU,Unconnected,0' - 0",,Chase - GWB & Metal Stud 4 1/4",,,3FDTNrVMX5CROAaE1LHtAP,,S03,1' - 7 1/2",,6.69 CF,0' - 4 1/4",
0.7,,15 SF,B2010,Exterior Walls,,L2,8' - 0",,,,1,Vertical,,,,,,,,,By Type,,Default,,,Basic Wall,Basic Wall: Chase - GWB & Metal Stud 4 1/4",,,Soffit,6.6534 BTU/(h·ft²·°F),,2I7Auyk8bCgAfwQpXOR$06,,,,9' - 6 1/2",,,,New Construction,None,,,,,3,Metal Furring,Non-bearing,17.6896 BTU/(ft²·°F),0.1503 (h·ft²·°F)/BTU,Unconnected,0' - 0",,Chase - GWB & Metal Stud 4 1/4",,,3FDTNrVMX5CROAaE1LHtAP,,S03,1' - 7 1/2",,5.39 CF,0' - 4 1/4",
0.7,,29 SF,B2010,Exterior Walls,,L4,8' - 0",,,,1,Vertical,,,,,,,,,By Type,,Default,,,Basic Wall,Basic Wall: Chase - GWB & Metal Stud 4 1/4",,,Soffit,6.6534 BTU/(h·ft²·°F),,3IP1NcR8H1yQoZHEVfIrM5,,,,17' - 7 3/4",,,,New Construction,None,,,,,3,Metal Furring,Non-bearing,17.6896 BTU/(ft²·°F),0.1503 (h·ft²·°F)/BTU,Unconnected,0' - 0",,Chase - GWB & Metal Stud 4 1/4",,,3FDTNrVMX5CROAaE1LHtAP,,S03,1' - 7 1/2",,10.36 CF,0' - 4 1/4",
0.7,,16 SF,B2010,Exterior Walls,,L4,8' - 0",,,,1,Vertical,,,,,,,,,By Type,,Default,,,Basic Wall,Basic Wall: Chase - GWB & Metal Stud 4 1/4",,,Soffit,6.6534 BTU/(h·ft²·°F),,3IP1NcR8H1yQoZHEVfIrM4,,,,10' - 0 3/4",,,,New Construction,None,,,,,3,Metal Furring,Non-bearing,17.6896 BTU/(ft²·°F),0.1503 (h·ft²·°F)/BTU,Unconnected,0' - 0",,Chase - GWB & Metal Stud 4 1/4",,,3FDTNrVMX5CROAaE1LHtAP,,S03,1' - 7 1/2",,5.79 CF,0' - 4 1/4",
0.7,,29 SF,B2010,Exterior Walls,,L4,8' - 0",,,,1,Vertical,,,,,,,,,By Type,,Default,,,Basic Wall,Basic Wall: Chase - GWB & Metal Stud 4 1/4",,,Soffit,6.6534 BTU/(h·ft²·°F),,3IP1NcR8H1yQoZHEVfIrJ_,,,,17' - 7 3/4",,,,New Construction,None,,,,,3,Metal Furring,Non-bearing,17.6896 BTU/(ft²·°F),0.1503 (h·ft²·°F)/BTU,Unconnected,0' - 0",,Chase - GWB & Metal Stud 4 1/4",,,3FDTNrVMX5CROAaE1LHtAP,,S03,1' - 7 1/2",,10.16 CF,0' - 4 1/4",
0.7,,16 SF,B2010,Exterior Walls,,L4,8' - 0",,,,1,Vertical,,,,,,,,,By Type,,Default,,,Basic Wall,Basic Wall: Chase - GWB & Metal Stud 4 1/4",,,Soffit,6.6534 BTU/(h·ft²·°F),,3IP1NcR8H1yQoZHEVfIrJX,,,,10' - 0 3/4",,,,New Construction,None,,,,,3,Metal Furring,Non-bearing,17.6896 BTU/(ft²·°F),0.1503 (h·ft²·°F)/BTU,Unconnected,0' - 0",,Chase - GWB & Metal Stud 4 1/4",,,3FDTNrVMX5CROAaE1LHtAP,,S03,1' - 7 1/2",,5.59 CF,0' - 4 1/4",
0.7,,29 SF,B2010,Exterior Walls,,L2,8' - 0",,,,1,Vertical,,,,,,,,,By Type,,Default,,,Basic Wall,Basic Wall: Chase - GWB & Metal Stud 4 1/4",,,Soffit,6.6534 BTU/(h·ft²·°F),,3IP1NcR8H1yQoZHEVfIrqb,,,,17' - 7 3/4",,,,New Construction,None,,,,,3,Metal Furring,Non-bearing,17.6896 BTU/(ft²·°F),0.1503 (h·ft²·°F)/BTU,Unconnected,0' - 0",,Chase - GWB & Metal Stud 4 1/4",,,3FDTNrVMX5CROAaE1LHtAP,,S03,1' - 7 1/2",,10.36 CF,0' - 4 1/4",
0.7,,16 SF,B2010,Exterior Walls,,L2,8' - 0",,,,1,Vertical,,,,,,,,,By Type,,Default,,,Basic Wall,Basic Wall: Chase - GWB & Metal Stud 4 1/4",,,Soffit,6.6534 BTU/(h·ft²·°F),,3IP1NcR8H1yQoZHEVfIrqa,,,,10' - 0 3/4",,,,New Construction,None,,,,,3,Metal Furring,Non-bearing,17.6896 BTU/(ft²·°F),0.1503 (h·ft²·°F)/BTU,Unconnected,0' - 0",,Chase - GWB & Metal Stud 4 1/4",,,3FDTNrVMX5CROAaE1LHtAP,,S03,1' - 7 1/2",,5.39 CF,0' - 4 1/4",
0.7,,29 SF,B2010,Exterior Walls,,L2,8' - 0",,,,1,Vertical,,,,,,,,,By Type,,Default,,,Basic Wall,Basic Wall: Chase - GWB & Metal Stud 4 1/4",,,Soffit,6.6534 BTU/(h·ft²·°F),,3IP1NcR8H1yQoZHEVfIrqJ,,,,17' - 7 3/4",,,,New Construction,None,,,,,3,Metal Furring,Non-bearing,17.6896 BTU/(ft²·°F),0.1503 (h·ft²·°F)/BTU,Unconnected,0' - 0",,Chase - GWB & Metal Stud 4 1/4",,,3FDTNrVMX5CROAaE1LHtAP,,S03,1' - 7 1/2",,10.16 CF,0' - 4 1/4",
0.7,,16 SF,B2010,Exterior Walls,,L2,8' - 0",,,,1,Vertical,,,,,,,,,By Type,,Default,,,Basic Wall,Basic Wall: Chase - GWB & Metal Stud 4 1/4",,,Soffit,6.6534 BTU/(h·ft²·°F),,3IP1NcR8H1yQoZHEVfIrqI,,,,10' - 0 3/4",,,,New Construction,None,,,,,3,Metal Furring,Non-bearing,17.6896 BTU/(ft²·°F),0.1503 (h·ft²·°F)/BTU,Unconnected,0' - 0",,Chase - GWB & Metal Stud 4 1/4",,,3FDTNrVMX5CROAaE1LHtAP,,S03,1' - 7 1/2",,5.19 CF,0' - 4 1/4",
0.7,,29 SF,B2010,Exterior Walls,,L3,8' - 0",,,,1,Vertical,,,,,,,,,By Type,,Default,,,Basic Wall,Basic Wall: Chase - GWB & Metal Stud 4 1/4",,,Soffit,6.6534 BTU/(h·ft²·°F),,3IP1NcR8H1yQoZHEVfIrrG,,,,17' - 7 3/4",,,,New Construction,None,,,,,3,Metal Furring,Non-bearing,17.6896 BTU/(ft²·°F),0.1503 (h·ft²·°F)/BTU,Unconnected,0' - 0",,Chase - GWB & Metal Stud 4 1/4",,,3FDTNrVMX5CROAaE1LHtAP,,S03,1' - 7 1/2",,10.36 CF,0' - 4 1/4",
0.7,,16 SF,B2010,Exterior Walls,,L3,8' - 0",,,,1,Vertical,,,,,,,,,By Type,,Default,,,Basic Wall,Basic Wall: Chase - GWB & Metal Stud 4 1/4",,,Soffit,6.6534 BTU/(h·ft²·°F),,3IP1NcR8H1yQoZHEVfIrrJ,,,,10' - 0 3/4",,,,New Construction,None,,,,,3,Metal Furring,Non-bearing,17.6896 BTU/(ft²·°F),0.1503 (h·ft²·°F)/BTU,Unconnected,0' - 0",,Chase - GWB & Metal Stud 4 1/4",,,3FDTNrVMX5CROAaE1LHtAP,,S03,1' - 7 1/2",,5.79 CF,0' - 4 1/4",
0.7,,29 SF,B2010,Exterior Walls,,L3,8' - 0",,,,1,Vertical,,,,,,,,,By Type,,Default,,,Basic Wall,Basic Wall: Chase - GWB & Metal Stud 4 1/4",,,Soffit,6.6534 BTU/(h·ft²·°F),,3IP1NcR8H1yQoZHEVfIrrU,,,,17' - 7 3/4",,,,New Construction,None,,,,,3,Metal Furring,Non-bearing,17.6896 BTU/(ft²·°F),0.1503 (h·ft²·°F)/BTU,Unconnected,0' - 0",,Chase - GWB & Metal Stud 4 1/4",,,3FDTNrVMX5CROAaE1LHtAP,,S03,1' - 7 1/2",,10.16 CF,0' - 4 1/4",
0.7,,16 SF,B2010,Exterior Walls,,L3,8' - 0",,,,1,Vertical,,,,,,,,,By Type,,Default,,,Basic Wall,Basic Wall: Chase - GWB & Metal Stud 4 1/4",,,Soffit,6.6534 BTU/(h·ft²·°F),,3IP1NcR8H1yQoZHEVfIrr1,,,,10' - 0 3/4",,,,New Construction,None,,,,,3,Metal Furring,Non-bearing,17.6896 BTU/(ft²·°F),0.1503 (h·ft²·°F)/BTU,Unconnected,0' - 0",,Chase - GWB & Metal Stud 4 1/4",,,3FDTNrVMX5CROAaE1LHtAP,,S03,1' - 7 1/2",,5.59 CF,0' - 4 1/4",
0.7,,29 SF,B2010,Exterior Walls,,L5,8' - 0",,,,1,Vertical,,,,,,,,,By Type,,Default,,,Basic Wall,Basic Wall: Chase - GWB & Metal Stud 4 1/4",,,Soffit,6.6534 BTU/(h·ft²·°F),,3IP1NcR8H1yQoZHEVfIroV,,,,17' - 7 3/4",,,,New Construction,None,,,,,3,Metal Furring,Non-bearing,17.6896 BTU/(ft²·°F),0.1503 (h·ft²·°F)/BTU,Unconnected,0' - 0",,Chase - GWB & Metal Stud 4 1/4",,,3FDTNrVMX5CROAaE1LHtAP,,S03,1' - 7 1/2",,10.36 CF,0' - 4 1/4",
0.7,,16 SF,B2010,Exterior Walls,,L5,8' - 0",,,,1,Vertical,,,,,,,,,By Type,,Default,,,Basic Wall,Basic Wall: Chase - GWB & Metal Stud 4 1/4",,,Soffit,6.6534 BTU/(h·ft²·°F),,3IP1NcR8H1yQoZHEVfIroU,,,,10' - 0 3/4",,,,New Construction,None,,,,,3,Metal Furring,Non-bearing,17.6896 BTU/(ft²·°F),0.1503 (h·ft²·°F)/BTU,Unconnected,0' - 0",,Chase - GWB & Metal Stud 4 1/4",,,3FDTNrVMX5CROAaE1LHtAP,,S03,1' - 7 1/2",,5.79 CF,0' - 4 1/4",
0.7,,29 SF,B2010,Exterior Walls,,L5,8' - 0",,,,1,Vertical,,,,,,,,,By Type,,Default,,,Basic Wall,Basic Wall: Chase - GWB & Metal Stud 4 1/4",,,Soffit,6.6534 BTU/(h·ft²·°F),,3IP1NcR8H1yQoZHEVfIroD,,,,17' - 7 3/4",,,,New Construction,None,,,,,3,Metal Furring,Non-bearing,17.6896 BTU/(ft²·°F),0.1503 (h·ft²·°F)/BTU,Unconnected,0' - 0",,Chase - GWB & Metal Stud 4 1/4",,,3FDTNrVMX5CROAaE1LHtAP,,S03,1' - 7 1/2",,10.16 CF,0' - 4 1/4",
0.7,,16 SF,B2010,Exterior Walls,,L5,8' - 0",,,,1,Vertical,,,,,,,,,By Type,,Default,,,Basic Wall,Basic Wall: Chase - GWB & Metal Stud 4 1/4",,,Soffit,6.6534 BTU/(h·ft²·°F),,3IP1NcR8H1yQoZHEVfIroC,,,,10' - 0 3/4",,,,New Construction,None,,,,,3,Metal Furring,Non-bearing,17.6896 BTU/(ft²·°F),0.1503 (h·ft²·°F)/BTU,Unconnected,0' - 0",,Chase - GWB & Metal Stud 4 1/4",,,3FDTNrVMX5CROAaE1LHtAP,,S03,1' - 7 1/2",,5.59 CF,0' - 4 1/4",
0.7,,29 SF,B2010,Exterior Walls,,L3,8' - 0",,,,1,Vertical,,,,,,,,,By Type,,Default,,,Basic Wall,Basic Wall: Chase - GWB & Metal Stud 4 1/4",,,Soffit,6.6534 BTU/(h·ft²·°F),,37O9F6zDH7NuO6lYxEN6y6,,,,17' - 7 3/4",,,,New Construction,None,,,,,3,Metal Furring,Non-bearing,17.6896 BTU/(ft²·°F),0.1503 (h·ft²·°F)/BTU,Unconnected,0' - 0",,Chase - GWB & Metal Stud 4 1/4",,,3FDTNrVMX5CROAaE1LHtAP,,S03,1' - 7 1/2",,10.36 CF,0' - 4 1/4",
0.7,,16 SF,B2010,Exterior Walls,,L3,8' - 0",,,,1,Vertical,,,,,,,,,By Type,,Default,,,Basic Wall,Basic Wall: Chase - GWB & Metal Stud 4 1/4",,,Soffit,6.6534 BTU/(h·ft²·°F),,37O9F6zDH7NuO6lYxEN6y1,,,,9' - 11 3/4",,,,New Construction,None,,,,,3,Metal Furring,Non-bearing,17.6896 BTU/(ft²·°F),0.1503 (h·ft²·°F)/BTU,Unconnected,0' - 0",,Chase - GWB & Metal Stud 4 1/4",,,3FDTNrVMX5CROAaE1LHtAP,,S03,1' - 7 1/2",,5.74 CF,0' - 4 1/4",
0.7,,29 SF,B2010,Exterior Walls,,L3,8' - 0",,,,1,Vertical,,,,,,,,,By Type,,Default,,,Basic Wall,Basic Wall: Chase - GWB & Metal Stud 4 1/4",,,Soffit,6.6534 BTU/(h·ft²·°F),,37O9F6zDH7NuO6lYxEN6yK,,,,17' - 7 3/4",,,,New Construction,None,,,,,3,Metal Furring,Non-bearing,17.6896 BTU/(ft²·°F),0.1503 (h·ft²·°F)/BTU,Unconnected,0' - 0",,Chase - GWB & Metal Stud 4 1/4",,,3FDTNrVMX5CROAaE1LHtAP,,S03,1' - 7 1/2",,10.16 CF,0' - 4 1/4",
0.7,,16 SF,B2010,Exterior Walls,,L3,8' - 0",,,,1,Vertical,,,,,,,,,By Type,,Default,,,Basic Wall,Basic Wall: Chase - GWB & Metal Stud 4 1/4",,,Soffit,6.6534 BTU/(h·ft²·°F),,37O9F6zDH7NuO6lYxEN6yN,,,,9' - 11 3/4",,,,New Construction,None,,,,,3,Metal Furring,Non-bearing,17.6896 BTU/(ft²·°F),0.1503 (h·ft²·°F)/BTU,Unconnected,0' - 0",,Chase - GWB & Metal Stud 4 1/4",,,3FDTNrVMX5CROAaE1LHtAP,,S03,1' - 7 1/2",,5.54 CF,0' - 4 1/4",
0.7,,29 SF,B2010,Exterior Walls,,L2,8' - 0",,,,1,Vertical,,,,,,,,,By Type,,Default,,,Basic Wall,Basic Wall: Chase - GWB & Metal Stud 4 1/4",,,Soffit,6.6534 BTU/(h·ft²·°F),,37O9F6zDH7NuO6lYxEN7hh,,,,17' - 7 3/4",,,,New Construction,None,,,,,3,Metal Furring,Non-bearing,17.6896 BTU/(ft²·°F),0.1503 (h·ft²·°F)/BTU,Unconnected,0' - 0",,Chase - GWB & Metal Stud 4 1/4",,,3FDTNrVMX5CROAaE1LHtAP,,S03,1' - 7 1/2",,10.36 CF,0' - 4 1/4",
0.7,,16 SF,B2010,Exterior Walls,,L2,8' - 0",,,,1,Vertical,,,,,,,,,By Type,,Default,,,Basic Wall,Basic Wall: Chase - GWB & Metal Stud 4 1/4",,,Soffit,6.6534 BTU/(h·ft²·°F),,37O9F6zDH7NuO6lYxEN7hg,,,,9' - 11 3/4",,,,New Construction,None,,,,,3,Metal Furring,Non-bearing,17.6896 BTU/(ft²·°F),0.1503 (h·ft²·°F)/BTU,Unconnected,0' - 0",,Chase - GWB & Metal Stud 4 1/4",,,3FDTNrVMX5CROAaE1LHtAP,,S03,1' - 7 1/2",,5.74 CF,0' - 4 1/4",
0.7,,29 SF,B2010,Exterior Walls,,L2,8' - 0",,,,1,Vertical,,,,,,,,,By Type,,Default,,,Basic Wall,Basic Wall: Chase - GWB & Metal Stud 4 1/4",,,Soffit,6.6534 BTU/(h·ft²·°F),,37O9F6zDH7NuO6lYxEN7hv,,,,17' - 7 3/4",,,,New Construction,None,,,,,3,Metal Furring,Non-bearing,17.6896 BTU/(ft²·°F),0.1503 (h·ft²·°F)/BTU,Unconnected,0' - 0",,Chase - GWB & Metal Stud 4 1/4",,,3FDTNrVMX5CROAaE1LHtAP,,S03,1' - 7 1/2",,10.16 CF,0' - 4 1/4",
0.7,,16 SF,B2010,Exterior Walls,,L2,8' - 0",,,,1,Vertical,,,,,,,,,By Type,,Default,,,Basic Wall,Basic Wall: Chase - GWB & Metal Stud 4 1/4",,,Soffit,6.6534 BTU/(h·ft²·°F),,37O9F6zDH7NuO6lYxEN7hu,,,,9' - 11 3/4",,,,New Construction,None,,,,,3,Metal Furring,Non-bearing,17.6896 BTU/(ft²·°F),0.1503 (h·ft²·°F)/BTU,Unconnected,0' - 0",,Chase - GWB & Metal Stud 4 1/4",,,3FDTNrVMX5CROAaE1LHtAP,,S03,1' - 7 1/2",,5.54 CF,0' - 4 1/4",
0.7,,29 SF,B2010,Exterior Walls,,L4,8' - 0",,,,1,Vertical,,,,,,,,,By Type,,Default,,,Basic Wall,Basic Wall: Chase - GWB & Metal Stud 4 1/4",,,Soffit,6.6534 BTU/(h·ft²·°F),,37O9F6zDH7NuO6lYxEN7gd,,,,17' - 7 3/4",,,,New Construction,None,,,,,3,Metal Furring,Non-bearing,17.6896 BTU/(ft²·°F),0.1503 (h·ft²·°F)/BTU,Unconnected,0' - 0",,Chase - GWB & Metal Stud 4 1/4",,,3FDTNrVMX5CROAaE1LHtAP,,S03,1' - 7 1/2",,10.36 CF,0' - 4 1/4",
0.7,,16 SF,B2010,Exterior Walls,,L4,8' - 0",,,,1,Vertical,,,,,,,,,By Type,,Default,,,Basic Wall,Basic Wall: Chase - GWB & Metal Stud 4 1/4",,,Soffit,6.6534 BTU/(h·ft²·°F),,37O9F6zDH7NuO6lYxEN7gc,,,,9' - 11 3/4",,,,New Construction,None,,,,,3,Metal Furring,Non-bearing,17.6896 BTU/(ft²·°F),0.1503 (h·ft²·°F)/BTU,Unconnected,0' - 0",,Chase - GWB & Metal Stud 4 1/4",,,3FDTNrVMX5CROAaE1LHtAP,,S03,1' - 7 1/2",,5.74 CF,0' - 4 1/4",
0.7,,29 SF,B2010,Exterior Walls,,L4,8' - 0",,,,1,Vertical,,,,,,,,,By Type,,Default,,,Basic Wall,Basic Wall: Chase - GWB & Metal Stud 4 1/4",,,Soffit,6.6534 BTU/(h·ft²·°F),,37O9F6zDH7NuO6lYxEN7gr,,,,17' - 7 3/4",,,,New Construction,None,,,,,3,Metal Furring,Non-bearing,17.6896 BTU/(ft²·°F),0.1503 (h·ft²·°F)/BTU,Unconnected,0' - 0",,Chase - GWB & Metal Stud 4 1/4",,,3FDTNrVMX5CROAaE1LHtAP,,S03,1' - 7 1/2",,10.16 CF,0' - 4 1/4",
0.7,,16 SF,B2010,Exterior Walls,,L4,8' - 0",,,,1,Vertical,,,,,,,,,By Type,,Default,,,Basic Wall,Basic Wall: Chase - GWB & Metal Stud 4 1/4",,,Soffit,6.6534 BTU/(h·ft²·°F),,37O9F6zDH7NuO6lYxEN7gq,,,,9' - 11 3/4",,,,New Construction,None,,,,,3,Metal Furring,Non-bearing,17.6896 BTU/(ft²·°F),0.1503 (h·ft²·°F)/BTU,Unconnected,0' - 0",,Chase - GWB & Metal Stud 4 1/4",,,3FDTNrVMX5CROAaE1LHtAP,,S03,1' - 7 1/2",,5.54 CF,0' - 4 1/4",
0.7,,29 SF,B2010,Exterior Walls,,L3,8' - 0",,,,1,Vertical,,,,,,,,,By Type,,Default,,,Basic Wall,Basic Wall: Chase - GWB & Metal Stud 4 1/4",,,Soffit,6.6534 BTU/(h·ft²·°F),,37O9F6zDH7NuO6lYxEN7fY,,,,17' - 7 3/4",,,,New Construction,None,,,,,3,Metal Furring,Non-bearing,17.6896 BTU/(ft²·°F),0.1503 (h·ft²·°F)/BTU,Unconnected,0' - 0",,Chase - GWB & Metal Stud 4 1/4",,,3FDTNrVMX5CROAaE1LHtAP,,S03,1' - 7 1/2",,10.36 CF,0' - 4 1/4",
0.7,,16 SF,B2010,Exterior Walls,,L3,8' - 0",,,,1,Vertical,,,,,,,,,By Type,,Default,,,Basic Wall,Basic Wall: Chase - GWB & Metal Stud 4 1/4",,,Soffit,6.6534 BTU/(h·ft²·°F),,37O9F6zDH7NuO6lYxEN7fz,,,,9' - 11 3/4",,,,New Construction,None,,,,,3,Metal Furring,Non-bearing,17.6896 BTU/(ft²·°F),0.1503 (h·ft²·°F)/BTU,Unconnected,0' - 0",,Chase - GWB & Metal Stud 4 1/4",,,3FDTNrVMX5CROAaE1LHtAP,,S03,1' - 7 1/2",,5.74 CF,0' - 4 1/4",
0.7,,29 SF,B2010,Exterior Walls,,L3,8' - 0",,,,1,Vertical,,,,,,,,,By Type,,Default,,,Basic Wall,Basic Wall: Chase - GWB & Metal Stud 4 1/4",,,Soffit,6.6534 BTU/(h·ft²·°F),,37O9F6zDH7NuO6lYxEN7fm,,,,17' - 7 3/4",,,,New Construction,None,,,,,3,Metal Furring,Non-bearing,17.6896 BTU/(ft²·°F),0.1503 (h·ft²·°F)/BTU,Unconnected,0' - 0",,Chase - GWB & Metal Stud 4 1/4",,,3FDTNrVMX5CROAaE1LHtAP,,S03,1' - 7 1/2",,10.16 CF,0' - 4 1/4",
0.7,,16 SF,B2010,Exterior Walls,,L3,8' - 0",,,,1,Vertical,,,,,,,,,By Type,,Default,,,Basic Wall,Basic Wall: Chase - GWB & Metal Stud 4 1/4",,,Soffit,6.6534 BTU/(h·ft²·°F),,37O9F6zDH7NuO6lYxEN7fp,,,,9' - 11 3/4",,,,New Construction,None,,,,,3,Metal Furring,Non-bearing,17.6896 BTU/(ft²·°F),0.1503 (h·ft²·°F)/BTU,Unconnected,0' - 0",,Chase - GWB & Metal Stud 4 1/4",,,3FDTNrVMX5CROAaE1LHtAP,,S03,1' - 7 1/2",,5.54 CF,0' - 4 1/4",
0.7,,29 SF,B2010,Exterior Walls,,L4,8' - 0",,,,1,Vertical,,,,,,,,,By Type,,Default,,,Basic Wall,Basic Wall: Chase - GWB & Metal Stud 4 1/4",,,Soffit,6.6534 BTU/(h·ft²·°F),,37O9F6zDH7NuO6lYxEN7ev,,,,17' - 7 3/4",,,,New Construction,None,,,,,3,Metal Furring,Non-bearing,17.6896 BTU/(ft²·°F),0.1503 (h·ft²·°F)/BTU,Unconnected,0' - 0",,Chase - GWB & Metal Stud 4 1/4",,,3FDTNrVMX5CROAaE1LHtAP,,S03,1' - 7 1/2",,10.36 CF,0' - 4 1/4",
0.7,,16 SF,B2010,Exterior Walls,,L4,8' - 0",,,,1,Vertical,,,,,,,,,By Type,,Default,,,Basic Wall,Basic Wall: Chase - GWB & Metal Stud 4 1/4",,,Soffit,6.6534 BTU/(h·ft²·°F),,37O9F6zDH7NuO6lYxEN7eu,,,,9' - 11 3/4",,,,New Construction,None,,,,,3,Metal Furring,Non-bearing,17.6896 BTU/(ft²·°F),0.1503 (h·ft²·°F)/BTU,Unconnected,0' - 0",,Chase - GWB & Metal Stud 4 1/4",,,3FDTNrVMX5CROAaE1LHtAP,,S03,1' - 7 1/2",,5.74 CF,0' - 4 1/4",
0.7,,29 SF,B2010,Exterior Walls,,L4,8' - 0",,,,1,Vertical,,,,,,,,,By Type,,Default,,,Basic Wall,Basic Wall: Chase - GWB & Metal Stud 4 1/4",,,Soffit,6.6534 BTU/(h·ft²·°F),,37O9F6zDH7NuO6lYxEN7lF,,,,17' - 7 3/4",,,,New Construction,None,,,,,3,Metal Furring,Non-bearing,17.6896 BTU/(ft²·°F),0.1503 (h·ft²·°F)/BTU,Unconnected,0' - 0",,Chase - GWB & Metal Stud 4 1/4",,,3FDTNrVMX5CROAaE1LHtAP,,S03,1' - 7 1/2",,10.16 CF,0' - 4 1/4",
0.7,,16 SF,B2010,Exterior Walls,,L4,8' - 0",,,,1,Vertical,,,,,,,,,By Type,,Default,,,Basic Wall,Basic Wall: Chase - GWB & Metal Stud 4 1/4",,,Soffit,6.6534 BTU/(h·ft²·°F),,37O9F6zDH7NuO6lYxEN7lE,,,,9' - 11 3/4",,,,New Construction,None,,,,,3,Metal Furring,Non-bearing,17.6896 BTU/(ft²·°F),0.1503 (h·ft²·°F)/BTU,Unconnected,0' - 0",,Chase - GWB & Metal Stud 4 1/4",,,3FDTNrVMX5CROAaE1LHtAP,,S03,1' - 7 1/2",,5.54 CF,0' - 4 1/4",
0.7,,21 SF,B2010,Exterior Walls,,L3,8' - 0",,,,1,Vertical,,,,,,,,,By Type,,Default,,,Basic Wall,Basic Wall: Chase - GWB & Metal Stud 4 1/4",,,Soffit,6.6534 BTU/(h·ft²·°F),,30zSZjFxH19R7IhI893q7f,,,,12' - 11 31/32",,,,New Construction,None,,,,,3,Metal Furring,Non-bearing,17.6896 BTU/(ft²·°F),0.1503 (h·ft²·°F)/BTU,Unconnected,0' - 0",,Chase - GWB & Metal Stud 4 1/4",,,3FDTNrVMX5CROAaE1LHtAP,,S03,1' - 7 1/2",,7.58 CF,0' - 4 1/4",
0.7,,20 SF,B2010,Exterior Walls,,L3,8' - 0",,,,1,Vertical,,,,,,,,,By Type,,Default,,,Basic Wall,Basic Wall: Chase - GWB & Metal Stud 4 1/4",,,Soffit,6.6534 BTU/(h·ft²·°F),,30zSZjFxH19R7IhI893q7e,,,,12' - 5 1/8",,,,New Construction,None,,,,,3,Metal Furring,Non-bearing,17.6896 BTU/(ft²·°F),0.1503 (h·ft²·°F)/BTU,Unconnected,0' - 0",,Chase - GWB & Metal Stud 4 1/4",,,3FDTNrVMX5CROAaE1LHtAP,,S03,1' - 7 1/2",,7.05 CF,0' - 4 1/4",
0.7,,21 SF,B2010,Exterior Walls,,L4,8' - 0",,,,1,Vertical,,,,,,,,,By Type,,Default,,,Basic Wall,Basic Wall: Chase - GWB & Metal Stud 4 1/4",,,Soffit,6.6534 BTU/(h·ft²·°F),,30zSZjFxH19R7IhI893q02,,,,12' - 11 31/32",,,,New Construction,None,,,,,3,Metal Furring,Non-bearing,17.6896 BTU/(ft²·°F),0.1503 (h·ft²·°F)/BTU,Unconnected,0' - 0",,Chase - GWB & Metal Stud 4 1/4",,,3FDTNrVMX5CROAaE1LHtAP,,S03,1' - 7 1/2",,7.58 CF,0' - 4 1/4",
0.7,,20 SF,B2010,Exterior Walls,,L4,8' - 0",,,,1,Vertical,,,,,,,,,By Type,,Default,,,Basic Wall,Basic Wall: Chase - GWB & Metal Stud 4 1/4",,,Soffit,6.6534 BTU/(h·ft²·°F),,30zSZjFxH19R7IhI893q01,,,,12' - 5 1/8",,,,New Construction,None,,,,,3,Metal Furring,Non-bearing,17.6896 BTU/(ft²·°F),0.1503 (h·ft²·°F)/BTU,Unconnected,0' - 0",,Chase - GWB & Metal Stud 4 1/4",,,3FDTNrVMX5CROAaE1LHtAP,,S03,1' - 7 1/2",,7.05 CF,0' - 4 1/4",
0.7,,27 SF,B2010,Exterior Walls,,L4,8' - 0",,,,1,Vertical,,,,,,,,,By Type,,Default,,,Basic Wall,Basic Wall: Chase - GWB & Metal Stud 4 1/4",,,Soffit,6.6534 BTU/(h·ft²·°F),,3Pa9TWKvP7U8BPMR24iKbo,,,,16' - 4",,,,New Construction,None,,,,,3,Metal Furring,Non-bearing,17.6896 BTU/(ft²·°F),0.1503 (h·ft²·°F)/BTU,Unconnected,0' - 0",,Chase - GWB & Metal Stud 4 1/4",,,3FDTNrVMX5CROAaE1LHtAP,,S03,1' - 7 1/2",,9.60 CF,0' - 4 1/4",
0.7,,16 SF,B2010,Exterior Walls,,L4,8' - 0",,,,1,Vertical,,,,,,,,,By Type,,Default,,,Basic Wall,Basic Wall: Chase - GWB & Metal Stud 4 1/4",,,Soffit,6.6534 BTU/(h·ft²·°F),,3Pa9TWKvP7U8BPMR24iKbp,,,,10' - 1 1/4",,,,New Construction,None,,,,,3,Metal Furring,Non-bearing,17.6896 BTU/(ft²·°F),0.1503 (h·ft²·°F)/BTU,Unconnected,0' - 0",,Chase - GWB & Metal Stud 4 1/4",,,3FDTNrVMX5CROAaE1LHtAP,,S03,1' - 7 1/2",,5.82 CF,0' - 4 1/4",
0.7,,27 SF,B2010,Exterior Walls,,L4,8' - 0",,,,1,Vertical,,,,,,,,,By Type,,Default,,,Basic Wall,Basic Wall: Chase - GWB & Metal Stud 4 1/4",,,Soffit,6.6534 BTU/(h·ft²·°F),,3Pa9TWKvP7U8BPMR24iKbW,,,,16' - 4",,,,New Construction,None,,,,,3,Metal Furring,Non-bearing,17.6896 BTU/(ft²·°F),0.1503 (h·ft²·°F)/BTU,Unconnected,0' - 0",,Chase - GWB & Metal Stud 4 1/4",,,3FDTNrVMX5CROAaE1LHtAP,,S03,1' - 7 1/2",,9.40 CF,0' - 4 1/4",
0.7,,16 SF,B2010,Exterior Walls,,L4,8' - 0",,,,1,Vertical,,,,,,,,,By Type,,Default,,,Basic Wall,Basic Wall: Chase - GWB & Metal Stud 4 1/4",,,Soffit,6.6534 BTU/(h·ft²·°F),,3Pa9TWKvP7U8BPMR24iKbX,,,,10' - 1 1/4",,,,New Construction,None,,,,,3,Metal Furring,Non-bearing,17.6896 BTU/(ft²·°F),0.1503 (h·ft²·°F)/BTU,Unconnected,0' - 0",,Chase - GWB & Metal Stud 4 1/4",,,3FDTNrVMX5CROAaE1LHtAP,,S03,1' - 7 1/2",,5.61 CF,0' - 4 1/4",
0.7,,45 SF,C1010145,Partitions - Drywall w/ Metal Stud,,L3,-2' - 3 1/2",,,,1,Vertical,,,,,,,,,By Type,,Default,,,Basic Wall,Basic Wall: Soffit - Beam Wrap 9 1/4" (One Side),,2 HR,Interior,0.0215 BTU/(h·ft²·°F),,3k4tQNzrb6AuOubdMDqz3G,,,,21' - 10",,,,New Construction,None,,,,,3,Metal Stud Layer,Non-bearing,1.4471 BTU/(ft²·°F),46.4303 (h·ft²·°F)/BTU,Up to level: L3,-0' - 3",,Soffit - Beam Wrap 9 1/4" (One Side),,,0a6T$5n7X4fAlDdhFoNETY,,,2' - 0 1/2",,25.54 CF,0' - 9 1/4",
0.7,,3 SF,B2010,Exterior Walls,,R1,1' - 2 1/2",,,,1,Vertical,,,,,,,,,By Type,,Default,,,Basic Wall,Basic Wall: Generic - 4",,,Exterior,,,112$d87LbAS80iXUHBv_AO,,,,4' - 3 15/16",,,,New Construction,None,,,,,3,<By Category>,Non-bearing,,,Unconnected,1' - 3",,Generic - 4",,,1xZrMVYp52mhf4uMzw11Ih,,G01,0' - 8",,1.00 CF,0' - 4",
0.7,,3 SF,B2010,Exterior Walls,,R1,1' - 2 1/2",,,,1,Vertical,,,,,,,,,By Type,,Default,,,Basic Wall,Basic Wall: Generic - 4",,,Exterior,,,112$d87LbAS80iXUHBv_9a,,,,4' - 3 11/16",,,,New Construction,None,,,,,3,<By Category>,Non-bearing,,,Unconnected,1' - 3",,Generic - 4",,,1xZrMVYp52mhf4uMzw11Ih,,G01,0' - 8",,0.92 CF,0' - 4",
0.7,,3 SF,B2010,Exterior Walls,,R1,1' - 2 1/2",,,,1,Vertical,,,,,,,,,By Type,,Default,,,Basic Wall,Basic Wall: Generic - 4",,,Exterior,,,112$d87LbAS80iXUHBv_Co,,,,4' - 3 15/16",,,,New Construction,None,,,,,3,<By Category>,Non-bearing,,,Unconnected,1' - 3",,Generic - 4",,,1xZrMVYp52mhf4uMzw11Ih,,G01,0' - 8",,1.00 CF,0' - 4",
0.7,,3 SF,B2010,Exterior Walls,,R1,1' - 2 1/2",,,,1,Vertical,,,,,,,,,By Type,,Default,,,Basic Wall,Basic Wall: Generic - 4",,,Exterior,,,112$d87LbAS80iXUHBv_Cp,,,,4' - 3 11/16",,,,New Construction,None,,,,,3,<By Category>,Non-bearing,,,Unconnected,1' - 3",,Generic - 4",,,1xZrMVYp52mhf4uMzw11Ih,,G01,0' - 8",,0.92 CF,0' - 4",
0.7,,21 SF,B2010,Exterior Walls,,L1 - Block 37,0' - 0",,,,1,Vertical,,,,,,,,,By Type,,Default,,,Basic Wall,Basic Wall: Chase - GWB & Metal Stud 4 1/4",,,Soffit,6.6534 BTU/(h·ft²·°F),,1df_AX8lj42QG_5UAC4gyc,,,,19' - 11 15/16",,,,New Construction,None,,,,,3,Metal Furring,Non-bearing,17.6896 BTU/(ft²·°F),0.1503 (h·ft²·°F)/BTU,Up to level: L1 - Block 43,-1' - 5 1/2",,Chase - GWB & Metal Stud 4 1/4",,,3FDTNrVMX5CROAaE1LHtAP,,S03,2' - 0",,7.59 CF,0' - 4 1/4",
0.7,,13 SF,B2010,Exterior Walls,,L1 - Block 37,0' - 0",,,,1,Vertical,,,,,,,,,By Type,,Default,,,Basic Wall,Basic Wall: Chase - GWB & Metal Stud 4 1/4",,,Soffit,6.6534 BTU/(h·ft²·°F),,1df_AX8lj42QG_5UAC4g$Q,,,,12' - 3 5/8",,,,New Construction,None,,,,,3,Metal Furring,Non-bearing,17.6896 BTU/(ft²·°F),0.1503 (h·ft²·°F)/BTU,Up to level: L1 - Block 43,-1' - 5 1/2",,Chase - GWB & Metal Stud 4 1/4",,,3FDTNrVMX5CROAaE1LHtAP,,S03,2' - 0",,4.70 CF,0' - 4 1/4",
0.7,,4 SF,B2010,Exterior Walls,,L1 - Block 37,0' - 0",,,,1,Vertical,,,,,,,,,By Type,,Default,,,Basic Wall,Basic Wall: Chase - GWB & Metal Stud 4 1/4",,,Soffit,6.6534 BTU/(h·ft²·°F),,1df_AX8lj42QG_5UAC4g_y,,,,3' - 9 15/16",,,,New Construction,None,,,,,3,Metal Furring,Non-bearing,17.6896 BTU/(ft²·°F),0.1503 (h·ft²·°F)/BTU,Up to level: L1 - Block 43,-1' - 5 1/2",,Chase - GWB & Metal Stud 4 1/4",,,3FDTNrVMX5CROAaE1LHtAP,,S03,2' - 0",,1.57 CF,0' - 4 1/4",
0.7,,3 SF,B2010,Exterior Walls,,L1 - Block 37,0' - 0",,,,1,Vertical,,,,,,,,,By Type,,Default,,,Basic Wall,Basic Wall: Chase - GWB & Metal Stud 4 1/4",,,Soffit,6.6534 BTU/(h·ft²·°F),,1df_AX8lj42QG_5UAC4gva,,,,3' - 0",,,,New Construction,None,,,,,3,Metal Furring,Non-bearing,17.6896 BTU/(ft²·°F),0.1503 (h·ft²·°F)/BTU,Up to level: L1 - Block 43,-1' - 5 1/2",,Chase - GWB & Metal Stud 4 1/4",,,3FDTNrVMX5CROAaE1LHtAP,,S03,2' - 0",,1.00 CF,0' - 4 1/4",
0.7,,3 SF,B2010,Exterior Walls,,L1 - Block 37,0' - 0",,,,1,Vertical,,,,,,,,,By Type,,Default,,,Basic Wall,Basic Wall: Chase - GWB & Metal Stud 4 1/4",,,Soffit,6.6534 BTU/(h·ft²·°F),,1df_AX8lj42QG_5UAC4gug,,,,3' - 0",,,,New Construction,None,,,,,3,Metal Furring,Non-bearing,17.6896 BTU/(ft²·°F),0.1503 (h·ft²·°F)/BTU,Up to level: L1 - Block 43,-1' - 5 1/2",,Chase - GWB & Metal Stud 4 1/4",,,3FDTNrVMX5CROAaE1LHtAP,,S03,2' - 0",,1.00 CF,0' - 4 1/4",
0.7,,11 SF,B2010156,Ext. Wall - Brick Composite,,L1 - Block 35,0' - 0",,,,1,Vertical,,,,,,,,,By Type,,Default,,,Basic Wall,Basic Wall: Retaining - Split Face CMU,,,Exterior,1.1821 BTU/(h·ft²·°F),,0Tx9R6EzzCafcjYaXNiyyY,,,,3' - 11 1/16",,,,New Construction,None,,,,,3,CMU, Split Face,Non-bearing,14.3254 BTU/(ft²·°F),0.8460 (h·ft²·°F)/BTU,Unconnected,0' - 0",,Retaining - Split Face CMU,,,30dzunCuvCRADZXw6x9oB0,,,2' - 6",,6.73 CF,0' - 7 5/8",
0.7,,9 SF,B2010156,Ext. Wall - Brick Composite,,L1 - Block 35,0' - 0",,,,1,Vertical,,,,,,,,,By Type,,Default,,,Basic Wall,Basic Wall: Retaining - Split Face CMU,,,Exterior,1.1821 BTU/(h·ft²·°F),,0Tx9R6EzzCafcjYaXNiywz,,,,3' - 11 1/16",,,,New Construction,None,,,,,3,CMU, Split Face,Non-bearing,14.3254 BTU/(ft²·°F),0.8460 (h·ft²·°F)/BTU,Unconnected,0' - 0",,Retaining - Split Face CMU,,,30dzunCuvCRADZXw6x9oB0,,,2' - 6",,5.73 CF,0' - 7 5/8",
0.7,,12 SF,B2010156,Ext. Wall - Brick Composite,,L1 - Block 35,0' - 0",,,,1,Vertical,,,,,,,,,By Type,,Default,,,Basic Wall,Basic Wall: Retaining - Split Face CMU,,,Exterior,1.1821 BTU/(h·ft²·°F),,2CN5jdBAn0heeMXkK42yhJ,,,,11' - 10 9/16",,,,New Construction,None,,,,,3,CMU, Split Face,Non-bearing,14.3254 BTU/(ft²·°F),0.8460 (h·ft²·°F)/BTU,Unconnected,0' - 0",,Retaining - Split Face CMU,,,30dzunCuvCRADZXw6x9oB0,,,1' - 0",,7.35 CF,0' - 7 5/8",
0.7,,55 SF,B2010,Exterior Walls,,Parking,-6' - 0",,,,1,Vertical,,,,,,,,,By Type,,Default,,,Basic Wall,Basic Wall: Core - Concrete 10",,4 HR,Core-shaft,0.7252 BTU/(h·ft²·°F),,2CN5jdBAn0heeMXkK42zQS,,,,9' - 6",,,,New Construction,None,,,,,3,Concrete, Cast-in-Place gray,Non-bearing,18.7763 BTU/(ft²·°F),1.3789 (h·ft²·°F)/BTU,Up to level: Parking,0' - 0",,Core - Concrete 10",,,2Rqwfi9uL0W9XTWzRAs_GP,,C01,6' - 0",,45.83 CF,0' - 10",
0.7,,45 SF,B2010,Exterior Walls,,Parking,-6' - 0",,,,1,Vertical,,,,,,,,,By Type,,Default,,,Basic Wall,Basic Wall: Core - Concrete 10",,4 HR,Core-shaft,0.7252 BTU/(h·ft²·°F),,2CN5jdBAn0heeMXkK42zQV,,,,8' - 3",,,,New Construction,None,,,,,3,Concrete, Cast-in-Place gray,Non-bearing,18.7763 BTU/(ft²·°F),1.3789 (h·ft²·°F)/BTU,Up to level: Parking,-0' - 6",,Core - Concrete 10",,,2Rqwfi9uL0W9XTWzRAs_GP,,C01,5' - 6",,37.81 CF,0' - 10",
0.7,,59 SF,B2010,Exterior Walls,,Parking,-6' - 0",,,,1,Vertical,,,,,,,,,By Type,,Default,,,Basic Wall,Basic Wall: Core - Concrete 10",,4 HR,Core-shaft,0.7252 BTU/(h·ft²·°F),,2CN5jdBAn0heeMXkK42zQU,,,,9' - 6",,,,New Construction,None,,,,,3,Concrete, Cast-in-Place gray,Non-bearing,18.7763 BTU/(ft²·°F),1.3789 (h·ft²·°F)/BTU,Up to level: Parking,0' - 0",,Core - Concrete 10",,,2Rqwfi9uL0W9XTWzRAs_GP,,C01,6' - 0",,49.17 CF,0' - 10",
0.7,,50 SF,B2010,Exterior Walls,,Parking,-6' - 0",,,,1,Vertical,,,,,,,,,By Type,,Default,,,Basic Wall,Basic Wall: Core - Concrete 18",,4 HR,Core-shaft,0.4029 BTU/(h·ft²·°F),,2CN5jdBAn0heeMXkK42zQH,,,,8' - 3",,,,New Construction,None,,,,,3,Concrete, Cast-in-Place gray,Non-bearing,33.7973 BTU/(ft²·°F),2.4819 (h·ft²·°F)/BTU,Up to level: Parking,0' - 0",,Core - Concrete 18",,,2Rqwfi9uL0W9XTWzRAs_GX,,C03,6' - 0",,74.25 CF,1' - 6",
0.7,,55 SF,B2010,Exterior Walls,,Parking,-6' - 0",,,,1,Vertical,,,,,,,,,By Type,,Default,,,Basic Wall,Basic Wall: Core - Concrete 10",,4 HR,Core-shaft,0.7252 BTU/(h·ft²·°F),,2CN5jdBAn0heeMXkK42zR9,,,,9' - 6",,,,New Construction,None,,,,,3,Concrete, Cast-in-Place gray,Non-bearing,18.7763 BTU/(ft²·°F),1.3789 (h·ft²·°F)/BTU,Up to level: Parking,0' - 0",,Core - Concrete 10",,,2Rqwfi9uL0W9XTWzRAs_GP,,C01,6' - 0",,45.83 CF,0' - 10",
0.7,,54 SF,B2010,Exterior Walls,,Parking,-6' - 0",,,,1,Vertical,,,,,,,,,By Type,,Default,,,Basic Wall,Basic Wall: Core - Concrete 10",,4 HR,Core-shaft,0.7252 BTU/(h·ft²·°F),,2CN5jdBAn0heeMXkK42zR8,,,,8' - 7",,,,New Construction,None,,,,,3,Concrete, Cast-in-Place gray,Non-bearing,18.7763 BTU/(ft²·°F),1.3789 (h·ft²·°F)/BTU,Up to level: Parking,0' - 0",,Core - Concrete 10",,,2Rqwfi9uL0W9XTWzRAs_GP,,C01,6' - 0",,44.58 CF,0' - 10",
0.7,,54 SF,B2010,Exterior Walls,,Parking,-6' - 0",,,,1,Vertical,,,,,,,,,By Type,,Default,,,Basic Wall,Basic Wall: Core - Concrete 18",,4 HR,Core-shaft,0.4029 BTU/(h·ft²·°F),,2CN5jdBAn0heeMXkK42zRB,,,,9' - 6",,,,New Construction,None,,,,,3,Concrete, Cast-in-Place gray,Non-bearing,33.7973 BTU/(ft²·°F),2.4819 (h·ft²·°F)/BTU,Up to level: Parking,0' - 0",,Core - Concrete 18",,,2Rqwfi9uL0W9XTWzRAs_GX,,C03,6' - 0",,81.13 CF,1' - 6",
0.7,,50 SF,B2010,Exterior Walls,,Parking,-6' - 0",,,,1,Vertical,,,,,,,,,By Type,,Default,,,Basic Wall,Basic Wall: Core - Concrete 18",,4 HR,Core-shaft,0.4029 BTU/(h·ft²·°F),,2CN5jdBAn0heeMXkK42zRA,,,,8' - 7",,,,New Construction,None,,,,,3,Concrete, Cast-in-Place gray,Non-bearing,33.7973 BTU/(ft²·°F),2.4819 (h·ft²·°F)/BTU,Up to level: Parking,0' - 0",,Core - Concrete 18",,,2Rqwfi9uL0W9XTWzRAs_GX,,C03,6' - 0",,74.25 CF,1' - 6",
0.7,,4 SF,B2010158,Ext. Wall - Brick Veneer w/ Stud,,L4,-3' - 5",,,,1,Vertical,,,,,,,,,By Type,,Default,,,Basic Wall,Basic Wall: Exterior - 12 5/8" Rainscreen w Insultation on Metal Stud,,2 HR,Exterior,0.0217 BTU/(h·ft²·°F),,1tz8JBV5H7GO6C798OW8c_,,,,2' - 0 3/16",,,,New Construction,None,,,,,3,,Non-bearing,14.9105 BTU/(ft²·°F),46.0097 (h·ft²·°F)/BTU,Up to level: L4,-0' - 6",,Exterior - 12 5/8" Rainscreen w Insultation on Metal Stud,,,3GC6dLJPT0_w0HkhCmqXpI,,X04,2' - 11",,3.59 CF,1' - 0 5/8",
0.7,,4 SF,B2010158,Ext. Wall - Brick Veneer w/ Stud,,L4,-3' - 5",,,,1,Vertical,,,,,,,,,By Type,,Default,,,Basic Wall,Basic Wall: Exterior - 12 5/8" Rainscreen w Insultation on Metal Stud,,2 HR,Exterior,0.0217 BTU/(h·ft²·°F),,1tz8JBV5H7GO6C798OW8cv,,,,1' - 11 23/32",,,,New Construction,None,,,,,3,,Non-bearing,14.9105 BTU/(ft²·°F),46.0097 (h·ft²·°F)/BTU,Up to level: L4,-0' - 6",,Exterior - 12 5/8" Rainscreen w Insultation on Metal Stud,,,3GC6dLJPT0_w0HkhCmqXpI,,X04,2' - 11",,3.47 CF,1' - 0 5/8",
0.7,,4 SF,B2010158,Ext. Wall - Brick Veneer w/ Stud,,L4,-3' - 5",,,,1,Vertical,,,,,,,,,By Type,,Default,,,Basic Wall,Basic Wall: Exterior - 12 5/8" Rainscreen w Insultation on Metal Stud,,2 HR,Exterior,0.0217 BTU/(h·ft²·°F),,1tz8JBV5H7GO6C798OW8cu,,,,1' - 11 9/32",,,,New Construction,None,,,,,3,,Non-bearing,14.9105 BTU/(ft²·°F),46.0097 (h·ft²·°F)/BTU,Up to level: L4,-0' - 6",,Exterior - 12 5/8" Rainscreen w Insultation on Metal Stud,,,3GC6dLJPT0_w0HkhCmqXpI,,X04,2' - 11",,3.35 CF,1' - 0 5/8",
0.7,,4 SF,B2010158,Ext. Wall - Brick Veneer w/ Stud,,L5,-3' - 5",,,,1,Vertical,,,,,,,,,By Type,,Default,,,Basic Wall,Basic Wall: Exterior - 12 5/8" Rainscreen w Insultation on Metal Stud,,2 HR,Exterior,0.0217 BTU/(h·ft²·°F),,1tz8JBV5H7GO6C798OW8aN,,,,2' - 0 3/16",,,,New Construction,None,,,,,3,,Non-bearing,14.9105 BTU/(ft²·°F),46.0097 (h·ft²·°F)/BTU,Up to level: L5,-0' - 6",,Exterior - 12 5/8" Rainscreen w Insultation on Metal Stud,,,3GC6dLJPT0_w0HkhCmqXpI,,X04,2' - 11",,3.59 CF,1' - 0 5/8",
0.7,,4 SF,B2010158,Ext. Wall - Brick Veneer w/ Stud,,L5,-3' - 5",,,,1,Vertical,,,,,,,,,By Type,,Default,,,Basic Wall,Basic Wall: Exterior - 12 5/8" Rainscreen w Insultation on Metal Stud,,2 HR,Exterior,0.0217 BTU/(h·ft²·°F),,1tz8JBV5H7GO6C798OW8aM,,,,1' - 11 23/32",,,,New Construction,None,,,,,3,,Non-bearing,14.9105 BTU/(ft²·°F),46.0097 (h·ft²·°F)/BTU,Up to level: L5,-0' - 6",,Exterior - 12 5/8" Rainscreen w Insultation on Metal Stud,,,3GC6dLJPT0_w0HkhCmqXpI,,X04,2' - 11",,3.47 CF,1' - 0 5/8",
0.7,,4 SF,B2010158,Ext. Wall - Brick Veneer w/ Stud,,L5,-3' - 5",,,,1,Vertical,,,,,,,,,By Type,,Default,,,Basic Wall,Basic Wall: Exterior - 12 5/8" Rainscreen w Insultation on Metal Stud,,2 HR,Exterior,0.0217 BTU/(h·ft²·°F),,1tz8JBV5H7GO6C798OW8aH,,,,1' - 11 9/32",,,,New Construction,None,,,,,3,,Non-bearing,14.9105 BTU/(ft²·°F),46.0097 (h·ft²·°F)/BTU,Up to level: L5,-0' - 6",,Exterior - 12 5/8" Rainscreen w Insultation on Metal Stud,,,3GC6dLJPT0_w0HkhCmqXpI,,X04,2' - 11",,3.35 CF,1' - 0 5/8",
0.7,,4 SF,B2010158,Ext. Wall - Brick Veneer w/ Stud,,R2,-3' - 5",,,,1,Vertical,,,,,,,,,By Type,,Default,,,Basic Wall,Basic Wall: Exterior - 12 5/8" Rainscreen w Insultation on Metal Stud,,2 HR,Exterior,0.0217 BTU/(h·ft²·°F),,1tz8JBV5H7GO6C798OW8aJ,,,,2' - 0 3/16",,,,New Construction,None,,,,,3,,Non-bearing,14.9105 BTU/(ft²·°F),46.0097 (h·ft²·°F)/BTU,Up to level: R2,-0' - 6",,Exterior - 12 5/8" Rainscreen w Insultation on Metal Stud,,,3GC6dLJPT0_w0HkhCmqXpI,,X04,2' - 11",,3.59 CF,1' - 0 5/8",
0.7,,4 SF,B2010158,Ext. Wall - Brick Veneer w/ Stud,,R2,-3' - 5",,,,1,Vertical,,,,,,,,,By Type,,Default,,,Basic Wall,Basic Wall: Exterior - 12 5/8" Rainscreen w Insultation on Metal Stud,,2 HR,Exterior,0.0217 BTU/(h·ft²·°F),,1tz8JBV5H7GO6C798OW8aI,,,,1' - 11 23/32",,,,New Construction,None,,,,,3,,Non-bearing,14.9105 BTU/(ft²·°F),46.0097 (h·ft²·°F)/BTU,Up to level: R2,-0' - 6",,Exterior - 12 5/8" Rainscreen w Insultation on Metal Stud,,,3GC6dLJPT0_w0HkhCmqXpI,,X04,2' - 11",,3.47 CF,1' - 0 5/8",
0.7,,4 SF,B2010158,Ext. Wall - Brick Veneer w/ Stud,,R2,-3' - 5",,,,1,Vertical,,,,,,,,,By Type,,Default,,,Basic Wall,Basic Wall: Exterior - 12 5/8" Rainscreen w Insultation on Metal Stud,,2 HR,Exterior,0.0217 BTU/(h·ft²·°F),,1tz8JBV5H7GO6C798OW8hj,,,,1' - 11 9/32",,,,New Construction,None,,,,,3,,Non-bearing,14.9105 BTU/(ft²·°F),46.0097 (h·ft²·°F)/BTU,Up to level: R2,-0' - 6",,Exterior - 12 5/8" Rainscreen w Insultation on Metal Stud,,,3GC6dLJPT0_w0HkhCmqXpI,,X04,2' - 11",,3.35 CF,1' - 0 5/8",
0.7,,28 SF,C1010145,Partitions - Drywall w/ Metal Stud,,L4,-2' - 4",,,,1,Vertical,,,,,,,,,By Type,,Default,,,Basic Wall,Basic Wall: Soffit - Beam Wrap 10 1/2" (Two Sides),,2 HR,Interior,0.0214 BTU/(h·ft²·°F),,0MspT1tgXDgR4PwMGNh41K,,,,15' - 4",,,,New Construction,None,,,,,3,Metal Stud Layer,Non-bearing,2.8823 BTU/(ft²·°F),46.7076 (h·ft²·°F)/BTU,Up to level: L4,-0' - 6",,Soffit - Beam Wrap 10 1/2" (Two Sides),,,040pYaAfP5UfxiZy_buDpx,,,1' - 10",,24.60 CF,0' - 10 1/2",
0.7,,34 SF,C1010145,Partitions - Drywall w/ Metal Stud,,L3,-2' - 3 1/2",,,,1,Vertical,,,,,,,,,By Type,,Default,,,Basic Wall,Basic Wall: Soffit - Beam Wrap Large (Both Sides),,2 HR,Interior,0.0108 BTU/(h·ft²·°F),,3DXKBuZLPBzw30xfYN9u1g,,,,19' - 5 3/4",,,,New Construction,None,,,,,3,Metal Stud Layer,Non-bearing,2.8942 BTU/(ft²·°F),92.8606 (h·ft²·°F)/BTU,Up to level: L3,-0' - 6",,Soffit - Beam Wrap Large (Both Sides),,,21U07TPLv4F9zfrV5EumGJ,,,1' - 9 1/2",,52.62 CF,1' - 6 1/2",
0.7,,14 SF,C1010145,Partitions - Drywall w/ Metal Stud,,L3,-2' - 5",,,,1,Vertical,,,,,,,,,By Type,,Default,,,Basic Wall,Basic Wall: Soffit - Beam Wrap 10 1/2" (Two Sides),,2 HR,Interior,0.0214 BTU/(h·ft²·°F),,3DXKBuZLPBzw30xfYN9u0x,,,,7' - 8 13/16",,,,New Construction,None,,,,,3,Metal Stud Layer,Non-bearing,2.8823 BTU/(ft²·°F),46.7076 (h·ft²·°F)/BTU,Up to level: L3,-0' - 6",,Soffit - Beam Wrap 10 1/2" (Two Sides),,,040pYaAfP5UfxiZy_buDpx,,,1' - 11",,9.96 CF,0' - 10 1/2",
0.7,,37 SF,C1010145,Partitions - Drywall w/ Metal Stud,,L3,-2' - 5",,,,1,Vertical,,,,,,,,,By Type,,Default,,,Basic Wall,Basic Wall: Soffit - Beam Wrap 10 1/2" (Two Sides),,2 HR,Interior,0.0214 BTU/(h·ft²·°F),,3DXKBuZLPBzw30xfYN9u01,,,,19' - 1 3/4",,,,New Construction,None,,,,,3,Metal Stud Layer,Non-bearing,2.8823 BTU/(ft²·°F),46.7076 (h·ft²·°F)/BTU,Up to level: L3,-0' - 6",,Soffit - Beam Wrap 10 1/2" (Two Sides),,,040pYaAfP5UfxiZy_buDpx,,,1' - 11",,25.57 CF,0' - 10 1/2",
0.7,,19 SF,C1010145,Partitions - Drywall w/ Metal Stud,,L3,-2' - 5",,,,1,Vertical,,,,,,,,,By Type,,Default,,,Basic Wall,Basic Wall: Soffit - Beam Wrap 10 1/2" (Two Sides),,2 HR,Interior,0.0214 BTU/(h·ft²·°F),,3DXKBuZLPBzw30xfYN9u7u,,,,10' - 3",,,,New Construction,None,,,,,3,Metal Stud Layer,Non-bearing,2.8823 BTU/(ft²·°F),46.7076 (h·ft²·°F)/BTU,Up to level: L3,-0' - 6",,Soffit - Beam Wrap 10 1/2" (Two Sides),,,040pYaAfP5UfxiZy_buDpx,,,1' - 11",,13.45 CF,0' - 10 1/2",
0.7,,33 SF,C1010145,Partitions - Drywall w/ Metal Stud,,L3,-2' - 3 1/2",,,,1,Vertical,,,,,,,,,By Type,,Default,,,Basic Wall,Basic Wall: Soffit - Beam Wrap Large (Both Sides),,2 HR,Interior,0.0108 BTU/(h·ft²·°F),,3DXKBuZLPBzw30xfYN9u7E,,,,18' - 6 7/8",,,,New Construction,None,,,,,3,Metal Stud Layer,Non-bearing,2.8942 BTU/(ft²·°F),92.8606 (h·ft²·°F)/BTU,Up to level: L3,-0' - 6",,Soffit - Beam Wrap Large (Both Sides),,,21U07TPLv4F9zfrV5EumGJ,,,1' - 9 1/2",,50.81 CF,1' - 6 1/2",
0.7,,14 SF,C1010145,Partitions - Drywall w/ Metal Stud,,L3,-2' - 3 1/2",,,,1,Vertical,,,,,,,,,By Type,,Default,,,Basic Wall,Basic Wall: Soffit - Beam Wrap Large (Both Sides),,2 HR,Interior,0.0108 BTU/(h·ft²·°F),,3DXKBuZLPBzw30xfYN9uxa,,,,7' - 8 7/16",,,,New Construction,None,,,,,3,Metal Stud Layer,Non-bearing,2.8942 BTU/(ft²·°F),92.8606 (h·ft²·°F)/BTU,Up to level: L3,-0' - 6",,Soffit - Beam Wrap Large (Both Sides),,,21U07TPLv4F9zfrV5EumGJ,,,1' - 9 1/2",,11.93 CF,1' - 6 1/2",
0.7,,41 SF,C1010145,Partitions - Drywall w/ Metal Stud,,M1,-2' - 8",,,,1,Vertical,,,,,,,,,By Type,,Default,,,Basic Wall,Basic Wall: Soffit - Beam Wrap (Both Sides),,2 HR,Interior,0.0214 BTU/(h·ft²·°F),,3DXKBuZLPBzw30xfYN9uvm,,,,18' - 9 1/2",,,,New Construction,None,,,,,3,Metal Stud Layer,Non-bearing,2.8823 BTU/(ft²·°F),46.7076 (h·ft²·°F)/BTU,Up to level: M1,-0' - 6",,Soffit - Beam Wrap (Both Sides),,,0a6T$5n7X4fAlDdhFoNEVx,,,2' - 2",,35.63 CF,0' - 10 1/2",
0.7,,16 SF,C1010145,Partitions - Drywall w/ Metal Stud,,M1,-2' - 8",,,,1,Vertical,,,,,,,,,By Type,,Default,,,Basic Wall,Basic Wall: Soffit - Beam Wrap 10 1/2" (Two Sides),,2 HR,Interior,0.0214 BTU/(h·ft²·°F),,3DXKBuZLPBzw30xfYN9uvp,,,,7' - 8 13/16",,,,New Construction,None,,,,,3,Metal Stud Layer,Non-bearing,2.8823 BTU/(ft²·°F),46.7076 (h·ft²·°F)/BTU,Up to level: M1,-0' - 6",,Soffit - Beam Wrap 10 1/2" (Two Sides),,,040pYaAfP5UfxiZy_buDpx,,,2' - 2",,11.26 CF,0' - 10 1/2",
0.7,,41 SF,C1010145,Partitions - Drywall w/ Metal Stud,,M1,-2' - 8",,,,1,Vertical,,,,,,,,,By Type,,Default,,,Basic Wall,Basic Wall: Soffit - Beam Wrap 10 1/2" (Two Sides),,2 HR,Interior,0.0214 BTU/(h·ft²·°F),,3DXKBuZLPBzw30xfYN9uvo,,,,19' - 1 3/4",,,,New Construction,None,,,,,3,Metal Stud Layer,Non-bearing,2.8823 BTU/(ft²·°F),46.7076 (h·ft²·°F)/BTU,Up to level: M1,-0' - 6",,Soffit - Beam Wrap 10 1/2" (Two Sides),,,040pYaAfP5UfxiZy_buDpx,,,2' - 2",,28.90 CF,0' - 10 1/2",
0.7,,22 SF,C1010145,Partitions - Drywall w/ Metal Stud,,M1,-2' - 8",,,,1,Vertical,,,,,,,,,By Type,,Default,,,Basic Wall,Basic Wall: Soffit - Beam Wrap 10 1/2" (Two Sides),,2 HR,Interior,0.0214 BTU/(h·ft²·°F),,3DXKBuZLPBzw30xfYN9uvr,,,,10' - 3",,,,New Construction,None,,,,,3,Metal Stud Layer,Non-bearing,2.8823 BTU/(ft²·°F),46.7076 (h·ft²·°F)/BTU,Up to level: M1,-0' - 6",,Soffit - Beam Wrap 10 1/2" (Two Sides),,,040pYaAfP5UfxiZy_buDpx,,,2' - 2",,15.20 CF,0' - 10 1/2",
0.7,,40 SF,C1010145,Partitions - Drywall w/ Metal Stud,,M1,-2' - 8",,,,1,Vertical,,,,,,,,,By Type,,Default,,,Basic Wall,Basic Wall: Soffit - Beam Wrap (Both Sides),,2 HR,Interior,0.0214 BTU/(h·ft²·°F),,3DXKBuZLPBzw30xfYN9uvq,,,,18' - 6 7/8",,,,New Construction,None,,,,,3,Metal Stud Layer,Non-bearing,2.8823 BTU/(ft²·°F),46.7076 (h·ft²·°F)/BTU,Up to level: M1,-0' - 6",,Soffit - Beam Wrap (Both Sides),,,0a6T$5n7X4fAlDdhFoNEVx,,,2' - 2",,34.88 CF,0' - 10 1/2",
0.7,,14 SF,C1010145,Partitions - Drywall w/ Metal Stud,,M1,-2' - 8",,,,1,Vertical,,,,,,,,,By Type,,Default,,,Basic Wall,Basic Wall: Soffit - Beam Wrap (Both Sides),,2 HR,Interior,0.0214 BTU/(h·ft²·°F),,3DXKBuZLPBzw30xfYN9uvt,,,,7' - 8 7/16",,,,New Construction,None,,,,,3,Metal Stud Layer,Non-bearing,2.8823 BTU/(ft²·°F),46.7076 (h·ft²·°F)/BTU,Up to level: M1,-0' - 6",,Soffit - Beam Wrap (Both Sides),,,0a6T$5n7X4fAlDdhFoNEVx,,,2' - 2",,7.29 CF,0' - 10 1/2",
0.7,,45 SF,C1010145,Partitions - Drywall w/ Metal Stud,,L5,-2' - 3 1/2",,,,1,Vertical,,,,,,,,,By Type,,Default,,,Basic Wall,Basic Wall: Soffit - Beam Wrap 9 1/4" (One Side),,2 HR,Interior,0.0215 BTU/(h·ft²·°F),,3KrCbdeP9BrvrXHbW923OG,,,,21' - 10",,,,New Construction,None,,,,,3,Metal Stud Layer,Non-bearing,1.4471 BTU/(ft²·°F),46.4303 (h·ft²·°F)/BTU,Up to level: L5,-0' - 3",,Soffit - Beam Wrap 9 1/4" (One Side),,,0a6T$5n7X4fAlDdhFoNETY,,,2' - 0 1/2",,25.54 CF,0' - 9 1/4",
0.7,,28 SF,C1010145,Partitions - Drywall w/ Metal Stud,,L5,-2' - 3 1/2",,,,1,Vertical,,,,,,,,,By Type,,Default,,,Basic Wall,Basic Wall: Soffit - Beam Wrap 9 1/4" (One Side),,2 HR,Interior,0.0215 BTU/(h·ft²·°F),,3KrCbdeP9BrvrXHbW9230G,,,,16' - 4",,,,New Construction,None,,,,,3,Metal Stud Layer,Non-bearing,1.4471 BTU/(ft²·°F),46.4303 (h·ft²·°F)/BTU,Up to level: L5,-0' - 6",,Soffit - Beam Wrap 9 1/4" (One Side),,,0a6T$5n7X4fAlDdhFoNETY,,,1' - 9 1/2",,16.82 CF,0' - 9 1/4",
0.7,,36 SF,C1010145,Partitions - Drywall w/ Metal Stud,,L5,-2' - 3 1/2",,,,1,Vertical,,,,,,,,,By Type,,Default,,,Basic Wall,Basic Wall: Soffit - Beam Wrap 9 1/4" (One Side),,2 HR,Interior,0.0215 BTU/(h·ft²·°F),,3KrCbdeP9BrvrXHbW9233F,,,,21' - 1 13/16",,,,New Construction,None,,,,,3,Metal Stud Layer,Non-bearing,1.4471 BTU/(ft²·°F),46.4303 (h·ft²·°F)/BTU,Up to level: L5,-0' - 6",,Soffit - Beam Wrap 9 1/4" (One Side),,,0a6T$5n7X4fAlDdhFoNETY,,,1' - 9 1/2",,24.43 CF,0' - 9 1/4",
0.7,,29 SF,C1010145,Partitions - Drywall w/ Metal Stud,,L3,-2' - 5",,,,1,Vertical,,,,,,,,,By Type,,Default,,,Basic Wall,Basic Wall: Soffit - Beam Wrap 10 1/2" (Two Sides),,2 HR,Interior,0.0214 BTU/(h·ft²·°F),,1skL_X4Mn7Nvg_FnyjjzAH,,,,15' - 2 7/16",,,,New Construction,None,,,,,3,Metal Stud Layer,Non-bearing,2.8823 BTU/(ft²·°F),46.7076 (h·ft²·°F)/BTU,Up to level: L3,-0' - 6",,Soffit - Beam Wrap 10 1/2" (Two Sides),,,040pYaAfP5UfxiZy_buDpx,,,1' - 11",,24.38 CF,0' - 10 1/2",
0.7,,19 SF,B2010,Exterior Walls,,L5,0' - 11",,,,1,Vertical,,,,,,,,,By Type,,Default,,,Basic Wall,Basic Wall: Planter Wall - Steel Plate 1/2",,,Exterior,776.5488 BTU/(h·ft²·°F),,1YpT8RiCzEtvfm84izHoNf,,,,11' - 1 11/16",,,,New Construction,None,,,,,3,Steel Rusted,Non-bearing,2.3410 BTU/(ft²·°F),0.0013 (h·ft²·°F)/BTU,Unconnected,1' - 3",,Planter Wall - Steel Plate 1/2",,,3oWRtKgGH6quoh0HBRWZ2J,,,1' - 8",,0.78 CF,0' - 0 1/2",
0.7,,24 SF,B2010,Exterior Walls,,L5,0' - 11",,,,1,Vertical,,,,,,,,,By Type,,Default,,,Basic Wall,Basic Wall: Planter Wall - Steel Plate 1/2",,,Exterior,776.5488 BTU/(h·ft²·°F),,1YpT8RiCzEtvfm84izHoNb,,,,14' - 4 9/32",,,,New Construction,None,,,,,3,Steel Rusted,Non-bearing,2.3410 BTU/(ft²·°F),0.0013 (h·ft²·°F)/BTU,Unconnected,1' - 3",,Planter Wall - Steel Plate 1/2",,,3oWRtKgGH6quoh0HBRWZ2J,,,1' - 8",,1.00 CF,0' - 0 1/2",
0.7,,14 SF,B2010,Exterior Walls,,L5,0' - 11",,,,1,Vertical,,,,,,,,,By Type,,Default,,,Basic Wall,Basic Wall: Planter Wall - Steel Plate 1/2",,,Exterior,776.5488 BTU/(h·ft²·°F),,1YpT8RiCzEtvfm84izHoNY,,,,8' - 3 5/16",,,,New Construction,None,,,,,3,Steel Rusted,Non-bearing,2.3410 BTU/(ft²·°F),0.0013 (h·ft²·°F)/BTU,Unconnected,1' - 3",,Planter Wall - Steel Plate 1/2",,,3oWRtKgGH6quoh0HBRWZ2J,,,1' - 8",,0.57 CF,0' - 0 1/2",
0.7,,7 SF,B2010,Exterior Walls,,,,,,,1,,,,,,,,,,By Type,,Default,,,Basic Wall,Basic Wall: Trellis Member,,,Exterior,264.1653 BTU/(h·ft²·°F),,3vN2Fl6Az8C9cBZizN$HQV,,,,,,,,New Construction,None,,,,,3,Iron, Wrought,,8.9726 BTU/(ft²·°F),0.0038 (h·ft²·°F)/BTU,,,,Trellis Member,,,23RL7bJ3n7Pgqv_k7$6x6r,,,,,1.10 CF,0' - 2",
0.7,,7 SF,B2010,Exterior Walls,,,,,,,1,,,,,,,,,,By Type,,Default,,,Basic Wall,Basic Wall: Trellis Member,,,Exterior,264.1653 BTU/(h·ft²·°F),,3vN2Fl6Az8C9cBZizN$HQO,,,,,,,,New Construction,None,,,,,3,Iron, Wrought,,8.9726 BTU/(ft²·°F),0.0038 (h·ft²·°F)/BTU,,,,Trellis Member,,,23RL7bJ3n7Pgqv_k7$6x6r,,,,,1.10 CF,0' - 2",
0.7,,7 SF,B2010,Exterior Walls,,,,,,,1,,,,,,,,,,By Type,,Default,,,Basic Wall,Basic Wall: Trellis Member,,,Exterior,264.1653 BTU/(h·ft²·°F),,3vN2Fl6Az8C9cBZizN$HQP,,,,,,,,New Construction,None,,,,,3,Iron, Wrought,,8.9726 BTU/(ft²·°F),0.0038 (h·ft²·°F)/BTU,,,,Trellis Member,,,23RL7bJ3n7Pgqv_k7$6x6r,,,,,1.15 CF,0' - 2",
0.7,,8 SF,B2010,Exterior Walls,,,,,,,1,,,,,,,,,,By Type,,Default,,,Basic Wall,Basic Wall: Trellis Member,,,Exterior,264.1653 BTU/(h·ft²·°F),,3vN2Fl6Az8C9cBZizN$HQQ,,,,,,,,New Construction,None,,,,,3,Iron, Wrought,,8.9726 BTU/(ft²·°F),0.0038 (h·ft²·°F)/BTU,,,,Trellis Member,,,23RL7bJ3n7Pgqv_k7$6x6r,,,,,1.26 CF,0' - 2",
0.7,,8 SF,B2010,Exterior Walls,,,,,,,1,,,,,,,,,,By Type,,Default,,,Basic Wall,Basic Wall: Trellis Member,,,Exterior,264.1653 BTU/(h·ft²·°F),,3vN2Fl6Az8C9cBZizN$HQR,,,,,,,,New Construction,None,,,,,3,Iron, Wrought,,8.9726 BTU/(ft²·°F),0.0038 (h·ft²·°F)/BTU,,,,Trellis Member,,,23RL7bJ3n7Pgqv_k7$6x6r,,,,,1.36 CF,0' - 2",
0.7,,8 SF,B2010,Exterior Walls,,,,,,,1,,,,,,,,,,By Type,,Default,,,Basic Wall,Basic Wall: Trellis Member,,,Exterior,264.1653 BTU/(h·ft²·°F),,3vN2Fl6Az8C9cBZizN$HQ4,,,,,,,,New Construction,None,,,,,3,Iron, Wrought,,8.9726 BTU/(ft²·°F),0.0038 (h·ft²·°F)/BTU,,,,Trellis Member,,,23RL7bJ3n7Pgqv_k7$6x6r,,,,,1.37 CF,0' - 2",
0.7,,8 SF,B2010,Exterior Walls,,,,,,,1,,,,,,,,,,By Type,,Default,,,Basic Wall,Basic Wall: Trellis Member,,,Exterior,264.1653 BTU/(h·ft²·°F),,3vN2Fl6Az8C9cBZizN$HQ5,,,,,,,,New Construction,None,,,,,3,Iron, Wrought,,8.9726 BTU/(ft²·°F),0.0038 (h·ft²·°F)/BTU,,,,Trellis Member,,,23RL7bJ3n7Pgqv_k7$6x6r,,,,,1.30 CF,0' - 2",
0.7,,7 SF,B2010,Exterior Walls,,,,,,,1,,,,,,,,,,By Type,,Default,,,Basic Wall,Basic Wall: Trellis Member,,,Exterior,264.1653 BTU/(h·ft²·°F),,3vN2Fl6Az8C9cBZizN$HQ6,,,,,,,,New Construction,None,,,,,3,Iron, Wrought,,8.9726 BTU/(ft²·°F),0.0038 (h·ft²·°F)/BTU,,,,Trellis Member,,,23RL7bJ3n7Pgqv_k7$6x6r,,,,,1.18 CF,0' - 2",
0.7,,7 SF,B2010,Exterior Walls,,,,,,,1,,,,,,,,,,By Type,,Default,,,Basic Wall,Basic Wall: Trellis Member,,,Exterior,264.1653 BTU/(h·ft²·°F),,3vN2Fl6Az8C9cBZizN$HQ7,,,,,,,,New Construction,None,,,,,3,Iron, Wrought,,8.9726 BTU/(ft²·°F),0.0038 (h·ft²·°F)/BTU,,,,Trellis Member,,,23RL7bJ3n7Pgqv_k7$6x6r,,,,,1.10 CF,0' - 2",
0.7,,7 SF,B2010,Exterior Walls,,,,,,,1,,,,,,,,,,By Type,,Default,,,Basic Wall,Basic Wall: Trellis Member,,,Exterior,264.1653 BTU/(h·ft²·°F),,3vN2Fl6Az8C9cBZizN$HQ0,,,,,,,,New Construction,None,,,,,3,Iron, Wrought,,8.9726 BTU/(ft²·°F),0.0038 (h·ft²·°F)/BTU,,,,Trellis Member,,,23RL7bJ3n7Pgqv_k7$6x6r,,,,,1.18 CF,0' - 2",
0.7,,8 SF,B2010,Exterior Walls,,,,,,,1,,,,,,,,,,By Type,,Default,,,Basic Wall,Basic Wall: Trellis Member,,,Exterior,264.1653 BTU/(h·ft²·°F),,3vN2Fl6Az8C9cBZizN$HQ1,,,,,,,,New Construction,None,,,,,3,Iron, Wrought,,8.9726 BTU/(ft²·°F),0.0038 (h·ft²·°F)/BTU,,,,Trellis Member,,,23RL7bJ3n7Pgqv_k7$6x6r,,,,,1.30 CF,0' - 2",
0.7,,8 SF,B2010,Exterior Walls,,,,,,,1,,,,,,,,,,By Type,,Default,,,Basic Wall,Basic Wall: Trellis Member,,,Exterior,264.1653 BTU/(h·ft²·°F),,3vN2Fl6Az8C9cBZizN$HQ2,,,,,,,,New Construction,None,,,,,3,Iron, Wrought,,8.9726 BTU/(ft²·°F),0.0038 (h·ft²·°F)/BTU,,,,Trellis Member,,,23RL7bJ3n7Pgqv_k7$6x6r,,,,,1.37 CF,0' - 2",
0.7,,8 SF,B2010,Exterior Walls,,,,,,,1,,,,,,,,,,By Type,,Default,,,Basic Wall,Basic Wall: Trellis Member,,,Exterior,264.1653 BTU/(h·ft²·°F),,3vN2Fl6Az8C9cBZizN$HQ3,,,,,,,,New Construction,None,,,,,3,Iron, Wrought,,8.9726 BTU/(ft²·°F),0.0038 (h·ft²·°F)/BTU,,,,Trellis Member,,,23RL7bJ3n7Pgqv_k7$6x6r,,,,,1.36 CF,0' - 2",
0.7,,8 SF,B2010,Exterior Walls,,,,,,,1,,,,,,,,,,By Type,,Default,,,Basic Wall,Basic Wall: Trellis Member,,,Exterior,264.1653 BTU/(h·ft²·°F),,3vN2Fl6Az8C9cBZizN$HQC,,,,,,,,New Construction,None,,,,,3,Iron, Wrought,,8.9726 BTU/(ft²·°F),0.0038 (h·ft²·°F)/BTU,,,,Trellis Member,,,23RL7bJ3n7Pgqv_k7$6x6r,,,,,1.26 CF,0' - 2",
0.7,,7 SF,B2010,Exterior Walls,,,,,,,1,,,,,,,,,,By Type,,Default,,,Basic Wall,Basic Wall: Trellis Member,,,Exterior,264.1653 BTU/(h·ft²·°F),,3vN2Fl6Az8C9cBZizN$HQD,,,,,,,,New Construction,None,,,,,3,Iron, Wrought,,8.9726 BTU/(ft²·°F),0.0038 (h·ft²·°F)/BTU,,,,Trellis Member,,,23RL7bJ3n7Pgqv_k7$6x6r,,,,,1.15 CF,0' - 2",
0.7,,7 SF,B2010,Exterior Walls,,,,,,,1,,,,,,,,,,By Type,,Default,,,Basic Wall,Basic Wall: Trellis Member,,,Exterior,264.1653 BTU/(h·ft²·°F),,3vN2Fl6Az8C9cBZizN$HQE,,,,,,,,New Construction,None,,,,,3,Iron, Wrought,,8.9726 BTU/(ft²·°F),0.0038 (h·ft²·°F)/BTU,,,,Trellis Member,,,23RL7bJ3n7Pgqv_k7$6x6r,,,,,1.10 CF,0' - 2",
0.7,,16 SF,C1010145,Partitions - Drywall w/ Metal Stud,,L3,0' - 0",,,,1,Vertical,,,,,,,,,By Type,,Default,,,Basic Wall,Basic Wall: Interior - 7 1/4" Partition (NR),,NR,Interior,0.0287 BTU/(h·ft²·°F),,22T8RHjlP7sPxAvJUQWu4c,,,,5' - 2 1/4",,,,New Construction,None,,,,,3,Metal Stud Layer,Non-bearing,1.4441 BTU/(ft²·°F),34.8921 (h·ft²·°F)/BTU,Unconnected,0' - 0",,Interior - 7 1/4" Partition (NR),,,1kJXG9J_12CxJk83GXH3Vz,,P04,8' - 0",,9.84 CF,0' - 7 1/4",
0.7,,16 SF,C1010145,Partitions - Drywall w/ Metal Stud,,L2,0' - 0",,,,1,Vertical,,,,,,,,,By Type,,Default,,,Basic Wall,Basic Wall: Interior - 7 1/4" Partition (NR),,NR,Interior,0.0287 BTU/(h·ft²·°F),,22T8RHjlP7sPxAvJUQWv$$,,,,5' - 2 1/4",,,,New Construction,None,,,,,3,Metal Stud Layer,Non-bearing,1.4441 BTU/(ft²·°F),34.8921 (h·ft²·°F)/BTU,Unconnected,0' - 0",,Interior - 7 1/4" Partition (NR),,,1kJXG9J_12CxJk83GXH3Vz,,P04,8' - 0",,9.84 CF,0' - 7 1/4",
0.7,,16 SF,C1010145,Partitions - Drywall w/ Metal Stud,,L4,0' - 0",,,,1,Vertical,,,,,,,,,By Type,,Default,,,Basic Wall,Basic Wall: Interior - 7 1/4" Partition (NR),,NR,Interior,0.0287 BTU/(h·ft²·°F),,22T8RHjlP7sPxAvJUQWvyC,,,,5' - 2 1/4",,,,New Construction,None,,,,,3,Metal Stud Layer,Non-bearing,1.4441 BTU/(ft²·°F),34.8921 (h·ft²·°F)/BTU,Unconnected,0' - 0",,Interior - 7 1/4" Partition (NR),,,1kJXG9J_12CxJk83GXH3Vz,,P04,8' - 0",,9.84 CF,0' - 7 1/4",
0.7,,16 SF,C1010145,Partitions - Drywall w/ Metal Stud,,L5,0' - 0",,,,1,Vertical,,,,,,,,,By Type,,Default,,,Basic Wall,Basic Wall: Interior - 7 1/4" Partition (NR),,NR,Interior,0.0287 BTU/(h·ft²·°F),,22T8RHjlP7sPxAvJUQWvyT,,,,5' - 2 1/4",,,,New Construction,None,,,,,3,Metal Stud Layer,Non-bearing,1.4441 BTU/(ft²·°F),34.8921 (h·ft²·°F)/BTU,Unconnected,0' - 0",,Interior - 7 1/4" Partition (NR),,,1kJXG9J_12CxJk83GXH3Vz,,P04,8' - 0",,9.84 CF,0' - 7 1/4",
0.7,,16 SF,C1010145,Partitions - Drywall w/ Metal Stud,,L3,0' - 0",,,,1,Vertical,,,,,,,,,By Type,,Default,,,Basic Wall,Basic Wall: Interior - 7 1/4" Partition (NR),,NR,Interior,0.0287 BTU/(h·ft²·°F),,22T8RHjlP7sPxAvJUQWvyg,,,,5' - 2 1/4",,,,New Construction,None,,,,,3,Metal Stud Layer,Non-bearing,1.4441 BTU/(ft²·°F),34.8921 (h·ft²·°F)/BTU,Unconnected,0' - 0",,Interior - 7 1/4" Partition (NR),,,1kJXG9J_12CxJk83GXH3Vz,,P04,8' - 0",,9.84 CF,0' - 7 1/4",
0.7,,16 SF,C1010145,Partitions - Drywall w/ Metal Stud,,L4,0' - 0",,,,1,Vertical,,,,,,,,,By Type,,Default,,,Basic Wall,Basic Wall: Interior - 7 1/4" Partition (NR),,NR,Interior,0.0287 BTU/(h·ft²·°F),,22T8RHjlP7sPxAvJUQWvyx,,,,5' - 2 1/4",,,,New Construction,None,,,,,3,Metal Stud Layer,Non-bearing,1.4441 BTU/(ft²·°F),34.8921 (h·ft²·°F)/BTU,Unconnected,0' - 0",,Interior - 7 1/4" Partition (NR),,,1kJXG9J_12CxJk83GXH3Vz,,P04,8' - 0",,9.84 CF,0' - 7 1/4",
0.7,,16 SF,C1010145,Partitions - Drywall w/ Metal Stud,,L5,0' - 0",,,,1,Vertical,,,,,,,,,By Type,,Default,,,Basic Wall,Basic Wall: Interior - 7 1/4" Partition (NR),,NR,Interior,0.0287 BTU/(h·ft²·°F),,22T8RHjlP7sPxAvJUQWvz8,,,,5' - 2 1/4",,,,New Construction,None,,,,,3,Metal Stud Layer,Non-bearing,1.4441 BTU/(ft²·°F),34.8921 (h·ft²·°F)/BTU,Unconnected,0' - 0",,Interior - 7 1/4" Partition (NR),,,1kJXG9J_12CxJk83GXH3Vz,,P04,8' - 0",,9.84 CF,0' - 7 1/4",
0.7,,19 SF,C1010145,Partitions - Drywall w/ Metal Stud,,L3,0' - 0",,,,1,Vertical,,,,,,,,,By Type,,Default,,,Basic Wall,Basic Wall: Interior - 7 1/4" Partition (NR),,NR,Interior,0.0287 BTU/(h·ft²·°F),,22T8RHjlP7sPxAvJUQWvts,,,,2' - 5 15/16",,,,New Construction,None,,,,,3,Metal Stud Layer,Non-bearing,1.4441 BTU/(ft²·°F),34.8921 (h·ft²·°F)/BTU,Unconnected,0' - 0",,Interior - 7 1/4" Partition (NR),,,1kJXG9J_12CxJk83GXH3Vz,,P04,8' - 0",,11.58 CF,0' - 7 1/4",
0.7,,19 SF,C1010145,Partitions - Drywall w/ Metal Stud,,L2,0' - 0",,,,1,Vertical,,,,,,,,,By Type,,Default,,,Basic Wall,Basic Wall: Interior - 7 1/4" Partition (NR),,NR,Interior,0.0287 BTU/(h·ft²·°F),,22T8RHjlP7sPxAvJUQWvZL,,,,2' - 5 15/16",,,,New Construction,None,,,,,3,Metal Stud Layer,Non-bearing,1.4441 BTU/(ft²·°F),34.8921 (h·ft²·°F)/BTU,Unconnected,0' - 0",,Interior - 7 1/4" Partition (NR),,,1kJXG9J_12CxJk83GXH3Vz,,P04,8' - 0",,11.58 CF,0' - 7 1/4",
0.7,,19 SF,C1010145,Partitions - Drywall w/ Metal Stud,,L4,0' - 0",,,,1,Vertical,,,,,,,,,By Type,,Default,,,Basic Wall,Basic Wall: Interior - 7 1/4" Partition (NR),,NR,Interior,0.0287 BTU/(h·ft²·°F),,22T8RHjlP7sPxAvJUQWvZZ,,,,2' - 5 15/16",,,,New Construction,None,,,,,3,Metal Stud Layer,Non-bearing,1.4441 BTU/(ft²·°F),34.8921 (h·ft²·°F)/BTU,Unconnected,0' - 0",,Interior - 7 1/4" Partition (NR),,,1kJXG9J_12CxJk83GXH3Vz,,P04,8' - 0",,11.58 CF,0' - 7 1/4",
0.7,,19 SF,C1010145,Partitions - Drywall w/ Metal Stud,,L5,0' - 0",,,,1,Vertical,,,,,,,,,By Type,,Default,,,Basic Wall,Basic Wall: Interior - 7 1/4" Partition (NR),,NR,Interior,0.0287 BTU/(h·ft²·°F),,22T8RHjlP7sPxAvJUQWvZn,,,,2' - 5 15/16",,,,New Construction,None,,,,,3,Metal Stud Layer,Non-bearing,1.4441 BTU/(ft²·°F),34.8921 (h·ft²·°F)/BTU,Unconnected,0' - 0",,Interior - 7 1/4" Partition (NR),,,1kJXG9J_12CxJk83GXH3Vz,,P04,8' - 0",,11.58 CF,0' - 7 1/4",
0.7,,19 SF,C1010145,Partitions - Drywall w/ Metal Stud,,L3,0' - 0",,,,1,Vertical,,,,,,,,,By Type,,Default,,,Basic Wall,Basic Wall: Interior - 7 1/4" Partition (NR),,NR,Interior,0.0287 BTU/(h·ft²·°F),,22T8RHjlP7sPxAvJUQWvWV,,,,2' - 5 15/16",,,,New Construction,None,,,,,3,Metal Stud Layer,Non-bearing,1.4441 BTU/(ft²·°F),34.8921 (h·ft²·°F)/BTU,Unconnected,0' - 0",,Interior - 7 1/4" Partition (NR),,,1kJXG9J_12CxJk83GXH3Vz,,P04,8' - 0",,11.58 CF,0' - 7 1/4",
0.7,,19 SF,C1010145,Partitions - Drywall w/ Metal Stud,,L4,0' - 0",,,,1,Vertical,,,,,,,,,By Type,,Default,,,Basic Wall,Basic Wall: Interior - 7 1/4" Partition (NR),,NR,Interior,0.0287 BTU/(h·ft²·°F),,22T8RHjlP7sPxAvJUQWvWj,,,,2' - 5 15/16",,,,New Construction,None,,,,,3,Metal Stud Layer,Non-bearing,1.4441 BTU/(ft²·°F),34.8921 (h·ft²·°F)/BTU,Unconnected,0' - 0",,Interior - 7 1/4" Partition (NR),,,1kJXG9J_12CxJk83GXH3Vz,,P04,8' - 0",,11.58 CF,0' - 7 1/4",
0.7,,19 SF,C1010145,Partitions - Drywall w/ Metal Stud,,L5,0' - 0",,,,1,Vertical,,,,,,,,,By Type,,Default,,,Basic Wall,Basic Wall: Interior - 7 1/4" Partition (NR),,NR,Interior,0.0287 BTU/(h·ft²·°F),,22T8RHjlP7sPxAvJUQWvWx,,,,2' - 5 15/16",,,,New Construction,None,,,,,3,Metal Stud Layer,Non-bearing,1.4441 BTU/(ft²·°F),34.8921 (h·ft²·°F)/BTU,Unconnected,0' - 0",,Interior - 7 1/4" Partition (NR),,,1kJXG9J_12CxJk83GXH3Vz,,P04,8' - 0",,11.58 CF,0' - 7 1/4",
0.7,,39 SF,C1010145,Partitions - Drywall w/ Metal Stud,,L5,-2' - 3 1/2",,,,1,Vertical,,,,,,,,,By Type,,Default,,,Basic Wall,Basic Wall: Soffit - Beam Wrap (Both Sides),,2 HR,Interior,0.0214 BTU/(h·ft²·°F),,0sv6eilCH3_O4lCqMBFNjf,,,,22' - 4 9/16",,,,New Construction,None,,,,,3,Metal Stud Layer,Non-bearing,2.8823 BTU/(ft²·°F),46.7076 (h·ft²·°F)/BTU,Up to level: L5,-0' - 6",,Soffit - Beam Wrap (Both Sides),,,0a6T$5n7X4fAlDdhFoNEVx,,,1' - 9 1/2",,34.32 CF,0' - 10 1/2",
0.7,,7 SF,C1010145,Partitions - Drywall w/ Metal Stud,,L4,0' - 0",,,,1,Vertical,,,,,,,,,By Type,,Default,,,Basic Wall,Basic Wall: Interior - 4 7/8" Partition (NR),,NR,Interior,0.0472 BTU/(h·ft²·°F),,0PLLoN4krEzh4T_Z80DWH4,,,,3' - 6 1/16",,,,New Construction,None,,,,,3,Metal Stud Layer,Non-bearing,1.4406 BTU/(ft²·°F),21.1904 (h·ft²·°F)/BTU,Unconnected,0' - 0",,Interior - 4 7/8" Partition (NR),,,26$5pwZTH4A8RTAK02gn25,,P02,8' - 0",,2.83 CF,0' - 4 7/8",
0.7,,24 SF,C1010145,Partitions - Drywall w/ Metal Stud,,L4,0' - 0",,,,1,Vertical,,,,,,,,,By Type,,Default,,,Basic Wall,Basic Wall: Interior - 7 1/4" Partition (NR),,NR,Interior,0.0287 BTU/(h·ft²·°F),,0PLLoN4krEzh4T_Z80DWH0,,,,3' - 6 1/16",,,,New Construction,None,,,,,3,Metal Stud Layer,Non-bearing,1.4441 BTU/(ft²·°F),34.8921 (h·ft²·°F)/BTU,Unconnected,0' - 0",,Interior - 7 1/4" Partition (NR),,,1kJXG9J_12CxJk83GXH3Vz,,P04,8' - 0",,14.50 CF,0' - 7 1/4",
0.7,,80 SF,C1010145,Partitions - Drywall w/ Metal Stud,,R1,1' - 2 1/2",,,,1,Vertical,,,,,,,,,By Type,,Default,,,Basic Wall,Basic Wall: Interior - 8 1/2" Partition (2-hr),,2 HR,Interior,0.0284 BTU/(h·ft²·°F),,2stQvR6LT6th6wFVdD08XZ,,,,23' - 9 7/8",,,,New Construction,None,,,,,3,Metal Stud Layer,Non-bearing,2.8793 BTU/(ft²·°F),35.1694 (h·ft²·°F)/BTU,Up to level: R2,-1' - 5",,Interior - 8 1/2" Partition (2-hr),,,3Exf$uKEj6vBh5DuRp0arl,,P07,3' - 6 1/2",,56.92 CF,0' - 8 1/2",
0.7,,15 SF,C1010145,Partitions - Drywall w/ Metal Stud,,L4,-2' - 6",,,,1,Vertical,,,,,,,,,By Type,,Default,,,Basic Wall,Basic Wall: Soffit - Beam Wrap 10 1/2" (Two Sides),,2 HR,Interior,0.0214 BTU/(h·ft²·°F),,3WfYW5FlP7QuyLJ0RKDFkY,,,,7' - 8 13/16",,,,New Construction,None,,,,,3,Metal Stud Layer,Non-bearing,2.8823 BTU/(ft²·°F),46.7076 (h·ft²·°F)/BTU,Up to level: L4,-0' - 6",,Soffit - Beam Wrap 10 1/2" (Two Sides),,,040pYaAfP5UfxiZy_buDpx,,,2' - 0",,10.39 CF,0' - 10 1/2",
0.7,,99 SF,C1010145,Partitions - Drywall w/ Metal Stud,,L4,-2' - 6",,,,1,Vertical,,,,,,,,,By Type,,Default,,,Basic Wall,Basic Wall: Soffit - Beam Wrap Large (Both Sides),,2 HR,Interior,0.0108 BTU/(h·ft²·°F),,3WfYW5FlP7QuyLJ0RKDFkZ,,,,49' - 7 3/8",,,,New Construction,None,,,,,3,Metal Stud Layer,Non-bearing,2.8942 BTU/(ft²·°F),92.8606 (h·ft²·°F)/BTU,Up to level: L4,-0' - 6",,Soffit - Beam Wrap Large (Both Sides),,,21U07TPLv4F9zfrV5EumGJ,,,2' - 0",,152.18 CF,1' - 6 1/2",
0.7,,15 SF,C1010145,Partitions - Drywall w/ Metal Stud,,L5,-2' - 6",,,,1,Vertical,,,,,,,,,By Type,,Default,,,Basic Wall,Basic Wall: Soffit - Beam Wrap 10 1/2" (Two Sides),,2 HR,Interior,0.0214 BTU/(h·ft²·°F),,3WfYW5FlP7QuyLJ0RKDFie,,,,7' - 8 13/16",,,,New Construction,None,,,,,3,Metal Stud Layer,Non-bearing,2.8823 BTU/(ft²·°F),46.7076 (h·ft²·°F)/BTU,Up to level: L5,-0' - 6",,Soffit - Beam Wrap 10 1/2" (Two Sides),,,040pYaAfP5UfxiZy_buDpx,,,2' - 0",,10.39 CF,0' - 10 1/2",
0.7,,99 SF,C1010145,Partitions - Drywall w/ Metal Stud,,L5,-2' - 6",,,,1,Vertical,,,,,,,,,By Type,,Default,,,Basic Wall,Basic Wall: Soffit - Beam Wrap Large (Both Sides),,2 HR,Interior,0.0108 BTU/(h·ft²·°F),,3WfYW5FlP7QuyLJ0RKDFif,,,,49' - 7 3/8",,,,New Construction,None,,,,,3,Metal Stud Layer,Non-bearing,2.8942 BTU/(ft²·°F),92.8606 (h·ft²·°F)/BTU,Up to level: L5,-0' - 6",,Soffit - Beam Wrap Large (Both Sides),,,21U07TPLv4F9zfrV5EumGJ,,,2' - 0",,152.18 CF,1' - 6 1/2",
0.7,,15 SF,C1010145,Partitions - Drywall w/ Metal Stud,,R2,-2' - 6",,,,1,Vertical,,,,,,,,,By Type,,Default,,,Basic Wall,Basic Wall: Soffit - Beam Wrap 10 1/2" (Two Sides),,2 HR,Interior,0.0214 BTU/(h·ft²·°F),,3WfYW5FlP7QuyLJ0RKDFih,,,,7' - 8 13/16",,,,New Construction,None,,,,,3,Metal Stud Layer,Non-bearing,2.8823 BTU/(ft²·°F),46.7076 (h·ft²·°F)/BTU,Up to level: R2,-0' - 6",,Soffit - Beam Wrap 10 1/2" (Two Sides),,,040pYaAfP5UfxiZy_buDpx,,,2' - 0",,10.39 CF,0' - 10 1/2",
0.7,,99 SF,C1010145,Partitions - Drywall w/ Metal Stud,,R2,-2' - 6",,,,1,Vertical,,,,,,,,,By Type,,Default,,,Basic Wall,Basic Wall: Soffit - Beam Wrap Large (Both Sides),,2 HR,Interior,0.0108 BTU/(h·ft²·°F),,3WfYW5FlP7QuyLJ0RKDFii,,,,49' - 7 3/8",,,,New Construction,None,,,,,3,Metal Stud Layer,Non-bearing,2.8942 BTU/(ft²·°F),92.8606 (h·ft²·°F)/BTU,Up to level: R2,-0' - 6",,Soffit - Beam Wrap Large (Both Sides),,,21U07TPLv4F9zfrV5EumGJ,,,2' - 0",,152.18 CF,1' - 6 1/2",
0.7,,38 SF,C1010145,Partitions - Drywall w/ Metal Stud,,L4,-2' - 6",,,,1,Vertical,,,,,,,,,By Type,,Default,,,Basic Wall,Basic Wall: Soffit - Beam Wrap 10 1/2" (Two Sides),,2 HR,Interior,0.0214 BTU/(h·ft²·°F),,3WfYW5FlP7QuyLJ0RKDFi2,,,,18' - 9 1/2",,,,New Construction,None,,,,,3,Metal Stud Layer,Non-bearing,2.8823 BTU/(ft²·°F),46.7076 (h·ft²·°F)/BTU,Up to level: L4,-0' - 6",,Soffit - Beam Wrap 10 1/2" (Two Sides),,,040pYaAfP5UfxiZy_buDpx,,,2' - 0",,26.18 CF,0' - 10 1/2",
0.7,,38 SF,C1010145,Partitions - Drywall w/ Metal Stud,,L4,-2' - 6",,,,1,Vertical,,,,,,,,,By Type,,Default,,,Basic Wall,Basic Wall: Soffit - Beam Wrap 10 1/2" (Two Sides),,2 HR,Interior,0.0214 BTU/(h·ft²·°F),,3WfYW5FlP7QuyLJ0RKDFjy,,,,19' - 1 7/16",,,,New Construction,None,,,,,3,Metal Stud Layer,Non-bearing,2.8823 BTU/(ft²·°F),46.7076 (h·ft²·°F)/BTU,Up to level: L4,-0' - 6",,Soffit - Beam Wrap 10 1/2" (Two Sides),,,040pYaAfP5UfxiZy_buDpx,,,2' - 0",,26.46 CF,0' - 10 1/2",
0.7,,38 SF,C1010145,Partitions - Drywall w/ Metal Stud,,R2,-2' - 6",,,,1,Vertical,,,,,,,,,By Type,,Default,,,Basic Wall,Basic Wall: Soffit - Beam Wrap 10 1/2" (Two Sides),,2 HR,Interior,0.0214 BTU/(h·ft²·°F),,3WfYW5FlP7QuyLJ0RKDFgx,,,,18' - 9 1/2",,,,New Construction,None,,,,,3,Metal Stud Layer,Non-bearing,2.8823 BTU/(ft²·°F),46.7076 (h·ft²·°F)/BTU,Up to level: R2,-0' - 6",,Soffit - Beam Wrap 10 1/2" (Two Sides),,,040pYaAfP5UfxiZy_buDpx,,,2' - 0",,26.18 CF,0' - 10 1/2",
0.7,,38 SF,C1010145,Partitions - Drywall w/ Metal Stud,,R2,-2' - 6",,,,1,Vertical,,,,,,,,,By Type,,Default,,,Basic Wall,Basic Wall: Soffit - Beam Wrap 10 1/2" (Two Sides),,2 HR,Interior,0.0214 BTU/(h·ft²·°F),,3WfYW5FlP7QuyLJ0RKDFgy,,,,19' - 1 7/16",,,,New Construction,None,,,,,3,Metal Stud Layer,Non-bearing,2.8823 BTU/(ft²·°F),46.7076 (h·ft²·°F)/BTU,Up to level: R2,-0' - 6",,Soffit - Beam Wrap 10 1/2" (Two Sides),,,040pYaAfP5UfxiZy_buDpx,,,2' - 0",,26.46 CF,0' - 10 1/2",
0.7,,38 SF,C1010145,Partitions - Drywall w/ Metal Stud,,L5,-2' - 6",,,,1,Vertical,,,,,,,,,By Type,,Default,,,Basic Wall,Basic Wall: Soffit - Beam Wrap 10 1/2" (Two Sides),,2 HR,Interior,0.0214 BTU/(h·ft²·°F),,3WfYW5FlP7QuyLJ0RKDFgC,,,,18' - 9 1/2",,,,New Construction,None,,,,,3,Metal Stud Layer,Non-bearing,2.8823 BTU/(ft²·°F),46.7076 (h·ft²·°F)/BTU,Up to level: L5,-0' - 6",,Soffit - Beam Wrap 10 1/2" (Two Sides),,,040pYaAfP5UfxiZy_buDpx,,,2' - 0",,26.18 CF,0' - 10 1/2",
0.7,,38 SF,C1010145,Partitions - Drywall w/ Metal Stud,,L5,-2' - 6",,,,1,Vertical,,,,,,,,,By Type,,Default,,,Basic Wall,Basic Wall: Soffit - Beam Wrap 10 1/2" (Two Sides),,2 HR,Interior,0.0214 BTU/(h·ft²·°F),,3WfYW5FlP7QuyLJ0RKDFgD,,,,19' - 1 7/16",,,,New Construction,None,,,,,3,Metal Stud Layer,Non-bearing,2.8823 BTU/(ft²·°F),46.7076 (h·ft²·°F)/BTU,Up to level: L5,-0' - 6",,Soffit - Beam Wrap 10 1/2" (Two Sides),,,040pYaAfP5UfxiZy_buDpx,,,2' - 0",,26.46 CF,0' - 10 1/2",
0.7,,29 SF,C1010145,Partitions - Drywall w/ Metal Stud,,L5,-2' - 3 1/2",,,,1,Vertical,,,,,,,,,By Type,,Default,,,Basic Wall,Basic Wall: Soffit - Beam Wrap (Both Sides),,2 HR,Interior,0.0214 BTU/(h·ft²·°F),,3uZKf59$50gfUnuEmGsrJr,,,,16' - 6 15/16",,,,New Construction,None,,,,,3,Metal Stud Layer,Non-bearing,2.8823 BTU/(ft²·°F),46.7076 (h·ft²·°F)/BTU,Up to level: L5,-0' - 6",,Soffit - Beam Wrap (Both Sides),,,0a6T$5n7X4fAlDdhFoNEVx,,,1' - 9 1/2",,25.79 CF,0' - 10 1/2",
0.7,,28 SF,C1010145,Partitions - Drywall w/ Metal Stud,,L4,-2' - 5",,,,1,Vertical,,,,,,,,,By Type,,Default,,,Basic Wall,Basic Wall: Soffit - Beam Wrap 10 1/2" (Two Sides),,2 HR,Interior,0.0214 BTU/(h·ft²·°F),,3uZKf59$50gfUnuEmGsrLi,,,,14' - 5 11/32",,,,New Construction,None,,,,,3,Metal Stud Layer,Non-bearing,2.8823 BTU/(ft²·°F),46.7076 (h·ft²·°F)/BTU,Up to level: L4,-0' - 6",,Soffit - Beam Wrap 10 1/2" (Two Sides),,,040pYaAfP5UfxiZy_buDpx,,,1' - 11",,24.23 CF,0' - 10 1/2",
0.7,,28 SF,C1010145,Partitions - Drywall w/ Metal Stud,,L5,-2' - 5",,,,1,Vertical,,,,,,,,,By Type,,Default,,,Basic Wall,Basic Wall: Soffit - Beam Wrap 10 1/2" (Two Sides),,2 HR,Interior,0.0214 BTU/(h·ft²·°F),,3uZKf59$50gfUnuEmGsrLg,,,,14' - 5 11/32",,,,New Construction,None,,,,,3,Metal Stud Layer,Non-bearing,2.8823 BTU/(ft²·°F),46.7076 (h·ft²·°F)/BTU,Up to level: L5,-0' - 6",,Soffit - Beam Wrap 10 1/2" (Two Sides),,,040pYaAfP5UfxiZy_buDpx,,,1' - 11",,24.23 CF,0' - 10 1/2",
0.7,,23 SF,C1010145,Partitions - Drywall w/ Metal Stud,,R2,-2' - 5",,,,1,Vertical,,,,,,,,,By Type,,Default,,,Basic Wall,Basic Wall: Soffit - Beam Wrap 10 1/2" (Two Sides),,2 HR,Interior,0.0214 BTU/(h·ft²·°F),,3uZKf59$50gfUnuEmGsrKA,,,,12' - 0 9/16",,,,New Construction,None,,,,,3,Metal Stud Layer,Non-bearing,2.8823 BTU/(ft²·°F),46.7076 (h·ft²·°F)/BTU,Up to level: R2,-0' - 6",,Soffit - Beam Wrap 10 1/2" (Two Sides),,,040pYaAfP5UfxiZy_buDpx,,,1' - 11",,19.91 CF,0' - 10 1/2",
0.7,,53 SF,C1010145,Partitions - Drywall w/ Metal Stud,,L1 - Block 37,0' - 0",,,,1,Vertical,,,,,,,,,By Type,,Default,,,Basic Wall,Basic Wall: Interior - 6 1/8" Partition (2-hr),,2 HR,Interior,0.0466 BTU/(h·ft²·°F),,1VUJc38y9CAAa_HXiURO90,,,,5' - 7 1/16",,,,New Construction,None,,,,,3,Metal Stud Layer,Non-bearing,2.8757 BTU/(ft²·°F),21.4678 (h·ft²·°F)/BTU,Up to level: L2,-0' - 6",,Interior - 6 1/8" Partition (2-hr),,,1xZrMVYp52mhf4uMzw11Hp,,P06,11' - 0 1/2",,27.30 CF,0' - 6 1/8",
0.7,,17 SF,C1010145,Partitions - Drywall w/ Metal Stud,,L1 - Block 37,0' - 0",,,,1,Vertical,,,,,,,,,By Type,,Default,,,Basic Wall,Basic Wall: Interior - 6 1/8" Partition (2-hr),,2 HR,Interior,0.0466 BTU/(h·ft²·°F),,1VUJc38y9CAAa_HXiUROEd,,,,1' - 4 3/16",,,,New Construction,None,,,,,3,Metal Stud Layer,Non-bearing,2.8757 BTU/(ft²·°F),21.4678 (h·ft²·°F)/BTU,Up to level: L2,-0' - 6",,Interior - 6 1/8" Partition (2-hr),,,1xZrMVYp52mhf4uMzw11Hp,,P06,11' - 0 1/2",,8.45 CF,0' - 6 1/8",
0.7,,32 SF,C1010145,Partitions - Drywall w/ Metal Stud,,L4,0' - 0",,,,1,Vertical,,,,,,,,,By Type,,Default,,,Basic Wall,Basic Wall: Interior - 4 7/8" Partition (NR),,NR,Interior,0.0472 BTU/(h·ft²·°F),,11qQrX$zDAqxSsCbLSxNTO,,,,6' - 10 7/8",,,,New Construction,None,,,,,3,Metal Stud Layer,Non-bearing,1.4406 BTU/(ft²·°F),21.1904 (h·ft²·°F)/BTU,Unconnected,0' - 0",,Interior - 4 7/8" Partition (NR),,,26$5pwZTH4A8RTAK02gn25,,P02,8' - 0",,13.00 CF,0' - 4 7/8",
0.7,,32 SF,C1010145,Partitions - Drywall w/ Metal Stud,,L3,0' - 0",,,,1,Vertical,,,,,,,,,By Type,,Default,,,Basic Wall,Basic Wall: Interior - 4 7/8" Partition (NR),,NR,Interior,0.0472 BTU/(h·ft²·°F),,11qQrX$zDAqxSsCbLSxNB_,,,,6' - 10 7/8",,,,New Construction,None,,,,,3,Metal Stud Layer,Non-bearing,1.4406 BTU/(ft²·°F),21.1904 (h·ft²·°F)/BTU,Unconnected,0' - 0",,Interior - 4 7/8" Partition (NR),,,26$5pwZTH4A8RTAK02gn25,,P02,8' - 0",,13.00 CF,0' - 4 7/8",
0.7,,32 SF,C1010145,Partitions - Drywall w/ Metal Stud,,L2,0' - 0",,,,1,Vertical,,,,,,,,,By Type,,Default,,,Basic Wall,Basic Wall: Interior - 4 7/8" Partition (NR),,NR,Interior,0.0472 BTU/(h·ft²·°F),,11qQrX$zDAqxSsCbLSxNB8,,,,6' - 10 7/8",,,,New Construction,None,,,,,3,Metal Stud Layer,Non-bearing,1.4406 BTU/(ft²·°F),21.1904 (h·ft²·°F)/BTU,Unconnected,0' - 0",,Interior - 4 7/8" Partition (NR),,,26$5pwZTH4A8RTAK02gn25,,P02,8' - 0",,13.00 CF,0' - 4 7/8",
0.7,,32 SF,C1010145,Partitions - Drywall w/ Metal Stud,,L3,0' - 0",,,,1,Vertical,,,,,,,,,By Type,,Default,,,Basic Wall,Basic Wall: Interior - 4 7/8" Partition (NR),,NR,Interior,0.0472 BTU/(h·ft²·°F),,11qQrX$zDAqxSsCbLSxNBM,,,,6' - 10 7/8",,,,New Construction,None,,,,,3,Metal Stud Layer,Non-bearing,1.4406 BTU/(ft²·°F),21.1904 (h·ft²·°F)/BTU,Unconnected,0' - 0",,Interior - 4 7/8" Partition (NR),,,26$5pwZTH4A8RTAK02gn25,,P02,8' - 0",,13.00 CF,0' - 4 7/8",
0.7,,32 SF,C1010145,Partitions - Drywall w/ Metal Stud,,L4,0' - 0",,,,1,Vertical,,,,,,,,,By Type,,Default,,,Basic Wall,Basic Wall: Interior - 4 7/8" Partition (NR),,NR,Interior,0.0472 BTU/(h·ft²·°F),,11qQrX$zDAqxSsCbLSxNBS,,,,6' - 10 7/8",,,,New Construction,None,,,,,3,Metal Stud Layer,Non-bearing,1.4406 BTU/(ft²·°F),21.1904 (h·ft²·°F)/BTU,Unconnected,0' - 0",,Interior - 4 7/8" Partition (NR),,,26$5pwZTH4A8RTAK02gn25,,P02,8' - 0",,13.00 CF,0' - 4 7/8",
